Smiles,pChEMBL Value,Standard Type,activity,Molecular_weight,HBA,HBD,LogP,Morgan_fingerprint,HA
CCO[C@@H](Cc1ccc(OCCCOc2ccc(Oc3ccccc3)cc2)cc1)C(=O)O,6.55,EC50,True,436.5040000000001,5,1,5.359000000000005,<rdkit.DataStructs.cDataStructs.ExplicitBitVect object at 0x110d41930>,32
Cc1oc(-c2ccccc2)nc1CCOc1ccc(C[C@@H](C(=O)O)N2CCOCC2)cc1,7.62,EC50,True,436.50800000000027,6,1,3.599420000000001,<rdkit.DataStructs.cDataStructs.ExplicitBitVect object at 0x110d423b0>,32
Cc1oc(-c2ccccc2)nc1CCOc1ccc(OC(C)(C)C(=O)O)cc1,5.69,EC50,True,381.4280000000001,5,1,4.513520000000002,<rdkit.DataStructs.cDataStructs.ExplicitBitVect object at 0x110d40eb0>,28
CCCCCOc1ccccc1C(O)CC#CCCCC(=O)OC,6.19,EC50,True,332.4400000000001,4,1,4.025800000000003,<rdkit.DataStructs.cDataStructs.ExplicitBitVect object at 0x110d40f90>,24
CC[C@@H](NC(=O)c1ccc2c(c1)ncn2Cc1ccccn1)c1ccccc1,6.9,EC50,True,370.456,4,1,4.360700000000003,<rdkit.DataStructs.cDataStructs.ExplicitBitVect object at 0x110d405f0>,28
CCc1cc(OCCc2nc(-c3ccc(C(F)(F)F)cc3)oc2C)ccc1CCC(=O)O,8.3,EC50,True,447.4530000000002,4,1,5.869920000000005,<rdkit.DataStructs.cDataStructs.ExplicitBitVect object at 0x110d43a70>,32
CC(C)(Oc1cccc(CCCN(Cc2ccc(C(F)(F)F)cc2C(F)(F)F)C(=O)COc2ccc(Cl)c(Cl)c2)c1)C(=O)O,7.52,EC50,True,666.4420000000001,4,1,8.313400000000007,<rdkit.DataStructs.cDataStructs.ExplicitBitVect object at 0x110d40270>,44
Cc1ccccc1-c1ccc(/N=N\c2ccc(CC3SC(=O)NC3=O)cc2)cc1,6.05,EC50,True,401.4910000000001,5,1,5.971520000000004,<rdkit.DataStructs.cDataStructs.ExplicitBitVect object at 0x110d43530>,29
CCCc1cc(Oc2ccc(C3CCCC3)cc2)ccc1OCCCOc1cccc(C2SC(=O)NC2=O)c1,6.91,EC50,True,545.7010000000002,6,1,7.9610000000000065,<rdkit.DataStructs.cDataStructs.ExplicitBitVect object at 0x110d42f10>,39
CCCc1cc(Oc2ccc(-c3ccccc3)cc2)ccc1OCCCOc1cccc(C2SC(=O)NC2=O)c1,6.45,EC50,True,553.6800000000003,6,1,7.970400000000007,<rdkit.DataStructs.cDataStructs.ExplicitBitVect object at 0x110d421f0>,40
CCCCC(Oc1cc(OCCc2ccccc2)cc(OCCc2ccccc2)c1)C(=O)O,5.32,EC50,False,448.5590000000002,4,1,5.951800000000006,<rdkit.DataStructs.cDataStructs.ExplicitBitVect object at 0x110d42ab0>,33
CCCCCOc1nc2ccccc2cc1C(O)CCCCCC(=O)[O-].[Na+],5.8,EC50,True,381.4480000000003,5,1,0.5415999999999996,<rdkit.DataStructs.cDataStructs.ExplicitBitVect object at 0x110d402e0>,27
CCO[C@@H](Cc1ccc(OCCN2c3ccccc3Oc3ccccc32)cc1)C(=O)O,6.22,EC50,True,419.47700000000015,5,1,5.041600000000004,<rdkit.DataStructs.cDataStructs.ExplicitBitVect object at 0x110d434c0>,31
CCCCCCCN(CCc1ccc(SC(C)(C)C(=O)O)cc1)C(=O)Nc1ccc(F)cc1F,6.0,EC50,True,492.6320000000002,3,2,6.9671000000000065,<rdkit.DataStructs.cDataStructs.ExplicitBitVect object at 0x110d41000>,34
CN(CCOc1ccc(CC2SC(=O)NC2=O)cc1)c1ccccn1,7.05,EC50,True,357.435,6,1,2.490900000000001,<rdkit.DataStructs.cDataStructs.ExplicitBitVect object at 0x110d43a00>,25
CCC(Cc1ccc(OC)c(CNC(=O)c2ccc(C(F)(F)F)cc2F)c1)C(=O)O,5.66,EC50,True,427.39400000000006,3,2,4.436400000000003,<rdkit.DataStructs.cDataStructs.ExplicitBitVect object at 0x110d43990>,30
CN(CCOc1ccc(CC(Nc2ccc(Cl)cc2C(=O)c2ccccc2)C(=O)O)cc1)c1nc2ccccc2o1,7.05,EC50,True,570.0450000000003,7,2,6.335200000000006,<rdkit.DataStructs.cDataStructs.ExplicitBitVect object at 0x110d43220>,41
C/C(=C/C(=O)c1ccccc1)N[C@@H](Cc1ccc(OCCc2nc(-c3ccccc3)oc2C)cc1)C(=O)O,9.7,EC50,True,510.5900000000003,6,2,5.643520000000006,<rdkit.DataStructs.cDataStructs.ExplicitBitVect object at 0x110d41460>,38
Cc1ccc(NC(Cc2ccc(OCCN(C)c3nc4ccccc4o3)cc2)C(=O)O)c(C(=O)c2ccccc2)c1,7.2,EC50,True,549.6270000000003,7,2,5.990220000000005,<rdkit.DataStructs.cDataStructs.ExplicitBitVect object at 0x110d40f20>,41
Cc1oc(-c2ccccc2)nc1CCOc1ccc(CC(Nc2ccccc2C(=O)c2ccncc2)C(=O)O)cc1,6.97,EC50,True,547.6110000000002,7,2,6.0053200000000055,<rdkit.DataStructs.cDataStructs.ExplicitBitVect object at 0x110d407b0>,41
CN(CCOc1ccc(CC(Nc2cscc2C(=O)c2ccccc2)C(=O)O)cc1)c1nc2ccccc2o1,8.08,EC50,True,541.6290000000002,8,2,5.743300000000006,<rdkit.DataStructs.cDataStructs.ExplicitBitVect object at 0x110d417e0>,39
Cc1cccc(C(=O)c2ccccc2NC(Cc2ccc(OCCN(C)c3nc4ccccc4o3)cc2)C(=O)O)c1,7.84,EC50,True,549.6270000000004,7,2,5.990220000000005,<rdkit.DataStructs.cDataStructs.ExplicitBitVect object at 0x110d42650>,41
CCO[C@@H](Cc1ccc(OCc2nc(-c3ccsc3)oc2C)cc1)C(=O)O,8.57,EC50,True,387.4570000000001,6,1,4.322720000000003,<rdkit.DataStructs.cDataStructs.ExplicitBitVect object at 0x110d40660>,27
CN(CCOc1ccc(CC2SC(=O)NC2=O)cc1)c1ccccn1,7.3,EC50,True,357.435,6,1,2.490900000000001,<rdkit.DataStructs.cDataStructs.ExplicitBitVect object at 0x110d36b20>,25
COc1ccc(C(=O)n2c(C)c(Cc3cccc(O[C@@H](C)C(=O)O)c3)c3cc(OC(F)(F)F)ccc32)cc1,8.7,EC50,True,527.4950000000002,6,1,5.988120000000005,<rdkit.DataStructs.cDataStructs.ExplicitBitVect object at 0x110d34f20>,38
CC[C@@H](NC(=O)c1ccc2c(c1)ncn2Cc1ccc(Cl)cc1F)c1ccccc1,9.1,EC50,True,421.9030000000001,3,1,5.758200000000005,<rdkit.DataStructs.cDataStructs.ExplicitBitVect object at 0x110d35620>,30
CN(CCOc1ccc(CC(Nc2ccccc2C(=O)c2ccccc2C(F)(F)F)C(=O)O)cc1)c1nc2ccccc2o1,7.15,EC50,True,603.5970000000002,7,2,6.700600000000006,<rdkit.DataStructs.cDataStructs.ExplicitBitVect object at 0x110d34c80>,44
Cc1oc(-c2ccccc2)nc1CCOc1ccc(C[C@@H](Nc2ccccc2C(=O)C2CCCCC2)C(=O)O)cc1,7.82,EC50,True,552.6710000000004,6,2,7.142320000000006,<rdkit.DataStructs.cDataStructs.ExplicitBitVect object at 0x110d34cf0>,41
Cc1oc(-c2ccccc2)nc1Cc1cccc(C[C@H]2CO[C@@](C)(C(=O)O)OC2)c1,6.0,EC50,True,407.4660000000002,5,1,4.2471200000000024,<rdkit.DataStructs.cDataStructs.ExplicitBitVect object at 0x110d34c10>,30
CO[C@@H](Cc1ccc(C#CCCOc2ccc(Oc3ccccc3)cc2)cc1)C(=O)O,6.99,EC50,True,416.473,4,1,4.941600000000005,<rdkit.DataStructs.cDataStructs.ExplicitBitVect object at 0x110d36260>,31
CCCOC(=O)N1CCC(C(=O)O)=C(Cc2cccc(OCCc3nc(-c4ccccc4)oc3C)c2)C1,6.75,EC50,True,504.5830000000003,6,1,5.447520000000005,<rdkit.DataStructs.cDataStructs.ExplicitBitVect object at 0x110d37f40>,37
Cc1oc(-c2ccccc2)nc1CCOc1ccc(CCC2=C(C(=O)O)CCN(C(=O)OCC(C)C)C2)cc1,7.13,EC50,True,532.6370000000005,6,1,6.083620000000005,<rdkit.DataStructs.cDataStructs.ExplicitBitVect object at 0x110d37e60>,39
Cc1oc(-c2ccccc2)nc1CCOc1ccc(CC2=C(C(=O)O)CCN(C(=O)OCC(C)C)C2)cc1,5.95,EC50,True,518.6100000000005,6,1,5.693520000000005,<rdkit.DataStructs.cDataStructs.ExplicitBitVect object at 0x110d378b0>,38
CCCO/N=C(/c1ccccc1)c1ccc(OC(Cc2ccccc2)C(=O)O)cc1,6.17,EC50,True,403.47800000000007,4,1,4.940300000000004,<rdkit.DataStructs.cDataStructs.ExplicitBitVect object at 0x110d375a0>,30
CCCC[C@H](Sc1nc(OCCc2ccccc2)cc(OCCc2ccccc2)n1)C(=O)O,4.98,EC50,False,466.60300000000024,6,1,5.455100000000005,<rdkit.DataStructs.cDataStructs.ExplicitBitVect object at 0x110d37290>,33
Cc1c(C)c2c(c(C)c1O)CCC(C)(COc1ccc(CC3SC(=O)NC3=O)cc1)O2,6.01,EC50,True,441.54900000000015,6,2,4.374260000000002,<rdkit.DataStructs.cDataStructs.ExplicitBitVect object at 0x110d36ff0>,31
CCC(Oc1ccccc1Cc1c(C)n(C(=O)c2ccc(OC)cc2)c2ccc(OC(F)(F)F)cc12)C(=O)O,8.22,EC50,True,541.5220000000002,6,1,6.378220000000004,<rdkit.DataStructs.cDataStructs.ExplicitBitVect object at 0x110d36730>,39
COc1ccc(C(=O)n2c(C)c(Cc3cccc(OC(C)C(=O)O)c3)c3cc(OC(F)(F)F)ccc32)cc1,8.7,EC50,True,527.4950000000002,6,1,5.988120000000005,<rdkit.DataStructs.cDataStructs.ExplicitBitVect object at 0x110d36500>,38
O=C(O)[C@H](Cc1ccccc1)Oc1ccc(/C=N/O)cc1,4.55,EC50,False,285.29900000000004,4,2,2.5694,<rdkit.DataStructs.cDataStructs.ExplicitBitVect object at 0x110d34270>,21
CO/N=C/c1ccc(OC(Cc2ccccc2)C(=O)[O-])cc1.[Na+],4.89,EC50,False,321.30800000000005,5,0,-1.5890999999999975,<rdkit.DataStructs.cDataStructs.ExplicitBitVect object at 0x110d35d90>,23
O=C(O)c1cccc(NC(=O)c2ccccc2NC(=O)c2ccc(C(F)(F)F)cc2)c1,5.07,EC50,False,428.3660000000001,3,3,4.908200000000003,<rdkit.DataStructs.cDataStructs.ExplicitBitVect object at 0x110d35930>,31
CC(C)O/N=C/c1ccc(OC(Cc2ccccc2)C(=O)[O-])cc1.[Na+],5.25,EC50,False,349.3620000000001,5,0,-0.810499999999998,<rdkit.DataStructs.cDataStructs.ExplicitBitVect object at 0x110d35690>,25
O=C(O)C(Cc1ccccc1)Oc1ccc(/C=N/OCc2ccccc2)cc1,5.68,EC50,True,375.42400000000015,4,1,4.312000000000004,<rdkit.DataStructs.cDataStructs.ExplicitBitVect object at 0x110d354d0>,28
CC(C)OC(Cc1ccc(OCc2noc(-c3ccc(C(C)C)cc3)n2)cc1)C(=O)O,8.4,EC50,True,424.4970000000001,6,1,4.859700000000004,<rdkit.DataStructs.cDataStructs.ExplicitBitVect object at 0x110d35460>,31
CSc1nc(NCC2CCCCC2)c(C(=O)O)c(SCc2ccccc2)n1,6.52,EC50,True,403.57300000000004,6,2,5.181200000000004,<rdkit.DataStructs.cDataStructs.ExplicitBitVect object at 0x110d352a0>,27
O=C(O)C(Cc1ccccc1)Oc1ccc(OCc2ccccc2)cc1,5.62,EC50,True,348.398,3,1,4.340300000000004,<rdkit.DataStructs.cDataStructs.ExplicitBitVect object at 0x110d35230>,26
O=C(O)[C@@H](Cc1ccccc1)Oc1ccc(Cc2ccccc2)cc1,5.24,EC50,False,332.399,2,1,4.352100000000004,<rdkit.DataStructs.cDataStructs.ExplicitBitVect object at 0x110d35070>,25
O=C(O)COc1ccc(Sc2ccc(COc3ccc(C(F)(F)F)cc3)cc2OCC#Cc2cccnc2)c2c1CCCC2,5.8,EC50,True,619.6609999999998,6,1,7.603300000000007,<rdkit.DataStructs.cDataStructs.ExplicitBitVect object at 0x110d342e0>,44
Cc1sc(N2CCN(S(C)(=O)=O)CC2)nc1CCOc1ccc(C[C@H](Nc2ccccc2C(=O)c2ccccc2)C(=O)O)cc1,6.29,EC50,True,648.8070000000004,9,2,4.493420000000003,<rdkit.DataStructs.cDataStructs.ExplicitBitVect object at 0x110d34040>,45
Cc1oc(-c2ccccc2)nc1CCOc1cccc(C[C@H]2CN(C(=O)Oc3ccccc3)C[C@H]2C(=O)O)c1,4.88,EC50,False,526.5890000000003,6,1,5.645620000000005,<rdkit.DataStructs.cDataStructs.ExplicitBitVect object at 0x110d2ba70>,39
Cc1ccnc(N2C[C@@H](Cc3ccc(OCCc4nc(-c5ccccc5)oc4C)cc3)[C@@H](C(=O)O)C2)n1,6.2,EC50,True,498.5830000000002,7,1,4.749640000000003,<rdkit.DataStructs.cDataStructs.ExplicitBitVect object at 0x110d2bd80>,37
Cc1oc(-c2ccccc2)nc1CCOc1cccc(CC[C@H]2CN(C(=O)Oc3ccccc3)C[C@@H]2C(=O)O)c1,5.93,EC50,True,540.6160000000003,6,1,6.035720000000006,<rdkit.DataStructs.cDataStructs.ExplicitBitVect object at 0x110d286d0>,40
CCOC(Cc1ccc(OCCC=C2c3ccccc3CCc3ccccc32)cc1)C(=O)O,4.78,EC50,False,442.55500000000023,3,1,5.718200000000006,<rdkit.DataStructs.cDataStructs.ExplicitBitVect object at 0x110d295b0>,33
Cn1cc(-c2ccccc2)nc1CCOc1ccc(C[C@H](Nc2ccccc2C(=O)c2ccccc2)C(=O)O)cc1,8.19,EC50,True,545.6390000000002,6,2,6.047400000000006,<rdkit.DataStructs.cDataStructs.ExplicitBitVect object at 0x110d2b840>,41
COCn1c(-c2ccccc2)nc(C)c1CCOc1ccc(C[C@H](Nc2ccccc2C(=O)c2ccccc2)C(=O)O)cc1,6.92,EC50,True,589.6920000000002,7,2,6.422720000000006,<rdkit.DataStructs.cDataStructs.ExplicitBitVect object at 0x110d2b530>,44
O=C(O)C(Cc1ccccc1)Oc1ccc(C#Cc2ccccc2)cc1,6.27,EC50,True,342.394,2,1,4.161100000000003,<rdkit.DataStructs.cDataStructs.ExplicitBitVect object at 0x110d2b300>,26
Cc1oc(-c2ccc(F)cc2)nc1CCOc1ccc(C[C@H](Nc2ccccc2C(=O)c2ccccc2)C(=O)O)cc1,8.83,EC50,True,564.6130000000003,6,2,6.749420000000006,<rdkit.DataStructs.cDataStructs.ExplicitBitVect object at 0x110d2b220>,42
CCOC(=O)N1C[C@H](C(=O)O)[C@H](c2cccc(OCCc3nc(-c4ccccc4)oc3C)c2)C1,4.62,EC50,False,464.5180000000003,6,1,4.528020000000004,<rdkit.DataStructs.cDataStructs.ExplicitBitVect object at 0x110d2adc0>,34
CCOC(Cc1ccc(OCC=C2c3ccccc3-c3ccccc32)cc1)C(=O)O,4.92,EC50,False,400.4740000000001,3,1,5.2099000000000055,<rdkit.DataStructs.cDataStructs.ExplicitBitVect object at 0x110d2ace0>,30
Cc1oc(-c2ccccc2)nc1CCOc1cccc([C@H]2CN(C(=O)Oc3ccccc3)C[C@@H]2CC(=O)O)c1,4.84,EC50,False,526.5890000000003,6,1,5.960620000000006,<rdkit.DataStructs.cDataStructs.ExplicitBitVect object at 0x110d2aab0>,39
CCCC(Cc1ccc(OC)c(CNC(=O)c2ccc(C(F)(F)F)cc2F)c1)C(=O)O,5.82,EC50,True,441.42100000000005,3,2,4.826500000000005,<rdkit.DataStructs.cDataStructs.ExplicitBitVect object at 0x110d2a7a0>,31
CCCCOc1ccc(C[C@@H](CC)C(=O)O)cc1CNC(=O)c1ccc(C(F)(F)F)cc1F,5.16,EC50,False,469.4750000000001,3,2,5.606700000000005,<rdkit.DataStructs.cDataStructs.ExplicitBitVect object at 0x110d2a730>,33
CCO[C@@H](Cc1cccc(C2=NOC(c3ccc(O)cc3)C2)c1)C(=O)O,4.41,EC50,False,355.3900000000001,5,2,3.2901000000000007,<rdkit.DataStructs.cDataStructs.ExplicitBitVect object at 0x110d2a420>,26
Cc1c(Oc2ccc(Cl)cc2)c2ccc(F)nc2n1Cc1ccc(F)c(O[C@@H](C)C(=O)O)c1,7.03,EC50,True,472.8750000000002,5,1,5.9688200000000045,<rdkit.DataStructs.cDataStructs.ExplicitBitVect object at 0x110d2a3b0>,33
COc1ccc(-c2nc(SCCCCOc3ccc(OCC(=O)O)c(C)c3)sc2-c2ccc(OC)cc2)cc1,5.2,EC50,False,565.7130000000003,8,1,7.217420000000007,<rdkit.DataStructs.cDataStructs.ExplicitBitVect object at 0x110d2a340>,39
Cc1cc(OCc2nc(-c3ccc(OC(C)C)nc3)c(-c3ccc(OC(F)(F)F)cc3)o2)ccc1OCC(=O)O,4.16,EC50,False,558.5090000000002,8,1,6.4402200000000045,<rdkit.DataStructs.cDataStructs.ExplicitBitVect object at 0x110d2a2d0>,40
COc1ccc(NCCCOc2ccc3ccccc3c2)cc1,4.47,EC50,False,307.39300000000003,3,1,4.729400000000004,<rdkit.DataStructs.cDataStructs.ExplicitBitVect object at 0x110d2a030>,23
COc1ccc(/C(C)=N/OCCCCO/N=C(/CCC(=O)O)c2ccccc2)cc1,5.96,EC50,True,412.48600000000005,6,1,4.501700000000004,<rdkit.DataStructs.cDataStructs.ExplicitBitVect object at 0x110d29fc0>,30
CCCc1c(OCCCSc2ccc(CC(=O)O)cc2Cl)ccc2c(C(F)(F)F)noc12,7.64,EC50,True,487.92700000000013,5,1,6.640800000000004,<rdkit.DataStructs.cDataStructs.ExplicitBitVect object at 0x110d29cb0>,32
CC(C)(Oc1ccc(CCNC(=O)c2ccc(Cl)cc2)cc1)C(=O)O,4.0,EC50,False,361.82500000000005,3,2,3.554500000000001,<rdkit.DataStructs.cDataStructs.ExplicitBitVect object at 0x110d29c40>,25
CCO[C@@H](Cc1ccc(OC/C=C/c2cc(/C=C/c3ccccc3)cc(/C=C/c3ccccc3)c2)cc1)C(=O)O,5.52,EC50,True,530.6640000000002,3,1,8.151800000000009,<rdkit.DataStructs.cDataStructs.ExplicitBitVect object at 0x110d29540>,40
Cc1oc(-c2ccccc2)nc1CCOc1ccc(CN(CC(=O)O)Cc2ccccn2)cc1,6.64,EC50,True,457.5300000000002,6,1,4.753320000000003,<rdkit.DataStructs.cDataStructs.ExplicitBitVect object at 0x110d294d0>,34
Cc1oc(-c2ccccc2)nc1CCOc1cccc(CN(CC(=O)O)Cc2cc3ccccc3[nH]2)c1,6.12,EC50,True,495.57900000000024,5,2,5.8396200000000045,<rdkit.DataStructs.cDataStructs.ExplicitBitVect object at 0x110d29070>,37
CCc1ccc(O[C@H](C)CCOc2ccc(CCC(=O)O)c(C)c2)c(-c2cccnc2)c1,6.85,EC50,True,433.5480000000001,4,1,5.873020000000006,<rdkit.DataStructs.cDataStructs.ExplicitBitVect object at 0x110d28f20>,32
CC(C)(Oc1ccc(CCNC(=O)c2ccc(Cl)cc2)cc1)C(=O)O,4.22,EC50,False,361.82500000000005,3,2,3.554500000000001,<rdkit.DataStructs.cDataStructs.ExplicitBitVect object at 0x110d28e40>,25
CN(CCOc1ccc(CC2SC(=O)NC2=O)cc1)c1nc2ccccc2o1,7.95,EC50,True,397.4560000000001,7,1,3.2371000000000016,<rdkit.DataStructs.cDataStructs.ExplicitBitVect object at 0x110d287b0>,28
CCc1ccc(O[C@@H](C)CCOc2ccc(CCC(=O)O)c(C)c2)c(C(=O)c2ccccc2)c1,6.17,EC50,True,460.57000000000016,4,1,6.042020000000006,<rdkit.DataStructs.cDataStructs.ExplicitBitVect object at 0x110d28740>,34
CC(Cc1ccc(Oc2cc(N3CCN(Cc4ccco4)CC3)nc(N)n2)cc1)(Oc1ccccc1)C(=O)O,5.3,EC50,False,529.5970000000003,9,2,4.231100000000002,<rdkit.DataStructs.cDataStructs.ExplicitBitVect object at 0x110d283c0>,39
CC(Cc1ccc(Oc2cc(N3CCN(c4cccc(Cl)c4)CC3)nc(N)n2)cc1)(Oc1ccccc1)C(=O)O,5.35,EC50,False,560.0540000000003,8,2,5.295900000000003,<rdkit.DataStructs.cDataStructs.ExplicitBitVect object at 0x110d28040>,40
CCCc1cc(Oc2ccc(O)cc2)ccc1OCCCOc1cccc(C2SC(=O)NC2=O)c1,7.64,EC50,True,493.58100000000024,7,2,6.009000000000005,<rdkit.DataStructs.cDataStructs.ExplicitBitVect object at 0x110d21540>,35
Cc1oc(-c2ccccc2)nc1COc1ccc(C[C@H]2CO[C@@](C)(C(=O)O)OC2)cc1,7.02,EC50,True,423.4650000000002,6,1,4.235320000000002,<rdkit.DataStructs.cDataStructs.ExplicitBitVect object at 0x110d23610>,31
CCC[C@H](OCc1ccc(-c2ccc(Cl)cc2)cc1)C(=O)O,5.05,EC50,False,318.80000000000007,2,1,4.776900000000004,<rdkit.DataStructs.cDataStructs.ExplicitBitVect object at 0x110d21850>,22
CC1(COc2ccc(C[C@H](Nc3ccccc3C(=O)c3ccccc3)C(=O)O)cc2)CCCCC1,6.21,EC50,True,471.5970000000003,4,2,6.374600000000005,<rdkit.DataStructs.cDataStructs.ExplicitBitVect object at 0x110d23f40>,35
CN(CCOc1ccc(CC2SC(=O)NC2=O)cc1)C(=O)CCCCC(CCSC(=O)CCC(=O)[O-])SC(=O)CCC(=O)[O-].[Na+].[Na+],7.1,EC50,True,714.7920000000004,13,1,-4.6752,<rdkit.DataStructs.cDataStructs.ExplicitBitVect object at 0x110d23ca0>,46
CN(CCOc1ccc(CC2SC(=O)NC2=O)cc1)C(=O)CCCCC1CCSS1,7.82,EC50,True,468.6660000000003,7,1,4.132000000000003,<rdkit.DataStructs.cDataStructs.ExplicitBitVect object at 0x110d23990>,30
CC(C)(Oc1ccc(CCOc2ccc(/N=N/c3ccccc3)cc2)cc1)C(=O)O,5.85,EC50,True,404.46600000000007,5,1,5.965500000000006,<rdkit.DataStructs.cDataStructs.ExplicitBitVect object at 0x110d23920>,30
CC(C)(Oc1ccc(COc2ccc(/N=N/c3ccccc3)cc2)cc1)C(=O)O,4.68,EC50,False,390.4390000000001,5,1,5.923000000000005,<rdkit.DataStructs.cDataStructs.ExplicitBitVect object at 0x110d237d0>,29
CCOC(Cc1ccc(OC)c(C(=O)NCc2ccc(C(F)(F)F)cc2)c1)C(=O)O,5.55,EC50,True,425.4030000000001,4,2,3.6762000000000015,<rdkit.DataStructs.cDataStructs.ExplicitBitVect object at 0x110d23760>,30
CCCc1cc(C(F)(F)F)ccc1OCCCOc1ccc(OCC(=O)O)c(C)c1,6.82,EC50,True,426.43100000000015,4,1,5.277620000000006,<rdkit.DataStructs.cDataStructs.ExplicitBitVect object at 0x110d23220>,30
CCc1ccc(OCCCOc2ccc(OC(C)(C)C(=O)O)cc2)c(C(=O)c2ccccc2)c1,6.95,EC50,True,462.54200000000014,5,1,5.569900000000005,<rdkit.DataStructs.cDataStructs.ExplicitBitVect object at 0x110d22ea0>,34
CCCc1c(OCCCCOc2ccc3c(ccn3CC(=O)O)c2)ccc2c(C(F)(F)F)noc12,6.55,EC50,True,490.4780000000002,6,1,6.076400000000005,<rdkit.DataStructs.cDataStructs.ExplicitBitVect object at 0x110d22ab0>,35
CCCc1c(OCCCOc2cccc3c2ccn3CCC(=O)O)ccc2c(C(F)(F)F)noc12,5.66,EC50,True,490.47800000000024,6,1,6.076400000000004,<rdkit.DataStructs.cDataStructs.ExplicitBitVect object at 0x110d228f0>,35
CCOc1cccc(-c2ccc(NC(=O)c3ccc(Cl)cc3Cl)c(C(=O)[O-])c2)c1.[Li+],6.52,EC50,True,436.2200000000001,4,1,1.6788999999999998,<rdkit.DataStructs.cDataStructs.ExplicitBitVect object at 0x110d22570>,30
C=C[C@H](C#CC#C[C@@H](O)/C=C\CCCCCCC)O[C@]1(C)CCC[C@]2(C)CC[C@@H](C(C)(C)O)C[C@H]21,5.72,EC50,True,482.74900000000036,3,2,6.978100000000009,<rdkit.DataStructs.cDataStructs.ExplicitBitVect object at 0x110d22340>,35
Cc1nc(-c2ccc(C(F)(F)F)cc2)sc1COc1ccc(CCC(=O)O)cc1,5.15,EC50,False,421.44000000000017,4,1,5.733520000000004,<rdkit.DataStructs.cDataStructs.ExplicitBitVect object at 0x110d217e0>,29
Cc1cc(CN2C(=O)CN(c3cccc(C(F)(F)F)c3)C2=O)cc(C)c1OC(C)(C)C(=O)O,6.0,EC50,True,464.4400000000003,4,1,4.533040000000003,<rdkit.DataStructs.cDataStructs.ExplicitBitVect object at 0x110d21620>,33
Cc1cc(CN2C(=O)CN(c3ccc(C#N)cc3)C2=O)cc(C)c1OC(C)(C)C(=O)O,5.39,EC50,False,421.45300000000026,5,1,3.3859200000000014,<rdkit.DataStructs.cDataStructs.ExplicitBitVect object at 0x110d212a0>,31
CCc1nc2c(C)cc(Cc3ccccc3)nc2n1[C@H]1CCc2cc(-c3ccccc3-c3nnn[nH]3)ccc21,7.05,EC50,True,511.63300000000027,6,1,6.275620000000006,<rdkit.DataStructs.cDataStructs.ExplicitBitVect object at 0x110d211c0>,39
CCc1nc2c(C)cc(CC(C)C)nc2n1[C@H]1CCc2cc(-c3ccccc3C(=O)O)ccc21,6.76,EC50,True,453.5860000000002,4,1,6.401420000000007,<rdkit.DataStructs.cDataStructs.ExplicitBitVect object at 0x110d21070>,34
Cc1oc(-c2ccccc2)nc1CCOc1ccc(C[C@@H](C(=O)O)n2c(C)ccc2C)cc1,6.15,EC50,True,444.5310000000002,5,1,5.558260000000004,<rdkit.DataStructs.cDataStructs.ExplicitBitVect object at 0x110d20dd0>,33
C/C(=N\OCc1nc(-c2ccc(C)cc2)oc1C)c1ccc(OCC(=O)O)c(C)c1,6.4,EC50,True,408.4540000000002,6,1,4.671060000000003,<rdkit.DataStructs.cDataStructs.ExplicitBitVect object at 0x110d20d60>,30
CCCOc1ccc(C[C@@H](Cc2ccccc2)C(=O)O)cc1CNC(=O)c1ccc(C23CC4CC(CC(C4)C2)C3)cc1,8.44,EC50,True,565.7540000000002,3,2,7.3592000000000075,<rdkit.DataStructs.cDataStructs.ExplicitBitVect object at 0x110d209e0>,42
CCC(=O)c1nc2cc(C(=O)N[C@H](CC)c3ccccc3)ccc2n1Cc1ccc(Cl)c(Cl)c1,7.1,EC50,True,494.42200000000025,4,1,6.865200000000005,<rdkit.DataStructs.cDataStructs.ExplicitBitVect object at 0x110d20820>,34
CCCc1cc(C(=O)CC)cc(CCC)c1O[C@H](C(=O)O)c1ccc(CC)cc1,6.32,EC50,True,396.5270000000001,3,1,5.951400000000005,<rdkit.DataStructs.cDataStructs.ExplicitBitVect object at 0x110d20190>,29
CC(C)c1ccc(COc2ccc(C[C@H](Nc3ccccc3C(=O)c3ccccc3)C(=O)O)cc2)cc1,6.62,EC50,True,493.6030000000002,4,2,6.727800000000007,<rdkit.DataStructs.cDataStructs.ExplicitBitVect object at 0x110d20120>,37
Cc1oc(-c2ccc(Cl)cc2)nc1CCOc1ccc(CC2(C(=O)O)CCCO2)nc1,6.89,EC50,True,442.8990000000002,6,1,4.496220000000004,<rdkit.DataStructs.cDataStructs.ExplicitBitVect object at 0x110d200b0>,31
Cc1oc(-c2ccc(C(F)(F)F)cc2)nc1CCOc1ccc(CC2(C(=O)O)CCCO2)cn1,8.22,EC50,True,476.4510000000003,6,1,4.861620000000005,<rdkit.DataStructs.cDataStructs.ExplicitBitVect object at 0x110d20040>,34
CCOC(Cc1ccc(OCCc2nc(-c3ccccc3)oc2C)cn1)C(=O)O,6.89,EC50,True,396.4430000000001,6,1,3.6987200000000016,<rdkit.DataStructs.cDataStructs.ExplicitBitVect object at 0x110d186d0>,29
O=C(O)[C@H](Cc1ccccc1)Oc1ccc(-c2ccccc2)cc1,6.3,EC50,True,318.372,2,1,4.428300000000003,<rdkit.DataStructs.cDataStructs.ExplicitBitVect object at 0x110d1a490>,24
CCCc1cc(C(=O)CC)cc(CCC)c1O[C@H](C(=O)O)c1ccc(CC(C)C)cc1,6.75,EC50,True,424.58100000000013,3,1,6.587500000000007,<rdkit.DataStructs.cDataStructs.ExplicitBitVect object at 0x110d1b4c0>,31
CCCOc1ccc(C[C@@H](Cc2ccccc2)C(=O)O)cc1CNC(=O)c1ccc(-c2ncccn2)cc1,7.46,EC50,True,509.6060000000002,5,2,5.348400000000004,<rdkit.DataStructs.cDataStructs.ExplicitBitVect object at 0x110d1b450>,38
Cc1oc(-c2ccccc2)nc1CCOc1ccc(C[C@H](OCC2CC2)C(=O)O)c2sccc12,7.5,EC50,True,477.5820000000003,6,1,5.908520000000005,<rdkit.DataStructs.cDataStructs.ExplicitBitVect object at 0x110d19ee0>,34
Cc1nc(-c2ccc(C(F)(F)F)c(F)c2)sc1COc1ccc(/C=C/C(=O)O)cc1,4.88,EC50,False,437.41400000000016,4,1,5.9532200000000035,<rdkit.DataStructs.cDataStructs.ExplicitBitVect object at 0x110d1a2d0>,30
Cc1nc(-c2ccc(C(F)(F)F)cc2)sc1CSc1ccc(/C=C/C(=O)O)cc1,4.77,EC50,False,435.4920000000001,4,1,6.527420000000005,<rdkit.DataStructs.cDataStructs.ExplicitBitVect object at 0x110d1bf40>,29
COc1cc([C@@H]2OC[C@@H]3[C@H]2CO[C@H]3c2ccc3c(c2)OCO3)ccc1O,4.72,EC50,False,356.3740000000001,6,1,3.204700000000002,<rdkit.DataStructs.cDataStructs.ExplicitBitVect object at 0x110d1bae0>,26
Cc1oc(-c2ccccc2)nc1CCOc1ccc(Cc2nn(-c3ccccc3)cc2C(=O)O)cc1,6.12,EC50,True,479.5360000000002,6,1,5.746220000000005,<rdkit.DataStructs.cDataStructs.ExplicitBitVect object at 0x110d1ba70>,36
CCCCCCC[C@H]1C(=O)C=C[C@H]1OCCCCCC(=O)O,5.7,EC50,True,310.434,3,1,4.132200000000003,<rdkit.DataStructs.cDataStructs.ExplicitBitVect object at 0x110d1b8b0>,22
CN(CCOc1ccc(CC(Nc2ccccc2C(=O)c2cccc(C(F)(F)F)c2)C(=O)O)cc1)c1nc2ccccc2o1,7.57,EC50,True,603.5970000000002,7,2,6.700600000000006,<rdkit.DataStructs.cDataStructs.ExplicitBitVect object at 0x110d1b1b0>,44
O=C(O)CC1=C/C(=C\c2ccc3ccccc3c2)c2ccc(F)cc21,5.92,EC50,True,330.35800000000006,1,1,5.391200000000003,<rdkit.DataStructs.cDataStructs.ExplicitBitVect object at 0x110d1af10>,25
CCCc1cc(Oc2ccccc2)ccc1OCCCOc1ccc(C2SC(=O)NC2=O)cc1,6.52,EC50,True,477.58200000000016,6,1,6.303400000000005,<rdkit.DataStructs.cDataStructs.ExplicitBitVect object at 0x110d1ae30>,34
Cc1oc(-c2ccccc2)nc1CCOc1ccc(CC(Nc2ccccc2C(=O)c2cccc(CO)c2)C(=O)O)cc1,6.12,EC50,True,576.6490000000003,7,3,6.102620000000006,<rdkit.DataStructs.cDataStructs.ExplicitBitVect object at 0x110d1adc0>,43
Cc1oc(-c2ccccc2)nc1CCOc1ccc(CC(Nc2ccccc2C(=O)c2cccc(CN(C)C)c2)C(=O)O)cc1,6.38,EC50,True,603.7190000000003,7,2,6.671920000000006,<rdkit.DataStructs.cDataStructs.ExplicitBitVect object at 0x110d1a8f0>,45
CCCCC(Cc1ccc(OCCC2CCCCC2)c(OCCc2ccccc2)c1)C(=O)O,5.6,EC50,True,452.63500000000016,3,1,7.090800000000008,<rdkit.DataStructs.cDataStructs.ExplicitBitVect object at 0x110d1a730>,33
C[C@]1(C(=O)O)CCc2ccc(OCCCOc3ccc(C4CCCC4)cc3Cl)cc2O1,6.16,EC50,True,444.9550000000002,4,1,6.013800000000006,<rdkit.DataStructs.cDataStructs.ExplicitBitVect object at 0x110d1a6c0>,31
CC(C)(C)OC(=O)NC(CSCc1ccc(C(=O)c2ccc([N+](=O)[O-])cc2)cc1)C(=O)O,4.89,EC50,False,460.50800000000015,7,2,4.036900000000003,<rdkit.DataStructs.cDataStructs.ExplicitBitVect object at 0x110d1a650>,32
COc1ccc(C(=O)n2c(C)c(Cc3ccccc3O[C@H](C)C(=O)O)c3cc(OC(F)(F)F)ccc32)cc1,7.68,EC50,True,527.4950000000002,6,1,5.988120000000005,<rdkit.DataStructs.cDataStructs.ExplicitBitVect object at 0x110d1a5e0>,38
CCOC(Cc1ccc(OCCCN2CC=C(c3ccc(Cl)c(Cl)c3)CC2)cc1)C(=O)O,6.14,EC50,True,478.41600000000017,4,1,5.583800000000006,<rdkit.DataStructs.cDataStructs.ExplicitBitVect object at 0x110d1a340>,32
CC(C)(Oc1c(Cl)cc(Cn2ncn(-c3ccc(C(F)(F)F)cc3)c2=O)cc1Cl)C(=O)O,5.31,EC50,False,490.2650000000002,6,1,4.649900000000003,<rdkit.DataStructs.cDataStructs.ExplicitBitVect object at 0x110d1a260>,32
CCOC(=O)C(CC)Cc1ccc(C(=O)NCc2ccc(Oc3ccccc3)cc2)cc1,5.85,EC50,True,431.5320000000001,4,1,5.5407000000000055,<rdkit.DataStructs.cDataStructs.ExplicitBitVect object at 0x110d1a1f0>,32
CC1CN(c2nc3ccc(Cl)cc3s2)CCC1CCOc1cc(CC(=O)O)ccc1Cl,5.85,EC50,True,479.4290000000002,5,1,6.161700000000004,<rdkit.DataStructs.cDataStructs.ExplicitBitVect object at 0x110d19d20>,31
Cc1cc(CC(=O)O)cc(CN2CCN(c3nc4ccc(C(F)(F)F)cc4s3)C[C@@H]2C)c1,5.92,EC50,True,463.5250000000001,5,1,4.961320000000004,<rdkit.DataStructs.cDataStructs.ExplicitBitVect object at 0x110d19a80>,32
Cc1cc(CC(=O)O)cc(CN2CCN(c3nc4ccc(C(F)(F)F)cc4s3)[C@H](C(C)C)C2)c1,6.57,EC50,True,491.5790000000001,5,1,5.597420000000005,<rdkit.DataStructs.cDataStructs.ExplicitBitVect object at 0x110d19a10>,34
CCCCCS(=O)(=O)NC(=O)CCc1ccc(OCCN2CCCC2=O)cc1Oc1ncc(C(F)(F)F)cc1Cl,8.47,EC50,True,606.0630000000004,7,1,5.116100000000005,<rdkit.DataStructs.cDataStructs.ExplicitBitVect object at 0x110d199a0>,40
CCCCCS(=O)(=O)NC(=O)C1CC1c1ccc(OCCOC)cc1Oc1ncc(C(F)(F)F)cc1Cl,8.26,EC50,True,565.0100000000002,7,1,5.311000000000005,<rdkit.DataStructs.cDataStructs.ExplicitBitVect object at 0x110d197e0>,37
CCCCCS(=O)(=O)NC(=O)/C=C/c1ccc(OCCO)cc1Oc1ncc(C(F)(F)F)cc1Cl,7.1,EC50,True,536.9560000000002,7,2,4.566600000000005,<rdkit.DataStructs.cDataStructs.ExplicitBitVect object at 0x110d191c0>,35
CSc1nc(NC2CC2)c(C(=O)O)c(SCc2ccccc2)n1,5.75,EC50,True,347.46500000000003,6,2,3.763300000000002,<rdkit.DataStructs.cDataStructs.ExplicitBitVect object at 0x110d19150>,23
CN(CCOc1ccc(CC2SC(=O)NC2=O)cc1)c1ccccn1,6.92,EC50,True,357.435,6,1,2.490900000000001,<rdkit.DataStructs.cDataStructs.ExplicitBitVect object at 0x110d190e0>,25
O=C(Nn1cc([N+](=O)[O-])cn1)c1cccc(COc2ccc(Br)cc2)c1,6.17,EC50,True,417.21900000000005,6,1,3.516700000000002,<rdkit.DataStructs.cDataStructs.ExplicitBitVect object at 0x110d19070>,26
CN(CCOc1ccc(CC(Nc2ccccc2/C(=N/N)c2ccccc2)C(=O)O)cc1)c1ccccn1,5.91,EC50,True,509.6100000000002,7,3,4.415700000000003,<rdkit.DataStructs.cDataStructs.ExplicitBitVect object at 0x110d19000>,38
Cc1oc(-c2ccccc2)nc1CCOc1ccc(C[C@H](Nc2ccccc2C(=O)c2ccccc2)C(=O)O)cc1,9.47,EC50,True,546.6230000000003,6,2,6.610320000000006,<rdkit.DataStructs.cDataStructs.ExplicitBitVect object at 0x110d18f90>,41
CCCCCS(=O)(=O)NC(=O)CCc1ccccc1Oc1ncc(C(F)(F)F)cc1Cl,7.21,EC50,True,478.9200000000001,5,1,5.114900000000005,<rdkit.DataStructs.cDataStructs.ExplicitBitVect object at 0x110d18c10>,31
CC(C)=CCC/C(C)=C/Cc1c(O)cc(/C=C/c2cccc(C(F)(F)F)c2)cc1O,5.3,EC50,False,416.48300000000006,2,2,7.522200000000008,<rdkit.DataStructs.cDataStructs.ExplicitBitVect object at 0x110d18a50>,30
CC(C)=CCC/C(C)=C/Cc1c(O)cc(/C=C/c2ccccc2)cc1O,5.3,EC50,False,348.48600000000005,2,2,6.503400000000008,<rdkit.DataStructs.cDataStructs.ExplicitBitVect object at 0x110d18890>,26
CCCCCCCCN1C(=O)C(CCOc2ccccc2CC(=O)O)Oc2ccccc21,6.52,EC50,True,439.5520000000002,4,1,5.237300000000005,<rdkit.DataStructs.cDataStructs.ExplicitBitVect object at 0x110d18430>,32
C[C@]1(C(=O)O)CCc2ccc(OCCCOc3ccc(Oc4ccccc4)cc3Cl)cc2O1,7.1,EC50,True,468.93300000000016,5,1,6.148500000000005,<rdkit.DataStructs.cDataStructs.ExplicitBitVect object at 0x110d17e60>,33
CCO[C@@H](Cc1ccc(OCCn2c3ccccc3c3ccncc32)cc1)C(=O)O,7.96,EC50,True,404.4660000000001,5,1,4.300700000000003,<rdkit.DataStructs.cDataStructs.ExplicitBitVect object at 0x110d17d80>,30
Cc1sc(N2CCN(C(=O)OC(C)(C)C)CC2)nc1CCOc1ccc(C[C@H](Nc2ccccc2C(=O)c2ccccc2)C(=O)O)cc1,8.62,EC50,True,670.8320000000003,9,2,6.468920000000007,<rdkit.DataStructs.cDataStructs.ExplicitBitVect object at 0x110d17530>,48
Cc1cc(CCOc2ccc(C[C@H](Nc3ccccc3C(=O)c3ccccc3)C(=O)O)cc2)nn1-c1ccccc1,8.43,EC50,True,545.6390000000002,6,2,6.1410200000000055,<rdkit.DataStructs.cDataStructs.ExplicitBitVect object at 0x110d16570>,41
Cc1sc(N2CCN(C(=O)OC(C)(C)C)CC2)nc1CCOc1ccc(C[C@H](Nc2ccccc2C(=O)c2ccccc2)C(=O)O)cc1,7.4,EC50,True,670.8320000000003,9,2,6.468920000000007,<rdkit.DataStructs.cDataStructs.ExplicitBitVect object at 0x110d16500>,48
O=C(c1ccccc1)c1ccccc1N[C@@H](Cc1ccc(OCCc2ccc(Cl)cc2)cc1)C(=O)O,6.98,EC50,True,499.99400000000026,4,2,6.3003000000000045,<rdkit.DataStructs.cDataStructs.ExplicitBitVect object at 0x110d160a0>,36
C/C(=N\OCCOc1ccc(CC2SC(=O)NC2=O)cc1)c1ccc(-c2ccccn2)cc1,6.19,EC50,True,461.5430000000002,7,1,4.4623000000000035,<rdkit.DataStructs.cDataStructs.ExplicitBitVect object at 0x110d15930>,33
Cc1oc(-c2ccccc2)nc1CCCc1ccc(CC(C(=O)O)c2cccnc2)cc1,5.41,EC50,False,426.5160000000001,4,1,5.631220000000004,<rdkit.DataStructs.cDataStructs.ExplicitBitVect object at 0x110d158c0>,32
Cc1oc(-c2ccccc2)nc1C/C=C/c1ccc(C[C@H](C(=O)O)n2cccc2)cc1,5.58,EC50,True,412.4890000000001,4,1,5.575820000000004,<rdkit.DataStructs.cDataStructs.ExplicitBitVect object at 0x110d15850>,31
CN(CCOc1ccc(CC2SC(=O)NC2=O)cc1)c1ccccn1.O=C(O)/C=C\C(=O)O,6.14,EC50,True,473.5070000000001,8,3,2.2027,<rdkit.DataStructs.cDataStructs.ExplicitBitVect object at 0x110d15770>,33
Cc1oc(-c2ccccc2)nc1CCNc1ccc(C[C@@H](C(=O)O)n2cccc2)cc1,6.32,EC50,True,415.4930000000001,5,2,4.974520000000003,<rdkit.DataStructs.cDataStructs.ExplicitBitVect object at 0x110d15700>,31
COc1ccc([C@@H](O)[C@H](O)CO)cc1OC,4.71,EC50,False,228.24399999999997,5,3,0.09039999999999998,<rdkit.DataStructs.cDataStructs.ExplicitBitVect object at 0x110d15690>,16
CCCCOc1ccc(C[C@H](CC)C(=O)O)cc1CNC(=O)c1ccc(C(F)(F)F)cc1F,5.96,EC50,True,469.4750000000001,3,2,5.606700000000005,<rdkit.DataStructs.cDataStructs.ExplicitBitVect object at 0x110d15620>,33
CCCc1cc(Oc2ccccc2)ccc1OCCCOc1ccc2c(c1)CCC(C(=O)O)O2,5.55,EC50,True,462.54200000000026,5,1,6.057500000000006,<rdkit.DataStructs.cDataStructs.ExplicitBitVect object at 0x110d155b0>,34
O=C(O)Cc1ccccc1OCC[C@@H]1Oc2ccccc2N(CCCCCCF)C1=O,6.24,EC50,True,429.4880000000003,4,1,4.406700000000004,<rdkit.DataStructs.cDataStructs.ExplicitBitVect object at 0x110d15540>,31
CC(O)CCCCN1C(=O)C(CCOc2ccccc2CC(=O)O)Oc2ccccc21,6.0,EC50,True,427.4970000000002,5,2,3.427900000000002,<rdkit.DataStructs.cDataStructs.ExplicitBitVect object at 0x110d152a0>,31
CCCN[C@@H](Cc1ccc(OCCc2nc(-c3ccccc3)oc2C)cc1)C(=O)O,6.62,EC50,True,408.4980000000001,5,2,4.266820000000003,<rdkit.DataStructs.cDataStructs.ExplicitBitVect object at 0x110d150e0>,30
CNC(=O)c1ccccc1NC(Cc1ccc(OCCc2nc(-c3ccccc3)oc2C)cc1)C(=O)O,7.49,EC50,True,499.56700000000023,6,3,4.738920000000004,<rdkit.DataStructs.cDataStructs.ExplicitBitVect object at 0x110d14c10>,37
CCO[C@@H](Cc1ccc(OCC=C(c2ccccc2)c2ccccc2)cc1)C(=O)O,5.57,EC50,True,402.4900000000001,3,1,5.229500000000005,<rdkit.DataStructs.cDataStructs.ExplicitBitVect object at 0x110d14970>,30
C/C(CCCCN1C(=O)C(CCOc2ccccc2CC(=O)O)Oc2ccccc21)=N\O,8.0,EC50,True,440.4960000000002,6,2,3.8972000000000024,<rdkit.DataStructs.cDataStructs.ExplicitBitVect object at 0x110d14900>,32
O=C(O)C(Cc1ccc(F)cc1)Oc1ccc(Cl)cc1,5.28,EC50,False,294.709,2,1,3.5538000000000016,<rdkit.DataStructs.cDataStructs.ExplicitBitVect object at 0x110d14350>,20
CN(CCOc1ccc(CC2SC(=O)NC2=O)cc1)c1ccccn1,6.96,EC50,True,357.435,6,1,2.490900000000001,<rdkit.DataStructs.cDataStructs.ExplicitBitVect object at 0x110d142e0>,25
CC[C@@H](NC(=O)c1ccc2c(c1)ncn2Cc1ccc(Cl)c(Cl)c1)c1ccccc1,8.6,EC50,True,438.3580000000001,3,1,6.272500000000005,<rdkit.DataStructs.cDataStructs.ExplicitBitVect object at 0x110d14270>,30
O=C(O)[C@H](Cc1ccccc1)Oc1ccc(C(F)(F)F)cc1,6.05,EC50,True,310.271,2,1,3.7801000000000027,<rdkit.DataStructs.cDataStructs.ExplicitBitVect object at 0x110d14200>,22
CCCCC/C=C(\C/C=C\CCCCCCCC(=O)O)[N+](=O)[O-],7.16,EC50,True,325.44899999999996,3,1,5.4889000000000046,<rdkit.DataStructs.cDataStructs.ExplicitBitVect object at 0x110d09a80>,23
COc1ccc(C(=O)NCc2cccc(Oc3ccc(OC(C)(C)C(=O)O)c(C)c3)c2)c(C)c1,7.58,EC50,True,463.53000000000026,5,2,5.276340000000004,<rdkit.DataStructs.cDataStructs.ExplicitBitVect object at 0x110d0a490>,34
CCCc1c(OCCCOc2cccc3c2ccn3CC(=O)O)ccc2cc[nH]c12,5.74,EC50,True,406.48200000000014,4,2,5.007600000000004,<rdkit.DataStructs.cDataStructs.ExplicitBitVect object at 0x110d0a960>,30
Cc1oc(-c2ccccc2)nc1CCCCCCOC(C)(C)C(=O)O,6.52,EC50,True,345.439,4,1,4.632720000000003,<rdkit.DataStructs.cDataStructs.ExplicitBitVect object at 0x110d0a880>,25
CCO[C@@H](Cc1ccc(OC/C=C/c2cc(OCC(F)(F)F)cc(OCC(F)(F)F)c2)cc1)C(=O)O,6.1,EC50,True,522.4380000000001,5,1,5.6932000000000045,<rdkit.DataStructs.cDataStructs.ExplicitBitVect object at 0x110d0b990>,36
CCOC(=O)C1=C(c2ccccc2)c2ccc(OCCN3CCOCC3)cc2/C1=[N+](\C)[O-],7.4,EC50,True,436.5080000000003,6,0,2.705400000000001,<rdkit.DataStructs.cDataStructs.ExplicitBitVect object at 0x110d0b920>,32
CCOC(=O)C1=C(c2ccc(Cl)cc2)c2ccc(OCCCc3ccccc3)cc2/C1=[N+](/C)[O-],7.16,EC50,True,475.9720000000003,4,0,5.659400000000006,<rdkit.DataStructs.cDataStructs.ExplicitBitVect object at 0x110d0b6f0>,34
CCOC(=O)C1=C(c2cccc(C)c2)c2ccc(OCCCc3ccccc3)cc2/C1=[N+](/C)[O-],6.52,EC50,True,455.55400000000026,4,0,5.3144200000000055,<rdkit.DataStructs.cDataStructs.ExplicitBitVect object at 0x110d0b680>,34
CCCCNC(=S)OC(CCc1ccc(C[C@H](OCC)C(=O)O)cc1)c1ccccc1,5.44,EC50,False,443.60900000000015,4,2,5.083900000000005,<rdkit.DataStructs.cDataStructs.ExplicitBitVect object at 0x110d0b610>,31
CCCNC(=S)OC(CCc1ccc(C[C@H](OCC)C(=O)O)cc1)c1ccccc1,5.46,EC50,False,429.5820000000001,4,2,4.693800000000004,<rdkit.DataStructs.cDataStructs.ExplicitBitVect object at 0x110d0b300>,30
Cc1oc(-c2ccccc2)nc1CCOc1cccc(CC2C(=O)N(c3ccc(F)cc3)C2C(=O)O)c1,7.52,EC50,True,500.5260000000002,5,1,5.069320000000004,<rdkit.DataStructs.cDataStructs.ExplicitBitVect object at 0x110d0b290>,37
Cc1oc(-c2ccccc2)nc1CCOc1cccc(C[C@H]2C(=O)N(c3ccc(C(C)(C)C)cc3)[C@H]2C(=O)O)c1,6.39,EC50,True,538.6440000000003,5,1,6.227720000000006,<rdkit.DataStructs.cDataStructs.ExplicitBitVect object at 0x110d0af10>,40
COc1cccc(-c2nc(CCOc3cccc(C[C@@H]4C(=O)N(c5ccc(C(C)(C)C)cc5)[C@@H]4C(=O)O)c3)c(C)o2)c1,7.4,EC50,True,568.6700000000002,6,1,6.236320000000006,<rdkit.DataStructs.cDataStructs.ExplicitBitVect object at 0x110d0ab20>,42
Cc1oc(-c2ccccc2)nc1CCOc1ccc(C[C@H]2C(=O)N(c3ccc(C(C)(C)C)cc3)[C@H]2C(=O)O)cc1,6.3,EC50,True,538.6440000000003,5,1,6.227720000000006,<rdkit.DataStructs.cDataStructs.ExplicitBitVect object at 0x110d0aab0>,40
CN(CCOc1ccc(CC2SC(=O)NC2=O)cc1)c1ccccn1,7.35,EC50,True,357.435,6,1,2.490900000000001,<rdkit.DataStructs.cDataStructs.ExplicitBitVect object at 0x110d0a730>,25
CC(C)c1ccc(OCCCOc2ccc3c(c2)O[C@@](C)(C(=O)O)CC3)c(Cl)c1,5.52,EC50,True,418.91700000000014,4,1,5.479600000000005,<rdkit.DataStructs.cDataStructs.ExplicitBitVect object at 0x110d0a3b0>,29
COc1ccc(C(=O)n2c(C)c(Cc3cccc(O[C@@H](C)C(=O)O)c3)c3cc(OC(F)(F)F)ccc32)cc1,8.7,EC50,True,527.4950000000002,6,1,5.988120000000005,<rdkit.DataStructs.cDataStructs.ExplicitBitVect object at 0x110d0a340>,38
COc1ccc(C(=O)n2c(C)c(Cc3ccccc3O[C@@H](C)C(=O)O)c3cc(OC(F)(F)F)ccc32)cc1,8.7,EC50,True,527.4950000000002,6,1,5.988120000000005,<rdkit.DataStructs.cDataStructs.ExplicitBitVect object at 0x110d09a10>,38
CCCCCS(=O)(=O)NC(=O)CCc1ccc(OCCOC)cc1Oc1ncc(C(F)(F)F)cc1Cl,8.82,EC50,True,552.9990000000003,7,1,5.140100000000005,<rdkit.DataStructs.cDataStructs.ExplicitBitVect object at 0x110d099a0>,36
Cc1oc(-c2ccccc2)nc1CCOc1ccc(C[C@H](Nc2ccccc2C(=O)c2ccccc2)C(=O)O)cc1,9.47,EC50,True,546.6230000000003,6,2,6.610320000000006,<rdkit.DataStructs.cDataStructs.ExplicitBitVect object at 0x110d098c0>,41
CCOC(Cc1ccc(OC)c(C(=O)NCc2ccc(C(F)(F)F)cc2)c1)C(=O)O,5.55,EC50,True,425.4030000000001,4,2,3.6762000000000015,<rdkit.DataStructs.cDataStructs.ExplicitBitVect object at 0x110d09850>,30
CCCS(=O)(=O)NC(=O)CCc1cc(OC(C)C)nn1Cc1ccc(Cl)cc1Cl,6.8,EC50,True,462.3990000000001,6,1,3.8140000000000027,<rdkit.DataStructs.cDataStructs.ExplicitBitVect object at 0x110d092a0>,29
CCCCCS(=O)(=O)NC(=O)CCc1cc(OCc2ccccn2)nn1Cc1ccc(Cl)cc1Cl.Cl,6.92,EC50,True,575.9460000000003,7,1,5.202800000000006,<rdkit.DataStructs.cDataStructs.ExplicitBitVect object at 0x110d08890>,36
CC(C)Oc1cc(CCC(=O)NS(=O)(=O)c2ccccc2)n(Cc2ccc(Cl)cc2Cl)n1,6.96,EC50,True,496.4160000000002,6,1,4.463100000000004,<rdkit.DataStructs.cDataStructs.ExplicitBitVect object at 0x110d08820>,32
CCCCCS(=O)(=O)NC(=O)CCc1cc(-c2ccccc2)nn1Cc1ccc(Cl)cc1Cl,7.96,EC50,True,508.4710000000001,5,1,5.4740000000000055,<rdkit.DataStructs.cDataStructs.ExplicitBitVect object at 0x110d087b0>,33
COC(=O)N(CC(=O)O)Cc1cccc(OCc2nc(-c3ccc(Cl)cc3)oc2C)c1,5.39,EC50,False,444.8710000000001,6,1,4.535420000000004,<rdkit.DataStructs.cDataStructs.ExplicitBitVect object at 0x110d8e810>,31
CCCCC(Sc1nc(OCCCCc2ccccc2)cc(OCCCCc2ccccc2)n1)C(=O)O,5.0,EC50,False,522.7110000000004,6,1,7.015500000000007,<rdkit.DataStructs.cDataStructs.ExplicitBitVect object at 0x110d8f760>,37
CCc1ccc(CCOc2ccc(CC3SC(=O)NC3=O)cc2)nc1,5.46,EC50,False,356.44700000000006,5,1,3.159600000000001,<rdkit.DataStructs.cDataStructs.ExplicitBitVect object at 0x110d8eff0>,25
CCCc1c(OCCCSc2ccc(CC(=O)O)cc2Cl)ccc2c(CC)noc12,7.72,EC50,True,447.9840000000002,5,1,6.184400000000005,<rdkit.DataStructs.cDataStructs.ExplicitBitVect object at 0x110d8f530>,30
CCc1ccc(CCOc2ccc(CC3SC(=O)NC3=O)cc2)nc1,6.05,EC50,True,356.44700000000006,5,1,3.159600000000001,<rdkit.DataStructs.cDataStructs.ExplicitBitVect object at 0x110d8e5e0>,25
COc1cc2ccc(=O)oc2cc1OC/C=C(\C)CCC=C(C)C,4.76,EC50,False,328.40800000000013,4,0,4.873100000000004,<rdkit.DataStructs.cDataStructs.ExplicitBitVect object at 0x110d8e570>,24
CCCc1c(OCCCN2CCCc3cc(OC(C)(C)C(=O)O)ccc32)ccc2cc(C(=O)c3ccccc3)ccc12,6.27,EC50,True,565.7100000000003,5,1,7.487000000000008,<rdkit.DataStructs.cDataStructs.ExplicitBitVect object at 0x110d8e490>,42
O=C(NC(CSCc1ccc(C(=O)c2ccccc2)cc1)C(=O)O)OCc1ccccc1,5.1,EC50,False,449.5280000000002,5,2,4.530400000000004,<rdkit.DataStructs.cDataStructs.ExplicitBitVect object at 0x110d8e110>,32
CN(CCOc1ccc(CC2SC(=O)NC2=O)cc1)c1ccccn1,7.46,EC50,True,357.435,6,1,2.490900000000001,<rdkit.DataStructs.cDataStructs.ExplicitBitVect object at 0x110d8e0a0>,25
CC[C@@](C)(Oc1cccc(Cn2c(C)c(C(=O)c3ccc(Cl)cc3)c3ccc(OC(F)(F)F)cc32)c1)C(=O)O,8.7,EC50,True,559.9680000000002,5,1,7.413120000000006,<rdkit.DataStructs.cDataStructs.ExplicitBitVect object at 0x110d8e030>,39
Cc1c(C(=O)c2ccc(Cl)cc2)c2ccc(OC(F)(F)F)cc2n1Cc1cccc(OCC(=O)O)c1,8.7,EC50,True,517.8870000000003,5,1,6.244420000000004,<rdkit.DataStructs.cDataStructs.ExplicitBitVect object at 0x110d8de70>,36
CCCc1cc(C(F)(F)F)ncc1OCCCOc1ccc(OCC(=O)O)c(C)c1,5.8,EC50,True,427.41900000000015,5,1,4.672620000000004,<rdkit.DataStructs.cDataStructs.ExplicitBitVect object at 0x110d8daf0>,30
CC(C)(C)c1ccc(-n2c(C(=O)O)c(Oc3cccc(C(F)(F)F)c3)c3cc(Oc4ccc[nH]4)ccc32)cc1,6.9,EC50,True,534.5340000000002,4,2,8.557700000000002,<rdkit.DataStructs.cDataStructs.ExplicitBitVect object at 0x110d8da10>,39
CSc1ccc(C(=O)/C=C/c2cc(C)c(OC(C)(C)C(=O)O)c(C)c2)cc1,5.4,EC50,False,384.49700000000007,4,1,5.163440000000004,<rdkit.DataStructs.cDataStructs.ExplicitBitVect object at 0x110d8d930>,27
Cc1oc(-c2ccc(Br)cc2)nc1CCOc1ccc(OC(C)(C)C(=O)O)cc1,5.76,EC50,True,460.32400000000024,5,1,5.276020000000005,<rdkit.DataStructs.cDataStructs.ExplicitBitVect object at 0x110d8d8c0>,29
Cc1cc(OCc2sc(-c3ccc(C(F)(F)F)cc3)nc2C)ccc1/C=C/C(=O)O,5.57,EC50,True,433.45100000000014,4,1,6.122540000000005,<rdkit.DataStructs.cDataStructs.ExplicitBitVect object at 0x110d8d540>,30
Cc1oc(-c2ccccc2)nc1CCOc1ccc(C[C@](C)(Oc2ccccc2)C(=O)O)cc1,8.52,EC50,True,457.5260000000002,5,1,5.736320000000005,<rdkit.DataStructs.cDataStructs.ExplicitBitVect object at 0x110d8d2a0>,34
CCCCCc1cc(O)c(C/C=C(\C)CCC=C(C)C)c(O)c1,4.8,EC50,False,316.485,2,2,6.065700000000007,<rdkit.DataStructs.cDataStructs.ExplicitBitVect object at 0x110d8d1c0>,23
COc1ccc(C(=O)c2c(C)n(Cc3cccc(O[C@@H](C)C(=O)O)c3)c3ncccc23)cc1,7.57,EC50,True,444.48700000000014,6,1,4.484520000000003,<rdkit.DataStructs.cDataStructs.ExplicitBitVect object at 0x110d8d150>,33
Cc1cccc(Nc2cc(Cl)nc(SCC(=O)O)n2)c1C,4.27,EC50,False,323.80500000000006,5,2,3.6671400000000007,<rdkit.DataStructs.cDataStructs.ExplicitBitVect object at 0x110d8d0e0>,21
O=C(O)[C@@H](Cc1ccc(-c2ccccc2)cc1)Oc1ccc(-c2ccccc2)cc1,6.05,EC50,True,394.4700000000001,2,1,6.095300000000005,<rdkit.DataStructs.cDataStructs.ExplicitBitVect object at 0x110d8cf20>,30
Cc1nc(-c2ccc(C(F)(F)F)cc2)sc1COc1ccc(CC(=O)O)cc1,5.1,EC50,False,407.4130000000001,4,1,5.343420000000004,<rdkit.DataStructs.cDataStructs.ExplicitBitVect object at 0x110d8ceb0>,28
C/C(=N\OCCOc1ccc(CC2SC(=O)NC2=O)cc1)c1ccccn1,5.55,EC50,True,385.4450000000001,7,1,2.795300000000001,<rdkit.DataStructs.cDataStructs.ExplicitBitVect object at 0x110d8ccf0>,27
CSc1ccc(C(=O)/C=C/c2cc(C)c(OC(C)(C)C(=O)O)c(C)c2)cc1,5.67,EC50,True,384.49700000000007,4,1,5.163440000000004,<rdkit.DataStructs.cDataStructs.ExplicitBitVect object at 0x110d8cba0>,27
CCc1ccc(CCOc2ccc(CC3SC(=O)NC3=O)cc2)nc1,5.85,EC50,True,356.44700000000006,5,1,3.159600000000001,<rdkit.DataStructs.cDataStructs.ExplicitBitVect object at 0x110d8c740>,25
CN(CCOc1ccc(CC2SC(=O)NC2=O)cc1)c1ccccn1,7.4,EC50,True,357.435,6,1,2.490900000000001,<rdkit.DataStructs.cDataStructs.ExplicitBitVect object at 0x110d8c6d0>,25
CCCCCCC(Sc1nc2ccc(NS(=O)(=O)c3ccc(-c4ccccc4)cc3)cc2s1)C(=O)O,6.58,EC50,True,540.7320000000003,6,2,7.279800000000006,<rdkit.DataStructs.cDataStructs.ExplicitBitVect object at 0x110d8c660>,36
CCCCCCC(Sc1nc2ccc(NCc3ccc(C(F)(F)F)cc3)cc2s1)C(=O)O,5.75,EC50,True,482.59300000000013,5,2,7.442900000000006,<rdkit.DataStructs.cDataStructs.ExplicitBitVect object at 0x110d8c5f0>,32
CC(C)(C)CCCCN1C(=O)C(CCOc2ccccc2CC(=O)O)Oc2ccccc21,6.0,EC50,True,439.5520000000002,4,1,5.093200000000005,<rdkit.DataStructs.cDataStructs.ExplicitBitVect object at 0x110d8c510>,32
CN(CCOc1ccc(CC2SC(=O)NC2=O)cc1)c1ccccn1,8.62,EC50,True,357.435,6,1,2.490900000000001,<rdkit.DataStructs.cDataStructs.ExplicitBitVect object at 0x110d8c3c0>,25
Cc1c(Cl)ccc(Nc2cc(Cl)nc(SCC(=O)O)n2)c1C,4.31,EC50,False,358.2500000000001,5,2,4.320540000000002,<rdkit.DataStructs.cDataStructs.ExplicitBitVect object at 0x110d8c200>,22
CCCCOc1ccc2c(c1)O/C(=C\c1cc(C)c(OC(C)(C)C(=O)O)c(C)c1)C2=O,6.47,EC50,True,424.4930000000002,5,1,5.340540000000004,<rdkit.DataStructs.cDataStructs.ExplicitBitVect object at 0x110d8c0b0>,31
CCCC/C(=C\c1cc(OCC(c2ccccc2)c2ccccc2)ccc1OCc1ccc(C(F)(F)F)cc1)C(=O)O,5.9,EC50,True,574.6390000000002,3,1,9.153500000000003,<rdkit.DataStructs.cDataStructs.ExplicitBitVect object at 0x110d8c040>,42
CCCc1nn2ccc(C(=O)NC(CC)c3ccccc3)cc2c1Cc1ccc(-c2ccccc2-c2nn[nH]n2)cc1,6.75,EC50,True,555.6860000000003,6,2,6.605800000000007,<rdkit.DataStructs.cDataStructs.ExplicitBitVect object at 0x110d8fd80>,42
CCCCn1c(-c2ccc3nn(CCC)c(Cc4ccc(-c5ccccc5C(=O)O)cc4)c3c2)nc2ccccc21,6.19,EC50,True,542.6830000000001,5,1,8.219100000000006,<rdkit.DataStructs.cDataStructs.ExplicitBitVect object at 0x110d8fdf0>,41
O=C(O)c1cccc(NC(=O)c2ccccc2NC(=O)c2ccc3c(c2)OCO3)c1,4.6,EC50,False,404.3780000000002,5,3,3.618100000000002,<rdkit.DataStructs.cDataStructs.ExplicitBitVect object at 0x110d8fe60>,30
CCCc1nc2c(C)cccc2n1Cc1ccc(-c2ccccc2C(=O)O)cc1,4.96,EC50,False,384.4790000000001,3,1,5.710720000000006,<rdkit.DataStructs.cDataStructs.ExplicitBitVect object at 0x110d8fed0>,29
CCCc1nc2c(C(F)(F)F)cccc2n1Cc1ccc(-c2ccccc2C(=O)O)cc1,4.92,EC50,False,438.4490000000001,3,1,6.421100000000005,<rdkit.DataStructs.cDataStructs.ExplicitBitVect object at 0x110d8ff40>,32
Cc1c(C)n(Cc2ccc(-c3ccccc3C(=O)O)cc2)c2ccc(C(=O)N[C@H](C)c3ccc(Br)cc3)cc12,6.89,EC50,True,581.5100000000002,3,2,7.925140000000007,<rdkit.DataStructs.cDataStructs.ExplicitBitVect object at 0x130cf0040>,39
COC(c1ccccc1OC(F)(F)F)C1CC1c1cc(C)c(OC(C)(C)C(=O)O)c(C)c1,7.14,EC50,True,452.4690000000002,4,1,5.9352400000000065,<rdkit.DataStructs.cDataStructs.ExplicitBitVect object at 0x130cf00b0>,32
CC(C)C1(CCOc2cc(CC(=O)O)ccc2Cl)CCN(c2nc3ccc(Cl)cc3s2)CC1,6.16,EC50,True,507.48300000000035,5,1,6.941900000000006,<rdkit.DataStructs.cDataStructs.ExplicitBitVect object at 0x130cf0120>,33
Cc1ccc(CC(=O)O)cc1OCCC1(N2CCCC2)CCN(c2nc3ccc(Cl)cc3s2)CC1,5.8,EC50,True,514.0910000000002,6,1,5.789120000000006,<rdkit.DataStructs.cDataStructs.ExplicitBitVect object at 0x130cf0190>,35
CC(C)(C)OC(=O)NC(CSCc1ccc(C(=O)c2ccc(Cl)cc2)cc1)C(=O)O,5.5,EC50,True,449.95600000000013,5,2,4.782100000000003,<rdkit.DataStructs.cDataStructs.ExplicitBitVect object at 0x130cf0200>,30
CSc1nc(SCc2ccccc2)c(C(=O)O)c(SCc2ccccc2)n1,6.85,EC50,True,414.5770000000001,6,1,5.481300000000004,<rdkit.DataStructs.cDataStructs.ExplicitBitVect object at 0x130cf0270>,27
CCOc1ccc(F)c(N2CC[C@@H](Oc3ccc(N4C[C@](C)(OC)C[C@@H]4CC(=O)O)cc3)[C@H](C)C2)c1,5.25,EC50,False,500.61100000000033,6,1,4.976700000000005,<rdkit.DataStructs.cDataStructs.ExplicitBitVect object at 0x130cf02e0>,36
CC(C)(Oc1ccc(COc2ccc(/N=N\c3ccccc3)cc2)cc1)C(=O)O,5.18,EC50,False,390.4390000000001,5,1,5.923000000000005,<rdkit.DataStructs.cDataStructs.ExplicitBitVect object at 0x130cf0350>,29
Cc1c(C)n(Cc2ccc(-c3ccccc3C(=O)O)cc2)c2ccc(C(=O)N[C@@H](C)c3ccc(C(C)(C)C)cc3)cc12,6.45,EC50,True,558.7220000000003,3,2,8.460140000000006,<rdkit.DataStructs.cDataStructs.ExplicitBitVect object at 0x130cf03c0>,42
COc1cc(O)c2c(c1C(=O)NCc1cc(OC(C)=O)cc3ccccc13)OC1=CC(O)=C(C(C)=O)C(=O)[C@]12C,6.17,EC50,True,543.5280000000001,9,3,3.927100000000002,<rdkit.DataStructs.cDataStructs.ExplicitBitVect object at 0x130cf0430>,40
CCC(C(=O)O)C1CCc2cc(OCCc3nc(-c4ccccc4)sc3C)ccc21,7.07,EC50,True,421.56200000000007,4,1,5.880620000000006,<rdkit.DataStructs.cDataStructs.ExplicitBitVect object at 0x130cf04a0>,30
CCOC(C(=O)O)C1CCc2cc(OCCc3nc(-c4ccccc4)oc3C)ccc21,7.92,EC50,True,421.4930000000001,5,1,4.791020000000004,<rdkit.DataStructs.cDataStructs.ExplicitBitVect object at 0x130cf0510>,31
Cc1oc(-c2ccccc2)nc1CCOc1ccc2c(c1)CCC2C(C(=O)O)C1CC1,6.8,EC50,True,417.5050000000002,4,1,5.412120000000004,<rdkit.DataStructs.cDataStructs.ExplicitBitVect object at 0x130cf0580>,31
CCCCC/C=C/C(=O)CCCCCCCC(=O)O,5.07,EC50,False,268.3969999999999,2,1,4.507300000000003,<rdkit.DataStructs.cDataStructs.ExplicitBitVect object at 0x130cf05f0>,19
CC(C)OC(Cc1ccc(OCc2noc(-c3ccc(C(F)(F)F)cc3)n2)cc1)C(=O)O,7.6,EC50,True,450.41300000000007,6,1,4.755100000000004,<rdkit.DataStructs.cDataStructs.ExplicitBitVect object at 0x130cf0660>,32
Cc1oc(-c2ccccc2)nc1CCOc1ccc(C[C@H](Nc2ccccc2C(=O)C2CCCCC2)C(=O)O)cc1,8.51,EC50,True,552.6710000000004,6,2,7.142320000000006,<rdkit.DataStructs.cDataStructs.ExplicitBitVect object at 0x130cf06d0>,41
CNC(=O)c1ccccc1NC(Cc1ccc(OCCc2nc(-c3ccccc3)oc2C)cc1)C(=O)O,6.44,EC50,True,499.56700000000023,6,3,4.738920000000004,<rdkit.DataStructs.cDataStructs.ExplicitBitVect object at 0x130cf0740>,37
CCc1ccc(CCOc2ccc(CC3SC(=O)NC3=O)cc2)nc1,6.85,EC50,True,356.44700000000006,5,1,3.159600000000001,<rdkit.DataStructs.cDataStructs.ExplicitBitVect object at 0x130cf07b0>,25
Cc1ccc(NC(Cc2ccc(OCCN(C)c3nc4ccccc4o3)cc2)C(=O)O)c(C(=O)c2ccccc2)c1,6.64,EC50,True,549.6270000000003,7,2,5.990220000000005,<rdkit.DataStructs.cDataStructs.ExplicitBitVect object at 0x130cf0820>,41
CCCCC[C@H](O)/C=C/[C@@H]1[C@H]2C/C(=C\CCCC(=O)O)C[C@H]2C[C@H]1O,5.1,EC50,False,350.499,3,3,4.072100000000003,<rdkit.DataStructs.cDataStructs.ExplicitBitVect object at 0x130cf0890>,25
COc1cccc(C(=O)c2ccccc2NC(Cc2ccc(OCCN(C)c3nc4ccccc4o3)cc2)C(=O)O)c1,6.81,EC50,True,565.6260000000004,8,2,5.690400000000005,<rdkit.DataStructs.cDataStructs.ExplicitBitVect object at 0x130cf0900>,42
CCCc1cc(C(=O)c2ccc(-c3ccccc3)cc2)ccc1OCCCN1CCCc2cc(OC(C)(C)C(=O)O)ccc21,7.0,EC50,True,591.7480000000005,5,1,8.000800000000009,<rdkit.DataStructs.cDataStructs.ExplicitBitVect object at 0x130cf0970>,44
COC(=O)N(CC(=O)O)Cc1cc(OCc2nc(-c3ccccc3)oc2C)ccc1F,5.07,EC50,False,428.4160000000001,6,1,4.021120000000003,<rdkit.DataStructs.cDataStructs.ExplicitBitVect object at 0x130cf09e0>,31
COC(=O)N(CC(=O)O)Cc1cc(OCc2nc(-c3ccc(C)cc3)oc2C)ccc1F,5.66,EC50,True,442.44300000000015,6,1,4.329540000000003,<rdkit.DataStructs.cDataStructs.ExplicitBitVect object at 0x130cf0a50>,32
Cc1oc(-c2ccccc2)nc1CCOc1ccc(CC(Nc2ccccc2C(=O)c2ccc(C(=O)O)cc2)C(=O)O)cc1,5.12,EC50,False,590.6320000000003,7,3,6.308520000000006,<rdkit.DataStructs.cDataStructs.ExplicitBitVect object at 0x130cf0ac0>,44
O=C(O)CC1=C/C(=C\c2ccccc2)c2ccc(F)cc21,5.77,EC50,True,280.298,1,1,4.238000000000002,<rdkit.DataStructs.cDataStructs.ExplicitBitVect object at 0x130cf0b30>,21
CCCc1cc(Oc2ccc(OC)cc2)ccc1OCCCOc1cccc(C2SC(=O)NC2=O)c1,7.16,EC50,True,507.6080000000003,7,1,6.312000000000006,<rdkit.DataStructs.cDataStructs.ExplicitBitVect object at 0x130cf0ba0>,36
CN(CCOc1ccc(CC2SC(=O)NC2=O)cc1)c1ccccn1,6.57,EC50,True,357.435,6,1,2.490900000000001,<rdkit.DataStructs.cDataStructs.ExplicitBitVect object at 0x130cf0c10>,25
Cc1oc(C2CCCCC2)nc1CCOc1ccc(C[C@](C)(Oc2ccccc2)C(=O)O)cc1,9.0,EC50,True,463.5740000000002,5,1,6.117020000000006,<rdkit.DataStructs.cDataStructs.ExplicitBitVect object at 0x130cf0c80>,34
CCCc1c(OCCCCOc2cccc(CC(=O)O)c2)ccc2c(-c3ccccc3)noc12,8.22,EC50,True,459.54200000000014,5,1,6.3124000000000065,<rdkit.DataStructs.cDataStructs.ExplicitBitVect object at 0x130cf0cf0>,34
CCCc1c(OCCCCOc2ccc(C(C)(C)CC(=O)O)cc2)ccc2c(-c3ccccc3)noc12,7.43,EC50,True,501.6230000000002,5,1,7.437600000000008,<rdkit.DataStructs.cDataStructs.ExplicitBitVect object at 0x130cf0d60>,37
O=C(O)Cc1cccc2c(NCc3cccc(-c4ccnc5c(C(F)(F)F)cccc45)c3)cccc12,7.16,EC50,True,486.4930000000001,3,2,7.313000000000004,<rdkit.DataStructs.cDataStructs.ExplicitBitVect object at 0x130cf0dd0>,36
Cc1cc(CN2Cc3ccccc3C[C@@H]2C(=O)Nc2ccc(Cl)cc2Cl)ccc1OCC(=O)O,6.1,EC50,True,499.3940000000003,4,2,5.3308200000000046,<rdkit.DataStructs.cDataStructs.ExplicitBitVect object at 0x130cf0e40>,34
CN(CCOc1ccc(CC(Nc2ccsc2C(=O)c2ccccc2)C(=O)O)cc1)c1nc2ccccc2o1,7.92,EC50,True,541.6290000000002,8,2,5.743300000000006,<rdkit.DataStructs.cDataStructs.ExplicitBitVect object at 0x130cf0eb0>,39
CCCc1cc(C(=O)c2ccc(F)cc2)ccc1OCCCn1ccc2cc(OC(C)(C)C(=O)O)ccc21,6.05,EC50,True,517.5970000000003,5,1,6.675000000000007,<rdkit.DataStructs.cDataStructs.ExplicitBitVect object at 0x130cf0f20>,38
CCCc1c(OCCCN2CCCc3c(OC(C)(C)C(=O)O)cccc32)ccc2cc(C(=O)c3ccccc3)ccc12,7.0,EC50,True,565.7100000000002,5,1,7.487000000000008,<rdkit.DataStructs.cDataStructs.ExplicitBitVect object at 0x130cf0f90>,42
COc1ccc(C(=O)c2c(C)n(Cc3cc(O[C@@H](C)C(=O)O)ccc3Cl)c3nc(OC)ccc23)cc1,8.7,EC50,True,508.95800000000014,7,1,5.146520000000004,<rdkit.DataStructs.cDataStructs.ExplicitBitVect object at 0x130cf1000>,36
COc1ccc(C(=O)c2c(C)n(Cc3cccc(O[C@@H](C)C(=O)O)c3)c3nc(C)ccc23)cc1,8.05,EC50,True,458.5140000000002,6,1,4.792940000000004,<rdkit.DataStructs.cDataStructs.ExplicitBitVect object at 0x130cf1070>,34
CCCCCCCN(CCc1ccc(OC(C)(C)C(=O)O)cc1)C(=O)Nc1ccc(F)cc1,6.55,EC50,True,458.5740000000001,3,2,6.114700000000006,<rdkit.DataStructs.cDataStructs.ExplicitBitVect object at 0x130cf10e0>,33
CC(C)(Oc1cccc(CN(CCOc2ccccc2)c2nc3ccccc3o2)c1)C(=O)O,5.68,EC50,True,446.50300000000016,6,1,5.1554000000000055,<rdkit.DataStructs.cDataStructs.ExplicitBitVect object at 0x130cf1150>,33
CN(CCOc1ccc(CC2SC(=O)NC2=O)cc1)c1ccccn1,6.52,EC50,True,357.435,6,1,2.490900000000001,<rdkit.DataStructs.cDataStructs.ExplicitBitVect object at 0x130cf11c0>,25
O=C(O)CCc1ccc2[nH]c(-c3ccccc3)c(CCc3ccccc3)c2c1,5.52,EC50,True,369.4640000000001,1,2,5.637300000000004,<rdkit.DataStructs.cDataStructs.ExplicitBitVect object at 0x130cf1230>,28
Cc1oc(-c2ccncc2)nc1CCOc1ccc(C[C@H](Nc2ccccc2C(=O)c2ccccc2)C(=O)O)cc1,8.74,EC50,True,547.6110000000002,7,2,6.0053200000000055,<rdkit.DataStructs.cDataStructs.ExplicitBitVect object at 0x130cf12a0>,41
O=C(O)C(Cc1ccccc1)Oc1ccc(SCc2ccccc2)cc1,5.85,EC50,True,364.4660000000001,3,1,5.053600000000004,<rdkit.DataStructs.cDataStructs.ExplicitBitVect object at 0x130cf1310>,26
COC(=O)C(Cc1ccc(OCCOc2ccc3c(c2)C(C)(C)CCC3(C)C)cc1)C(N)=O,6.08,EC50,True,453.5790000000003,5,1,4.310400000000003,<rdkit.DataStructs.cDataStructs.ExplicitBitVect object at 0x130cf1380>,33
CCOC(Cc1ccc(OCCN2CC=C(c3ccc(Cl)cc3)CC2)cc1)C(=O)O,5.69,EC50,True,429.9440000000002,4,1,4.540300000000004,<rdkit.DataStructs.cDataStructs.ExplicitBitVect object at 0x130cf13f0>,30
CCOC(Cc1ccc(OCCN2CC=C(c3cccc(Cl)c3)CC2)cc1)C(=O)O,5.78,EC50,True,429.9440000000002,4,1,4.540300000000004,<rdkit.DataStructs.cDataStructs.ExplicitBitVect object at 0x130cf1460>,30
CCOC(Cc1ccc(OCCN2CC=C(c3ccc(OC)cc3)CC2)cc1)C(=O)O,6.4,EC50,True,425.5250000000002,5,1,3.895500000000003,<rdkit.DataStructs.cDataStructs.ExplicitBitVect object at 0x130cf14d0>,31
CCOC(Cc1ccc(OCCN2CC=C(c3cc(Cl)ccc3Cl)CC2)cc1)C(=O)O,5.84,EC50,True,464.38900000000024,4,1,5.193700000000006,<rdkit.DataStructs.cDataStructs.ExplicitBitVect object at 0x130cf1540>,31
CCOC(Cc1ccc(OCCN2CC=C(c3ccc(Cl)c(Cl)c3)CC2)cc1)C(=O)O,6.17,EC50,True,464.38900000000024,4,1,5.193700000000006,<rdkit.DataStructs.cDataStructs.ExplicitBitVect object at 0x130cf15b0>,31
COc1ccc(C(=O)c2c(C)n(Cc3ccc(F)c(O[C@@H](C)C(=O)O)c3)c3ncccc23)cc1,8.52,EC50,True,462.47700000000015,6,1,4.623620000000003,<rdkit.DataStructs.cDataStructs.ExplicitBitVect object at 0x130cf1620>,34
COc1ccc(OC(=O)N(CCCCCc2coc(-c3ccc(C)cc3)n2)CC(=O)O)cc1,6.25,EC50,True,452.5070000000001,6,1,4.957020000000004,<rdkit.DataStructs.cDataStructs.ExplicitBitVect object at 0x130cf1690>,33
Cc1oc(-c2ccccc2)nc1COc1ccc(CO/N=C(\CCC(=O)O)c2ccccc2)cc1,8.4,EC50,True,470.5250000000002,6,1,6.014720000000005,<rdkit.DataStructs.cDataStructs.ExplicitBitVect object at 0x130cf1700>,35
CN(CCOc1ccc(CC2SC(=O)NC2=O)cc1)c1ccccn1,6.94,EC50,True,357.435,6,1,2.490900000000001,<rdkit.DataStructs.cDataStructs.ExplicitBitVect object at 0x130cf1770>,25
CCO[C@@H](Cc1ccc(CCC(OC(=O)NCc2ccccc2)c2ccccc2)cc1)C(=O)O,5.85,EC50,True,461.5580000000001,4,2,5.319100000000004,<rdkit.DataStructs.cDataStructs.ExplicitBitVect object at 0x130cf17e0>,34
CCO[C@@H](Cc1ccc(CCC(OC(=S)NCc2ccc(C(C)(C)C)cc2)c2ccccc2)cc1)C(=O)O,6.8,EC50,True,533.7340000000003,4,2,6.781500000000007,<rdkit.DataStructs.cDataStructs.ExplicitBitVect object at 0x130cf1850>,38
CCO[C@H](Cc1ccc(CCC(OC(=S)NCCc2ccccc2)c2ccccc2)cc1)C(=O)O,5.98,EC50,True,491.6530000000002,4,2,5.526500000000005,<rdkit.DataStructs.cDataStructs.ExplicitBitVect object at 0x130cf18c0>,35
CCO[C@H](Cc1ccc(CCC(OC(=S)NCc2ccccc2)c2ccccc2)cc1)C(=O)O,6.46,EC50,True,477.62600000000015,4,2,5.484000000000004,<rdkit.DataStructs.cDataStructs.ExplicitBitVect object at 0x130cf1930>,34
CC(C)(Sc1ccc(CCN(CCCCC2CCCCC2)C(=O)Nc2cccc(C#N)c2)cc1)C(=O)O,6.0,EC50,True,521.7270000000003,4,2,7.340780000000008,<rdkit.DataStructs.cDataStructs.ExplicitBitVect object at 0x130cf19a0>,37
COc1ccc(C)cc1NC(=O)N(CCc1ccc(SC(C)(C)C(=O)O)cc1)CCc1ccc(-c2ccccc2)cc1,5.0,EC50,False,582.7660000000003,4,2,7.945220000000008,<rdkit.DataStructs.cDataStructs.ExplicitBitVect object at 0x130cf1a10>,42
CC(C)NC(=O)C1=C(c2ccccc2)c2ccc(OCCN3CCOCC3)cc2/C1=[N+](/C)[O-],6.7,EC50,True,449.5510000000004,5,1,2.666900000000001,<rdkit.DataStructs.cDataStructs.ExplicitBitVect object at 0x130cf1a80>,33
CCOC(=O)C1=C(C(CC)CC)c2ccc(OCCCc3ccccc3)cc2/C1=[N+](/C)[O-],7.1,EC50,True,435.5640000000002,4,0,5.393900000000006,<rdkit.DataStructs.cDataStructs.ExplicitBitVect object at 0x130cf1af0>,32
Cc1cc(SCc2nc(-c3ccc(C(F)(F)F)c(F)c3)ns2)ccc1OC(C)(C)C(=O)O,6.19,EC50,True,486.51200000000017,6,1,6.205720000000005,<rdkit.DataStructs.cDataStructs.ExplicitBitVect object at 0x130cf1b60>,32
Cc1cc(SCc2nc(-c3ccc(C(F)(F)F)cc3)ns2)ccc1OC(C)(C)C(=O)O,6.39,EC50,True,468.52200000000016,6,1,6.066620000000004,<rdkit.DataStructs.cDataStructs.ExplicitBitVect object at 0x130cf1bd0>,31
O=C(O)Cc1ccccc1OCCC1Oc2ccccc2N(CCCCCCF)C1=O,6.93,EC50,True,429.4880000000003,4,1,4.406700000000004,<rdkit.DataStructs.cDataStructs.ExplicitBitVect object at 0x130cf1c40>,31
Cc1cc(CNC(=O)c2cc(-c3ccc(C(C)(C)C)cc3)nn2C)ccc1OC(C)(C)C(=O)O,7.52,EC50,True,463.5780000000002,5,2,4.865020000000004,<rdkit.DataStructs.cDataStructs.ExplicitBitVect object at 0x130cf1cb0>,34
CCn1nc(-c2ccc(C(C)(C)C)cc2)cc1C(=O)NCc1ccc(OC(C)(C)C(=O)O)c(C)c1,7.52,EC50,True,477.60500000000025,5,2,5.347920000000005,<rdkit.DataStructs.cDataStructs.ExplicitBitVect object at 0x130cf1d20>,35
Cc1cc(CNC(=O)c2cc(-c3ccc(OCc4ccccc4)cc3)n(C)n2)ccc1OC(C)(C)C(=O)O,7.1,EC50,True,513.5940000000003,6,2,5.146520000000003,<rdkit.DataStructs.cDataStructs.ExplicitBitVect object at 0x130cf1d90>,38
Cc1cc(CNC(=O)c2cc(-c3ccc(-c4ccccc4C)cc3)n(C)n2)ccc1OC(C)(C)C(=O)O,7.52,EC50,True,497.5950000000003,5,2,5.542940000000005,<rdkit.DataStructs.cDataStructs.ExplicitBitVect object at 0x130cf1e00>,37
COc1cc(CNC(=O)c2cc(-c3ccc(CC(C)C)cc3)n(C)n2)ccc1OC(C)(C)C(=O)O,6.89,EC50,True,479.5770000000002,6,2,4.466200000000003,<rdkit.DataStructs.cDataStructs.ExplicitBitVect object at 0x130cf1e70>,35
Cc1cc(CNC(=O)c2cc(-c3ccc(N4CCCC4)cc3)n(C)n2)ccc1OC(C)(C)C(=O)O,7.7,EC50,True,476.5770000000002,6,2,4.167720000000003,<rdkit.DataStructs.cDataStructs.ExplicitBitVect object at 0x130cf1ee0>,35
CCCc1ccccc1CC(Oc1ccc(Cl)cc1)C(=O)O,5.43,EC50,False,318.8,2,1,4.367200000000004,<rdkit.DataStructs.cDataStructs.ExplicitBitVect object at 0x130cf1f50>,22
Cc1cc(Oc2cccc(CNC(=O)c3cc4c(Cl)cccc4[nH]3)c2)ccc1CCC(=O)O,5.96,EC50,True,462.93300000000016,3,3,5.869220000000005,<rdkit.DataStructs.cDataStructs.ExplicitBitVect object at 0x130cf1fc0>,33
Cc1cc(Oc2cccc(CNC(=O)c3ccc(OC(F)(F)F)cc3C)c2)ccc1OC(C)(C)C(=O)O,8.0,EC50,True,517.5000000000002,5,2,6.166340000000004,<rdkit.DataStructs.cDataStructs.ExplicitBitVect object at 0x130cf2030>,37
CCc1cc(Oc2cc(F)cc([C@@H](C)NC(=O)c3sc4ccc(Cl)cc4c3C)c2)ccc1CCC(=O)O,6.79,EC50,True,540.0560000000003,4,2,7.865120000000007,<rdkit.DataStructs.cDataStructs.ExplicitBitVect object at 0x130cf20a0>,37
Cc1cc(Oc2cccc(CNC(=O)c3ccc(C(F)(F)F)cc3Br)c2)ccc1OC(C)(C)C(=O)O,7.37,EC50,True,566.3700000000001,4,2,6.740620000000004,<rdkit.DataStructs.cDataStructs.ExplicitBitVect object at 0x130cf2110>,36
Cc1c(C)n(Cc2ccc(-c3ccccc3C(=O)O)cc2)c2ccc(C(=O)NCc3cccc([N+](=O)[O-])c3)cc12,6.08,EC50,True,533.5840000000003,5,2,6.509840000000006,<rdkit.DataStructs.cDataStructs.ExplicitBitVect object at 0x130cf2180>,40
Cc1ccc([C@H](C)NC(=O)c2ccc3c(c2)c(C)c(C)n3Cc2ccc(-c3ccccc3C(=O)O)cc2)cc1,6.46,EC50,True,516.6410000000003,3,2,7.471060000000008,<rdkit.DataStructs.cDataStructs.ExplicitBitVect object at 0x130cf21f0>,39
CCCC[C@H](NC(=O)c1ccc2c(c1)c(C)c(C)n2Cc1ccc(-c2ccccc2C(=O)O)cc1)c1cccc(C(C)C)c1,6.94,EC50,True,586.7760000000002,3,2,9.456339999999999,<rdkit.DataStructs.cDataStructs.ExplicitBitVect object at 0x130cf2260>,44
CCCCCCC#CC1=CC(=O)[C@H](CCCCCCC)[C@H]1OCCCCCC(=O)O,5.1,EC50,False,418.6180000000003,3,1,6.476200000000007,<rdkit.DataStructs.cDataStructs.ExplicitBitVect object at 0x130cf22d0>,30
CCO[C@@H](Cc1cccc(C2=NOC(c3ccc(OS(C)(=O)=O)cc3)C2)c1)C(=O)O,4.55,EC50,False,433.4820000000002,7,1,2.922900000000001,<rdkit.DataStructs.cDataStructs.ExplicitBitVect object at 0x130cf2340>,30
CCO[C@@H](Cc1cccc(/C(C)=N/OCc2ccc(OC)cc2)c1)C(=O)O,6.76,EC50,True,371.4330000000001,5,1,3.6682000000000023,<rdkit.DataStructs.cDataStructs.ExplicitBitVect object at 0x130cf23b0>,27
CCO[C@H](Cc1cccc(C2=NOC(c3ccccc3)C2)c1)C(=O)O,4.59,EC50,False,339.3910000000001,4,1,3.584500000000002,<rdkit.DataStructs.cDataStructs.ExplicitBitVect object at 0x130cf2420>,25
Cc1c(Oc2ccc(Cl)cc2)c2cccnc2n1Cc1cc(O[C@@H](C)C(=O)O)ccc1F,6.81,EC50,True,454.8850000000002,5,1,5.829720000000005,<rdkit.DataStructs.cDataStructs.ExplicitBitVect object at 0x130cf2490>,32
COc1c(Cl)c(C)cc2cc(O)c3c(c12)C(=O)c1cc2c(c(O)c1C3=O)C(C)OC2=O,6.58,EC50,True,438.81900000000024,7,2,4.228220000000001,<rdkit.DataStructs.cDataStructs.ExplicitBitVect object at 0x130cf2500>,31
Cc1c(C)n(Cc2ccc(-c3ccccc3C(=O)O)cc2)c2ccc(C(=O)N[C@H](C)c3ccc([N+](=O)[O-])cc3)cc12,6.3,EC50,True,547.6110000000002,5,2,7.070840000000007,<rdkit.DataStructs.cDataStructs.ExplicitBitVect object at 0x130cf2570>,41
CC(C)(C)c1ccc(C(=O)Nc2ccccc2C(=O)Nc2cccc(CC(=O)O)c2)cc1,5.21,EC50,False,430.50400000000013,3,3,5.115800000000003,<rdkit.DataStructs.cDataStructs.ExplicitBitVect object at 0x130cf25e0>,32
CN(CCOc1ccc(CC2SC(=O)NC2=O)cc1)c1ccccn1,7.0,EC50,True,357.435,6,1,2.490900000000001,<rdkit.DataStructs.cDataStructs.ExplicitBitVect object at 0x130cf2650>,25
Cc1cc(CNC(=O)c2cc(-c3ccc(C(C)C)cc3)n(C)n2)ccc1OC(C)(C)C(=O)O,8.1,EC50,True,449.5510000000002,5,2,4.690920000000003,<rdkit.DataStructs.cDataStructs.ExplicitBitVect object at 0x130cf26c0>,33
CC(C)OC(Cc1ccc(OCCc2noc(-c3ccc(F)cc3)n2)cc1)C(=O)O,7.4,EC50,True,414.43300000000005,6,1,3.917900000000002,<rdkit.DataStructs.cDataStructs.ExplicitBitVect object at 0x130cf2730>,30
CC(C)OC(Cc1ccc(OCCc2noc(-c3cc(C(F)(F)F)cc(C(F)(F)F)c3)n2)cc1)C(=O)O,8.4,EC50,True,532.4370000000001,6,1,5.816400000000004,<rdkit.DataStructs.cDataStructs.ExplicitBitVect object at 0x130cf27a0>,37
CC(=O)c1ccccc1N[C@@H](Cc1ccc(OCCc2nc(-c3ccccc3)oc2C)cc1)C(=O)O,8.3,EC50,True,484.55200000000013,6,2,5.5819200000000055,<rdkit.DataStructs.cDataStructs.ExplicitBitVect object at 0x130cf2810>,36
Cc1ccc(NC(=O)N(CCCCC2CCCCC2)CCc2ccc(SC(C)(C)C(=O)O)cc2)cc1[N+](=O)[O-],5.7,EC50,True,555.7410000000003,5,2,7.685720000000009,<rdkit.DataStructs.cDataStructs.ExplicitBitVect object at 0x130cf2880>,39
COC(=O)C(Cc1ccc(OCCOc2ccc3c(c2)C(C)(C)CCC3(C)C)cc1)C(=O)O,7.05,EC50,True,454.5630000000003,5,1,4.909700000000004,<rdkit.DataStructs.cDataStructs.ExplicitBitVect object at 0x130cf28f0>,33
CCc1ccc(CCOc2ccc(C[C@H](Nc3ccccc3C(=O)c3ccccc3)C(=O)O)cc2)nc1,6.3,EC50,True,494.5910000000002,5,2,5.604300000000005,<rdkit.DataStructs.cDataStructs.ExplicitBitVect object at 0x130cf2960>,37
CCc1ccc(CCOc2ccc(CC3SC(=O)NC3=O)cc2)cc1,6.24,EC50,True,355.45900000000006,4,1,3.7646000000000024,<rdkit.DataStructs.cDataStructs.ExplicitBitVect object at 0x130cf29d0>,25
Cc1cccc(-c2nc3cc(NC(=O)c4cc([N+](=O)[O-])ccc4Cl)ccc3o2)c1,8.74,EC50,True,407.81300000000016,5,1,5.617120000000003,<rdkit.DataStructs.cDataStructs.ExplicitBitVect object at 0x130cf2a40>,29
O=C(c1ccccc1)c1ccccc1N[C@@H](Cc1ccc(OCc2ccccc2)cc1)C(=O)O,5.82,EC50,True,451.5220000000002,4,2,5.6044000000000045,<rdkit.DataStructs.cDataStructs.ExplicitBitVect object at 0x130cf2ab0>,34
Cc1oc(-c2ccccc2)nc1CCOc1ccc(C[C@H](Nc2ccccc2C(=O)c2ccccc2)C(=O)O)cc1,8.83,EC50,True,546.6230000000003,6,2,6.610320000000006,<rdkit.DataStructs.cDataStructs.ExplicitBitVect object at 0x130cf2b20>,41
Cc1cncc(-c2nc3cc(NC(=O)c4cc([N+](=O)[O-])ccc4Cl)ccc3o2)c1,9.19,EC50,True,408.8010000000001,6,1,5.012120000000003,<rdkit.DataStructs.cDataStructs.ExplicitBitVect object at 0x130cf2b90>,29
COc1cc(C(=O)NS(=O)(=O)c2ccccc2C)ccc1Cc1cn(C)c2ccc(NC(=O)OC3CCCC3)cc12,5.61,EC50,True,575.6870000000001,7,2,5.695920000000005,<rdkit.DataStructs.cDataStructs.ExplicitBitVect object at 0x130cf2c00>,41
Cc1cccc2c(-c3cccc(NCc4ccc(CC(=O)O)cc4)c3)c(Cc3ccccc3)cnc12,5.99,EC50,True,472.5880000000002,3,2,7.040220000000007,<rdkit.DataStructs.cDataStructs.ExplicitBitVect object at 0x130cf2c70>,36
Cc1oc(-c2ccccc2)nc1CCOc1ccc(CC(Nc2ccccc2C(=O)c2cccc(C(=O)O)c2)C(=O)O)cc1,5.8,EC50,True,590.6320000000003,7,3,6.308520000000006,<rdkit.DataStructs.cDataStructs.ExplicitBitVect object at 0x130cf2ce0>,44
Cc1oc(-c2ccccc2)nc1CCOc1ccc(CC(Nc2ccccc2C(=O)OC(C)C)C(=O)O)cc1,9.24,EC50,True,528.6050000000002,7,2,5.944520000000004,<rdkit.DataStructs.cDataStructs.ExplicitBitVect object at 0x130cf2d50>,39
Cc1oc(-c2ccccc2)nc1CCOc1ccc(CC(Nc2ccccc2C(=O)OC(C)C)C(=O)O)cc1,8.49,EC50,True,528.6050000000002,7,2,5.944520000000004,<rdkit.DataStructs.cDataStructs.ExplicitBitVect object at 0x130cf2dc0>,39
O=S(=O)(Nc1cc(F)c(Oc2cncc(Cl)c2)c(Cl)c1)c1ccc(Cl)cc1Cl,7.7,EC50,True,482.14700000000016,4,1,6.427400000000002,<rdkit.DataStructs.cDataStructs.ExplicitBitVect object at 0x130cf2e30>,28
C[C@H]1CN(c2nc3ccc(C(F)(F)F)cc3s2)CCN1CCOc1cc(CC(=O)O)ccc1Cl,6.05,EC50,True,513.9690000000003,6,1,5.185100000000004,<rdkit.DataStructs.cDataStructs.ExplicitBitVect object at 0x130cf2ea0>,34
CCC(Cc1ccc(OC)c(C(=O)NCc2ccc(CCc3ccccc3)cc2)c1)C(=O)O,5.27,EC50,False,445.5590000000002,3,2,5.063700000000003,<rdkit.DataStructs.cDataStructs.ExplicitBitVect object at 0x130cf2f10>,33
CCO[C@@H](Cc1ccc(OCC=C(c2ccc(-c3ccccc3)cc2)c2ccc(-c3ccccc3)cc2)cc1)C(=O)O,6.52,EC50,True,554.6860000000003,3,1,8.563500000000007,<rdkit.DataStructs.cDataStructs.ExplicitBitVect object at 0x130cf2f80>,42
O=C(NCc1ccccc1)c1ccc(Cl)c(C(=O)Nc2ccccc2)c1,5.63,EC50,True,364.83200000000005,2,2,4.522300000000003,<rdkit.DataStructs.cDataStructs.ExplicitBitVect object at 0x130cf2ff0>,26
Cc1cc(OCCO)ccc1NC(=O)c1cc(C(=O)NCc2ccc(F)c(F)c2)c(F)cc1Cl,7.07,EC50,True,492.8810000000002,4,3,4.619120000000003,<rdkit.DataStructs.cDataStructs.ExplicitBitVect object at 0x130cf3060>,34
Cc1cc(C2COC2)cnc1NC(=O)c1cc(C(=O)NCc2ccc(F)c(F)c2)c(F)cc1Cl,7.1,EC50,True,489.8810000000001,4,2,4.756820000000004,<rdkit.DataStructs.cDataStructs.ExplicitBitVect object at 0x130cf30d0>,34
CCCOc1c(/C(C)=C\C=C\C(C)=C\C(=O)O)cc(C(C)C)cc1C(F)(F)C(F)(F)F,7.82,EC50,True,446.4560000000001,2,1,7.243300000000005,<rdkit.DataStructs.cDataStructs.ExplicitBitVect object at 0x130cf3140>,31
CC(C)OC(Cc1ccc(OCc2noc(-c3ccc(Br)cc3)n2)cc1)C(=O)O,7.5,EC50,True,461.31200000000007,6,1,4.498800000000005,<rdkit.DataStructs.cDataStructs.ExplicitBitVect object at 0x130cf31b0>,29
CCC(Cc1ccc(OC)c(C(=O)CCc2ccc(C(F)(F)F)cc2)c1)C(=O)O,5.13,EC50,False,408.416,3,1,5.182800000000005,<rdkit.DataStructs.cDataStructs.ExplicitBitVect object at 0x130cf3220>,29
CC(C)c1oc(-c2ccc(Cl)cc2Cl)nc1CCc1noc2cc(OC(C)(C)C(=O)O)ccc12,4.58,EC50,False,503.38200000000035,6,1,6.940200000000005,<rdkit.DataStructs.cDataStructs.ExplicitBitVect object at 0x130cf3290>,34
CC(C)c1nc(-c2ccc(C(F)(F)F)cc2)sc1CCc1noc2cc(OC(C)(C)C(=O)O)ccc12,5.29,EC50,False,518.5570000000004,6,1,7.120700000000006,<rdkit.DataStructs.cDataStructs.ExplicitBitVect object at 0x130cf3300>,36
CCOC(=O)C(CC)Cc1ccc(C(=O)NCc2ccc(C(F)(F)F)cc2)cc1,5.38,EC50,False,407.432,3,1,4.767200000000004,<rdkit.DataStructs.cDataStructs.ExplicitBitVect object at 0x130cf3370>,29
Cn1c(-c2ccccc2)c(CCc2ccccc2)c2cc(CC(=O)O)ccc21,5.25,EC50,False,369.4640000000001,2,1,5.257600000000004,<rdkit.DataStructs.cDataStructs.ExplicitBitVect object at 0x130cf33e0>,28
CCCc1cc(Oc2ccc(Cl)c(C)c2)ccc1OCCCOc1cccc(C2SC(=O)NC2=O)c1,7.57,EC50,True,526.0540000000003,6,1,7.265220000000006,<rdkit.DataStructs.cDataStructs.ExplicitBitVect object at 0x130cf3450>,36
CCO[C@@H](Cc1ccc(OC/C=C(/c2ccccc2)c2ccc(-c3ccccc3)cc2)cc1)C(=O)O,5.77,EC50,True,478.5880000000002,3,1,6.896500000000007,<rdkit.DataStructs.cDataStructs.ExplicitBitVect object at 0x130cf34c0>,36
CCO[C@@H](Cc1ccc(OC/C=C(\c2ccccc2)c2ccc(Br)cc2)cc1)C(=O)O,5.82,EC50,True,481.38600000000014,3,1,5.992000000000005,<rdkit.DataStructs.cDataStructs.ExplicitBitVect object at 0x130cf3530>,31
O=C(O)[C@H](Cc1ccc(OCc2ccccc2)cc1)/N=C1\CCCC\C1=C(\O)c1ccccc1,4.99,EC50,False,455.5540000000003,4,2,6.245600000000006,<rdkit.DataStructs.cDataStructs.ExplicitBitVect object at 0x130cf35a0>,34
CCC(Cc1ccc(OC)c(C(=O)NCc2ccc(C(F)(F)F)cc2)c1)C(=O)O,6.4,EC50,True,409.40400000000005,3,2,4.297300000000003,<rdkit.DataStructs.cDataStructs.ExplicitBitVect object at 0x130cf3610>,29
CCCCCCCN(CCc1ccc(OC(C)(C)C(=O)O)cc1)C(=O)Nc1ccc(F)cc1F,6.7,EC50,True,476.56400000000014,3,2,6.253800000000006,<rdkit.DataStructs.cDataStructs.ExplicitBitVect object at 0x130cf3680>,34
CC1(COc2ccc(C[C@H](Nc3ccccc3C(=O)c3ccccc3)C(=O)O)cc2)CCCCC1,5.94,EC50,True,471.5970000000003,4,2,6.374600000000005,<rdkit.DataStructs.cDataStructs.ExplicitBitVect object at 0x130cf36f0>,35
CC[C@@H](NC(=O)c1ccc2c(c1)ncn2Cc1ccccc1S(C)(=O)=O)c1ccccc1,6.4,EC50,True,447.5600000000001,5,1,4.369200000000004,<rdkit.DataStructs.cDataStructs.ExplicitBitVect object at 0x130cf3760>,32
CC[C@@H](NC(=O)c1ccc2c(c1)nc(C)n2Cc1ccc(F)cc1)c1ccccc1,6.8,EC50,True,401.485,3,1,5.413220000000004,<rdkit.DataStructs.cDataStructs.ExplicitBitVect object at 0x130cf37d0>,30
CC[C@@H](NC(=O)c1ccc2c(c1)ncn2Cc1ncccc1Cl)c1ccccc1,7.8,EC50,True,404.901,4,1,5.014100000000004,<rdkit.DataStructs.cDataStructs.ExplicitBitVect object at 0x130cf3840>,29
CCCCCS(=O)(=O)NC(=O)/C=C/c1cc(C2CC2)nn1Cc1ccc(C(F)(F)F)cc1Cl,7.92,EC50,True,503.9740000000003,5,1,5.130400000000005,<rdkit.DataStructs.cDataStructs.ExplicitBitVect object at 0x130cf38b0>,33
COCCOc1cc(/C=C/C(=O)NS(=O)(=O)CCC(C)C)n(Cc2ccc(C(F)(F)F)cc2Cl)n1,8.05,EC50,True,537.9880000000002,7,1,4.134100000000003,<rdkit.DataStructs.cDataStructs.ExplicitBitVect object at 0x130cf3920>,35
CCCCCS(=O)(=O)NC(=O)CCCCc1cc(OCCCC)nn1Cc1ccc(Cl)cc1Cl,7.54,EC50,True,532.5340000000003,6,1,5.766100000000006,<rdkit.DataStructs.cDataStructs.ExplicitBitVect object at 0x130cf3990>,34
C/C(=C/C=C/C(C)=C/C(=O)O)c1cc(C(C)C)cc(-c2ccccc2)c1OCC(F)F,7.79,EC50,True,426.50300000000016,2,1,7.111300000000006,<rdkit.DataStructs.cDataStructs.ExplicitBitVect object at 0x130cf3a00>,31
COc1ccc2c(-n3c(=O)n(Cc4cccc([C@@]5(C)OC(=O)NC5=O)c4)c4ccccc43)noc2c1,8.0,EC50,True,484.4680000000002,9,1,3.4719000000000015,<rdkit.DataStructs.cDataStructs.ExplicitBitVect object at 0x130cf3a70>,36
CN(CCOc1ccc(CC2SC(=O)NC2=O)cc1)c1ccccn1,6.92,EC50,True,357.435,6,1,2.490900000000001,<rdkit.DataStructs.cDataStructs.ExplicitBitVect object at 0x130cf3ae0>,25
C/C=C/C=C/C(=O)N1Cc2cc(OCCc3nc(/C=C/CC(C)C)oc3C)ccc2C[C@H]1C(=O)O.CC(C)(C)N,6.8,EC50,True,551.7280000000002,6,2,5.877620000000005,<rdkit.DataStructs.cDataStructs.ExplicitBitVect object at 0x130cf3b50>,40
CCCc1c(OCCCCOc2cccc(C(=O)O)c2)ccc2c(-c3ccccc3)noc12,6.71,EC50,True,445.51500000000016,5,1,6.383500000000006,<rdkit.DataStructs.cDataStructs.ExplicitBitVect object at 0x130cf3bc0>,33
CCCc1cc(C(=O)c2ccc(-c3ccccc3)cc2)ccc1OCCCN1CCCc2c(OC(C)(C)C(=O)O)cccc21,7.3,EC50,True,591.7480000000005,5,1,8.000800000000009,<rdkit.DataStructs.cDataStructs.ExplicitBitVect object at 0x130cf3c30>,44
Cc1oc(-c2ccccc2)nc1CCOc1ccc(Cc2cn(-c3ccccc3)cc2C(=O)O)cc1,5.38,EC50,False,478.5480000000002,5,1,6.351220000000006,<rdkit.DataStructs.cDataStructs.ExplicitBitVect object at 0x130cf3ca0>,36
Cc1oc(-c2ccccc2)nc1CCOc1cccc(Cc2nn(-c3ccccc3)cc2C(=O)O)c1,7.64,EC50,True,479.5360000000002,6,1,5.7462200000000045,<rdkit.DataStructs.cDataStructs.ExplicitBitVect object at 0x130cf3d10>,36
CCC(C)(C)c1cc(/C(C)=C(F)\C=C\C(C)=C\C(=O)O)c(OCC(F)F)c(C(C)(C)CC)c1,7.29,EC50,True,466.58400000000023,2,1,7.993300000000007,<rdkit.DataStructs.cDataStructs.ExplicitBitVect object at 0x130cf3d80>,33
COc1ccc(C(=O)n2c(C)c(Cc3cccc(O[C@H](C)C(=O)O)c3)c3cc(OC(F)(F)F)ccc32)cc1,8.7,EC50,True,527.4950000000002,6,1,5.988120000000005,<rdkit.DataStructs.cDataStructs.ExplicitBitVect object at 0x130cf3df0>,38
COc1ccc(CCCC(=O)O)cc1C(=O)NCc1ccc(C(F)(F)F)cc1,5.52,EC50,True,395.37700000000007,3,2,4.051300000000002,<rdkit.DataStructs.cDataStructs.ExplicitBitVect object at 0x130cf3e60>,28
CCCc1ccc(CC(Oc2ccc(Cl)cc2)C(=O)O)cc1,5.86,EC50,True,318.8,2,1,4.367200000000003,<rdkit.DataStructs.cDataStructs.ExplicitBitVect object at 0x130cf3ed0>,22
COc1ccc(C(=O)n2c(C)c(Cc3cccc(O[C@@H](C)C(=O)O)c3)c3cc(OC(F)(F)F)ccc32)cc1,9.0,EC50,True,527.4950000000002,6,1,5.988120000000005,<rdkit.DataStructs.cDataStructs.ExplicitBitVect object at 0x130cf3f40>,38
CCCc1cc(Oc2ccccc2)ccc1OCCCOc1ccc(C2SC(=O)NC2=O)cc1Cl,6.16,EC50,True,512.0270000000002,6,1,6.956800000000006,<rdkit.DataStructs.cDataStructs.ExplicitBitVect object at 0x124b08040>,35
CCCc1cc(Oc2ccc(NS(=O)(=O)c3ccc(C)cc3)cc2)ccc1OCCCOc1ccc(C2SC(=O)NC2=O)cc1,6.3,EC50,True,646.7870000000004,8,2,7.412620000000007,<rdkit.DataStructs.cDataStructs.ExplicitBitVect object at 0x124b080b0>,45
COc1ccc(C(=O)c2c(C)n(Cc3cc(O[C@@H](C)C(=O)O)ccc3F)c3ncccc23)cc1,8.52,EC50,True,462.4770000000001,6,1,4.623620000000003,<rdkit.DataStructs.cDataStructs.ExplicitBitVect object at 0x124b08120>,34
CC(C)(CCc1cc2cc(Cl)ccc2n1S(=O)(=O)c1ccccc1)C(=O)O,6.04,EC50,True,405.90300000000013,4,1,4.575100000000004,<rdkit.DataStructs.cDataStructs.ExplicitBitVect object at 0x124b08190>,27
CCO[C@@H](Cc1cccc(C2=NOC(c3ccc(I)cc3)C2)c1)C(=O)O,6.22,EC50,True,465.2870000000001,4,1,4.1891000000000025,<rdkit.DataStructs.cDataStructs.ExplicitBitVect object at 0x124b08200>,26
CCO[C@@H](Cc1cccc(/C(C)=N/OCc2ccc(O)cc2)c1)C(=O)O,5.53,EC50,True,357.40600000000006,5,2,3.3652000000000015,<rdkit.DataStructs.cDataStructs.ExplicitBitVect object at 0x124b08270>,26
CC(/C=C(\O)c1ccccc1)=N\[C@@H](Cc1ccc(OCc2ccccc2)cc1)C(N)=O,6.31,EC50,True,414.50500000000017,4,2,4.722000000000003,<rdkit.DataStructs.cDataStructs.ExplicitBitVect object at 0x124b082e0>,31
CCCc1c(OCCCCOc2ccc(CC(=O)O)cc2)ccc2c(-c3ccccc3)noc12,7.22,EC50,True,459.54200000000014,5,1,6.3124000000000065,<rdkit.DataStructs.cDataStructs.ExplicitBitVect object at 0x124b08350>,34
O=C1NC(=O)C(Cc2ccc(OCCn3ccc4ccc(Cl)cc43)cc2)S1,5.35,EC50,False,400.887,5,1,4.267800000000003,<rdkit.DataStructs.cDataStructs.ExplicitBitVect object at 0x124b083c0>,27
O[C@@H]1[C@H](O)CS[C@H]1Cn1cnc2c(NCc3cccc(I)c3)nc(Cl)nc21,5.16,EC50,False,517.7800000000001,8,3,2.5336000000000007,<rdkit.DataStructs.cDataStructs.ExplicitBitVect object at 0x124b08430>,27
CCCOC(=O)N1C=C(Cc2cccc(OCCc3nc(-c4ccccc4)oc3C)c2)C(C(=O)O)CC1,8.1,EC50,True,504.58300000000025,6,1,5.651020000000005,<rdkit.DataStructs.cDataStructs.ExplicitBitVect object at 0x124b084a0>,37
Cc1oc(-c2ccccc2)nc1CCOc1cccc(C2CN(C(=O)Oc3ccccc3)CCC2CC(=O)O)c1,5.89,EC50,True,540.6160000000003,6,1,6.350720000000006,<rdkit.DataStructs.cDataStructs.ExplicitBitVect object at 0x124b08510>,40
O=C(O)CC1=C/C(=C\c2ccc(Br)cc2)c2ccc(F)cc21,5.96,EC50,True,359.1940000000001,1,1,5.000500000000003,<rdkit.DataStructs.cDataStructs.ExplicitBitVect object at 0x124b08580>,22
Cc1ccc(OC(=O)N(CC(=O)O)Cc2cccc(OCCc3nc(-c4ccc(Cl)cc4)oc3C)c2)cc1,6.85,EC50,True,534.9960000000003,6,1,6.318940000000006,<rdkit.DataStructs.cDataStructs.ExplicitBitVect object at 0x124b085f0>,38
Cc1ccc(OC(=O)N(CC(=O)O)Cc2cccc(OCc3nc(-c4ccccc4Cl)oc3C)c2)cc1,5.96,EC50,True,520.9690000000003,6,1,6.276440000000005,<rdkit.DataStructs.cDataStructs.ExplicitBitVect object at 0x124b08660>,37
Cc1ccc(OC(=O)N(CC(=O)O)Cc2cccc(OCc3nc(-c4ccc(C#N)cc4)oc3C)c2)cc1,5.46,EC50,False,511.53400000000033,7,1,5.494720000000005,<rdkit.DataStructs.cDataStructs.ExplicitBitVect object at 0x124b086d0>,38
O=C(O)C(Sc1nc(Cl)cc(NCCc2ccccc2)n1)c1cccc2ccccc12,4.97,EC50,False,449.96300000000014,5,2,5.855800000000003,<rdkit.DataStructs.cDataStructs.ExplicitBitVect object at 0x124b08740>,31
CN(CCOc1ccc(CC(NCc2ccccc2C(=O)c2ccccc2)C(=O)O)cc1)c1nc2ccccc2o1,6.78,EC50,True,549.6270000000002,7,2,5.359500000000005,<rdkit.DataStructs.cDataStructs.ExplicitBitVect object at 0x124b087b0>,41
CSc1ccc(/C=C2\Oc3cc(OCc4cc(C)c(OC(C)(C)C(=O)O)c(C)c4)ccc3C2=O)cc1,5.76,EC50,True,504.60400000000027,6,1,6.462540000000007,<rdkit.DataStructs.cDataStructs.ExplicitBitVect object at 0x124b08820>,36
CN(CCOc1ccc(CC(Nc2ccccc2/C(=N/N)c2ccccc2)C(=O)O)cc1)c1ccccn1,6.07,EC50,True,509.6100000000002,7,3,4.415700000000003,<rdkit.DataStructs.cDataStructs.ExplicitBitVect object at 0x124b08890>,38
CCCc1[nH]c2ccc(C(=O)NC(CC)c3ccccc3)cc2c1Cc1ccc(-c2ccccc2C(=O)O)cc1,6.46,EC50,True,530.6680000000003,2,3,7.957500000000008,<rdkit.DataStructs.cDataStructs.ExplicitBitVect object at 0x124b08900>,40
CCCc1[nH]c2cc(C(=O)NC(CC)c3ccccc3)ccc2c1Cc1ccc(-c2ccccc2C(=O)O)cc1,8.22,EC50,True,530.6680000000003,2,3,7.957500000000008,<rdkit.DataStructs.cDataStructs.ExplicitBitVect object at 0x124b08970>,40
CCCc1c(Cc2ccc(-c3ccccc3C(=O)O)cc2)c2cc(C(=O)NC(CC)c3ccccc3)ccc2n1OC,7.05,EC50,True,560.6940000000002,4,2,7.489300000000008,<rdkit.DataStructs.cDataStructs.ExplicitBitVect object at 0x124b089e0>,42
CCC(Cc1ccc(CCc2ccc(N3C(=O)c4ccccc4C3=O)cc2)cc1)C(=O)O,4.96,EC50,False,427.5000000000001,3,1,4.925700000000004,<rdkit.DataStructs.cDataStructs.ExplicitBitVect object at 0x124b08a50>,32
CC(C)(Sc1ccc(CCN(CCCCC2CCCCC2)C(=O)Nc2cc(Cl)cc(Cl)c2)cc1)C(=O)O,6.0,EC50,True,565.6070000000003,3,2,8.775900000000005,<rdkit.DataStructs.cDataStructs.ExplicitBitVect object at 0x124b08ac0>,37
CCCC/C(=C\c1cc(Oc2ccccc2)ccc1OCc1ccc(C(F)(F)F)cc1)C(=O)O,6.14,EC50,True,470.4870000000002,3,1,7.7349000000000085,<rdkit.DataStructs.cDataStructs.ExplicitBitVect object at 0x124b08b30>,34
Cc1cc2c(CCc3nc(-c4ccc(Cl)cc4Cl)oc3C(C)C)noc2cc1OCC(=O)O,5.0,EC50,False,489.35500000000036,6,1,6.470020000000003,<rdkit.DataStructs.cDataStructs.ExplicitBitVect object at 0x124b08ba0>,33
CC(C)(C)c1ccc(C(=O)Nc2cc(Cl)ccc2C(=O)Nc2cccc(C(=O)O)c2)cc1,5.05,EC50,False,450.9220000000002,3,3,5.840300000000005,<rdkit.DataStructs.cDataStructs.ExplicitBitVect object at 0x124b08c10>,32
O=C(O)CCCNC(=O)c1ccccc1NC(=O)c1ccccc1-c1ccccc1,4.64,EC50,False,402.45000000000016,3,3,4.200500000000003,<rdkit.DataStructs.cDataStructs.ExplicitBitVect object at 0x124b08c80>,30
Cc1oc(-c2ccccc2)nc1CCOc1ccc(Cc2c(C(=O)O)cnn2-c2ccccc2)cc1,6.31,EC50,True,479.5360000000002,6,1,5.7462200000000045,<rdkit.DataStructs.cDataStructs.ExplicitBitVect object at 0x124b08cf0>,36
Cc1oc(-c2ccccc2)nc1CCOc1ccc(-c2nn(-c3ccccc3)nc2CC(=O)O)cc1,5.41,EC50,False,480.52400000000017,7,1,5.146320000000005,<rdkit.DataStructs.cDataStructs.ExplicitBitVect object at 0x124b08d60>,36
CCC(NC(=O)c1ccc2c(c1)nc(C)n2Cc1ccc(Cl)c(Cl)c1)c1ccccc1,7.3,EC50,True,452.38500000000005,3,1,6.580920000000005,<rdkit.DataStructs.cDataStructs.ExplicitBitVect object at 0x124b08dd0>,31
CC[C@@H](NC(=O)c1ccc2c(c1)nc(C)n2Cc1ccccc1Cl)c1ccccc1,7.3,EC50,True,417.94,3,1,5.927520000000005,<rdkit.DataStructs.cDataStructs.ExplicitBitVect object at 0x124b08e40>,30
Cc1oc(-c2ccccc2)nc1CCOc1cccc(C2=C(CC(=O)O)CCN(C(=O)Oc3ccccc3)C2)c1,7.34,EC50,True,538.6000000000003,6,1,6.404520000000005,<rdkit.DataStructs.cDataStructs.ExplicitBitVect object at 0x124b08eb0>,40
CCO[C@@H](Cc1ccc(OCCc2nc(-c3cccs3)oc2C)cc1)C(=O)O,10.3,EC50,True,401.4840000000001,6,1,4.3652200000000025,<rdkit.DataStructs.cDataStructs.ExplicitBitVect object at 0x124b08f20>,28
CCO[C@@H](Cc1ccc(OCCc2nc(-c3ccc(-c4ccccc4)s3)oc2C)cc1)C(=O)O,8.35,EC50,True,477.58200000000016,6,1,6.032220000000005,<rdkit.DataStructs.cDataStructs.ExplicitBitVect object at 0x124b08f90>,34
CCC(Cc1cc(CNC(=O)c2ccc(C34CC5CC(CC(C5)C3)C4)cc2)c(OC)cc1F)C(=O)O,7.44,EC50,True,493.6190000000003,3,2,5.885400000000005,<rdkit.DataStructs.cDataStructs.ExplicitBitVect object at 0x124b09000>,36
CCCCCCC(Sc1nc(Cl)cc(Nc2nc(-c3ccc(F)c(F)c3)cs2)n1)C(=O)O,5.54,EC50,True,499.00800000000015,7,2,6.791000000000006,<rdkit.DataStructs.cDataStructs.ExplicitBitVect object at 0x124b09070>,32
CCN(CCOc1ccc(CC2SC(=O)NC2=O)cc1)c1ccccn1,6.27,EC50,True,371.46200000000005,6,1,2.881000000000001,<rdkit.DataStructs.cDataStructs.ExplicitBitVect object at 0x124b090e0>,26
C/C(=N\OCCOc1ccc(CC2SC(=O)NC2=O)cc1)c1cccc(-c2ccccc2)c1,6.48,EC50,True,460.5550000000002,6,1,5.067300000000004,<rdkit.DataStructs.cDataStructs.ExplicitBitVect object at 0x124b09150>,33
Cc1ccc2[nH]c(-c3cccc(OCCCCCCCC(=O)O)c3)nc2c1,4.99,EC50,False,366.46100000000007,3,2,5.3423200000000035,<rdkit.DataStructs.cDataStructs.ExplicitBitVect object at 0x124b091c0>,27
Cc1oc(-c2ccccc2)nc1CCCc1ccc(CC(C(=O)O)n2cccn2)cc1,6.64,EC50,True,415.49300000000005,5,1,4.890220000000003,<rdkit.DataStructs.cDataStructs.ExplicitBitVect object at 0x124b09230>,31
CCCC(Cc1ccc(C(=O)NCc2ccccc2C(F)(F)F)cc1)C(=O)O,5.82,EC50,True,393.40500000000003,2,2,4.678800000000004,<rdkit.DataStructs.cDataStructs.ExplicitBitVect object at 0x124b092a0>,28
COc1ccc(S(=O)(=O)n2c(CCCC(=O)O)cc3cc(Cl)ccc32)cc1,7.14,EC50,True,407.87500000000006,5,1,3.947600000000002,<rdkit.DataStructs.cDataStructs.ExplicitBitVect object at 0x124b09310>,27
Cc1nc2cc(S(=O)(=O)n3c(CCCC(=O)O)cc4cc(Cl)ccc43)ccc2s1,6.76,EC50,True,448.9530000000001,6,1,4.857120000000004,<rdkit.DataStructs.cDataStructs.ExplicitBitVect object at 0x124b09380>,29
O=C(O)CCCc1cc2cc(Cl)ccc2n1S(=O)(=O)c1ccc2nsnc2c1,6.82,EC50,True,435.91400000000016,7,1,3.9437000000000024,<rdkit.DataStructs.cDataStructs.ExplicitBitVect object at 0x124b093f0>,28
O=C(O)CCCc1cc2cc(C(F)(F)F)ccc2n1S(=O)(=O)c1cccc(Cl)c1,6.59,EC50,True,445.8460000000001,4,1,4.957800000000003,<rdkit.DataStructs.cDataStructs.ExplicitBitVect object at 0x124b09460>,29
C/C(=N\OCCCCO/N=C(/CCC(=O)O)c1ccccc1)c1cccc(-c2ccccc2)c1,7.0,EC50,True,458.5580000000001,5,1,6.160100000000006,<rdkit.DataStructs.cDataStructs.ExplicitBitVect object at 0x124b094d0>,34
C/C(=N\OCCCCO/N=C(/CCC(=O)O)c1ccccc1)c1ccc(C)c(C)c1,6.0,EC50,True,410.5140000000001,5,1,5.109940000000004,<rdkit.DataStructs.cDataStructs.ExplicitBitVect object at 0x124b09540>,30
OC[C@H]1O[C@@H](Oc2ccc(CCCC[C@H](O)CCc3ccc(O[C@@H]4O[C@H](CO)[C@@H](O)[C@H](O)[C@H]4O)c(O)c3)cc2O)[C@H](O)[C@@H](O)[C@@H]1O,4.48,EC50,False,656.6780000000003,15,11,-1.8382999999999985,<rdkit.DataStructs.cDataStructs.ExplicitBitVect object at 0x124b095b0>,46
CC(C)(O)C1=C[C@@H](O)[C@@](C)(O)CC1,4.66,EC50,False,186.25099999999995,3,3,0.5893999999999999,<rdkit.DataStructs.cDataStructs.ExplicitBitVect object at 0x124b09620>,13
C/C=C\CC/C=C/C=C/C(=O)NCC(C)C,5.44,EC50,False,221.34399999999997,1,1,3.2273000000000014,<rdkit.DataStructs.cDataStructs.ExplicitBitVect object at 0x124b09690>,16
O=C(CN1c2ccccc2Sc2ccccc21)NNC(=S)NCc1ccccc1,5.55,EC50,True,420.5630000000001,4,3,3.984800000000001,<rdkit.DataStructs.cDataStructs.ExplicitBitVect object at 0x124b09700>,29
Cc1cc(CC(=O)O)cc(CN2CCN(c3nc4ccc(C(F)(F)F)cc4s3)CC2)c1,5.68,EC50,True,449.4980000000001,5,1,4.572820000000004,<rdkit.DataStructs.cDataStructs.ExplicitBitVect object at 0x124b09770>,31
CCOc1ccc(F)c(N2CC[C@@H](Oc3ccc(N4C[C@H](OC)C[C@@H]4CC(=O)O)cc3)[C@H](C)C2)c1,4.92,EC50,False,486.5840000000003,6,1,4.586600000000003,<rdkit.DataStructs.cDataStructs.ExplicitBitVect object at 0x124b097e0>,35
Cc1cc2cc(C(=O)NCc3ccc(CS(=O)(=O)C4CC4)cc3C(F)(F)F)ccc2n1Cc1cccc(F)c1,6.75,EC50,True,558.5970000000003,4,1,6.1631200000000055,<rdkit.DataStructs.cDataStructs.ExplicitBitVect object at 0x124b09850>,39
Nc1nc2ccc(S(=O)(=O)n3c(CCCC(=O)O)cc4cc(Cl)ccc43)cc2s1,7.39,EC50,True,449.94100000000003,7,2,4.130900000000002,<rdkit.DataStructs.cDataStructs.ExplicitBitVect object at 0x124b098c0>,29
CN(CCOc1ccc(CC(Nc2ccccc2C(=O)C2CCCCCC2)C(=O)O)cc1)c1nc2ccccc2o1,8.11,EC50,True,555.6750000000004,7,2,6.603900000000007,<rdkit.DataStructs.cDataStructs.ExplicitBitVect object at 0x124b09930>,41
CC[C@@H](OC(=O)N(Cc1ccccc1)C(=O)Nc1cc(OC)cc(OC)c1)c1cc(-c2ccc(OC(C)(C)C(=O)O)cc2)no1,9.42,EC50,True,617.6550000000004,9,2,6.922800000000008,<rdkit.DataStructs.cDataStructs.ExplicitBitVect object at 0x124b099a0>,45
Cc1oc(-c2ccccc2)nc1CCOc1ccc2c(c1)CCC2C(C)C(=O)O,6.98,EC50,True,391.46700000000016,4,1,5.022020000000004,<rdkit.DataStructs.cDataStructs.ExplicitBitVect object at 0x124b09a10>,29
CN(CCOc1ccc(CC(Nc2ccccc2C(=O)c2ccc(C(F)(F)F)cc2)C(=O)O)cc1)c1nc2ccccc2o1,7.62,EC50,True,603.5970000000002,7,2,6.700600000000006,<rdkit.DataStructs.cDataStructs.ExplicitBitVect object at 0x124b09a80>,44
Cc1ccc(-c2nsc(CSc3ccc(OC(C)(C)C(=O)O)c(C)c3)n2)cc1Cl,6.17,EC50,True,448.9970000000002,6,1,6.0096400000000045,<rdkit.DataStructs.cDataStructs.ExplicitBitVect object at 0x124b09af0>,29
COC(=O)C(Cc1ccc(OCCOc2ccc3c(c2)NCCC3)cc1)C(=O)OC,5.5,EC50,True,413.4700000000002,7,1,3.007200000000001,<rdkit.DataStructs.cDataStructs.ExplicitBitVect object at 0x124b09b60>,30
Cc1oc(-c2ccccc2)nc1CCOc1cccc(C[C@@H]2CN(C(=O)Oc3ccccc3)C[C@@H]2C(=O)O)c1,5.9,EC50,True,526.5890000000003,6,1,5.645620000000005,<rdkit.DataStructs.cDataStructs.ExplicitBitVect object at 0x124b09bd0>,39
CCOC(=O)N1C[C@@H](Cc2cccc(OCCc3nc(-c4ccccc4)oc3C)c2)[C@@H](C(=O)O)C1,8.05,EC50,True,478.5450000000002,6,1,4.603120000000003,<rdkit.DataStructs.cDataStructs.ExplicitBitVect object at 0x124b09c40>,35
CCCc1cc(C2CCCCC2)ccc1OCCCOc1cccc(C2OC(=O)NC2=O)c1,7.72,EC50,True,451.56300000000016,5,1,5.842200000000005,<rdkit.DataStructs.cDataStructs.ExplicitBitVect object at 0x124b09cb0>,33
CCCc1c(OCCCOc2ccc(/C=C/C(=O)O)cc2)ccc2c(-c3ccccc3)noc12,6.59,EC50,True,457.5260000000002,5,1,6.393000000000006,<rdkit.DataStructs.cDataStructs.ExplicitBitVect object at 0x124b09d20>,34
CCCc1c(OCCCCOc2ccc(C(C)(C)C(=O)O)cc2)ccc2c(-c3ccccc3)noc12,8.0,EC50,True,487.5960000000002,5,1,7.047500000000007,<rdkit.DataStructs.cDataStructs.ExplicitBitVect object at 0x124b09d90>,36
COC(c1ccc(C)cc1)C1CC1c1cc(C)c(OC(C)(C)C(=O)O)c(C)c1,6.96,EC50,True,382.5000000000001,3,1,5.345060000000005,<rdkit.DataStructs.cDataStructs.ExplicitBitVect object at 0x124b09e00>,28
CC(C)(Oc1ccc(OCc2cc(-c3ccc(C(F)(F)F)cc3)cc(-c3ccc(C(F)(F)F)cc3)c2)cc1)C(=O)O,6.43,EC50,True,574.5170000000002,3,1,8.879200000000004,<rdkit.DataStructs.cDataStructs.ExplicitBitVect object at 0x124b09e70>,41
CCCCC(Sc1nc(OCCc2ccc(C)cc2)cc(OCCc2ccc(C)cc2)n1)C(=O)O,5.12,EC50,False,494.65700000000027,6,1,6.071940000000007,<rdkit.DataStructs.cDataStructs.ExplicitBitVect object at 0x124b09ee0>,35
COc1ccc2c(c1)c(Cc1ccccc1OC(C)(C)C(=O)O)c(C)n2C(=O)c1ccc(Cl)cc1,7.92,EC50,True,491.97100000000023,5,1,6.133020000000005,<rdkit.DataStructs.cDataStructs.ExplicitBitVect object at 0x124b09f50>,35
Cc1sc(N2CCN(C)CC2)nc1CCOc1ccc(C[C@H](Nc2ccccc2C(=O)c2ccccc2)C(=O)O)cc1,8.44,EC50,True,584.7420000000003,8,2,5.163620000000004,<rdkit.DataStructs.cDataStructs.ExplicitBitVect object at 0x124b09fc0>,42
Cc1[nH]c(-c2ccccc2)nc1CCOc1ccc(C[C@H](Nc2ccccc2C(=O)c2ccccc2)C(=O)O)cc1,6.16,EC50,True,545.6390000000002,5,3,6.345420000000006,<rdkit.DataStructs.cDataStructs.ExplicitBitVect object at 0x124b0a030>,41
CCCn1c(CCc2ccc(OC(C)(C)C(=O)O)cc2)nn(Cc2ccc(C)cc2)c1=O,5.54,EC50,True,437.54000000000013,6,1,3.838720000000002,<rdkit.DataStructs.cDataStructs.ExplicitBitVect object at 0x124b0a0a0>,32
O=C(O)C(Cc1ccccc1)Oc1ccc(CNc2ccccc2)cc1,5.03,EC50,False,347.41400000000004,3,2,4.373400000000004,<rdkit.DataStructs.cDataStructs.ExplicitBitVect object at 0x124b0a110>,26
CCC(Oc1cccc(CN(CCCOc2ccccc2)c2nc3cc4c(cc3o2)OCO4)c1)C(=O)O,5.8,EC50,True,504.5390000000002,8,1,5.274200000000006,<rdkit.DataStructs.cDataStructs.ExplicitBitVect object at 0x124b0a180>,37
CCCc1c(OCCCOc2cccc3c2ccn3CC(=O)O)ccc2c(C(F)(F)F)noc12,5.62,EC50,True,476.4510000000002,6,1,5.686300000000004,<rdkit.DataStructs.cDataStructs.ExplicitBitVect object at 0x124b0a1f0>,34
Cc1oc(-c2ccccc2)nc1CCOc1ccc(CN(CC(=O)O)Cc2ccc3ccccc3c2)cc1,5.92,EC50,True,506.60200000000026,5,1,6.511520000000005,<rdkit.DataStructs.cDataStructs.ExplicitBitVect object at 0x124b0a260>,38
CCc1ccc(O[C@H](C)CCOc2ccc(CCC(=O)O)c(C)c2)c(-c2ccsc2)c1,5.78,EC50,True,438.5890000000001,4,1,6.539520000000007,<rdkit.DataStructs.cDataStructs.ExplicitBitVect object at 0x124b0a2d0>,31
Cc1ccsc1-c1nc(CCOc2ccc(C[C@H](Nc3ccccc3C(=O)c3ccccc3)C(=O)O)cc2)c(C)o1,8.98,EC50,True,566.6790000000002,7,2,6.980240000000006,<rdkit.DataStructs.cDataStructs.ExplicitBitVect object at 0x124b0a340>,41
Cc1oc(N2CCCCC2)nc1CCOc1ccc(C[C@H](Nc2ccccc2C(=O)c2ccccc2)C(=O)O)cc1,7.29,EC50,True,553.6590000000003,7,2,5.933620000000005,<rdkit.DataStructs.cDataStructs.ExplicitBitVect object at 0x124b0a3b0>,41
O=C(O)Cc1ccccc1OCCC1Oc2ccccc2N(CCCCCCCO)C1=O,6.83,EC50,True,441.52400000000034,5,2,3.8196000000000034,<rdkit.DataStructs.cDataStructs.ExplicitBitVect object at 0x124b0a420>,32
CC(C)(Oc1cccc(OCCN2CC=C(c3ccc(Cl)cc3)CC2)c1)C(=O)O,4.73,EC50,False,415.91700000000014,4,1,4.750100000000003,<rdkit.DataStructs.cDataStructs.ExplicitBitVect object at 0x124b0a490>,29
Cc1sc(N(C)C)nc1CCOc1ccc(C[C@H](Nc2ccccc2C(=O)c2ccccc2)C(=O)O)cc1,5.91,EC50,True,529.6620000000001,7,2,5.477820000000005,<rdkit.DataStructs.cDataStructs.ExplicitBitVect object at 0x124b0a500>,38
Cc1ccc(Cn2nc(CCCc3ccc(OC(C)(C)C(=O)O)cc3)n(C)c2=O)cc1C,5.64,EC50,True,437.5400000000002,6,1,3.664240000000002,<rdkit.DataStructs.cDataStructs.ExplicitBitVect object at 0x124b0a570>,32
CCO[C@@H](Cc1ccc(CCC(OC(=S)NCCc2ccccc2)c2ccccc2)cc1)C(=O)O,6.31,EC50,True,491.6530000000002,4,2,5.526500000000005,<rdkit.DataStructs.cDataStructs.ExplicitBitVect object at 0x124b0a5e0>,35
COc1cc(/C(C)=N/OCCCCO/N=C(/CCC(=O)O)c2ccccc2)ccc1C,5.8,EC50,True,426.5130000000001,6,1,4.810120000000004,<rdkit.DataStructs.cDataStructs.ExplicitBitVect object at 0x124b0a650>,31
C/[N+]([O-])=C1\C=C(c2ccccc2)c2ccc(OCCN3CCOCC3)cc21,6.82,EC50,True,364.44500000000016,4,0,2.772100000000001,<rdkit.DataStructs.cDataStructs.ExplicitBitVect object at 0x124b0a6c0>,27
CC(C)(C)c1ccc(CN(CCOc2ccc(CCC(=O)O)cc2)c2nc3ccccc3s2)cc1,5.2,EC50,False,488.65300000000013,5,1,6.696600000000006,<rdkit.DataStructs.cDataStructs.ExplicitBitVect object at 0x124b0a730>,35
Cc1ccc(N2CCN([C@@H](Cc3ccc(OCCc4nc(-c5ccccc5)oc4C)cc3)C(=O)O)CC2)cc1,4.3,EC50,False,525.6490000000003,6,1,5.397840000000005,<rdkit.DataStructs.cDataStructs.ExplicitBitVect object at 0x124b0a7a0>,39
CN(CCOc1ccc(CC2SC(=O)NC2=O)cc1)c1ccccn1,7.7,EC50,True,357.435,6,1,2.490900000000001,<rdkit.DataStructs.cDataStructs.ExplicitBitVect object at 0x124b0a810>,25
COc1ccc2ncc(-n3c(C)c(Cc4cccc(O[C@@H](C)C(=O)O)c4)c4cc(OC(F)(F)F)ccc43)cc2c1,7.31,EC50,True,550.5330000000001,6,1,6.837020000000005,<rdkit.DataStructs.cDataStructs.ExplicitBitVect object at 0x124b0a880>,40
COc1ccc(C(=O)c2cc(C)cn2C/C=C/c2ccc(Cl)cc2C(=O)NS(C)(=O)=O)cc1,4.92,EC50,False,486.97700000000015,6,1,4.092320000000003,<rdkit.DataStructs.cDataStructs.ExplicitBitVect object at 0x124b0a8f0>,33
COC(=O)c1cc2c(c(O)c1C(C)OC(=O)CO)C(=O)c1c(O)cc3cc(C)c(Cl)c(OC)c3c1C2=O,6.89,EC50,True,528.8970000000003,10,3,3.379920000000003,<rdkit.DataStructs.cDataStructs.ExplicitBitVect object at 0x124b0a960>,37
COC(=O)c1cc2c(c(O)c1C(C)OC(C)=O)C(=O)c1c(O)cc3cc(C)c(Cl)c(OC)c3c1C2=O,6.8,EC50,True,512.8980000000003,9,2,4.4075200000000025,<rdkit.DataStructs.cDataStructs.ExplicitBitVect object at 0x124b0a9d0>,36
Cc1sc(-c2ccc(F)cc2)nc1CCOc1ccc2c(c1)CC[C@H]2CC(=O)O,8.15,EC50,True,411.49800000000016,4,1,5.383620000000005,<rdkit.DataStructs.cDataStructs.ExplicitBitVect object at 0x124b0aa40>,29
Cc1ccc(-c2nc(CCOc3ccc4c(c3)CC[C@H]4CC(=O)O)c(C)s2)cc1,9.1,EC50,True,407.53500000000014,4,1,5.552940000000005,<rdkit.DataStructs.cDataStructs.ExplicitBitVect object at 0x124b0aab0>,29
Cc1oc(-c2ccccc2)nc1CCOc1ccc2c(c1)CCC2C(C)C(=O)O,6.92,EC50,True,391.46700000000016,4,1,5.022020000000004,<rdkit.DataStructs.cDataStructs.ExplicitBitVect object at 0x124b0ab20>,29
COc1ccc(N2C(=O)[C@@H](Cc3cccc(OCCc4nc(-c5ccccc5)oc4C)c3)[C@H]2C(=O)O)cc1,7.05,EC50,True,512.5620000000002,6,1,4.938820000000003,<rdkit.DataStructs.cDataStructs.ExplicitBitVect object at 0x124b0ab90>,38
CCCCc1nc(C(C)C)c(Cc2nc(C)no2)c(=O)n1Cc1ccc(-c2ccccc2-c2noc(=O)[nH]2)cc1,5.98,EC50,True,540.6240000000003,9,1,5.050120000000005,<rdkit.DataStructs.cDataStructs.ExplicitBitVect object at 0x124b0ac00>,40
O=S(=O)(Nc1cc(Cc2cc(NS(=O)(=O)c3ccccc3)cc(C(F)(F)F)c2)cc(C(F)(F)F)c1)c1ccccc1,5.47,EC50,False,614.589,4,2,6.916600000000004,<rdkit.DataStructs.cDataStructs.ExplicitBitVect object at 0x124b0ac70>,41
O=S(=O)(Nc1cc(Cc2cc(NS(=O)(=O)c3ccccc3)cc(C(F)(F)F)c2)cc(C(F)(F)F)c1)c1ccccc1,6.22,EC50,True,614.589,4,2,6.916600000000004,<rdkit.DataStructs.cDataStructs.ExplicitBitVect object at 0x124b0ace0>,41
Cc1cccc(Nc2cc(Cl)nc(SCC(=O)O)n2)c1,4.55,EC50,False,309.778,5,2,3.35872,<rdkit.DataStructs.cDataStructs.ExplicitBitVect object at 0x124b0ad50>,20
CCCCCOc1nc2ccccc2cc1C(O)C/C=C\CCCC(=O)[O-].[Na+],5.92,EC50,True,393.4590000000003,5,1,0.7076999999999993,<rdkit.DataStructs.cDataStructs.ExplicitBitVect object at 0x124b0adc0>,28
CCCc1cc2c(=O)n(C)oc2c(CCC)c1O[C@H](C(=O)O)c1ccc(C(C)C)cc1,6.41,EC50,True,425.5250000000001,5,1,5.364600000000005,<rdkit.DataStructs.cDataStructs.ExplicitBitVect object at 0x124b0ae30>,31
CC(=O)c1ccc(OCc2nc3ccc(Oc4cc(C)c(N)c(C)c4)cc3n2C)cc1.Cl.Cl,6.47,EC50,True,488.41500000000013,6,1,6.189840000000005,<rdkit.DataStructs.cDataStructs.ExplicitBitVect object at 0x124b0aea0>,33
Cn1c(COc2cccc(C(=O)O)c2)nc2ccc(Oc3cccc(F)c3)cc21,6.7,EC50,True,392.3860000000001,5,1,4.781900000000003,<rdkit.DataStructs.cDataStructs.ExplicitBitVect object at 0x124b0af10>,29
CCOc1cccc(Oc2ccc3nc(COc4cccc(C(=O)O)c4)n(C)c3c2)c1,7.4,EC50,True,418.4490000000001,6,1,5.0415000000000045,<rdkit.DataStructs.cDataStructs.ExplicitBitVect object at 0x124b0af80>,31
Cn1c(COc2cccc(C(=O)O)c2)nc2ccc(Oc3ccc(F)cc3F)cc21,6.84,EC50,True,410.3760000000001,5,1,4.921000000000003,<rdkit.DataStructs.cDataStructs.ExplicitBitVect object at 0x124b0aff0>,30
COc1ccc2c(c1)O/C(=C\c1cc(C)c(OC(C)(C)C(=O)O)c(C)c1)C2=O,6.2,EC50,True,382.41200000000015,5,1,4.170240000000002,<rdkit.DataStructs.cDataStructs.ExplicitBitVect object at 0x124b0b060>,28
Cc1ccc(F)cc1Oc1ccc2nc(COc3cccc(C(=O)O)c3)n(C)c2c1,7.41,EC50,True,406.4130000000001,5,1,5.090320000000004,<rdkit.DataStructs.cDataStructs.ExplicitBitVect object at 0x124b0b0d0>,30
COc1ccc(C(=O)n2c(C)c(Cc3cccc(O[C@@H](C)C(=O)O)c3)c3cc(OC(F)(F)F)ccc32)cc1,8.7,EC50,True,527.4950000000002,6,1,5.988120000000005,<rdkit.DataStructs.cDataStructs.ExplicitBitVect object at 0x124b0b140>,38
Cc1oc(-c2ccccc2)nc1CCOc1ccc(C[C@@H](NC(=O)/C=C/c2ccco2)C(=O)O)cc1,6.81,EC50,True,486.52400000000017,6,2,4.689820000000002,<rdkit.DataStructs.cDataStructs.ExplicitBitVect object at 0x124b0b1b0>,36
CCCc1nc2cc(C(O)c3ccccc3)ccc2n1Cc1ccc(-c2ccccc2C(=O)O)cc1,5.54,EC50,True,476.57600000000025,4,2,6.484000000000006,<rdkit.DataStructs.cDataStructs.ExplicitBitVect object at 0x124b0b220>,36
CCCc1nc2ccc(Br)cc2n1Cc1ccc(-c2ccccc2C(=O)O)cc1,6.33,EC50,True,449.3480000000001,3,1,6.164800000000006,<rdkit.DataStructs.cDataStructs.ExplicitBitVect object at 0x124b0b290>,29
Cc1oc(-c2ccccc2)nc1CCOc1ccc(CN(CC(=O)O)Cc2ccc(OCc3ccccc3)cc2)cc1,6.66,EC50,True,562.6660000000004,6,1,6.937320000000006,<rdkit.DataStructs.cDataStructs.ExplicitBitVect object at 0x124b0b300>,42
Cc1oc(-c2ccccc2)nc1CCOc1ccc(CN(CC(=O)O)Cc2ccc(Oc3ccccc3)cc2)cc1,7.28,EC50,True,548.6390000000004,6,1,7.150620000000006,<rdkit.DataStructs.cDataStructs.ExplicitBitVect object at 0x124b0b370>,41
CCc1ccc(O[C@H](C)CCOc2ccc(CCC(=O)O)c(C)c2)c(C(=O)c2ccccc2)c1,8.4,EC50,True,460.57000000000016,4,1,6.042020000000006,<rdkit.DataStructs.cDataStructs.ExplicitBitVect object at 0x124b0b3e0>,34
COC1Oc2cc(O)c3c(c2C(=O)N1C(=O)NCc1ccccc1Cl)OC1=CC(O)=C(C(C)=O)C(=O)[C@]13C,6.55,EC50,True,540.9120000000001,9,3,3.237800000000002,<rdkit.DataStructs.cDataStructs.ExplicitBitVect object at 0x124b0b450>,38
COC1Oc2cc(O)c3c(c2C(=O)N1C(=O)NCc1ccc(Cl)cc1)OC1=CC(O)=C(C(C)=O)C(=O)[C@]13C,6.11,EC50,True,540.9120000000001,9,3,3.237800000000001,<rdkit.DataStructs.cDataStructs.ExplicitBitVect object at 0x124b0b4c0>,38
COC1Oc2cc(O)c3c(c2C(=O)N1C(=O)NCc1ccoc1)OC1=CC(O)=C(C(C)=O)C(=O)[C@]13C,5.5,EC50,True,496.4280000000003,10,3,2.1774000000000004,<rdkit.DataStructs.cDataStructs.ExplicitBitVect object at 0x124b0b530>,36
Cc1oc(-c2ccccc2)nc1COc1ccc(Cc2ccc(OC(C)C(=O)O)cc2)cc1,6.54,EC50,True,443.49900000000014,5,1,5.671720000000005,<rdkit.DataStructs.cDataStructs.ExplicitBitVect object at 0x124b0b5a0>,33
Cc1cc(Oc2cccc(CNC(=O)c3cc4cc(Br)ccc4[nH]3)c2)ccc1CCC(=O)O,7.5,EC50,True,507.3840000000001,3,3,5.978320000000004,<rdkit.DataStructs.cDataStructs.ExplicitBitVect object at 0x124b0b610>,33
Cc1cc(CNC(=O)c2cc(-c3ccc(CC(C)C)cc3)n(C)n2)ccc1OC(C)(C)C(=O)O,8.1,EC50,True,463.5780000000002,5,2,4.766020000000004,<rdkit.DataStructs.cDataStructs.ExplicitBitVect object at 0x124b0b680>,34
CC[C@H](Oc1cccc(Cn2c(C)c(C(=O)c3ccc(Cl)cc3)c3ccc(OC(F)(F)F)cc32)c1)C(=O)O,8.22,EC50,True,545.9410000000001,5,1,7.023020000000006,<rdkit.DataStructs.cDataStructs.ExplicitBitVect object at 0x124b0b6f0>,38
C=CCn1nc(-c2ccc(C(C)(C)C)cc2)cc1C(=O)NCc1ccc(OC(C)(C)C(=O)O)c(C)c1,7.22,EC50,True,489.61600000000027,5,2,5.514020000000005,<rdkit.DataStructs.cDataStructs.ExplicitBitVect object at 0x124b0b760>,36
Cc1cc(CNC(=O)c2cc(-c3ccc(-c4ccoc4)cc3)n(C)n2)ccc1OC(C)(C)C(=O)O,7.52,EC50,True,473.5290000000002,6,2,4.827520000000003,<rdkit.DataStructs.cDataStructs.ExplicitBitVect object at 0x124b0b7d0>,35
CCCCCCOC(Cc1ccc(OCCc2nc(-c3ccccc3)oc2C)c2ccsc12)C(=O)O,8.4,EC50,True,507.6520000000002,6,1,7.0788200000000066,<rdkit.DataStructs.cDataStructs.ExplicitBitVect object at 0x124b0b840>,36
CCO[C@@H](Cc1ccc(OCCc2nc(-c3ccc(-c4ccccc4)cc3)oc2C)c2ccsc12)C(=O)O,6.37,EC50,True,527.6420000000003,6,1,7.185420000000006,<rdkit.DataStructs.cDataStructs.ExplicitBitVect object at 0x124b0b8b0>,38
C[C@@H]1CN(CCOc2cc(CC(=O)O)ccc2Cl)CCN1c1nc2ccc(Cl)cc2s1,7.8,EC50,True,480.4170000000002,6,1,4.819700000000004,<rdkit.DataStructs.cDataStructs.ExplicitBitVect object at 0x124b0b920>,31
Cc1cc(CC(=O)O)cc(CN2CCN(c3nc4ccc(C(F)(F)F)cc4s3)[C@@H](CC(C)C)C2)c1,5.82,EC50,True,505.60600000000017,5,1,5.987520000000006,<rdkit.DataStructs.cDataStructs.ExplicitBitVect object at 0x124b0b990>,35
Cc1cc(/N=N/c2ccccc2)ccc1OCCc1ccc(OC(C)(C)C(=O)O)cc1,5.92,EC50,True,418.49300000000017,5,1,6.273920000000006,<rdkit.DataStructs.cDataStructs.ExplicitBitVect object at 0x124b0ba00>,31
CN(CCOc1ccc(CC2SC(=O)NC2=O)cc1)c1ccccn1,7.37,EC50,True,357.435,6,1,2.490900000000001,<rdkit.DataStructs.cDataStructs.ExplicitBitVect object at 0x124b0ba70>,25
Cc1cc(C2CC2C(OC(=O)c2ccccc2)c2ccc(OC(F)(F)F)cc2)cc(C)c1OC(C)(C)C(=O)O,7.64,EC50,True,542.5500000000003,5,1,7.145840000000006,<rdkit.DataStructs.cDataStructs.ExplicitBitVect object at 0x124b0bae0>,39
COC(c1ccc(Br)cc1)C1CC1c1cc(C)c(OC(C)(C)C(=O)O)c(C)c1,7.72,EC50,True,447.36900000000026,3,1,5.799140000000006,<rdkit.DataStructs.cDataStructs.ExplicitBitVect object at 0x124b0bb50>,28
CN(CCOc1ccc(/C=C2\SC(=O)NC2=O)cc1)c1nc2ccccc2[nH]1,5.47,EC50,False,394.4560000000001,6,2,3.402000000000001,<rdkit.DataStructs.cDataStructs.ExplicitBitVect object at 0x124b0bbc0>,28
CN(CCOc1ccc(CC(Nc2ccccc2C(=O)c2ccccc2)C(=O)O)cc1)c1nc2ccccc2o1,8.36,EC50,True,535.6000000000003,7,2,5.681800000000005,<rdkit.DataStructs.cDataStructs.ExplicitBitVect object at 0x124b0bc30>,40
Cc1oc(-c2ccccc2)nc1CCOc1ccc(CC(Nc2ccccc2C(=O)c2ccc(CN(C)C)cc2)C(=O)O)cc1,6.39,EC50,True,603.7190000000004,7,2,6.671920000000006,<rdkit.DataStructs.cDataStructs.ExplicitBitVect object at 0x124b0bca0>,45
C/C(=N\OCc1sc(-c2ccc(C(F)(F)F)cc2)nc1C)c1ccc(OCC(=O)O)c(C)c1,8.22,EC50,True,478.49200000000025,6,1,5.8499400000000055,<rdkit.DataStructs.cDataStructs.ExplicitBitVect object at 0x124b0bd10>,33
CN(CCOc1ccc(/C=C2\SC(=O)NC2=O)cc1)c1nccs1,6.16,EC50,True,361.44800000000004,7,1,2.9822000000000006,<rdkit.DataStructs.cDataStructs.ExplicitBitVect object at 0x124b0bd80>,24
Cc1cccc(S(=O)(=O)n2c(CCCC(=O)O)cc3cc(Cl)ccc32)c1,7.12,EC50,True,391.87600000000003,4,1,4.2474200000000035,<rdkit.DataStructs.cDataStructs.ExplicitBitVect object at 0x124b0bdf0>,26
Cc1ccc(S(=O)(=O)n2c(CCCC(=O)O)cc3cc(Cl)ccc32)cc1,6.56,EC50,True,391.87600000000003,4,1,4.247420000000003,<rdkit.DataStructs.cDataStructs.ExplicitBitVect object at 0x124b0be60>,26
CN(CCOc1ccc(/C=C2\SC(=O)NC2=O)cc1)c1ccc2ccccc2c1,5.8,EC50,True,404.4910000000001,5,1,4.678900000000004,<rdkit.DataStructs.cDataStructs.ExplicitBitVect object at 0x124b0bed0>,29
Cc1cc(OCc2nc(-c3ccc(C(=O)N(C)C(C)C)cc3)c(-c3ccc(OC(F)(F)F)cc3)s2)ccc1OCC(=O)O,5.92,EC50,True,614.6420000000002,7,1,7.2069200000000055,<rdkit.DataStructs.cDataStructs.ExplicitBitVect object at 0x124b0bf40>,43
CCC(C(=O)O)C1CCc2cc(OCCc3nc(-c4ccc(Cl)c(Cl)c4)oc3C)ccc21,7.03,EC50,True,474.3840000000002,4,1,6.718920000000005,<rdkit.DataStructs.cDataStructs.ExplicitBitVect object at 0x126d00040>,32
CCC(C(=O)O)C1CCc2cc(OCCc3nc(-c4cccc(F)c4)oc3C)ccc21,7.21,EC50,True,423.4840000000001,4,1,5.551220000000005,<rdkit.DataStructs.cDataStructs.ExplicitBitVect object at 0x126d000b0>,31
CN(CCOc1ccc(CC(Nc2ccsc2C(=O)c2ccccc2)C(=O)O)cc1)c1nc2ccccc2o1,8.46,EC50,True,541.6290000000002,8,2,5.743300000000006,<rdkit.DataStructs.cDataStructs.ExplicitBitVect object at 0x126d00120>,39
Cc1ncccc1-c1cc2cc(CCC(=O)O)ccc2[nH]1,4.25,EC50,False,280.32699999999994,2,2,3.5555200000000005,<rdkit.DataStructs.cDataStructs.ExplicitBitVect object at 0x126d00190>,21
O=S(=O)(Nc1cc(Cl)c(Oc2cnc3ccccc3c2)c(Cl)c1)c1ccc(Br)cc1Cl,6.87,EC50,True,558.668,4,1,7.550600000000002,<rdkit.DataStructs.cDataStructs.ExplicitBitVect object at 0x126d00200>,31
Cc1c(C)c2c(c(C)c1O)CCC(C)(COc1ccc(C[C@H](Nc3ccccc3C(=O)c3ccccc3)C(=O)O)cc1)O2,6.44,EC50,True,579.6930000000003,6,3,6.818960000000009,<rdkit.DataStructs.cDataStructs.ExplicitBitVect object at 0x126d00270>,43
CCO[C@@H](Cc1ccc(OCC=C(c2ccccc2)c2ccccc2)cc1)C(=O)O,5.57,EC50,True,402.4900000000001,3,1,5.229500000000005,<rdkit.DataStructs.cDataStructs.ExplicitBitVect object at 0x126d002e0>,30
Cc1oc(-c2cccs2)nc1CCOc1ccc(C[C@](C)(Oc2ccccc2)C(=O)O)cc1,8.4,EC50,True,463.5550000000002,6,1,5.797820000000006,<rdkit.DataStructs.cDataStructs.ExplicitBitVect object at 0x126d00350>,33
CCO[C@@H](Cc1ccc(OC/C=C(/c2ccccc2)c2ccc(-c3ccccc3)cc2)cc1)C(=O)O,5.77,EC50,True,478.5880000000002,3,1,6.896500000000007,<rdkit.DataStructs.cDataStructs.ExplicitBitVect object at 0x126d003c0>,36
CCO[C@@H](Cc1ccc(OCC=C(c2ccc(-c3ccco3)cc2)c2ccc(-c3ccco3)cc2)cc1)C(=O)O,5.54,EC50,True,534.6080000000003,5,1,7.749500000000008,<rdkit.DataStructs.cDataStructs.ExplicitBitVect object at 0x126d00430>,40
CCOc1ccc(CC(CC)C(=O)O)cc1CNC(=O)c1ccc(C23CC4CC(CC(C4)C2)C3)cc1,7.3,EC50,True,489.65600000000035,3,2,6.136400000000006,<rdkit.DataStructs.cDataStructs.ExplicitBitVect object at 0x126d004a0>,36
CCC(Cc1ccc(OC)c(CNC(=O)c2ccc(C3CCCCC3)cc2)c1)C(=O)O,6.66,EC50,True,423.5530000000003,3,2,5.3262000000000045,<rdkit.DataStructs.cDataStructs.ExplicitBitVect object at 0x126d00510>,31
CCCc1cc(Oc2ccccc2)ccc1OCCCOc1ccc(C2SC(=O)NC2=O)cc1,6.52,EC50,True,477.58200000000016,6,1,6.303400000000005,<rdkit.DataStructs.cDataStructs.ExplicitBitVect object at 0x126d00580>,34
CC(C)OC(Cc1ccc(OCCc2noc(-c3ccccc3C(F)(F)F)n2)cc1)C(=O)O,6.22,EC50,True,464.44000000000005,6,1,4.7976000000000045,<rdkit.DataStructs.cDataStructs.ExplicitBitVect object at 0x126d005f0>,33
CC(C)OC(Cc1ccc(OCc2noc(-c3cc(C(F)(F)F)cc(C(F)(F)F)c3)n2)cc1)C(=O)O,6.2,EC50,True,518.4100000000001,6,1,5.773900000000004,<rdkit.DataStructs.cDataStructs.ExplicitBitVect object at 0x126d00660>,36
CC(C)OC(Cc1ccc(OCc2noc(C3CCCCC3)n2)cc1)C(=O)O,6.64,EC50,True,388.46400000000017,6,1,4.117000000000003,<rdkit.DataStructs.cDataStructs.ExplicitBitVect object at 0x126d006d0>,28
CCCc1c(OCCCOc2cccc3c2ccn3CC(=O)O)ccc2c(-c3ccccc3)noc12,6.37,EC50,True,484.55200000000025,6,1,6.334500000000006,<rdkit.DataStructs.cDataStructs.ExplicitBitVect object at 0x126d00740>,36
Cc1oc(-c2ccccc2)nc1CC#Cc1ccc(CC(C(=O)O)c2cccc(-c3ccccc3)c2)cc1,4.89,EC50,False,497.59400000000016,3,1,7.322120000000006,<rdkit.DataStructs.cDataStructs.ExplicitBitVect object at 0x126d007b0>,38
O=S(=O)(Nc1cc(Cl)c(Oc2cnc3ccccc3c2)c(Cl)c1)c1ccc(Br)cc1C(F)(F)F,7.03,EC50,True,592.2200000000001,4,1,7.916000000000003,<rdkit.DataStructs.cDataStructs.ExplicitBitVect object at 0x126d00820>,34
CCCCCCC(Sc1nc2ccc(NCc3ccc(Cl)c(Cl)c3)cc2s1)C(=O)O,5.55,EC50,True,483.48600000000016,5,2,7.730900000000005,<rdkit.DataStructs.cDataStructs.ExplicitBitVect object at 0x126d00890>,30
O=C(O)CCc1cc2cc(Cl)ccc2n1S(=O)(=O)c1ccccc1,5.81,EC50,True,363.8220000000001,4,1,3.5489000000000024,<rdkit.DataStructs.cDataStructs.ExplicitBitVect object at 0x126d00900>,24
Nc1nc2ccc(S(=O)(=O)n3c(CCCC(=O)O)cc4cc(Cl)ccc43)cc2o1,6.42,EC50,True,433.87300000000005,7,2,3.6624000000000025,<rdkit.DataStructs.cDataStructs.ExplicitBitVect object at 0x126d00970>,29
CCO[C@@H](Cc1ccc(OC/C=C/c2cc(OC3CCCC3)cc(OC3CCCC3)c2)cc1)C(=O)O,6.52,EC50,True,494.62800000000044,5,1,6.453800000000006,<rdkit.DataStructs.cDataStructs.ExplicitBitVect object at 0x126d009e0>,36
CCOC(Cc1ccc(OCCC2c3ccccc3Oc3ccccc32)cc1)C(=O)O,6.34,EC50,True,418.48900000000015,4,1,5.425500000000006,<rdkit.DataStructs.cDataStructs.ExplicitBitVect object at 0x126d00a50>,31
CCOC(=O)C(C)(C)Oc1ccc(C(=O)C2Cc3ccccc3OC2=O)cc1,4.4,EC50,False,382.4120000000001,6,0,3.367700000000002,<rdkit.DataStructs.cDataStructs.ExplicitBitVect object at 0x126d00ac0>,28
Cc1ccc(NC(=O)COc2ccc3cc(/C=C4/SC(=O)NC4=O)ccc3c2)cc1,5.91,EC50,True,418.47400000000016,5,2,4.489620000000003,<rdkit.DataStructs.cDataStructs.ExplicitBitVect object at 0x126d00b30>,30
O=C(COc1ccc2cc(/C=C3/SC(=O)NC3=O)ccc2c1)Nc1ccc([N+](=O)[O-])cc1,5.79,EC50,True,449.44400000000013,7,2,4.089400000000002,<rdkit.DataStructs.cDataStructs.ExplicitBitVect object at 0x126d00ba0>,32
COCCNc1nc(CCOc2ccc(C[C@H](Nc3ccccc3C(=O)c3ccccc3)C(=O)O)cc2)c(C)s1,6.75,EC50,True,559.6880000000002,8,3,5.470120000000005,<rdkit.DataStructs.cDataStructs.ExplicitBitVect object at 0x126d00c10>,40
O=C(c1ccccc1)c1ccccc1N[C@@H](Cc1ccc(OCc2ccc(Cl)cc2)cc1)C(=O)O,5.96,EC50,True,485.9670000000002,4,2,6.257800000000004,<rdkit.DataStructs.cDataStructs.ExplicitBitVect object at 0x126d00c80>,35
CN(CCOc1ccc(C[C@H](Nc2ccccc2C(=O)c2ccccc2)C(=O)O)cc1)c1ccccn1,8.3,EC50,True,495.5790000000002,6,2,4.9356000000000035,<rdkit.DataStructs.cDataStructs.ExplicitBitVect object at 0x126d00cf0>,37
Cc1cccc(OC(=O)N(CC(=O)O)[C@@H](C)c2cccc(OCc3coc(-c4ccc(Cl)cc4)n3)c2)c1,6.24,EC50,True,520.9690000000003,6,1,6.529020000000005,<rdkit.DataStructs.cDataStructs.ExplicitBitVect object at 0x126d00d60>,37
CCCc1cc(Oc2ccccc2)ccc1OCCCCOc1ccc2c(c1)CCC(C)(C(=O)O)O2,5.92,EC50,True,490.59600000000034,5,1,6.837700000000007,<rdkit.DataStructs.cDataStructs.ExplicitBitVect object at 0x126d00dd0>,36
COC1Oc2cc(O)c3c(c2C(=O)N1C(=O)NCc1ccc([N+](=O)[O-])cc1)OC1=CC(O)=C(C(C)=O)C(=O)[C@]13C,5.22,EC50,False,551.4640000000002,11,3,2.4926000000000013,<rdkit.DataStructs.cDataStructs.ExplicitBitVect object at 0x126d00e40>,40
COC1Oc2cc(O)c3c(c2C(=O)N1C(=O)NCc1cccc2ccccc12)OC1=CC(O)=C(C(C)=O)C(=O)[C@]13C,6.75,EC50,True,556.5270000000002,9,3,3.7376000000000023,<rdkit.DataStructs.cDataStructs.ExplicitBitVect object at 0x126d00eb0>,41
Cc1ccc(OC(=O)N(CC(=O)O)Cc2cccc(OCc3nc(-c4ccc(Cl)cc4)sc3C)c2)cc1,5.6,EC50,True,537.0370000000003,6,1,6.744940000000006,<rdkit.DataStructs.cDataStructs.ExplicitBitVect object at 0x126d00f20>,37
Cc1ccc(OC(=O)N(CC(=O)O)Cc2cccc(OCc3nc(-c4ccc(-c5ccccc5)cc4)oc3C)c2)cc1,6.4,EC50,True,562.6220000000003,6,1,7.2900400000000065,<rdkit.DataStructs.cDataStructs.ExplicitBitVect object at 0x126d00f90>,42
O=C(O)CCCc1cc2cc(Cl)ccc2n1S(=O)(=O)c1ccc2c(c1)OCO2,7.15,EC50,True,421.85800000000023,6,1,3.6677000000000026,<rdkit.DataStructs.cDataStructs.ExplicitBitVect object at 0x126d01000>,28
COC1Oc2cc(O)c3c(c2C(=O)N1C(=O)NCc1ccccc1[N+](=O)[O-])OC1=CC(O)=C(C(C)=O)C(=O)[C@]13C,5.8,EC50,True,551.4640000000002,11,3,2.4926000000000004,<rdkit.DataStructs.cDataStructs.ExplicitBitVect object at 0x126d01070>,40
CCCCc1nc(C)c(Cc2nc(C3CC3)no2)c(=O)n1Cc1ccc(-c2ccccc2-c2noc(=O)[nH]2)cc1,5.37,EC50,False,538.6080000000003,9,1,4.804120000000005,<rdkit.DataStructs.cDataStructs.ExplicitBitVect object at 0x126d010e0>,40
Cc1oc(-c2ccccc2)nc1CCOc1ccc(C[C@@H](C(=O)O)N2CCN(S(=O)(=O)c3ccccc3[N+](=O)[O-])CC2)cc1,5.67,EC50,True,620.6840000000001,9,1,4.1819200000000025,<rdkit.DataStructs.cDataStructs.ExplicitBitVect object at 0x126d01150>,44
CCO[C@@H](Cc1ccc(OCCN2CCC(C)(C)c3cc(/C(=N/OC)c4ccccc4)ccc32)cc1)C(=O)O,8.11,EC50,True,530.6650000000002,6,1,5.684300000000006,<rdkit.DataStructs.cDataStructs.ExplicitBitVect object at 0x126d011c0>,39
Cc1cc(CC(=O)O)cc(CN2CCN(c3nc4ccc(C(F)(F)F)cc4s3)[C@@H](C)C2)c1,5.51,EC50,True,463.5250000000001,5,1,4.961320000000004,<rdkit.DataStructs.cDataStructs.ExplicitBitVect object at 0x126d01230>,32
CCCCCc1nc2ccccc2n1Cc1ccc(-c2ccccc2C(N)=O)cc1,5.41,EC50,False,397.52200000000016,3,1,5.583200000000006,<rdkit.DataStructs.cDataStructs.ExplicitBitVect object at 0x126d012a0>,30
Cc1cc(-c2nc(CCOc3ccc(C[C@H](Nc4ccccc4C(=O)c4ccccc4)C(=O)O)cc3)c(C)s2)no1,8.82,EC50,True,567.6670000000003,8,2,6.375240000000005,<rdkit.DataStructs.cDataStructs.ExplicitBitVect object at 0x126d01310>,41
Cc1sc(N2CCNCC2)nc1CCOc1ccc(C[C@H](Nc2ccccc2C(=O)c2ccccc2)C(=O)O)cc1,6.47,EC50,True,570.7150000000003,8,3,4.821420000000004,<rdkit.DataStructs.cDataStructs.ExplicitBitVect object at 0x126d01380>,41
Cc1cccc(Nc2cc(Cl)nc(SCC(=O)O)n2)c1C,4.53,EC50,False,323.80500000000006,5,2,3.6671400000000007,<rdkit.DataStructs.cDataStructs.ExplicitBitVect object at 0x126d013f0>,21
COc1ccc(-n2c(C)c(Cc3cccc(O[C@@H](C)C(=O)O)c3)c3cc(OC(F)(F)F)ccc32)cc1,8.52,EC50,True,499.4850000000001,5,1,6.288820000000005,<rdkit.DataStructs.cDataStructs.ExplicitBitVect object at 0x126d01460>,36
CCCc1cc2c(OC)noc2c(CCC)c1OC(C)(C)C(=O)O,5.96,EC50,True,335.40000000000003,5,1,3.9834000000000023,<rdkit.DataStructs.cDataStructs.ExplicitBitVect object at 0x126d014d0>,24
Cc1oc(-c2ccccc2)nc1CCOc1cccc(CN(CC(=O)O)Cc2ccccc2)c1,6.53,EC50,True,456.5420000000002,5,1,5.3583200000000035,<rdkit.DataStructs.cDataStructs.ExplicitBitVect object at 0x126d01540>,34
CN(CCOc1ccc(CC(Nc2ccccc2C(=O)c2cccs2)C(=O)O)cc1)c1nc2ccccc2o1,7.11,EC50,True,541.6290000000002,8,2,5.743300000000006,<rdkit.DataStructs.cDataStructs.ExplicitBitVect object at 0x126d015b0>,39
Cc1oc(-c2ccccc2)nc1CCOc1ccc(CC(Nc2ccccc2C(=O)N(C)C)C(=O)O)cc1,6.25,EC50,True,513.5940000000003,6,2,5.081120000000003,<rdkit.DataStructs.cDataStructs.ExplicitBitVect object at 0x126d01620>,38
CN(CCOc1ccc(CC(NCc2ccccc2C(=O)c2ccccc2)C(=O)O)cc1)c1nc2ccccc2o1,6.02,EC50,True,549.6270000000002,7,2,5.359500000000005,<rdkit.DataStructs.cDataStructs.ExplicitBitVect object at 0x126d01690>,41
CCCc1cc(CC2CCCCC2)ccc1OCCCOc1cccc(C2SC(=O)NC2=O)c1,7.1,EC50,True,481.6580000000002,5,1,6.633900000000007,<rdkit.DataStructs.cDataStructs.ExplicitBitVect object at 0x126d01700>,34
CCCCCCN1C(=O)C(CCOc2ccccc2CC(=O)O)Oc2ccccc21,7.0,EC50,True,411.4980000000002,4,1,4.457100000000003,<rdkit.DataStructs.cDataStructs.ExplicitBitVect object at 0x126d01770>,30
CCCc1c(OCCCOc2ccc(OC(C)C(=O)O)cc2)ccc2c(-c3ccccc3)noc12,7.57,EC50,True,475.54100000000017,6,1,6.147100000000005,<rdkit.DataStructs.cDataStructs.ExplicitBitVect object at 0x126d017e0>,35
CC(C)(C)OC(=O)NC(CSCc1ccc(C(=O)c2ccc(C(F)(F)F)cc2)cc1)C(=O)O,5.66,EC50,True,483.5080000000001,5,2,5.147500000000005,<rdkit.DataStructs.cDataStructs.ExplicitBitVect object at 0x126d01850>,33
Cc1oc(-c2ccccc2)nc1CCCc1ccc(C[C@@H](C(=O)O)n2cccc2)cc1,6.85,EC50,True,414.50500000000005,4,1,5.495220000000003,<rdkit.DataStructs.cDataStructs.ExplicitBitVect object at 0x126d018c0>,31
CCCCC(Sc1ccc(OCCCOc2cccc3c2CCCC3)cc1)C(=O)O,5.09,EC50,False,428.5940000000002,4,1,6.148800000000006,<rdkit.DataStructs.cDataStructs.ExplicitBitVect object at 0x126d01930>,30
CC(C)OC(Cc1ccc(OCc2noc(-c3ccc(C(C)C)cc3)n2)cc1)C(=O)O,8.4,EC50,True,424.4970000000001,6,1,4.859700000000004,<rdkit.DataStructs.cDataStructs.ExplicitBitVect object at 0x126d019a0>,31
CCCCCCC(Sc1nc(Cl)cc(Nc2nc(-c3ccc(Cl)cc3)cs2)n1)C(=O)O,5.19,EC50,False,497.4730000000001,7,2,7.166200000000006,<rdkit.DataStructs.cDataStructs.ExplicitBitVect object at 0x126d01a10>,31
CCCCCCC(Sc1nc(Cl)cc(Nc2nc(-c3ccc4c(c3)CCCC4)cs2)n1)C(=O)O,5.39,EC50,False,517.1200000000003,7,2,7.391600000000006,<rdkit.DataStructs.cDataStructs.ExplicitBitVect object at 0x126d01a80>,34
CC(C)(C)c1ccc(C(=O)Nc2ccccc2C(=O)Nc2cccc(C(=O)O)c2)cc1,5.41,EC50,False,416.4770000000001,3,3,5.186900000000003,<rdkit.DataStructs.cDataStructs.ExplicitBitVect object at 0x126d01af0>,31
O=C1NC(=O)C(Cc2ccc(OCCn3cnc4ccccc43)cc2)S1,5.63,EC50,True,367.43,6,1,3.009400000000001,<rdkit.DataStructs.cDataStructs.ExplicitBitVect object at 0x126d01b60>,26
Cc1oc(-c2ccc(C#N)cc2)nc1CCOc1ccc2c(c1)CC[C@H]2CC(=O)O,7.46,EC50,True,402.45000000000016,5,1,4.647700000000004,<rdkit.DataStructs.cDataStructs.ExplicitBitVect object at 0x126d01bd0>,30
CN(CCOc1ccc(CC2SC(=O)NC2=O)cc1)c1ccccn1,7.64,EC50,True,357.435,6,1,2.490900000000001,<rdkit.DataStructs.cDataStructs.ExplicitBitVect object at 0x126d01c40>,25
O=C(O)[C@H](Cc1ccccc1)Oc1ccc(-c2cccs2)cc1,5.8,EC50,True,324.401,3,1,4.489800000000003,<rdkit.DataStructs.cDataStructs.ExplicitBitVect object at 0x126d01cb0>,23
Cl.Cn1c(COc2cccc(C(=O)O)c2)nc2ccc(Oc3ccccc3)cc21,6.07,EC50,True,410.85700000000014,5,1,5.064600000000004,<rdkit.DataStructs.cDataStructs.ExplicitBitVect object at 0x126d01d20>,29
CCOC(=O)N1C[C@H](CC(=O)O)[C@H](c2cccc(OCCc3nc(-c4ccccc4)oc3C)c2)C1,7.7,EC50,True,478.5450000000003,6,1,4.9181200000000045,<rdkit.DataStructs.cDataStructs.ExplicitBitVect object at 0x126d01d90>,35
CCOC(=O)N1C[C@H](CC(=O)O)[C@@H](c2cccc(OCCc3nc(-c4ccccc4)oc3C)c2)C1,5.01,EC50,False,478.5450000000003,6,1,4.9181200000000045,<rdkit.DataStructs.cDataStructs.ExplicitBitVect object at 0x126d01e00>,35
CCCCOc1ccc(CC(CC)C(=O)O)cc1CNC(=O)c1ccc(C(F)(F)F)cc1,5.89,EC50,True,451.48500000000007,3,2,5.4676000000000045,<rdkit.DataStructs.cDataStructs.ExplicitBitVect object at 0x126d01e70>,32
CCCC/C(=C\c1cc(OC/C=C/c2ccccc2)ccc1OCc1ccc(C(F)(F)F)cc1)C(=O)O,4.89,EC50,False,510.5520000000002,3,1,8.034800000000008,<rdkit.DataStructs.cDataStructs.ExplicitBitVect object at 0x126d01ee0>,37
COc1ccc(N2C(=O)[C@H](Cc3cccc(OCCc4nc(-c5ccccc5)oc4C)c3)[C@@H]2C(=O)O)cc1,6.08,EC50,True,512.5620000000002,6,1,4.938820000000003,<rdkit.DataStructs.cDataStructs.ExplicitBitVect object at 0x126d01f50>,38
CCCCC(Sc1ccc(OCCCOc2cccc(C)c2)cc1)C(=O)O,5.52,EC50,True,388.52900000000005,4,1,5.578420000000006,<rdkit.DataStructs.cDataStructs.ExplicitBitVect object at 0x126d01fc0>,27
CCCCC(Cc1ccc(OCCCOc2cccc(C)c2C)cc1)C(=O)O,5.38,EC50,False,384.5160000000001,3,1,5.584840000000006,<rdkit.DataStructs.cDataStructs.ExplicitBitVect object at 0x126d02030>,28
Cc1cc(Oc2ccc3nc(COc4cccc(C(=O)O)c4)n(C)c3c2)ccc1F.Cl,7.21,EC50,True,442.8740000000001,5,1,5.512120000000004,<rdkit.DataStructs.cDataStructs.ExplicitBitVect object at 0x126d020a0>,31
O=C(O)CCCc1cc2cc(C(F)(F)F)ccc2n1S(=O)(=O)c1ccccc1,6.38,EC50,True,411.4010000000001,4,1,4.304400000000003,<rdkit.DataStructs.cDataStructs.ExplicitBitVect object at 0x126d02110>,28
Cc1ccc2c(c1)cc(CCCC(=O)O)n2S(=O)(=O)c1ccccc1,6.55,EC50,True,357.43100000000004,4,1,3.5940200000000013,<rdkit.DataStructs.cDataStructs.ExplicitBitVect object at 0x126d02180>,25
Cc1nc2ccc(S(=O)(=O)n3c(CCCC(=O)O)cc4cc(Cl)ccc43)cc2s1,7.96,EC50,True,448.9530000000001,6,1,4.857120000000003,<rdkit.DataStructs.cDataStructs.ExplicitBitVect object at 0x126d021f0>,29
CCO[C@@H](Cc1cccc(C2=NOC(c3ccc(C(C)(C)C)cc3)C2)c1)C(=O)O,5.56,EC50,True,395.49900000000014,4,1,4.882000000000004,<rdkit.DataStructs.cDataStructs.ExplicitBitVect object at 0x126d02260>,29
O=S(=O)(Nc1cc(Cl)c(Oc2cnc3ccccc3c2)c(Cl)c1)c1ccc(Br)c(F)c1,6.77,EC50,True,542.2130000000001,4,1,7.036300000000002,<rdkit.DataStructs.cDataStructs.ExplicitBitVect object at 0x126d022d0>,31
CN(CCOc1ccc(CC(Nc2ccccc2C(=O)c2ccc(OCc3ccccc3)cc2)C(=O)O)cc1)c1nc2ccccc2o1,6.12,EC50,True,641.7240000000002,8,2,7.260800000000007,<rdkit.DataStructs.cDataStructs.ExplicitBitVect object at 0x126d02340>,48
CCOC(=O)c1ccccc1NC(Cc1ccc(OCCc2nc(-c3ccccc3)oc2C)cc1)C(=O)O,9.37,EC50,True,514.5780000000003,7,2,5.556020000000005,<rdkit.DataStructs.cDataStructs.ExplicitBitVect object at 0x126d023b0>,38
CC(/C=C(\O)c1ccccc1)=N\[C@@H](Cc1ccc(OCc2ccccc2)cc1)C(=O)O,4.66,EC50,False,415.48900000000015,4,2,5.321300000000004,<rdkit.DataStructs.cDataStructs.ExplicitBitVect object at 0x126d02420>,31
COc1ccc(OC(=O)N(CC(=O)O)Cc2cc(OCc3nc(-c4ccc(Cl)cc4)oc3C)ccc2F)cc1,5.96,EC50,True,554.9580000000002,7,1,6.115720000000005,<rdkit.DataStructs.cDataStructs.ExplicitBitVect object at 0x126d02490>,39
COC(=O)N(CC(=O)O)Cc1cc(OCc2nc(-c3ccc(C(C)(C)C)cc3)oc2C)ccc1F,6.38,EC50,True,484.5240000000002,6,1,5.3186200000000055,<rdkit.DataStructs.cDataStructs.ExplicitBitVect object at 0x126d02500>,35
Cc1ccc(-c2nc(CCCC[C@H]3CO[C@@](C)(C(=O)O)OC3)c(C)o2)cc1,5.16,EC50,False,373.4490000000001,5,1,4.135040000000004,<rdkit.DataStructs.cDataStructs.ExplicitBitVect object at 0x126d02570>,27
C/C(=C\COc1ccccc1Cc1c(C)n[nH]c1-c1ccc(-c2ccco2)cc1)CCC(=O)O,5.26,EC50,False,456.5420000000002,4,2,6.425820000000006,<rdkit.DataStructs.cDataStructs.ExplicitBitVect object at 0x126d025e0>,34
Cc1oc(-c2ccccc2)nc1CCOc1ccc(CN(CC(=O)O)Cc2ccc(-c3ccccc3Cl)o2)cc1,6.57,EC50,True,557.0460000000003,6,1,7.2717200000000055,<rdkit.DataStructs.cDataStructs.ExplicitBitVect object at 0x126d02650>,40
Cc1oc(-c2ccccc2)nc1CCOc1ccc(CN(CCOCc2ccccc2)CC(=O)O)cc1,5.93,EC50,True,500.5950000000003,6,1,5.374920000000004,<rdkit.DataStructs.cDataStructs.ExplicitBitVect object at 0x126d026c0>,37
Cc1oc(-c2ccccc2)nc1CCOc1cccc(CN(CCCc2ccccc2)CC(=O)O)c1,6.04,EC50,True,484.5960000000003,5,1,5.790920000000005,<rdkit.DataStructs.cDataStructs.ExplicitBitVect object at 0x126d02730>,36
CCCO/N=C(\C)C(Cc1ccc(OCCc2nc(-c3ccc(F)cc3)oc2C)cc1)C(=O)O,8.68,EC50,True,468.52500000000015,6,1,5.456420000000006,<rdkit.DataStructs.cDataStructs.ExplicitBitVect object at 0x126d027a0>,34
CCCO/N=C(\C)C(Cc1ccc(OCCc2nc(-c3ccccc3)oc2C)cc1)C(=O)O,9.26,EC50,True,450.53500000000014,6,1,5.317320000000005,<rdkit.DataStructs.cDataStructs.ExplicitBitVect object at 0x126d02810>,33
CCOC(Cc1ccc(OCCNC2=Nc3ccccc3Sc3ccccc32)cc1)C(=O)O,5.01,EC50,False,462.57100000000014,6,2,4.9303000000000035,<rdkit.DataStructs.cDataStructs.ExplicitBitVect object at 0x126d02880>,33
CCCc1c(OCCCn2ccc3ccc(OCC(=O)O)cc32)ccc2cc(C(=O)c3ccccc3)ccc12,5.46,EC50,False,521.6130000000002,5,1,6.910500000000007,<rdkit.DataStructs.cDataStructs.ExplicitBitVect object at 0x126d028f0>,39
CCCc1c(OCCCn2ccc3cc(OCC(=O)O)ccc32)ccc2cc(C(=O)c3ccccc3)ccc12,5.66,EC50,True,521.6130000000002,5,1,6.910500000000006,<rdkit.DataStructs.cDataStructs.ExplicitBitVect object at 0x126d02960>,39
CO[C@@H](Cc1ccc(OCCCOc2ccc(C(=O)c3ccccc3)cc2)c(Cl)c1)C(=O)O,6.52,EC50,True,468.9330000000001,5,1,5.061000000000005,<rdkit.DataStructs.cDataStructs.ExplicitBitVect object at 0x126d029d0>,33
Cc1oc(-c2cccs2)nc1CCOc1ccc(C[C@@](C)(Oc2ccccc2)C(=O)O)cc1,6.92,EC50,True,463.5550000000002,6,1,5.797820000000006,<rdkit.DataStructs.cDataStructs.ExplicitBitVect object at 0x126d02a40>,33
CCCCCS(=O)(=O)NC(=O)OCc1ccc(OCCOC)cc1Oc1ncc(C(F)(F)F)cc1Cl,8.0,EC50,True,554.9710000000002,8,1,5.317500000000006,<rdkit.DataStructs.cDataStructs.ExplicitBitVect object at 0x126d02ab0>,36
CCCCCS(=O)(=O)NC(=O)/C=C/c1ccc(OC(C)C)cc1Oc1ncc(C(F)(F)F)cc1Cl,7.58,EC50,True,534.9840000000003,6,1,5.982700000000005,<rdkit.DataStructs.cDataStructs.ExplicitBitVect object at 0x126d02b20>,35
CN(CCOc1ccc(CC2SC(=O)NC2=O)cc1)c1ccccn1,6.18,EC50,True,357.435,6,1,2.490900000000001,<rdkit.DataStructs.cDataStructs.ExplicitBitVect object at 0x126d02b90>,25
Cc1oc(-c2ccccc2)nc1CCOc1ccc(CCC(=O)O)c2c1CCN(C(=O)OCC(C)C)C2,8.1,EC50,True,506.59900000000044,6,1,5.439420000000005,<rdkit.DataStructs.cDataStructs.ExplicitBitVect object at 0x126d02c00>,37
Cc1sc(N2CCOCC2)nc1CCOc1ccc(CCC(=O)O)c(CNC(=O)OC(C)C)c1,7.55,EC50,True,491.6100000000003,8,2,3.561420000000002,<rdkit.DataStructs.cDataStructs.ExplicitBitVect object at 0x126d02c70>,34
CCC(Cc1ccc(OC)c(CNC(=O)c2ccc(C(F)(F)F)cc2)c1)C(=O)O,5.58,EC50,True,409.40400000000005,3,2,4.297300000000003,<rdkit.DataStructs.cDataStructs.ExplicitBitVect object at 0x126d02ce0>,29
CCC1(C(=O)O)CCc2ccc(OCCCOc3ccc(Oc4ccccc4)cc3)cc2O1,5.0,EC50,False,448.5150000000001,5,1,5.8852000000000055,<rdkit.DataStructs.cDataStructs.ExplicitBitVect object at 0x126d02d50>,33
CCC1(C(=O)O)CCc2ccc(OCCCOc3ccc(Oc4ccccc4)cc3Cl)cc2O1,6.8,EC50,True,482.9600000000001,5,1,6.538600000000006,<rdkit.DataStructs.cDataStructs.ExplicitBitVect object at 0x126d02dc0>,34
Cc1ccc(COc2cccc(OCCCOc3ccc4c(CC(=O)O)cn(Cc5ccccc5)c4c3)c2)cc1,5.89,EC50,True,535.6400000000003,5,1,7.052020000000007,<rdkit.DataStructs.cDataStructs.ExplicitBitVect object at 0x126d02e30>,40
CCCc1cc2c(=O)n(C(C)C)oc2c(CCC)c1O[C@H](C(=O)O)c1ccc(CC(C)C)cc1,6.43,EC50,True,467.6060000000002,5,1,6.483600000000007,<rdkit.DataStructs.cDataStructs.ExplicitBitVect object at 0x126d02ea0>,34
CCCc1nc2ccc(-c3cccc(O)c3)cc2n1Cc1ccc(-c2ccccc2C(=O)O)cc1,5.39,EC50,False,462.5490000000002,4,2,6.774900000000007,<rdkit.DataStructs.cDataStructs.ExplicitBitVect object at 0x126d02f10>,35
Cc1oc(-c2ccccc2)nc1CCOc1cccc(CN(CC(=O)O)Cc2ccc(Oc3ccccc3)cc2)c1,7.17,EC50,True,548.6390000000004,6,1,7.150620000000006,<rdkit.DataStructs.cDataStructs.ExplicitBitVect object at 0x126d02f80>,41
Cc1sc(N2CCOCC2)nc1CCOc1ccc(C[C@H](Nc2ccccc2C(=O)c2ccccc2)C(=O)O)cc1,8.74,EC50,True,571.6990000000003,8,2,5.248420000000004,<rdkit.DataStructs.cDataStructs.ExplicitBitVect object at 0x126d02ff0>,41
CC(F)(F)CCCCN1C(=O)[C@@H](CCOc2ccccc2CC(=O)O)Oc2ccccc21,6.53,EC50,True,447.4780000000002,4,1,4.702300000000004,<rdkit.DataStructs.cDataStructs.ExplicitBitVect object at 0x126d03060>,32
O=C(Nc1ccc(Oc2ncccn2)cc1C(=O)[O-])c1ccc(Cl)cc1Cl.[Li+],5.89,EC50,True,410.1420000000001,6,1,0.19549999999999979,<rdkit.DataStructs.cDataStructs.ExplicitBitVect object at 0x126d030d0>,28
Cc1cc(-n2nc3ccccc3n2)cc(C)c1OC(C)(C)C(=O)O,6.32,EC50,True,325.3680000000001,5,1,3.2793400000000004,<rdkit.DataStructs.cDataStructs.ExplicitBitVect object at 0x126d03140>,24
CC(C)CCCCN1C(=O)C(CCOc2ccccc2CC(=O)O)Oc2ccccc21,7.1,EC50,True,425.5250000000002,4,1,4.703100000000004,<rdkit.DataStructs.cDataStructs.ExplicitBitVect object at 0x126d031b0>,31
CC(=O)CCCCCN1C(=O)C(CCOc2ccccc2CC(=O)O)Oc2ccccc21,6.58,EC50,True,439.5080000000002,5,1,4.026200000000003,<rdkit.DataStructs.cDataStructs.ExplicitBitVect object at 0x126d03220>,32
CCCCC(Sc1nc(OCCC2CCCCC2)cc(OCCC2CCCCC2)n1)C(=O)O,5.18,EC50,False,478.69900000000035,6,1,6.910500000000007,<rdkit.DataStructs.cDataStructs.ExplicitBitVect object at 0x126d03290>,33
CCCC/C(=C\c1cc(OCc2ccc(Cl)c(Cl)c2)ccc1OCc1ccc(C(F)(F)F)cc1)C(=O)O,5.68,EC50,True,553.4040000000002,3,1,8.828400000000004,<rdkit.DataStructs.cDataStructs.ExplicitBitVect object at 0x126d03300>,37
O=C(O)Cc1ccccc1OCCC1Oc2ccccc2N(CCCCCCO)C1=O,6.7,EC50,True,427.4970000000003,5,2,3.429500000000002,<rdkit.DataStructs.cDataStructs.ExplicitBitVect object at 0x126d03370>,31
O=C(O)c1cccc(NC(=O)c2ccccc2NC(=O)c2ccc(C(F)(F)F)c(F)c2)c1,5.16,EC50,False,446.3560000000001,3,3,5.047300000000002,<rdkit.DataStructs.cDataStructs.ExplicitBitVect object at 0x126d033e0>,32
O=C(O)c1cccc(NC(=O)c2ccccc2NC(=O)c2cc(C(F)(F)F)cc(C(F)(F)F)c2)c1,4.96,EC50,False,496.3630000000001,3,3,5.927000000000002,<rdkit.DataStructs.cDataStructs.ExplicitBitVect object at 0x126d03450>,35
CC(C)c1oc(-c2ccccc2Cl)nc1CCc1noc2cc(OC(C)(C)C(=O)O)ccc12,4.51,EC50,False,468.93700000000024,6,1,6.286800000000005,<rdkit.DataStructs.cDataStructs.ExplicitBitVect object at 0x126d034c0>,33
CN(CCOc1ccc(CC2SC(=O)NC2=O)cc1)c1ccccn1,7.0,EC50,True,357.435,6,1,2.490900000000001,<rdkit.DataStructs.cDataStructs.ExplicitBitVect object at 0x126d03530>,25
CC[C@@H](NC(=O)c1ccc2c(c1)nc(C)n2Cc1ccc(Cl)c(Cl)c1)c1ccccc1,7.4,EC50,True,452.38500000000005,3,1,6.580920000000005,<rdkit.DataStructs.cDataStructs.ExplicitBitVect object at 0x126d035a0>,31
CCCc1c(OCCCCOc2ccc(OC(C)(C)C(=O)O)cc2)ccc2c(-c3ccccc3)noc12,8.7,EC50,True,503.5950000000002,6,1,6.927300000000007,<rdkit.DataStructs.cDataStructs.ExplicitBitVect object at 0x126d03610>,37
O=C(O)Cc1ccccc1OCCC1Oc2ccccc2N(CCCCCO)C1=O,6.0,EC50,True,413.47000000000025,5,2,3.039400000000002,<rdkit.DataStructs.cDataStructs.ExplicitBitVect object at 0x126d03680>,30
O=C1NC(=O)C(Cc2ccc(/N=N/c3ccc(C(F)(F)F)cc3)cc2)S1,5.66,EC50,True,379.363,5,1,5.014900000000003,<rdkit.DataStructs.cDataStructs.ExplicitBitVect object at 0x126d036f0>,26
Cn1c(COc2cccc(C(=O)O)c2)nc2ccc(Oc3ccc(F)cn3)cc21,6.09,EC50,True,393.3740000000001,6,1,4.1769000000000025,<rdkit.DataStructs.cDataStructs.ExplicitBitVect object at 0x126d03760>,29
Cc1ccc(Oc2ccc3nc(COc4cccc(C(=O)O)c4)n(C)c3n2)cc1C,7.05,EC50,True,403.43800000000016,6,1,4.654640000000003,<rdkit.DataStructs.cDataStructs.ExplicitBitVect object at 0x126d037d0>,30
Cc1ccc(Oc2ccc3nc(COc4cccc(C(=O)O)c4)n(C)c3n2)cc1F,7.3,EC50,True,407.4010000000001,6,1,4.485320000000003,<rdkit.DataStructs.cDataStructs.ExplicitBitVect object at 0x126d03840>,30
Cc1cc(F)cnc1Oc1ccc2nc(COc3cccc(C(=O)O)c3)n(C)c2c1,7.0,EC50,True,407.4010000000001,6,1,4.485320000000003,<rdkit.DataStructs.cDataStructs.ExplicitBitVect object at 0x126d038b0>,30
Cn1c(COc2cccc(C(=O)O)c2)nc2ccc(Oc3ncc(Cl)cc3Cl)cc21,7.05,EC50,True,444.27400000000017,6,1,5.3446000000000025,<rdkit.DataStructs.cDataStructs.ExplicitBitVect object at 0x126d03920>,30
CCCCCCC(Sc1nc(Cl)cc(Nc2nc(-c3ccc([N+](=O)[O-])cc3)cs2)n1)C(=O)O,5.47,EC50,False,508.0250000000002,9,2,6.421000000000005,<rdkit.DataStructs.cDataStructs.ExplicitBitVect object at 0x126d03990>,33
CCC(Sc1nc(Cl)cc(Nc2nc(-c3ccc(Cl)cc3)cs2)n1)C(=O)O,5.41,EC50,False,441.36500000000007,7,2,5.605800000000004,<rdkit.DataStructs.cDataStructs.ExplicitBitVect object at 0x126d03a00>,27
CCCCCCC(Sc1nc(Cl)cc(Nc2nc(-c3ccccc3)c(C)s2)n1)C(=O)O,5.64,EC50,True,477.0550000000002,7,2,6.821220000000006,<rdkit.DataStructs.cDataStructs.ExplicitBitVect object at 0x126d03a70>,31
CC(C)(O)CCCCN1C(=O)C(CCOc2ccccc2CC(=O)O)Oc2ccccc21,6.19,EC50,True,441.52400000000017,5,2,3.818000000000003,<rdkit.DataStructs.cDataStructs.ExplicitBitVect object at 0x126d03ae0>,32
CC(C)OC(Cc1ccc(OCCc2noc(-c3cccc(Cl)c3)n2)cc1)C(=O)O,8.4,EC50,True,430.8880000000001,6,1,4.4322000000000035,<rdkit.DataStructs.cDataStructs.ExplicitBitVect object at 0x126d03b50>,30
COC(=O)C1Cc2ccc(OCCc3nc(-c4cccc(C(F)(F)F)c4)oc3C)cc2OC1=O,6.8,EC50,True,475.41900000000015,7,0,4.541020000000004,<rdkit.DataStructs.cDataStructs.ExplicitBitVect object at 0x126d03bc0>,34
CCCNC(=O)c1cccc(Oc2cccc(-c3c(Cc4ccccc4)cnc4c(C(F)(F)F)cccc34)c2)c1,5.42,EC50,False,540.5850000000002,3,1,8.443500000000004,<rdkit.DataStructs.cDataStructs.ExplicitBitVect object at 0x126d03c30>,40
COCCn1nc(-c2ccc(C(C)(C)C)cc2)cc1C(=O)NCc1ccc(OC(C)(C)C(=O)O)c(C)c1,6.52,EC50,True,507.63100000000037,6,2,4.974420000000004,<rdkit.DataStructs.cDataStructs.ExplicitBitVect object at 0x126d03ca0>,37
CCCCCCCN(CC(=O)O)Cc1ccc(OCCc2nc(-c3ccccc3)oc2C)cc1,6.87,EC50,True,464.6060000000003,5,1,6.128520000000006,<rdkit.DataStructs.cDataStructs.ExplicitBitVect object at 0x126d03d10>,34
Cc1oc(-c2ccccc2)nc1CCOc1cccc(CN(CC(=O)O)Cc2cccc3ccccc23)c1,7.44,EC50,True,506.60200000000026,5,1,6.511520000000005,<rdkit.DataStructs.cDataStructs.ExplicitBitVect object at 0x126d03d80>,38
CCc1ccc(O[C@H](C)CCOc2ccc(CCC(=O)O)c(CC)c2)c(-c2ccccn2)c1,6.78,EC50,True,447.57500000000016,4,1,6.127000000000006,<rdkit.DataStructs.cDataStructs.ExplicitBitVect object at 0x126d03df0>,33
Cc1cc(OCC[C@@H](C)Oc2ccc(Cl)cc2-c2ccccn2)ccc1CCC(=O)O,6.52,EC50,True,439.9390000000002,4,1,5.964020000000006,<rdkit.DataStructs.cDataStructs.ExplicitBitVect object at 0x126d03e60>,31
CCc1ccc(O[C@H](C)CCOc2ccc(CCC(=O)O)c(C)c2)c(-c2cocn2)c1,5.7,EC50,True,423.5090000000001,5,1,5.466020000000006,<rdkit.DataStructs.cDataStructs.ExplicitBitVect object at 0x126d03ed0>,31
CCCOc1ccc(C[C@@H](Cc2ccccc2)C(=O)O)cc1CNC(=O)c1ccc(N2CCCC(C)(C)C2)cc1,8.15,EC50,True,542.7200000000004,4,2,6.5178000000000065,<rdkit.DataStructs.cDataStructs.ExplicitBitVect object at 0x126d03f40>,40
O=C(O)C(Cc1ccccc1)Oc1ccc(COc2ccccc2)cc1,5.52,EC50,True,348.398,3,1,4.340300000000004,<rdkit.DataStructs.cDataStructs.ExplicitBitVect object at 0x126d04040>,26
O=C(O)Cc1cccc(NC(=O)c2ccccc2NC(=O)c2ccc3ccccc3c2)c1,4.75,EC50,False,424.45600000000013,3,3,4.971500000000003,<rdkit.DataStructs.cDataStructs.ExplicitBitVect object at 0x126d040b0>,32
CC[C@H](Oc1cccc(CN(CCCOc2ccc(OC)cc2)c2nc3ccccc3o2)c1)C(=O)O,5.88,EC50,True,490.55600000000015,7,1,5.554100000000006,<rdkit.DataStructs.cDataStructs.ExplicitBitVect object at 0x126d04120>,36
CCCCOc1ccc(CC(CCC)C(=O)O)cc1CNC(=O)c1ccc(C(F)(F)F)cc1F,6.0,EC50,True,483.5020000000001,3,2,5.996800000000006,<rdkit.DataStructs.cDataStructs.ExplicitBitVect object at 0x126d04190>,34
CCOC(=O)C1=C(c2ccccc2)c2ccc(OCCN3CCOCC3)cc2/C1=[N+](/C)[O-],7.82,EC50,True,436.5080000000003,6,0,2.705400000000001,<rdkit.DataStructs.cDataStructs.ExplicitBitVect object at 0x126d04200>,32
CCC(Cc1ccc(OC)c(C(=O)NCc2cccc(Oc3ccccc3)c2)c1)C(=O)O,5.21,EC50,False,433.50400000000013,4,2,5.070800000000004,<rdkit.DataStructs.cDataStructs.ExplicitBitVect object at 0x126d04270>,32
Cc1ccc(-c2nc(C)c(C(=O)N[C@H]3CCCN(c4cccc(C(=O)O)c4)C3)s2)cc1,5.51,EC50,True,435.54900000000015,5,2,4.523940000000003,<rdkit.DataStructs.cDataStructs.ExplicitBitVect object at 0x126d042e0>,31
Cc1c(C)n(Cc2ccc(-c3ccccc3C(=O)O)cc2)c2ccc(C(=O)N[C@@H](C)c3cccc(C(C)C)c3)cc12,6.07,EC50,True,544.6950000000003,3,2,8.286040000000005,<rdkit.DataStructs.cDataStructs.ExplicitBitVect object at 0x126d04350>,41
Cc1oc(-c2ccccc2)nc1CCOc1ccc(C[C@@H](C(=O)O)N2CCCCC2)cc1,6.86,EC50,True,434.5360000000003,5,1,4.753120000000004,<rdkit.DataStructs.cDataStructs.ExplicitBitVect object at 0x126d043c0>,32
CN[C@@H](Cc1ccc(OCCc2nc(-c3ccccc3)oc2C)cc1)C(=O)O,5.3,EC50,False,380.4440000000001,5,2,3.486620000000002,<rdkit.DataStructs.cDataStructs.ExplicitBitVect object at 0x126d04430>,28
CCO[C@@H](Cc1cccc(/C(C)=N/OCc2cccc(Cl)c2)c1)C(=O)O,8.0,EC50,True,375.8520000000001,4,1,4.313000000000003,<rdkit.DataStructs.cDataStructs.ExplicitBitVect object at 0x126d044a0>,26
CCCc1c(OCCCCOc2ccc(OC(C)C(=O)O)cc2)ccc2c(-c3ccccc3)noc12,7.8,EC50,True,489.5680000000002,6,1,6.537200000000007,<rdkit.DataStructs.cDataStructs.ExplicitBitVect object at 0x126d04510>,36
O=C(c1ccccc1)c1ccccc1N[C@@H](Cc1ccc(OCc2ccccc2)cc1)C(=O)O,4.78,EC50,False,451.5220000000002,4,2,5.6044000000000045,<rdkit.DataStructs.cDataStructs.ExplicitBitVect object at 0x126d04580>,34
COc1ccc(C(=O)c2c(C)n(Cc3cc(O[C@@H](C)C(=O)O)ccc3F)c3nc(OC)ccc23)cc1,9.0,EC50,True,492.50300000000016,7,1,4.632220000000004,<rdkit.DataStructs.cDataStructs.ExplicitBitVect object at 0x126d045f0>,36
CN(CCOc1ccc(CC(Nc2ccccc2Oc2ccccc2)C(=O)O)cc1)c1nc2ccccc2o1,6.97,EC50,True,523.5890000000002,7,2,6.243100000000005,<rdkit.DataStructs.cDataStructs.ExplicitBitVect object at 0x126d04660>,39
CCCc1cc(C(F)(F)F)ccc1OCCCOc1ccc(OCC(=O)OC)cc1,5.93,EC50,True,426.43100000000015,5,0,5.057600000000005,<rdkit.DataStructs.cDataStructs.ExplicitBitVect object at 0x126d046d0>,30
CCCc1c(OCCCOc2ccc(OCC(=O)OC)cc2)cnc(C(C)=O)c1O,6.12,EC50,True,417.45800000000014,8,1,3.3420000000000027,<rdkit.DataStructs.cDataStructs.ExplicitBitVect object at 0x126d04740>,30
CCCc1c(OCCCOc2ccc(OCC(=O)OC)cc2)ccc(C(C)=O)c1O,6.54,EC50,True,416.47000000000014,7,1,3.947000000000003,<rdkit.DataStructs.cDataStructs.ExplicitBitVect object at 0x126d047b0>,30
CCO[C@@H](Cc1ccc(OC/C=C(\C)c2ccc(-c3ccccc3)cc2)cc1)C(=O)O,5.69,EC50,True,416.51700000000005,3,1,5.868100000000006,<rdkit.DataStructs.cDataStructs.ExplicitBitVect object at 0x126d04820>,31
CCCc1c(OCCCn2ccc3ccc(OC(C)(C)C(=O)O)cc32)ccc2cc(C(=O)c3ccccc3)ccc12,6.33,EC50,True,549.6670000000003,5,1,7.689100000000008,<rdkit.DataStructs.cDataStructs.ExplicitBitVect object at 0x126d04890>,41
CC(C)=CCC/C(C)=C/Cc1c(O)cc(/C=C/c2cc(F)cc(F)c2)cc1O,5.16,EC50,False,384.46600000000007,2,2,6.781600000000007,<rdkit.DataStructs.cDataStructs.ExplicitBitVect object at 0x126d04900>,28
CC(C)=CCC/C(C)=C/Cc1c(O)cc(/C=C/c2ccsc2)cc1O,5.22,EC50,False,354.51500000000004,3,2,6.564900000000007,<rdkit.DataStructs.cDataStructs.ExplicitBitVect object at 0x126d04970>,25
CCCOc1ccc(C[C@H](CC)C(=O)O)cc1CNC(=O)c1ccc(C23CC4CC(CC(C4)C2)C3)cc1,7.37,EC50,True,503.68300000000033,3,2,6.526500000000007,<rdkit.DataStructs.cDataStructs.ExplicitBitVect object at 0x126d049e0>,37
CCCC(Cc1ccc(OC)c(CNC(=O)c2ccc(C34CC5CC(CC(C5)C3)C4)cc2)c1)C(=O)O,6.92,EC50,True,489.65600000000035,3,2,6.136400000000006,<rdkit.DataStructs.cDataStructs.ExplicitBitVect object at 0x126d04a50>,36
CCC(Cc1ccc(OC)c(CNC(=O)c2ccc(-c3ccccc3)cc2)c1)C(=O)O,6.5,EC50,True,417.5050000000001,3,2,4.945500000000004,<rdkit.DataStructs.cDataStructs.ExplicitBitVect object at 0x126d04ac0>,31
CC(=O)SC(CCCCC(=O)N(C)CCOc1ccc(CC2SC(=O)NC2=O)cc1)CCSC(=O)CN.Cl,6.71,EC50,True,606.2320000000001,10,2,3.6570000000000022,<rdkit.DataStructs.cDataStructs.ExplicitBitVect object at 0x126d04b30>,38
CCc1ccc(O[C@H](C)CCOc2ccc(CCC(=O)O)c(C)c2)c(-c2ncco2)c1,6.16,EC50,True,423.5090000000001,5,1,5.466020000000006,<rdkit.DataStructs.cDataStructs.ExplicitBitVect object at 0x126d04ba0>,31
COc1cc(O)c2c(c1C(=O)NCc1c(C)ccc3cc(F)ccc13)OC1=CC(O)=C(C(C)=O)C(=O)[C@]12C,7.57,EC50,True,517.5090000000002,7,3,4.449320000000003,<rdkit.DataStructs.cDataStructs.ExplicitBitVect object at 0x126d04c10>,38
CC1(C(=O)O)CCc2ccc(OCCCOc3ccc(Oc4ccccc4)cc3Cl)cc2O1,6.44,EC50,True,468.93300000000016,5,1,6.148500000000005,<rdkit.DataStructs.cDataStructs.ExplicitBitVect object at 0x126d04c80>,33
CCCc1cc(Oc2ccccc2)ccc1OCCCOc1ccc(C2SC(=O)NC2=O)cc1OC,6.4,EC50,True,507.60800000000023,7,1,6.312000000000006,<rdkit.DataStructs.cDataStructs.ExplicitBitVect object at 0x126d04cf0>,36
Cc1sc(-c2ccc(-c3ccccc3)cc2)nc1CCOc1ccc2c(c1)CC[C@H]2CC(=O)O,7.89,EC50,True,469.6060000000004,4,1,6.9115200000000065,<rdkit.DataStructs.cDataStructs.ExplicitBitVect object at 0x126d04d60>,34
CC[C@@H](Oc1cccc(CN(CCCOc2ccc(F)cc2)c2nc3ccccc3o2)c1)C(=O)O,6.03,EC50,True,478.5200000000001,6,1,5.684600000000006,<rdkit.DataStructs.cDataStructs.ExplicitBitVect object at 0x126d04dd0>,35
CCC(Oc1cccc(CN(CCCOc2ccccc2)c2nc3cccc(F)c3o2)c1)C(=O)O,6.28,EC50,True,478.5200000000001,6,1,5.684600000000006,<rdkit.DataStructs.cDataStructs.ExplicitBitVect object at 0x126d04e40>,35
Cc1oc(-c2ccc(Cl)cc2)nc1CCOc1ccc(CC2(C(=O)O)CCCO2)cn1,7.38,EC50,True,442.8990000000002,6,1,4.496220000000004,<rdkit.DataStructs.cDataStructs.ExplicitBitVect object at 0x126d04eb0>,31
CN(CCCc1ccc(C[C@@H](C(=O)O)n2cccc2)cc1)c1ccccc1,5.44,EC50,False,362.47300000000007,3,1,4.425500000000004,<rdkit.DataStructs.cDataStructs.ExplicitBitVect object at 0x126d04f20>,27
CCc1ccc2ccc(F)cc2c1CNC(=O)c1c(OC)cc(O)c2c1OC1=CC(O)=C(C(C)=O)C(=O)[C@]12C,7.92,EC50,True,531.5360000000003,7,3,4.703300000000003,<rdkit.DataStructs.cDataStructs.ExplicitBitVect object at 0x126d04f90>,39
Cc1cc(Oc2ccc3nc(COc4cccc(C(=O)O)c4)n(C)c3c2)cc(C)c1N.Cl.Cl,6.52,EC50,True,490.3870000000001,6,2,5.685440000000004,<rdkit.DataStructs.cDataStructs.ExplicitBitVect object at 0x126d05000>,33
Cc1ccc(Oc2ccc3nc(COc4cccc(C(=O)O)c4)n(C)c3c2)cc1,7.4,EC50,True,388.4230000000001,5,1,4.951220000000004,<rdkit.DataStructs.cDataStructs.ExplicitBitVect object at 0x126d05070>,29
Cl.Cn1c(COc2cccc(C(=O)O)c2)nc2ccc(Oc3ccc(F)c(Cl)c3)cc21,7.19,EC50,True,463.2920000000002,5,1,5.8571000000000035,<rdkit.DataStructs.cDataStructs.ExplicitBitVect object at 0x126d050e0>,31
CCOC(Cc1ccc(OCCC2Sc3ccccc3Oc3ccccc32)cc1)C(=O)O,5.43,EC50,False,450.55600000000015,5,1,6.127000000000006,<rdkit.DataStructs.cDataStructs.ExplicitBitVect object at 0x126d05150>,32
COc1cc(/C=C/c2ccc3c(c2)sc(=O)n3CCOc2ccc(CC(OCC(F)(F)F)C(=O)O)cc2)cc(OC)c1,7.7,EC50,True,603.6150000000002,8,1,5.904200000000006,<rdkit.DataStructs.cDataStructs.ExplicitBitVect object at 0x126d051c0>,42
CN(CCOc1ccc(CC2SC(=O)NC2=O)cc1)c1ccccn1,6.8,EC50,True,357.435,6,1,2.490900000000001,<rdkit.DataStructs.cDataStructs.ExplicitBitVect object at 0x126d05230>,25
Cc1oc(-c2ccccc2)nc1CCOc1cnc(CC2(C(=O)O)CCCO2)cn1,6.81,EC50,True,409.44200000000023,7,1,3.23782,<rdkit.DataStructs.cDataStructs.ExplicitBitVect object at 0x126d052a0>,30
CCCOc1ccc(C[C@@H](Cc2ccccc2)C(=O)O)cc1CNC(=O)c1ccc(-c2ccc(F)cc2)cc1,6.99,EC50,True,525.6200000000002,3,2,6.697500000000006,<rdkit.DataStructs.cDataStructs.ExplicitBitVect object at 0x126d05310>,39
CCCOc1ccc(C[C@@H](Cc2ccccc2)C(=O)O)cc1CNC(=O)c1ccc(-c2ccccc2C)cc1,7.13,EC50,True,521.6570000000003,3,2,6.866820000000007,<rdkit.DataStructs.cDataStructs.ExplicitBitVect object at 0x126d05380>,39
CCCc1nc2cc(-c3ccc(OC)cc3)ccc2n1Cc1ccc(-c2ccccc2C(=O)O)cc1,6.39,EC50,True,476.57600000000025,4,1,7.077900000000007,<rdkit.DataStructs.cDataStructs.ExplicitBitVect object at 0x126d053f0>,36
COc1ccc2c(-n3c(C)c(Cc4cc(O[C@H](C)C(=O)O)ccc4Cl)c4cc(OC(F)(F)F)ccc43)noc2c1,8.52,EC50,True,574.939,7,1,7.083420000000004,<rdkit.DataStructs.cDataStructs.ExplicitBitVect object at 0x126d05460>,40
COc1ccc(C(=O)n2c(C)c(Cc3cccc(OCC#N)c3)c3cc(OC(F)(F)F)ccc32)cc1,7.8,EC50,True,494.46900000000016,6,0,6.038600000000004,<rdkit.DataStructs.cDataStructs.ExplicitBitVect object at 0x126d054d0>,36
Cc1ccccc1-c1nc(COc2ccc(CC(OC(C)C)C(=O)O)cc2)no1,7.0,EC50,True,396.4430000000001,6,1,4.0447200000000025,<rdkit.DataStructs.cDataStructs.ExplicitBitVect object at 0x126d05540>,29
Cc1oc(-c2ccccc2)nc1CCOc1ccc(CN(CC(=O)O)Cc2ccc3c(c2)OCO3)cc1,6.51,EC50,True,500.55100000000033,7,1,5.087020000000004,<rdkit.DataStructs.cDataStructs.ExplicitBitVect object at 0x126d055b0>,37
Cc1cc(OCC[C@@H](C)Oc2ccc(C(F)(F)F)cc2-c2ccccn2)ccc1CCC(=O)O,7.17,EC50,True,473.4910000000002,4,1,6.329420000000006,<rdkit.DataStructs.cDataStructs.ExplicitBitVect object at 0x126d05620>,34
Cc1oc(-c2ccccc2)nc1CCOc1cccc(CN(CC(=O)O)Cc2cccc(Oc3ccccc3)c2)c1,6.45,EC50,True,548.6390000000004,6,1,7.150620000000006,<rdkit.DataStructs.cDataStructs.ExplicitBitVect object at 0x126d05690>,41
CC(C)(Oc1ccc(CNC(=O)c2sc(-c3ccc(C(F)(F)F)cc3)nc2C(F)(F)F)cc1)C(=O)O,6.14,EC50,True,532.4620000000001,5,2,6.019700000000004,<rdkit.DataStructs.cDataStructs.ExplicitBitVect object at 0x126d05700>,36
CCCCCCC(Sc1nc2ccc(NCc3ccc4ccccc4c3)cc2s1)C(=O)O,5.52,EC50,True,464.6560000000002,5,2,7.577300000000007,<rdkit.DataStructs.cDataStructs.ExplicitBitVect object at 0x126d05770>,32
CC(C)c1ccc(NC(=O)N(CCc2ccc(SC(C)(C)C(=O)O)cc2)CCc2ccc(-c3ccccc3)cc2)cc1,5.07,EC50,False,580.7940000000003,3,2,8.751600000000003,<rdkit.DataStructs.cDataStructs.ExplicitBitVect object at 0x126d057e0>,42
CCCSCCN1C(=O)C(CCOc2ccccc2CC(=O)O)Oc2ccccc21,6.42,EC50,True,429.5380000000002,5,1,4.020000000000003,<rdkit.DataStructs.cDataStructs.ExplicitBitVect object at 0x126d05850>,30
CCCCCCN1C(=O)[C@H](CCOc2ccccc2CC(=O)O)Oc2ccccc21,5.92,EC50,True,411.4980000000002,4,1,4.457100000000003,<rdkit.DataStructs.cDataStructs.ExplicitBitVect object at 0x126d058c0>,30
O=C(O)CCc1ccc2[nH]c(-c3cccc(Cl)c3)cc2c1,5.62,EC50,True,299.757,1,2,4.505500000000002,<rdkit.DataStructs.cDataStructs.ExplicitBitVect object at 0x126d05930>,21
CCOC(Cc1ccc(OCCN(C)C2c3ccccc3CCc3ccccc32)cc1)C(=O)O,5.77,EC50,True,459.58600000000024,4,1,4.917600000000004,<rdkit.DataStructs.cDataStructs.ExplicitBitVect object at 0x126d059a0>,34
CCOC(Cc1ccc(OCCCN2c3ccccc3CCc3ccccc32)cc1)C(=O)O,6.12,EC50,True,445.5590000000002,4,1,5.424600000000005,<rdkit.DataStructs.cDataStructs.ExplicitBitVect object at 0x126d05a10>,33
O=C(Nc1ccc(-c2ccsc2)cc1C(=O)[O-])c1ccc(Cl)cc1Cl.[Li+],6.16,EC50,True,398.1960000000001,4,1,1.3416999999999997,<rdkit.DataStructs.cDataStructs.ExplicitBitVect object at 0x126d05a80>,26
O=C(O)Cc1ccccc1OCCC1Oc2ccccc2N(CCCCCCCF)C1=O,6.14,EC50,True,443.5150000000003,4,1,4.796800000000005,<rdkit.DataStructs.cDataStructs.ExplicitBitVect object at 0x126d05af0>,32
O=C(O)Cc1ccccc1OCCC1Oc2ccccc2N(CCC2CCCCC2)C1=O,6.52,EC50,True,437.53600000000034,4,1,4.847200000000004,<rdkit.DataStructs.cDataStructs.ExplicitBitVect object at 0x126d05b60>,32
COc1cc(C(=O)NS(=O)(=O)c2ccccc2)ccc1Cc1cn(C)c2ccc(NC(=O)NC3CCCCC3)cc12,6.52,EC50,True,574.7030000000001,6,3,5.3506000000000045,<rdkit.DataStructs.cDataStructs.ExplicitBitVect object at 0x126d05bd0>,41
COc1cc(C(=O)NS(=O)(=O)c2cccc(Cl)c2)ccc1Cc1cn(C)c2ccc(NC(=O)OC3CCCC3)cc12,6.85,EC50,True,596.105,7,2,6.040900000000005,<rdkit.DataStructs.cDataStructs.ExplicitBitVect object at 0x126d05c40>,41
CCO[C@H](Cc1cccc(C2=NOC(Cc3ccccc3)C2)c1)C(=O)O,4.38,EC50,False,353.41800000000006,4,1,3.4545000000000012,<rdkit.DataStructs.cDataStructs.ExplicitBitVect object at 0x126d05cb0>,26
CCO[C@@H](Cc1cccc(C2=NOC(Cc3ccccc3)C2)c1)C(=O)O,5.16,EC50,False,353.41800000000006,4,1,3.4545000000000012,<rdkit.DataStructs.cDataStructs.ExplicitBitVect object at 0x126d05d20>,26
CCO[C@@H](Cc1cccc(C2=NOC(c3ccc(Br)cc3)C2)c1)C(=O)O,6.13,EC50,True,418.2870000000001,4,1,4.347000000000004,<rdkit.DataStructs.cDataStructs.ExplicitBitVect object at 0x126d05d90>,26
CCO[C@@H](Cc1cccc(C2=NOC(c3ccc(Cl)cc3)C2)c1)C(=O)O,6.09,EC50,True,373.8360000000001,4,1,4.237900000000003,<rdkit.DataStructs.cDataStructs.ExplicitBitVect object at 0x126d05e00>,26
CCO[C@@H](Cc1cccc(/C(C)=N/OCc2ccc(F)cc2)c1)C(=O)O,6.86,EC50,True,359.39700000000005,4,1,3.798700000000002,<rdkit.DataStructs.cDataStructs.ExplicitBitVect object at 0x126d05e70>,26
O=C1NC(=O)/C(=C/c2ccc(OCCNc3nc4ccccc4s3)cc2)S1,7.28,EC50,True,397.481,7,2,4.111100000000002,<rdkit.DataStructs.cDataStructs.ExplicitBitVect object at 0x126d05ee0>,27
COC(=O)N(CC(=O)O)Cc1cccc(OCc2nc(-c3ccc(Cl)cc3)oc2C)c1,5.4,EC50,False,444.8710000000001,6,1,4.535420000000004,<rdkit.DataStructs.cDataStructs.ExplicitBitVect object at 0x126d05f50>,31
COC(=O)N(CC(=O)O)Cc1cccc(OCc2coc(-c3ccc(C(F)(F)F)cc3)n2)c1,5.32,EC50,False,464.3960000000001,6,1,4.592400000000004,<rdkit.DataStructs.cDataStructs.ExplicitBitVect object at 0x126d05fc0>,33
COc1cccc(OC(=O)N(CC(=O)O)[C@@H](C)c2cccc(OCc3coc(-c4ccc(Cl)cc4)n3)c2)c1,6.11,EC50,True,536.9680000000003,7,1,6.229200000000006,<rdkit.DataStructs.cDataStructs.ExplicitBitVect object at 0x126d06030>,38
Cc1cc(SCCc2nc(-c3ccc(Cl)c(Cl)c3)ns2)ccc1OC(C)(C)C(=O)O,6.09,EC50,True,483.4420000000002,6,1,6.397120000000005,<rdkit.DataStructs.cDataStructs.ExplicitBitVect object at 0x126d060a0>,30
CCC(Cc1ccc(C(=O)NCc2ccc(C(F)(F)F)cc2)cc1)C(=O)O,5.2,EC50,False,379.37800000000004,2,2,4.288700000000003,<rdkit.DataStructs.cDataStructs.ExplicitBitVect object at 0x126d06110>,27
CC(C)(Oc1ccc(CO)cc1)C(=O)O,4.52,EC50,False,210.229,3,2,1.4209,<rdkit.DataStructs.cDataStructs.ExplicitBitVect object at 0x126d06180>,15
CCCc1cc(Oc2ccccc2)ccc1OCCCCOc1ccc(C2SC(=O)NC2=O)cc1,6.52,EC50,True,491.6090000000002,6,1,6.693500000000006,<rdkit.DataStructs.cDataStructs.ExplicitBitVect object at 0x126d061f0>,35
COC(=O)C(Cc1ccc(OCCOc2ccc3ccccc3c2)cc1)C(=O)OC,6.28,EC50,True,408.4500000000001,6,0,3.8023000000000025,<rdkit.DataStructs.cDataStructs.ExplicitBitVect object at 0x126d06260>,30
CC(=O)NC[C@H](Cc1ccc(OCCc2nc(-c3ccccc3)oc2C)cc1)Nc1ccccc1C(=O)c1ccccc1,6.0,EC50,True,573.6930000000002,6,2,6.661820000000007,<rdkit.DataStructs.cDataStructs.ExplicitBitVect object at 0x126d062d0>,43
Cc1oc(-c2ccccc2)nc1CCOc1ccc(C[C@@H](CNC(=O)C2CC2)Nc2ccccc2C(=O)c2ccccc2)cc1,6.2,EC50,True,599.7310000000003,6,2,7.051920000000006,<rdkit.DataStructs.cDataStructs.ExplicitBitVect object at 0x126d06340>,45
CCCC1Sc2ccccc2N1Cc1ccc(-c2ccccc2C(=O)O)cc1,5.98,EC50,True,389.5200000000001,3,1,6.2903000000000056,<rdkit.DataStructs.cDataStructs.ExplicitBitVect object at 0x126d063b0>,28
CCCO/N=C(\C)C(Cc1ccc(OCc2nc(-c3ccccc3)oc2C)cc1)C(=O)O,7.89,EC50,True,436.50800000000015,6,1,5.274820000000005,<rdkit.DataStructs.cDataStructs.ExplicitBitVect object at 0x126d06420>,32
CCCc1c(OCCCOc2ccc3ccn(CC(=O)O)c3c2)ccc2c(C(F)(F)F)noc12,5.87,EC50,True,476.4510000000002,6,1,5.686300000000005,<rdkit.DataStructs.cDataStructs.ExplicitBitVect object at 0x126d06490>,34
CCc1ccc(-c2nc(C)c(CCOc3ccc4c(c3)CC[C@H]4CC(=O)O)n2C)cc1,7.51,EC50,True,418.53700000000015,4,1,5.083920000000004,<rdkit.DataStructs.cDataStructs.ExplicitBitVect object at 0x126d06500>,31
Cc1oc(-c2ccc(C(C)C)cc2)nc1CCOc1ccc2c(c1)CC[C@H]2CC(=O)O,9.0,EC50,True,419.5210000000002,4,1,5.899420000000005,<rdkit.DataStructs.cDataStructs.ExplicitBitVect object at 0x126d06570>,31
CCC(Oc1cccc(CN(CCCOc2ccc(F)cc2F)c2nc3ccccc3o2)c1)C(=O)O,5.68,EC50,True,496.5100000000001,6,1,5.823700000000006,<rdkit.DataStructs.cDataStructs.ExplicitBitVect object at 0x126d065e0>,36
CCOC(Cc1ccc(OCCc2nc(-c3ccccc3)oc2C)nc1)C(=O)O,8.22,EC50,True,396.4430000000001,6,1,3.6987200000000016,<rdkit.DataStructs.cDataStructs.ExplicitBitVect object at 0x126d06650>,29
CCCCC(Sc1ccc(OCCCOc2ccccc2C(C)C)cc1)C(=O)O,5.39,EC50,False,416.5830000000001,4,1,6.393400000000006,<rdkit.DataStructs.cDataStructs.ExplicitBitVect object at 0x126d066c0>,29
CCCCC(Sc1ccc(OCCCOc2ccc(Cl)c(C(F)(F)F)c2)cc1)C(=O)O,5.11,EC50,False,476.944,4,1,6.942200000000006,<rdkit.DataStructs.cDataStructs.ExplicitBitVect object at 0x126d06730>,31
Cc1sc(N2CCN(S(C)(=O)=O)CC2)nc1CCOc1ccc(C[C@H](Nc2ccccc2C(=O)c2ccccc2)C(=O)O)cc1,7.63,EC50,True,648.8070000000004,9,2,4.493420000000003,<rdkit.DataStructs.cDataStructs.ExplicitBitVect object at 0x126d067a0>,45
CCOC(Cc1ccc(OCCN2c3ccccc3C=Cc3ccccc32)cc1)C(=O)O,6.12,EC50,True,429.51600000000013,4,1,5.419700000000005,<rdkit.DataStructs.cDataStructs.ExplicitBitVect object at 0x126d06810>,32
CCCN[C@@H](Cc1ccc(OCCc2nc(-c3ccccc3)oc2C)cc1)C(=O)O,6.62,EC50,True,408.4980000000001,5,2,4.266820000000003,<rdkit.DataStructs.cDataStructs.ExplicitBitVect object at 0x126d06880>,30
CC[C@@H](OC(=O)N(Cc1ccccc1)C(=O)Nc1cc(OC)cc(OC)c1)c1cc(-c2ccc(OC(C)(C)C(=O)O)cc2)no1,9.42,EC50,True,617.6550000000004,9,2,6.922800000000008,<rdkit.DataStructs.cDataStructs.ExplicitBitVect object at 0x126d068f0>,45
COc1ccc(C(=O)n2c(C)c(Cc3cccc(OC(C)(C)C(=O)O)c3)c3cc(OC(F)(F)F)ccc32)cc1,8.22,EC50,True,541.5220000000002,6,1,6.378220000000005,<rdkit.DataStructs.cDataStructs.ExplicitBitVect object at 0x126d06960>,39
CCCCOc1c(/C(C)=C(F)\C=C\C(C)=C\C(=O)O)cc(C(C)C)cc1C(C)C,8.39,EC50,True,402.5500000000001,2,1,7.399900000000007,<rdkit.DataStructs.cDataStructs.ExplicitBitVect object at 0x126d069d0>,29
C/C(=C/C=C/C(C)=C/C(=O)O)c1cc(-c2ccco2)cc(C(C)C)c1OCC(F)F,8.13,EC50,True,416.46400000000017,3,1,6.704300000000005,<rdkit.DataStructs.cDataStructs.ExplicitBitVect object at 0x126d06a40>,30
CCC(Cc1ccc(OCCc2nc(-c3ccccc3)oc2C)cc1)(Oc1ccccc1)C(=O)O,6.54,EC50,True,471.55300000000017,5,1,6.126420000000007,<rdkit.DataStructs.cDataStructs.ExplicitBitVect object at 0x126d06ab0>,35
CCNC(=O)c1cc(NS(=O)(=O)c2ccc(Cl)cc2Cl)ccc1Oc1cncc(Cl)c1,7.82,EC50,True,500.79100000000017,5,2,5.384600000000003,<rdkit.DataStructs.cDataStructs.ExplicitBitVect object at 0x126d06b20>,31
CCc1nc2c(C)cc(CC(C)C)nc2n1[C@H]1CCc2cc(-c3ccccc3-c3nnn[nH]3)ccc21,6.67,EC50,True,477.61600000000016,6,1,5.8833200000000065,<rdkit.DataStructs.cDataStructs.ExplicitBitVect object at 0x126d06b90>,36
N[C@@H](Cc1cc(Br)c(Oc2cc(I)c(O)c(I)c2)c(I)c1)C(=O)O,4.89,EC50,False,729.8720000000001,4,3,4.715200000000002,<rdkit.DataStructs.cDataStructs.ExplicitBitVect object at 0x126d06c00>,24
Cc1cncc(Oc2c(Cl)cc(NS(=O)(=O)c3ccc(Cl)cc3Cl)cc2Cl)c1,7.05,EC50,True,478.1840000000002,4,1,6.596720000000002,<rdkit.DataStructs.cDataStructs.ExplicitBitVect object at 0x126d06c70>,28
COCCCS(=O)(=O)NC(=O)CCc1ccc(OCCOC)cc1Oc1ncc(C(F)(F)F)cc1Cl,7.96,EC50,True,554.9710000000002,8,1,3.9864000000000033,<rdkit.DataStructs.cDataStructs.ExplicitBitVect object at 0x126d06ce0>,36
CCCCCS(=O)(=O)NC(=O)/C=C/c1ccc(OCCOC)cc1Oc1ncc(Cl)cc1Cl,6.72,EC50,True,517.4310000000004,7,1,4.855300000000004,<rdkit.DataStructs.cDataStructs.ExplicitBitVect object at 0x126d06d50>,33
CCCCCS(=O)(=O)NC(=O)/C=C/c1ccc(OCCCOC)cc1Oc1ncc(C(F)(F)F)cc1Cl,8.13,EC50,True,565.0100000000003,7,1,5.610800000000006,<rdkit.DataStructs.cDataStructs.ExplicitBitVect object at 0x126d06dc0>,37
CCCCCNC(=O)c1ccc(NC(=O)c2cccc(CN3C(=O)OC[C@H]3Cc3ccccc3)c2)cc1,5.79,EC50,True,499.61100000000033,4,2,5.422400000000005,<rdkit.DataStructs.cDataStructs.ExplicitBitVect object at 0x126d06e30>,37
CC(C)OC(Cc1ccc(OCc2noc(-c3ccccc3)n2)cc1)C(=O)O,7.1,EC50,True,382.41600000000005,6,1,3.7363000000000017,<rdkit.DataStructs.cDataStructs.ExplicitBitVect object at 0x126d06ea0>,28
CCC(Cc1ccc(C(=O)NCc2ccccc2C(F)(F)F)cc1)C(=O)O,5.32,EC50,False,379.37800000000004,2,2,4.288700000000003,<rdkit.DataStructs.cDataStructs.ExplicitBitVect object at 0x126d06f10>,27
CCOC(=O)C(C)Cc1ccc(C(=O)NCc2ccccc2C(F)(F)F)cc1,5.1,EC50,False,393.40500000000003,3,1,4.377100000000003,<rdkit.DataStructs.cDataStructs.ExplicitBitVect object at 0x126d06f80>,28
CC(Cc1ccc(C(=O)NCc2ccccc2C(F)(F)F)cc1)C(=O)O,5.52,EC50,True,365.351,2,2,3.898600000000002,<rdkit.DataStructs.cDataStructs.ExplicitBitVect object at 0x126d06ff0>,26
CCC(Cc1ccc(C(=O)NCc2ccccc2)cc1)C(=O)O,4.87,EC50,False,311.38100000000003,2,2,3.2699000000000016,<rdkit.DataStructs.cDataStructs.ExplicitBitVect object at 0x126d07060>,23
C/C(=C/C=C/C(C)=C/C(=O)O)c1cc(-c2ccc(F)cc2)cc(C(C)C)c1OCC(F)F,7.5,EC50,True,444.49300000000017,2,1,7.250400000000005,<rdkit.DataStructs.cDataStructs.ExplicitBitVect object at 0x126d070d0>,32
CC(C)=CCC/C(C)=C/Cc1c(O)cc(/C=C/c2ccc(F)cc2)cc1O,4.96,EC50,False,366.47600000000006,2,2,6.642500000000007,<rdkit.DataStructs.cDataStructs.ExplicitBitVect object at 0x126d07140>,27
O=C(Nn1cc([N+](=O)[O-])cn1)c1cccc(COc2ccc(Br)cc2)c1,5.26,EC50,False,417.21900000000005,6,1,3.516700000000002,<rdkit.DataStructs.cDataStructs.ExplicitBitVect object at 0x126d071b0>,26
COc1cc(O)c2c(c1C(=O)NCc1c(C)cc(Cl)c3ccccc13)OC1=CC(O)=C(C(C)=O)C(=O)[C@]12C,7.66,EC50,True,533.9640000000003,7,3,4.963620000000005,<rdkit.DataStructs.cDataStructs.ExplicitBitVect object at 0x126d07220>,38
Cc1ccc(NC(=O)c2ccc(Cl)cc2Cl)c(C(=O)O)c1,5.8,EC50,True,324.16300000000007,2,2,4.252320000000002,<rdkit.DataStructs.cDataStructs.ExplicitBitVect object at 0x126d07290>,21
COC(=O)c1ccccc1N[C@@H](Cc1ccc(OCCc2nc(-c3ccccc3)oc2C)cc1)C(=O)O,9.15,EC50,True,500.5510000000003,7,2,5.165920000000004,<rdkit.DataStructs.cDataStructs.ExplicitBitVect object at 0x126d07300>,37
COc1ccc(CCc2c(-c3ccccc3)[nH]c3ccc(CC(=O)O)cc23)cc1,7.36,EC50,True,385.4630000000002,2,2,5.255800000000003,<rdkit.DataStructs.cDataStructs.ExplicitBitVect object at 0x126d07370>,29
Cc1cc(Cn2ncn(-c3ccc(F)cc3)c2=O)cc(C)c1OC(C)(C)C(=O)O,5.82,EC50,True,399.42200000000025,6,1,3.0802400000000016,<rdkit.DataStructs.cDataStructs.ExplicitBitVect object at 0x126d073e0>,29
Cc1cc(Cn2ncn(-c3ccc(C(F)(F)F)cc3)c2=O)ccc1OC(C)(C)C(=O)O,5.75,EC50,True,435.4020000000002,6,1,3.6515200000000014,<rdkit.DataStructs.cDataStructs.ExplicitBitVect object at 0x126d07450>,31
Cc1cc(CNC(=O)c2cc(-c3ccc(CC(C)C)cc3)nn2C)ccc1OC(C)(C)C(=O)O,7.3,EC50,True,463.5780000000002,5,2,4.766020000000004,<rdkit.DataStructs.cDataStructs.ExplicitBitVect object at 0x126d074c0>,34
COc1cc(O)c2c(c1C(=O)NCc1cccc3ccccc13)OC1=CC(O)=C(C(C)=O)C(=O)[C@]12C,6.75,EC50,True,485.4920000000003,7,3,4.001800000000002,<rdkit.DataStructs.cDataStructs.ExplicitBitVect object at 0x126d07530>,36
COC(=O)c1ccccc1[C@@](O)(Cc1ccc(OCCc2nc(-c3ccccc3)oc2C)cc1)C(=O)O,9.15,EC50,True,501.53500000000025,7,2,4.573020000000003,<rdkit.DataStructs.cDataStructs.ExplicitBitVect object at 0x126d075a0>,37
CCO[C@@H](Cc1ccc(OCCn2c3ccccc3c3ccccc32)cc1)C(=O)O,6.77,EC50,True,403.4780000000001,4,1,4.905700000000005,<rdkit.DataStructs.cDataStructs.ExplicitBitVect object at 0x126d07610>,30
CC(C)c1ccccc1-c1ccc(O[C@@H](Cc2ccccc2)C(=O)O)cc1,6.0,EC50,True,360.45300000000003,2,1,5.551700000000006,<rdkit.DataStructs.cDataStructs.ExplicitBitVect object at 0x126d07680>,27
CCCO/N=C(\c1ccccc1)c1ccc(OC(Cc2ccccc2)C(=O)O)cc1,6.0,EC50,True,403.47800000000007,4,1,4.940300000000004,<rdkit.DataStructs.cDataStructs.ExplicitBitVect object at 0x126d076f0>,30
CCCCC(Cc1cc(OCCc2ccccc2)cc(OCCc2ccccc2)c1)C(=O)O,5.33,EC50,False,446.5870000000002,3,1,6.363100000000006,<rdkit.DataStructs.cDataStructs.ExplicitBitVect object at 0x126d07760>,33
CCCC/C(=C\c1cc(OCCc2ccccc2)cc(OCCc2ccccc2)c1)C(=O)O,5.11,EC50,False,444.5710000000002,3,1,6.587800000000007,<rdkit.DataStructs.cDataStructs.ExplicitBitVect object at 0x126d077d0>,33
CCCCC(Cc1cc(OCCc2ccccc2)ccc1OCCc1ccccc1)C(=O)O,4.97,EC50,False,446.5870000000002,3,1,6.363100000000007,<rdkit.DataStructs.cDataStructs.ExplicitBitVect object at 0x126d07840>,33
CCCCC(Cc1ccc(OCCc2ccccc2)c(OCCC2CCCCC2)c1)C(=O)O,5.82,EC50,True,452.6350000000004,3,1,7.090800000000008,<rdkit.DataStructs.cDataStructs.ExplicitBitVect object at 0x126d078b0>,33
CCCc1cc(C2CCC(C)(C)CC2)ccc1OCCCOc1cccc(C2OC(=O)NC2=O)c1,7.05,EC50,True,479.61700000000025,5,1,6.478300000000006,<rdkit.DataStructs.cDataStructs.ExplicitBitVect object at 0x126d07920>,35
CC(C)OC(Cc1ccc(OCCc2noc(-c3cccc(Cl)c3)n2)cc1)C(=O)O,8.4,EC50,True,430.8880000000001,6,1,4.4322000000000035,<rdkit.DataStructs.cDataStructs.ExplicitBitVect object at 0x126d07990>,30
CCCc1nc2ccccc2n1Cc1ccc(-c2ccccc2C(=O)O)cc1,5.14,EC50,False,370.45200000000006,3,1,5.402300000000006,<rdkit.DataStructs.cDataStructs.ExplicitBitVect object at 0x126d07a00>,28
CCCc1nc(-c2ccccc2)cn1Cc1ccc2c(c1)COc1ccccc1/C2=C(\C)c1noc(=O)[nH]1,6.82,EC50,True,504.5900000000003,6,1,6.098600000000006,<rdkit.DataStructs.cDataStructs.ExplicitBitVect object at 0x126d07a70>,38
Cc1ccc(C(=O)c2nccn2C/C=C/c2cccc(OC(C)(C)C(=O)O)c2)cc1,4.92,EC50,False,404.46600000000024,5,1,4.377920000000003,<rdkit.DataStructs.cDataStructs.ExplicitBitVect object at 0x126d07ae0>,30
Cc1ccc(C(=O)c2nc3ccccc3n2/C=C/c2cccc(OC(C)(C)C(=O)O)c2)cc1,6.89,EC50,True,440.49900000000025,5,1,5.445620000000005,<rdkit.DataStructs.cDataStructs.ExplicitBitVect object at 0x126d07b50>,33
Cc1ccc(C(=O)c2nc3ccccc3n2-c2cccc(OC(C)(C)C(=O)O)c2)cc1,5.48,EC50,False,414.46100000000024,5,1,4.806920000000003,<rdkit.DataStructs.cDataStructs.ExplicitBitVect object at 0x126d07bc0>,31
COC(=O)C(Cc1ccc(OCCOc2ccc3c(c2)C(C)(C)CCC3(C)C)cc1)C(=O)OC,6.82,EC50,True,468.5900000000003,6,0,4.998100000000004,<rdkit.DataStructs.cDataStructs.ExplicitBitVect object at 0x126d07c30>,34
CCCCC(Cc1ccc(OCCc2nc(-c3ccccc3)oc2C)cc1)(Oc1ccccc1)C(=O)O,5.6,EC50,True,499.60700000000014,5,1,6.906620000000006,<rdkit.DataStructs.cDataStructs.ExplicitBitVect object at 0x126d07ca0>,37
CCCCCCCCOC(=O)C1C(c2ccccc2)C(C(=O)O)C1c1ccccc1,5.03,EC50,False,408.5380000000001,3,1,5.788300000000006,<rdkit.DataStructs.cDataStructs.ExplicitBitVect object at 0x126d07d10>,30
Cc1oc(-c2ccccc2)nc1CCOc1ccc(CC(Nc2ccccc2C(=O)c2ccc(CO)cc2)C(=O)O)cc1,7.76,EC50,True,576.6490000000003,7,3,6.102620000000006,<rdkit.DataStructs.cDataStructs.ExplicitBitVect object at 0x126d07d80>,43
Cc1oc(-c2ccccc2)nc1CCOc1ccc(CC(Nc2ccccc2C(=O)c2ccncc2)C(=O)O)cc1,9.04,EC50,True,547.6110000000002,7,2,6.0053200000000055,<rdkit.DataStructs.cDataStructs.ExplicitBitVect object at 0x126d07df0>,41
CN(CCOc1ccc(CC(Nc2ccccc2C(=O)c2ccc(OCc3ccccc3)cc2)C(=O)O)cc1)c1nc2ccccc2o1,6.17,EC50,True,641.7240000000002,8,2,7.260800000000007,<rdkit.DataStructs.cDataStructs.ExplicitBitVect object at 0x126d07e60>,48
CCCCN(Cc1ccc(OC(C)(C)C(=O)O)cc1)Cc1nc(-c2cccc(Br)c2)oc1C,5.89,EC50,True,515.4480000000002,5,1,6.456820000000007,<rdkit.DataStructs.cDataStructs.ExplicitBitVect object at 0x126d07ed0>,33
O=C(O)CC1COc2cc(OCCCOc3ccc(-c4ccccc4)cc3)ccc21,5.53,EC50,True,404.46200000000005,4,1,5.152200000000004,<rdkit.DataStructs.cDataStructs.ExplicitBitVect object at 0x126d07f40>,30
COc1ccc(NC(=O)N(CCc2ccc(SC(C)(C)C(=O)O)cc2)CCc2ccc(-c3ccccc3)cc2)c(OC)c1,5.92,EC50,True,598.7650000000003,5,2,7.6454000000000075,<rdkit.DataStructs.cDataStructs.ExplicitBitVect object at 0x12519c040>,43
Cn1cc(-c2ccccc2)nc1CCOc1ccc(C[C@H](Nc2ccccc2C(=O)c2ccccc2)C(=O)O)cc1,8.03,EC50,True,545.6390000000002,6,2,6.047400000000006,<rdkit.DataStructs.cDataStructs.ExplicitBitVect object at 0x12519c0b0>,41
CCCc1c(OCCCSc2ccc(CC(=O)O)cc2Cl)ccc(/C(CC)=N/O)c1O,7.82,EC50,True,465.9990000000002,6,3,5.7747000000000055,<rdkit.DataStructs.cDataStructs.ExplicitBitVect object at 0x12519c120>,31
CCC(Cc1ccc(C(=O)NCc2ccc(OC)cc2C(F)(F)F)cc1)C(=O)O,6.52,EC50,True,409.40400000000005,3,2,4.297300000000003,<rdkit.DataStructs.cDataStructs.ExplicitBitVect object at 0x12519c190>,29
CC(=O)CCCCN1C(=O)C(CCOc2ccccc2CC(=O)O)Oc2ccccc21,6.58,EC50,True,425.4810000000002,5,1,3.6361000000000026,<rdkit.DataStructs.cDataStructs.ExplicitBitVect object at 0x12519c200>,31
Cc1c(C)n(Cc2ccc(-c3ccccc3C(=O)O)cc2)c2ccc(C(=O)N[C@@H](Cc3ccccc3)c3cccc(C(C)C)c3)cc12,6.82,EC50,True,620.7930000000001,3,2,9.508839999999998,<rdkit.DataStructs.cDataStructs.ExplicitBitVect object at 0x12519c270>,47
O=C(O)Cc1cccc(NC(=O)c2ccccc2NC(=O)c2ccc(SC(F)(F)F)cc2)c1,5.36,EC50,False,474.4600000000001,4,3,5.430200000000003,<rdkit.DataStructs.cDataStructs.ExplicitBitVect object at 0x12519c2e0>,33
CC[C@@H](NC(=O)c1ccc2c(c1)nc(C)n2Cc1ccc(C(N)=O)cc1)c1ccccc1,5.0,EC50,False,426.5200000000001,4,2,4.373020000000003,<rdkit.DataStructs.cDataStructs.ExplicitBitVect object at 0x12519c350>,32
COc1cc(CNC(=O)c2cc(-c3ccc(C(C)(C)C)cc3)n(C)n2)ccc1OC(C)(C)C(=O)O,6.75,EC50,True,479.5770000000002,6,2,4.5652000000000035,<rdkit.DataStructs.cDataStructs.ExplicitBitVect object at 0x12519c3c0>,35
Cc1cc(CNC(=O)c2cc(-c3ccc(-c4ccccc4)cc3)n(C)n2)ccc1OC(C)(C)C(=O)O,7.6,EC50,True,483.56800000000027,5,2,5.234520000000004,<rdkit.DataStructs.cDataStructs.ExplicitBitVect object at 0x12519c430>,36
COc1ccccc1-c1ccc(O[C@@H](Cc2ccccc2)C(=O)O)cc1,5.64,EC50,True,348.398,3,1,4.436900000000002,<rdkit.DataStructs.cDataStructs.ExplicitBitVect object at 0x12519c4a0>,26
CN(CCOc1ccc(CC(Nc2ccccc2C(=O)C2CCCC2)C(=O)O)cc1)c1nc2ccccc2o1,7.74,EC50,True,527.6210000000003,7,2,5.823700000000006,<rdkit.DataStructs.cDataStructs.ExplicitBitVect object at 0x12519c510>,39
CN(CCOc1ccc(CC(Nc2ccccc2C(=O)C2CCCC2)C(=O)O)cc1)c1nc2ccccc2o1,7.62,EC50,True,527.6210000000003,7,2,5.823700000000006,<rdkit.DataStructs.cDataStructs.ExplicitBitVect object at 0x12519c580>,39
Cc1sc(-c2ccccc2)nc1CCOc1ccc2c(c1)CC[C@H]2CC(=O)O,7.96,EC50,True,393.5080000000002,4,1,5.244520000000005,<rdkit.DataStructs.cDataStructs.ExplicitBitVect object at 0x12519c5f0>,28
Cc1oc(-c2ccc(Cl)cc2)nc1CCOc1ccc2c(c1)CC[C@H]2CC(=O)O,8.52,EC50,True,411.88500000000016,4,1,5.429420000000005,<rdkit.DataStructs.cDataStructs.ExplicitBitVect object at 0x12519c660>,29
Cc1oc(-c2ccccc2)nc1CCOc1ccc2c(c1)CC(C)C2CC(=O)O,6.05,EC50,True,391.46700000000016,4,1,5.022020000000004,<rdkit.DataStructs.cDataStructs.ExplicitBitVect object at 0x12519c6d0>,29
Cc1oc(-c2ccccc2)nc1CCOc1cccc(C[C@@H]2CN(c3ccccc3)C[C@@H]2C(=O)O)c1,5.46,EC50,False,482.5800000000002,5,1,5.651220000000006,<rdkit.DataStructs.cDataStructs.ExplicitBitVect object at 0x12519c740>,36
CCOC(Cc1ccc2c(ccn2Cc2nc(-c3ccc(C(C)(C)C)cc3)oc2C)c1)C(=O)O,6.75,EC50,True,460.57400000000024,5,1,5.982720000000006,<rdkit.DataStructs.cDataStructs.ExplicitBitVect object at 0x12519c7b0>,34
Cc1oc(-c2ccccc2)nc1CCOc1ccc(CC[C@@H]2CN(C(=O)Oc3ccccc3)C[C@@H]2C(=O)O)cc1,6.8,EC50,True,540.6160000000003,6,1,6.035720000000006,<rdkit.DataStructs.cDataStructs.ExplicitBitVect object at 0x12519c820>,40
CCCCCCC[C@H]1C(=O)C=C(I)[C@H]1OCCCCCC(=O)O,7.22,EC50,True,436.33000000000027,3,1,4.894900000000004,<rdkit.DataStructs.cDataStructs.ExplicitBitVect object at 0x12519c890>,23
CCCOC(=O)N1CCc2c(OCCc3nc(-c4ccccc4)oc3C)ccc(CCC(=O)O)c2C1,7.92,EC50,True,492.5720000000003,6,1,5.193420000000004,<rdkit.DataStructs.cDataStructs.ExplicitBitVect object at 0x12519c900>,36
Cc1oc(-c2ccc(Oc3ccccc3)cc2)nc1CCOc1ccc(CCC(=O)O)c(CNC(=O)OC(C)C)c1,8.7,EC50,True,558.6310000000004,7,2,6.7156200000000075,<rdkit.DataStructs.cDataStructs.ExplicitBitVect object at 0x12519c970>,41
Cc1oc(-c2ccc(-c3ccccc3)cc2)nc1CCOc1ccc(CCC(=O)O)c(CNC(=O)OC(C)C)c1,7.72,EC50,True,542.6320000000004,6,2,6.590320000000007,<rdkit.DataStructs.cDataStructs.ExplicitBitVect object at 0x12519c9e0>,40
CCO[C@@H](Cc1cccc(C2=NOC(c3ccc(F)cc3)C2)c1)C(=O)O,5.94,EC50,True,357.3810000000001,4,1,3.723600000000002,<rdkit.DataStructs.cDataStructs.ExplicitBitVect object at 0x12519ca50>,26
CCO[C@@H](Cc1cccc(/C(C)=N/OCc2ccc(C(C)(C)C)cc2)c1)C(=O)O,6.55,EC50,True,397.51500000000016,4,1,4.957100000000004,<rdkit.DataStructs.cDataStructs.ExplicitBitVect object at 0x12519cac0>,29
CCO[C@@H](Cc1cccc(-c2cc(-c3ccccc3)on2)c1)C(=O)O,5.48,EC50,False,337.37500000000006,4,1,4.040800000000003,<rdkit.DataStructs.cDataStructs.ExplicitBitVect object at 0x12519cb30>,25
Cc1c(Oc2ccc(Cl)cc2)c2ccc(F)nc2n1Cc1cc(O[C@@H](C)C(=O)O)ccc1Cl,8.4,EC50,True,489.33000000000027,5,1,6.483120000000006,<rdkit.DataStructs.cDataStructs.ExplicitBitVect object at 0x12519cba0>,33
CC(C)(Oc1ccc(COc2ccc(/C=C/c3ccccc3)cc2)cc1)C(=O)O,5.22,EC50,False,388.4630000000001,3,1,5.678000000000006,<rdkit.DataStructs.cDataStructs.ExplicitBitVect object at 0x12519cc10>,29
Cc1cc(CC(C)C)nc2c1nc(C(C)C)n2[C@H]1CCc2cc(-c3ccccc3-c3nnn[nH]3)ccc21,7.05,EC50,True,491.64300000000026,6,1,6.444320000000007,<rdkit.DataStructs.cDataStructs.ExplicitBitVect object at 0x12519cc80>,37
CCc1nc2c(C)cc(CC(C)C)nc2n1[C@H]1CCc2cc(-c3ccccc3-c3nnn[nH]3)ccc21,6.67,EC50,True,477.61600000000016,6,1,5.8833200000000065,<rdkit.DataStructs.cDataStructs.ExplicitBitVect object at 0x12519ccf0>,36
CCc1nc2c(C)cc(C)nc2n1[C@H]1CCc2cc(-c3ccccc3-c3nnn[nH]3)ccc21,6.23,EC50,True,435.5350000000001,6,1,4.993240000000004,<rdkit.DataStructs.cDataStructs.ExplicitBitVect object at 0x12519cd60>,33
CCCCCNS(=O)(=O)NC(=O)CCc1ccc(OCCOC)cc1Oc1ncc(C(F)(F)F)cc1Cl,8.96,EC50,True,568.0140000000002,7,2,4.644700000000004,<rdkit.DataStructs.cDataStructs.ExplicitBitVect object at 0x12519cdd0>,37
CCCc1cc2c(oc(=O)n2C(C)C)c(CCC)c1O[C@H](C(=O)O)c1ccc(C(C)C)cc1,6.85,EC50,True,453.5790000000002,5,1,6.408500000000007,<rdkit.DataStructs.cDataStructs.ExplicitBitVect object at 0x12519ce40>,33
CCO[C@@H](Cc1ccc(OC/C=C(\c2ccccc2)c2ccc(F)cc2)cc1)C(=O)O,5.07,EC50,False,420.48000000000013,3,1,5.368600000000005,<rdkit.DataStructs.cDataStructs.ExplicitBitVect object at 0x12519ceb0>,31
CCO[C@@H](Cc1ccc(OCCN(c2ccccc2)c2ccccc2)cc1)C(=O)O,5.48,EC50,False,405.4940000000001,4,1,4.935900000000004,<rdkit.DataStructs.cDataStructs.ExplicitBitVect object at 0x12519cf20>,30
CC1=C(CC(=O)O)c2cc(F)ccc2/C1=C\c1cccc(Cl)c1,5.76,EC50,True,328.77,1,1,5.281500000000003,<rdkit.DataStructs.cDataStructs.ExplicitBitVect object at 0x12519cf90>,23
CCC(Cc1ccc(OC)c(C(=O)NCc2ccc(C(F)(F)F)cc2)c1)C(=O)O,5.52,EC50,True,409.40400000000005,3,2,4.297300000000003,<rdkit.DataStructs.cDataStructs.ExplicitBitVect object at 0x12519d000>,29
Cc1ccc(-c2nc(CCCCCO/N=C(/CCC(=O)O)c3ccccc3)c(C)o2)cc1,7.51,EC50,True,434.53600000000006,5,1,5.956940000000006,<rdkit.DataStructs.cDataStructs.ExplicitBitVect object at 0x12519d070>,32
CCOC(Cc1ccc(OCCCN2CC=C(c3ccc(Cl)cc3)CC2)cc1)C(=O)O,5.63,EC50,True,443.9710000000001,4,1,4.930400000000004,<rdkit.DataStructs.cDataStructs.ExplicitBitVect object at 0x12519d0e0>,31
CC(C)(Oc1ccc(OCCN2CC=C(c3ccc(Cl)cc3)CC2)cc1)C(=O)O,4.64,EC50,False,415.91700000000014,4,1,4.750100000000003,<rdkit.DataStructs.cDataStructs.ExplicitBitVect object at 0x12519d150>,29
Cc1cccc(C)c1-c1ccc(O[C@@H](Cc2ccccc2)C(=O)O)cc1,5.59,EC50,True,346.42600000000004,2,1,5.045140000000004,<rdkit.DataStructs.cDataStructs.ExplicitBitVect object at 0x12519d1c0>,26
CSc1ccc(/C=C2/C(C)=C(CC(=O)O)c3cc(F)ccc32)cc1,6.1,EC50,True,340.419,2,1,5.350000000000005,<rdkit.DataStructs.cDataStructs.ExplicitBitVect object at 0x12519d230>,24
CCCCCCCN(CCc1ccc(O[C@](C)(CC)C(=O)O)cc1)c1nc2ccccc2o1,7.13,EC50,True,452.5950000000002,5,1,6.479400000000007,<rdkit.DataStructs.cDataStructs.ExplicitBitVect object at 0x12519d2a0>,33
Cc1oc(C(C)(C)C)nc1CCOc1ccc(C[C@H]2CO[C@@](C)(C(=O)O)OC2)cc1,5.3,EC50,False,417.5020000000002,6,1,3.9083200000000025,<rdkit.DataStructs.cDataStructs.ExplicitBitVect object at 0x12519d310>,30
CCCCCCCN(CCc1ccc(O[C@@H](Cc2ccccc2)C(=O)O)cc1)c1nc2ccccc2o1.NC1CCCCC1,5.77,EC50,True,599.8159999999998,6,2,8.199800000000007,<rdkit.DataStructs.cDataStructs.ExplicitBitVect object at 0x12519d380>,44
Cc1oc(-c2ccccc2)nc1CCOc1ccc(C[C@@H](C(=O)O)N2CCN(S(=O)(=O)c3ccccc3F)CC2)cc1,7.5,EC50,True,593.6770000000001,7,1,4.412820000000003,<rdkit.DataStructs.cDataStructs.ExplicitBitVect object at 0x12519d3f0>,42
Cc1oc(-c2ccccc2)nc1CCOc1ccc(C[C@@H](C(=O)O)N2CCN(S(=O)(=O)c3ccc(F)cc3)CC2)cc1,5.55,EC50,True,593.6770000000001,7,1,4.412820000000003,<rdkit.DataStructs.cDataStructs.ExplicitBitVect object at 0x12519d460>,42
Cc1oc(-c2cccs2)nc1CCOc1ccc(CC(C)(Oc2ccccc2)C(=O)O)cc1,8.4,EC50,True,463.5550000000002,6,1,5.797820000000006,<rdkit.DataStructs.cDataStructs.ExplicitBitVect object at 0x12519d4d0>,33
CCO/N=C(\C)C(Cc1ccc(OCc2nc(-c3ccccc3)oc2C)cc1)C(=O)O,8.4,EC50,True,422.4810000000001,6,1,4.884720000000004,<rdkit.DataStructs.cDataStructs.ExplicitBitVect object at 0x12519d540>,31
Cc1ccc2onc(-n3c(=O)n(Cc4ccc(Cl)c(O[C@H](C)C(=O)O)c4)c4cc(C(F)(F)F)ccc43)c2c1,5.52,EC50,True,545.9010000000002,7,1,5.814220000000004,<rdkit.DataStructs.cDataStructs.ExplicitBitVect object at 0x12519d5b0>,38
CCCc1c(OCCCCOc2cccc(CC(=O)O)c2)ccc2c(-c3ccccc3)noc12,8.22,EC50,True,459.54200000000014,5,1,6.3124000000000065,<rdkit.DataStructs.cDataStructs.ExplicitBitVect object at 0x12519d620>,34
CN(CCOc1ccc(CC2SC(=O)NC2=O)cc1)c1ccccn1,6.51,EC50,True,357.435,6,1,2.490900000000001,<rdkit.DataStructs.cDataStructs.ExplicitBitVect object at 0x12519d690>,25
CCCc1cc(C(=O)c2ccc(-c3ccccc3)cc2)ccc1OCCCn1ccc2cc(OC(C)(C)C(=O)O)ccc21,6.92,EC50,True,575.7050000000004,5,1,8.202900000000009,<rdkit.DataStructs.cDataStructs.ExplicitBitVect object at 0x12519d700>,43
Cl.Cn1c(COc2cccc(C(=O)O)c2)nc2ccc(Oc3cccc(C(F)(F)F)c3)cc21,7.64,EC50,True,478.85400000000016,5,1,6.083400000000004,<rdkit.DataStructs.cDataStructs.ExplicitBitVect object at 0x12519d770>,33
Cn1c(COc2cccc(C(=O)O)c2)nc2ccc(Oc3c(F)cccc3F)cc21,5.88,EC50,True,410.3760000000001,5,1,4.921000000000003,<rdkit.DataStructs.cDataStructs.ExplicitBitVect object at 0x12519d7e0>,30
Cn1c(COc2cccc(C(=O)O)c2)nc2ccc(Oc3cc(F)cc(F)c3)cc21,7.02,EC50,True,410.3760000000001,5,1,4.921000000000003,<rdkit.DataStructs.cDataStructs.ExplicitBitVect object at 0x12519d850>,30
Cc1cc(F)ccc1Oc1ccc2nc(COc3cccc(C(=O)O)c3)n(C)c2c1,7.66,EC50,True,406.4130000000001,5,1,5.090320000000004,<rdkit.DataStructs.cDataStructs.ExplicitBitVect object at 0x12519d8c0>,30
Cl.Cn1c(COc2cccc(C(=O)O)c2)nc2ccc(Oc3ccc4c(c3)CCO4)cc21,7.06,EC50,True,452.8940000000003,6,1,4.999500000000005,<rdkit.DataStructs.cDataStructs.ExplicitBitVect object at 0x12519d930>,32
Cc1oc(-c2ccccc2)nc1CCCc1ccc(C[C@@H](C(=O)O)n2cccc2)cc1,6.85,EC50,True,414.50500000000005,4,1,5.495220000000003,<rdkit.DataStructs.cDataStructs.ExplicitBitVect object at 0x12519d9a0>,31
CCOC(=O)C(Cc1ccc(OCCn2c(=O)sc3cc(C(=O)/C=C/c4cc(OC)cc(OC)c4)ccc32)cc1)OCC,7.52,EC50,True,605.7090000000002,10,0,5.566000000000006,<rdkit.DataStructs.cDataStructs.ExplicitBitVect object at 0x12519da10>,43
COc1ccc(C(=O)c2c(C)n(Cc3cccc(O[C@@H](C)C(=O)O)c3)c3cc(OC(F)(F)F)ccc23)cc1,9.0,EC50,True,527.4950000000002,6,1,5.988120000000005,<rdkit.DataStructs.cDataStructs.ExplicitBitVect object at 0x12519da80>,38
O=C(O)[C@@H](Cc1ccccc1)Oc1ccc(-c2ccccc2)cc1,5.23,EC50,False,318.372,2,1,4.428300000000003,<rdkit.DataStructs.cDataStructs.ExplicitBitVect object at 0x12519daf0>,24
O=C(O)[C@H](Cc1ccc(-c2ccccc2)cc1)Oc1ccc(Cl)cc1,5.95,EC50,True,352.817,2,1,5.081700000000004,<rdkit.DataStructs.cDataStructs.ExplicitBitVect object at 0x12519db60>,25
CCOc1cc(Oc2ccc(C)nc2C)cc2c1nc(COc1cccc(C(=O)O)c1)n2C,6.98,EC50,True,447.4910000000002,7,1,5.053340000000005,<rdkit.DataStructs.cDataStructs.ExplicitBitVect object at 0x12519dbd0>,33
CCOc1ccc(COc2ccc(NC(=O)c3ccc(Cl)cc3Cl)c(C(=O)[O-])c2)cc1.[Li+],6.16,EC50,True,466.24600000000015,5,1,1.5908999999999998,<rdkit.DataStructs.cDataStructs.ExplicitBitVect object at 0x12519dc40>,32
CC[C@@H](Oc1cccc(Cn2c(C)c(C(=O)c3ccc(Cl)cc3)c3ccc(OC(F)(F)F)cc32)c1)C(=O)O,8.7,EC50,True,545.9410000000001,5,1,7.023020000000006,<rdkit.DataStructs.cDataStructs.ExplicitBitVect object at 0x12519dcb0>,38
O=S(=O)(Nc1ccc(Oc2cncc(Cl)c2)c(Cl)c1)c1ccc(Cl)cc1Cl,6.4,EC50,True,464.15700000000015,4,1,6.288300000000002,<rdkit.DataStructs.cDataStructs.ExplicitBitVect object at 0x12519dd20>,27
CCCc1c(OCCCOc2ccc3c(ccn3CC(=O)O)c2)ccc2c(C(F)(F)F)noc12,6.64,EC50,True,476.4510000000002,6,1,5.686300000000004,<rdkit.DataStructs.cDataStructs.ExplicitBitVect object at 0x12519dd90>,34
CCc1nc2ccn(Cc3ccccc3C(F)(F)F)c(=O)c2n1[C@H]1CCc2cc(-c3ccccc3-c3nnn[nH]3)ccc21,6.73,EC50,True,581.6020000000002,7,1,6.210200000000006,<rdkit.DataStructs.cDataStructs.ExplicitBitVect object at 0x12519de00>,43
CC(C)(Oc1cccc(CCCN(Cc2ccc(C(F)(F)F)cc2C(F)(F)F)C(=O)Cc2ccc(C(F)(F)F)cc2)c1)C(=O)O,8.4,EC50,True,649.5500000000003,3,1,8.189100000000009,<rdkit.DataStructs.cDataStructs.ExplicitBitVect object at 0x12519de70>,45
CCCCOc1c(/C(C)=C\C=C\C(C)=C\C(=O)O)cc(C(F)(F)C(F)(F)F)cc1C(C)C,7.15,EC50,True,460.4830000000001,2,1,7.633400000000005,<rdkit.DataStructs.cDataStructs.ExplicitBitVect object at 0x12519dee0>,32
C=CCCCCN1C(=O)C(CCOc2ccccc2CC(=O)O)Oc2ccccc21,6.68,EC50,True,409.4820000000002,4,1,4.233100000000003,<rdkit.DataStructs.cDataStructs.ExplicitBitVect object at 0x12519df50>,30
COc1ccc(CN(Cc2ccc(OC(C)(C)C(=O)O)cc2)Cc2nc(-c3cccc(Br)c3)oc2C)cc1,6.16,EC50,True,579.4910000000001,6,1,6.865520000000007,<rdkit.DataStructs.cDataStructs.ExplicitBitVect object at 0x12519dfc0>,38
CCCCCS(=O)(=O)NC(=O)/C=C/c1cc(OC(C)C)nn1Cc1ccc(Cl)cc1Cl,7.7,EC50,True,488.43700000000024,6,1,4.674800000000004,<rdkit.DataStructs.cDataStructs.ExplicitBitVect object at 0x12519e030>,31
O=C(O)C(Oc1cccc(C(F)(F)F)c1)c1ccc(Cl)cc1,5.0,EC50,False,330.68899999999996,2,1,4.563500000000002,<rdkit.DataStructs.cDataStructs.ExplicitBitVect object at 0x12519e0a0>,22
Cc1ccc(-c2nc(COc3ccc(CC(OC(C)C)C(=O)O)cc3)no2)cc1,7.8,EC50,True,396.4430000000001,6,1,4.0447200000000025,<rdkit.DataStructs.cDataStructs.ExplicitBitVect object at 0x12519e110>,29
Cc1ccccc1C(=O)c1ccccc1NC(Cc1ccc(OCCN(C)c2nc3ccccc3o2)cc1)C(=O)O,8.16,EC50,True,549.6270000000004,7,2,5.990220000000005,<rdkit.DataStructs.cDataStructs.ExplicitBitVect object at 0x12519e180>,41
CN(CCOc1ccc(CC(Nc2sccc2C(=O)c2ccccc2)C(=O)O)cc1)c1nc2ccccc2o1,7.42,EC50,True,541.6290000000002,8,2,5.743300000000005,<rdkit.DataStructs.cDataStructs.ExplicitBitVect object at 0x12519e1f0>,39
CCCCCCC(Sc1nc2ccc(NCc3ccc(Cl)cc3)cc2s1)C(=O)O,5.62,EC50,True,449.0410000000001,5,2,7.077500000000006,<rdkit.DataStructs.cDataStructs.ExplicitBitVect object at 0x12519e260>,29
CCCCCCC(Sc1nc2ccc(NS(=O)(=O)c3ccc(Cl)cc3Cl)cc2s1)C(=O)O,8.66,EC50,True,533.5240000000003,6,2,6.919600000000004,<rdkit.DataStructs.cDataStructs.ExplicitBitVect object at 0x12519e2d0>,32
CCC(C(=O)O)C1CCc2cc(OCCc3nc(COc4ccc(Cl)cc4)oc3C)ccc21,6.98,EC50,True,469.9650000000002,5,1,5.9775200000000055,<rdkit.DataStructs.cDataStructs.ExplicitBitVect object at 0x12519e340>,33
CCC(C(=O)O)C1CCc2cc(OCCc3nc(-c4ccccc4)oc3C)c(-c3ccc(Cl)cc3)cc21,6.78,EC50,True,516.0370000000001,4,1,7.732520000000007,<rdkit.DataStructs.cDataStructs.ExplicitBitVect object at 0x12519e3b0>,37
CCC(C(=O)O)C1CCc2cc(OCCc3coc(-c4ccccc4)n3)ccc21,6.51,EC50,True,391.46700000000004,4,1,5.103700000000004,<rdkit.DataStructs.cDataStructs.ExplicitBitVect object at 0x12519e420>,29
Cc1oc(-c2ccccc2)nc1CCOc1ccc2c(c1)CCC2C(CC(F)(F)F)C(=O)O,6.75,EC50,True,459.46400000000017,4,1,5.954520000000004,<rdkit.DataStructs.cDataStructs.ExplicitBitVect object at 0x12519e490>,33
Cc1cc(C(Cc2ccc(CCCc3nc(-c4ccccc4)oc3C)cc2)C(=O)O)on1,5.42,EC50,False,430.50400000000013,5,1,5.532640000000006,<rdkit.DataStructs.cDataStructs.ExplicitBitVect object at 0x12519e500>,32
CCCOC(=O)/C(C)=C/CC/C(C)=C/CC[C@]1(C)CCc2cc(O)cc(C)c2O1,6.0,EC50,True,400.55900000000014,4,1,6.190520000000008,<rdkit.DataStructs.cDataStructs.ExplicitBitVect object at 0x12519e570>,29
CCCOc1cc(C)c2c(c1)CC[C@@](C)(CC/C=C(\C)CC/C=C(\C)C(=O)O)O2,5.77,EC50,True,400.5590000000002,3,1,6.405120000000006,<rdkit.DataStructs.cDataStructs.ExplicitBitVect object at 0x12519e5e0>,29
O=C([O-])C(Cc1ccccc1)Oc1ccc(/C=C\c2ccccc2)cc1.[Na+],5.82,EC50,True,366.39200000000005,3,0,0.6009999999999993,<rdkit.DataStructs.cDataStructs.ExplicitBitVect object at 0x12519e650>,27
CCC(Oc1cccc(CN(CCCOc2ccc(C)c(C)c2)c2nc3ccccc3o2)c1)C(=O)O,6.12,EC50,True,488.5840000000002,6,1,6.162340000000007,<rdkit.DataStructs.cDataStructs.ExplicitBitVect object at 0x12519e6c0>,36
CC(Oc1cccc(CN(CCCOc2ccccc2)c2nc3ccccc3o2)c1)C(=O)O,5.92,EC50,True,446.5030000000001,6,1,5.1554000000000055,<rdkit.DataStructs.cDataStructs.ExplicitBitVect object at 0x12519e730>,33
Cc1ccc(S(=O)(=O)Oc2cc(OCc3ccc(C(F)(F)F)cc3)c(/C=C3\SC(=O)NC3=O)cc2Br)cc1,6.47,EC50,True,628.4440000000002,7,1,6.446920000000005,<rdkit.DataStructs.cDataStructs.ExplicitBitVect object at 0x12519e7a0>,38
CCc1nc2c(C)cc(C)nc2n1C1CCc2cc(-c3ccccc3-c3nn[nH]n3)ccc21,6.24,EC50,True,435.5350000000001,6,1,4.993240000000004,<rdkit.DataStructs.cDataStructs.ExplicitBitVect object at 0x12519e810>,33
CCCCC(Sc1ccc(OCCCOc2cccc(C)c2C)cc1)C(=O)O,5.52,EC50,True,402.5560000000001,4,1,5.886840000000006,<rdkit.DataStructs.cDataStructs.ExplicitBitVect object at 0x12519e880>,28
CCC(Cc1ccc(OC)c(CNC(=O)c2ccc(OCCc3ccccc3)cc2)c1)C(=O)O,6.11,EC50,True,461.5580000000002,4,2,4.900000000000004,<rdkit.DataStructs.cDataStructs.ExplicitBitVect object at 0x12519e8f0>,34
CCc1ccc([C@H](O)COc2ccc(CC3SC(=O)NC3=O)cc2)nc1,6.57,EC50,True,372.4460000000001,6,2,2.6505,<rdkit.DataStructs.cDataStructs.ExplicitBitVect object at 0x12519e960>,26
Cc1oc(-c2ccccc2)nc1CCOc1ccc(CN(CC(=O)O)Cc2cccc3ccccc23)cc1,6.08,EC50,True,506.60200000000026,5,1,6.511520000000005,<rdkit.DataStructs.cDataStructs.ExplicitBitVect object at 0x12519e9d0>,38
CCCO/N=C(\C)C(Cc1ccc(OCCc2nc(C(C)C)oc2C)cc1)C(=O)O,8.28,EC50,True,416.51800000000014,6,1,4.773720000000004,<rdkit.DataStructs.cDataStructs.ExplicitBitVect object at 0x12519ea40>,30
CCOC(=O)C(CC)Cc1ccc(C(=O)NCc2ccccc2C(F)(F)F)cc1,5.75,EC50,True,407.432,3,1,4.767200000000004,<rdkit.DataStructs.cDataStructs.ExplicitBitVect object at 0x12519eab0>,29
CCOC(=O)C(Cc1ccc(C(=O)NCc2ccccc2C(F)(F)F)cc1)c1ccccc1,5.7,EC50,True,455.47600000000006,3,1,5.524800000000005,<rdkit.DataStructs.cDataStructs.ExplicitBitVect object at 0x12519eb20>,33
CCC(Cc1ccc(C(=O)NCc2ccc(Oc3ccccc3)cc2)cc1)C(=O)O,6.52,EC50,True,403.47800000000007,3,2,5.062200000000004,<rdkit.DataStructs.cDataStructs.ExplicitBitVect object at 0x12519eb90>,30
CCOC(=O)N1C[C@@H](CCc2ccc(OCCc3nc(-c4ccccc4)oc3C)cc2)[C@@H](C(=O)O)C1,6.27,EC50,True,492.5720000000002,6,1,4.9932200000000035,<rdkit.DataStructs.cDataStructs.ExplicitBitVect object at 0x12519ec00>,36
O=C(O)C(Cc1ccccc1)Oc1ccc(/C=N/OCCCc2ccccc2)cc1,5.9,EC50,True,403.47800000000024,4,1,4.744600000000005,<rdkit.DataStructs.cDataStructs.ExplicitBitVect object at 0x12519ec70>,30
Cc1c(C(=O)c2ccc(Cl)cc2)c2ccc(OC(F)(F)F)cc2n1Cc1cccc(O[C@@H](C(=O)O)C(C)C)c1,8.7,EC50,True,559.9680000000002,5,1,7.269020000000006,<rdkit.DataStructs.cDataStructs.ExplicitBitVect object at 0x12519ece0>,39
CCOc1cc(F)c(CC(CC)C(=O)O)cc1CNC(=O)c1ccc(C23CC4CC(CC(C4)C2)C3)cc1F,7.66,EC50,True,525.6360000000004,3,2,6.414600000000006,<rdkit.DataStructs.cDataStructs.ExplicitBitVect object at 0x12519ed50>,38
Cc1cc(Oc2cccc(CNC(=O)c3cc4cc(Cl)ccc4[nH]3)c2)ccc1CCC(=O)O,7.6,EC50,True,462.93300000000016,3,3,5.869220000000004,<rdkit.DataStructs.cDataStructs.ExplicitBitVect object at 0x12519edc0>,33
Cc1cc(Oc2cccc(CNC(=O)c3ccc(Cl)cc3C)c2)ccc1OC(C)(C)C(=O)O,7.55,EC50,True,467.9490000000002,4,2,5.921140000000005,<rdkit.DataStructs.cDataStructs.ExplicitBitVect object at 0x12519ee30>,33
COc1cc(C(F)(F)F)ccc1C(=O)NCc1cccc(Oc2ccc(OC(C)(C)C(=O)O)c(C)c2)c1,7.8,EC50,True,517.5000000000003,5,2,5.986720000000005,<rdkit.DataStructs.cDataStructs.ExplicitBitVect object at 0x12519eea0>,37
CCCCCS(=O)(=O)NC(=O)/C=C/c1ccc(OCCOC)cc1Oc1ccc(C(F)(F)F)cc1Cl,7.03,EC50,True,549.9950000000002,6,1,5.825700000000006,<rdkit.DataStructs.cDataStructs.ExplicitBitVect object at 0x12519ef10>,36
CCCCCNC(=O)CCc1ccc(OC(C)C)cc1Oc1ncc(C(F)(F)F)cc1Cl,6.54,EC50,True,472.93500000000006,4,1,6.572300000000006,<rdkit.DataStructs.cDataStructs.ExplicitBitVect object at 0x12519ef80>,32
CCCCNC(=O)OCCCc1ccc(OCCOC)cc1Oc1ncc(C(F)(F)F)cc1Cl,7.32,EC50,True,504.9330000000001,6,1,6.030200000000006,<rdkit.DataStructs.cDataStructs.ExplicitBitVect object at 0x12519eff0>,34
CCCOc1ccc(C[C@@H](Cc2ccccc2)C(=O)O)cc1CNC(=O)c1ccc(N2CCCCCC2)cc1,8.17,EC50,True,528.6930000000004,4,2,6.271800000000006,<rdkit.DataStructs.cDataStructs.ExplicitBitVect object at 0x12519f060>,39
CC(C)OC(Cc1ccc(OCCc2noc(-c3ccccc3)n2)cc1)C(=O)O,7.89,EC50,True,396.44300000000004,6,1,3.778800000000002,<rdkit.DataStructs.cDataStructs.ExplicitBitVect object at 0x12519f0d0>,29
CC(C)OC(Cc1ccc(OCc2noc(-c3ccc(Cl)cc3)n2)cc1)C(=O)O,7.7,EC50,True,416.86100000000005,6,1,4.389700000000005,<rdkit.DataStructs.cDataStructs.ExplicitBitVect object at 0x12519f140>,29
CCO[C@@H](Cc1ccc(OCC=C(c2ccc(C)cc2)c2ccc(C)cc2)cc1)C(=O)O,5.51,EC50,True,430.54400000000015,3,1,5.846340000000006,<rdkit.DataStructs.cDataStructs.ExplicitBitVect object at 0x12519f1b0>,32
CCCCCCCN(CCc1ccc(OCC(=O)[O-])cc1)c1nc2ccccc2o1.[Na+],6.1,EC50,True,432.49600000000015,6,0,0.9800000000000002,<rdkit.DataStructs.cDataStructs.ExplicitBitVect object at 0x12519f220>,31
CC[C@@H](NC(=O)c1ccc2c(c1)ncn2Cc1ccc(Cl)cc1Cl)c1ccccc1,9.3,EC50,True,438.3580000000001,3,1,6.272500000000004,<rdkit.DataStructs.cDataStructs.ExplicitBitVect object at 0x12519f290>,30
O=S(=O)(Nc1cc(Cl)c(Oc2cnc3ccccc3c2)c(Cl)c1)c1ccc(C(F)(F)F)cc1Cl,6.6,EC50,True,547.769,4,1,7.806900000000003,<rdkit.DataStructs.cDataStructs.ExplicitBitVect object at 0x12519f300>,34
CCNC(=O)c1cc(NS(=O)(=O)c2ccc(I)cc2)ccc1Oc1cncc(Cl)c1,6.7,EC50,True,557.7970000000001,5,2,4.682400000000003,<rdkit.DataStructs.cDataStructs.ExplicitBitVect object at 0x12519f370>,30
CC[C@@H](Oc1cccc(CN(CCCOc2ccc(OC)cc2)c2nc3ccccc3o2)c1)C(=O)O,5.77,EC50,True,490.55600000000015,7,1,5.554100000000006,<rdkit.DataStructs.cDataStructs.ExplicitBitVect object at 0x12519f3e0>,36
CCO[C@@H](Cc1ccc(OCc2nc(-c3ccc(-c4ccccc4)s3)oc2C)cc1)C(=O)O,8.52,EC50,True,463.5550000000001,6,1,5.989720000000005,<rdkit.DataStructs.cDataStructs.ExplicitBitVect object at 0x12519f450>,33
CCCOc1cc(N2C(=O)c3ccccc3C2=O)ccc1CCc1ccc(CC(CC)C(=O)O)cc1,5.16,EC50,False,485.5800000000003,4,1,5.7145000000000055,<rdkit.DataStructs.cDataStructs.ExplicitBitVect object at 0x12519f4c0>,36
O=C(O)C(Cc1ccc(Oc2ccccc2)cc1)Oc1ccc(Cl)cc1,5.97,EC50,True,368.81600000000014,3,1,5.207000000000003,<rdkit.DataStructs.cDataStructs.ExplicitBitVect object at 0x12519f530>,26
CCC(Cc1ccc(OCCN2CC=C(c3ccc(Cl)cc3)CC2)cc1)C(=O)O,5.28,EC50,False,413.9450000000001,3,1,5.161400000000005,<rdkit.DataStructs.cDataStructs.ExplicitBitVect object at 0x12519f5a0>,29
CCOC(Cc1ccc(OCCc2nc(-c3ccccc3)oc2C)c2ccsc12)C(=O)O,7.75,EC50,True,451.54400000000015,6,1,5.518420000000004,<rdkit.DataStructs.cDataStructs.ExplicitBitVect object at 0x12519f610>,32
CO[C@@H](Cc1ccc(OCCc2nc(-c3ccc(C(F)(F)F)cc3)oc2C)c2ccsc12)C(=O)O,7.28,EC50,True,505.5140000000001,6,1,6.147120000000005,<rdkit.DataStructs.cDataStructs.ExplicitBitVect object at 0x12519f680>,35
CCO[C@@H](Cc1ccc(OCCc2nc(-c3ccc(C(F)(F)F)cc3)oc2C)c2ccsc12)C(=O)O,8.05,EC50,True,519.5410000000002,6,1,6.537220000000006,<rdkit.DataStructs.cDataStructs.ExplicitBitVect object at 0x12519f6f0>,36
CC[C@@H](NC(=O)c1ccc2c(c1)ncn2Cc1ccc(F)c(Cl)c1)c1ccccc1,8.2,EC50,True,421.9030000000001,3,1,5.758200000000005,<rdkit.DataStructs.cDataStructs.ExplicitBitVect object at 0x12519f760>,30
Cc1oc(-c2ccccc2)nc1CCOc1ccc(CC(Nc2ccccc2C(=O)c2cccnc2)C(=O)O)cc1,8.83,EC50,True,547.6110000000002,7,2,6.0053200000000055,<rdkit.DataStructs.cDataStructs.ExplicitBitVect object at 0x12519f7d0>,41
CN(CCOc1ccc(CC(Nc2ccccc2C(=O)c2ccccc2)C(=O)O)cc1)c1nc2ccccc2o1,8.85,EC50,True,535.6000000000003,7,2,5.681800000000005,<rdkit.DataStructs.cDataStructs.ExplicitBitVect object at 0x12519f840>,40
Cc1ccc(C(=O)c2nc(C)c(C)n2C/C=C/c2cccc(OC(C)(C)C(=O)O)c2)cc1,5.32,EC50,False,432.5200000000002,5,1,4.994760000000004,<rdkit.DataStructs.cDataStructs.ExplicitBitVect object at 0x12519f8b0>,32
CC[C@]1(C(=O)O)CCc2ccc(OCCCOc3ccc(C4CCC(C)(C)CC4)cc3Cl)cc2O1,5.85,EC50,True,501.0630000000003,4,1,7.430100000000008,<rdkit.DataStructs.cDataStructs.ExplicitBitVect object at 0x12519f920>,35
Cc1oc(-c2ccccc2)nc1CCOc1ccc(CC(Nc2ccccc2C(=O)c2cccc(N)c2)C(=O)O)cc1,6.88,EC50,True,561.6380000000003,7,3,6.192520000000005,<rdkit.DataStructs.cDataStructs.ExplicitBitVect object at 0x12519f990>,42
C/C(=C/C=C/C(C)=C/C(=O)O)c1cc(-c2cc(F)cc(F)c2)cc(C(C)C)c1OCC(F)F,7.4,EC50,True,462.4830000000002,2,1,7.389500000000005,<rdkit.DataStructs.cDataStructs.ExplicitBitVect object at 0x12519fa00>,33
CCC(Cc1ccc(C(=O)NCc2ccccc2OC(F)(F)F)cc1)C(=O)O,5.1,EC50,False,395.377,3,2,4.1685000000000025,<rdkit.DataStructs.cDataStructs.ExplicitBitVect object at 0x12519fa70>,28
O=C(O)C(Cc1ccc(Cl)cc1)Oc1ccc(Cl)cc1F,6.05,EC50,True,329.154,2,1,4.207200000000002,<rdkit.DataStructs.cDataStructs.ExplicitBitVect object at 0x12519fae0>,21
O=C(O)C(Cc1ccccc1)Oc1ccccc1C(F)(F)F,4.52,EC50,False,310.271,2,1,3.7801000000000027,<rdkit.DataStructs.cDataStructs.ExplicitBitVect object at 0x12519fb50>,22
COc1cc(O)c2c(c1C(=O)NCc1cc(C)cc3ccccc13)OC1=CC(O)=C(C(C)=O)C(=O)[C@]12C,6.68,EC50,True,499.5190000000003,7,3,4.310220000000003,<rdkit.DataStructs.cDataStructs.ExplicitBitVect object at 0x12519fbc0>,37
Cc1ccc(COc2cccc(OCCCOc3ccc4[nH]cc(CC(=O)O)c4c3)c2)cc1,5.77,EC50,True,445.51500000000016,4,2,5.530320000000004,<rdkit.DataStructs.cDataStructs.ExplicitBitVect object at 0x12519fc30>,33
CC(C)(C)N.CCOC/C=C/C(=O)N1Cc2cc(OCCc3nc(/C=C/CCC(C)C)oc3C)ccc2C[C@H]1C(=O)O,7.05,EC50,True,583.7700000000004,7,2,5.728120000000006,<rdkit.DataStructs.cDataStructs.ExplicitBitVect object at 0x12519fca0>,42
CC(C)(C)N.CCC/C=C/C(=O)N1Cc2cc(OCCc3nc(/C=C/CCC(C)C)oc3C)ccc2C[C@H]1C(=O)O,7.52,EC50,True,567.7710000000005,6,2,6.491720000000008,<rdkit.DataStructs.cDataStructs.ExplicitBitVect object at 0x12519fd10>,41
C/C=C/C=C(\C)C(=O)N1Cc2cc(OCCc3nc(/C=C/CCC(C)C)oc3C)ccc2C[C@H]1C(=O)O.CC(C)(C)N,7.3,EC50,True,579.7820000000002,6,2,6.657820000000006,<rdkit.DataStructs.cDataStructs.ExplicitBitVect object at 0x12519fd80>,42
C/C=C/C=C/C(=O)N1Cc2cc(OCCc3nc(/C(C)=C/CC)oc3C)ccc2C[C@H]1C(=O)O.CC(C)(C)N,6.92,EC50,True,537.7010000000002,6,2,5.631620000000004,<rdkit.DataStructs.cDataStructs.ExplicitBitVect object at 0x12519fdf0>,39
CCOC(=O)C(CC)Cc1ccc(C(=O)NCc2ccc(F)cc2C(F)(F)F)cc1,5.55,EC50,True,425.422,3,1,4.906300000000004,<rdkit.DataStructs.cDataStructs.ExplicitBitVect object at 0x12519fe60>,30
O=C(CN1c2ccccc2Sc2ccccc21)NNC(=S)NCc1ccccc1,4.66,EC50,False,420.5630000000001,4,3,3.984800000000001,<rdkit.DataStructs.cDataStructs.ExplicitBitVect object at 0x12519fed0>,29
COC(=O)N(CC(=O)O)[C@@H](C)c1cccc(OCc2coc(-c3ccc(C)cc3)n2)c1,4.68,EC50,False,424.45300000000015,6,1,4.443020000000003,<rdkit.DataStructs.cDataStructs.ExplicitBitVect object at 0x12519ff40>,31
CC(C)Oc1cc(CCC(=O)NS(C)(=O)=O)n(Cc2ccc(Cl)cc2Cl)n1,6.35,EC50,True,434.3450000000002,6,1,3.033800000000002,<rdkit.DataStructs.cDataStructs.ExplicitBitVect object at 0x1251a4040>,27
CCCCCS(=O)(=O)NC(=O)CCc1cc(OCCOC)nn1Cc1ccc(Cl)cc1Cl,7.51,EC50,True,506.45200000000034,7,1,3.832200000000003,<rdkit.DataStructs.cDataStructs.ExplicitBitVect object at 0x1251a40b0>,32
CC(C)CCS(=O)(=O)NC(=O)CCc1cc(OC(C)C)nn1Cc1ccc(Cl)cc1Cl,7.77,EC50,True,490.4530000000002,6,1,4.4501000000000035,<rdkit.DataStructs.cDataStructs.ExplicitBitVect object at 0x1251a4120>,31
CCCCCS(=O)(=O)NC(=O)CCc1cc(OC(C)C)nn1Cc1ccc(C(F)(F)F)cc1Cl,8.0,EC50,True,524.0050000000002,6,1,4.9596000000000044,<rdkit.DataStructs.cDataStructs.ExplicitBitVect object at 0x1251a4190>,34
COc1ccc2c(-n3c(=O)n(Cc4cccc([C@@]5(C)OC(=O)NC5=O)c4)c4ccccc43)noc2c1,6.44,EC50,True,484.4680000000002,9,1,3.4719000000000015,<rdkit.DataStructs.cDataStructs.ExplicitBitVect object at 0x1251a4200>,36
CC/C(=C\c1ccc(C(=O)NCc2ccccc2C(F)(F)F)cc1)C(=O)O,5.66,EC50,True,377.362,2,2,4.513400000000003,<rdkit.DataStructs.cDataStructs.ExplicitBitVect object at 0x1251a4270>,27
CCCc1nc2ccc(C(O)c3ccccc3)cc2n1Cc1ccc(-c2ccccc2C(=O)O)cc1,5.46,EC50,False,476.57600000000025,4,2,6.484000000000006,<rdkit.DataStructs.cDataStructs.ExplicitBitVect object at 0x1251a42e0>,36
Cc1cccc(-c2nc(CCOc3ccc(CC4(C(=O)O)CCCO4)nc3)c(C)o2)c1,7.92,EC50,True,422.4810000000002,6,1,4.151240000000002,<rdkit.DataStructs.cDataStructs.ExplicitBitVect object at 0x1251a4350>,31
Cc1cc(CN(Cc2ccco2)Cc2nc(-c3ccccc3)oc2C)cc(C)c1OC(C)(C)C(=O)O,8.33,EC50,True,488.5840000000003,6,1,6.304260000000006,<rdkit.DataStructs.cDataStructs.ExplicitBitVect object at 0x1251a43c0>,36
CCCCCCOc1ccc(CC(CC)C(=O)O)cc1CNC(=O)c1ccc(C(F)(F)F)cc1,5.64,EC50,True,479.5390000000001,3,2,6.247800000000006,<rdkit.DataStructs.cDataStructs.ExplicitBitVect object at 0x1251a4430>,34
CC[C@H]1CN(c2nc3ccc(Cl)cc3s2)CCC1CCOc1cc(CC(=O)O)ccc1Cl,6.15,EC50,True,493.45600000000036,5,1,6.551800000000006,<rdkit.DataStructs.cDataStructs.ExplicitBitVect object at 0x1251a44a0>,32
CCC/C=C1/C(=O)O[C@@H](C)[C@@H]1O,4.72,EC50,False,170.208,3,1,1.0191,<rdkit.DataStructs.cDataStructs.ExplicitBitVect object at 0x1251a4510>,12
CCOC(Cc1ccc2c(ccn2Cc2nc(-c3ccccc3F)oc2C)c1)C(=O)O,6.1,EC50,True,422.45600000000013,5,1,4.824320000000005,<rdkit.DataStructs.cDataStructs.ExplicitBitVect object at 0x1251a4580>,31
COC(=O)c1cc(CNC(=O)c2c(OC)cc(O)c3c2OC2=CC(O)=C(C(C)=O)C(=O)[C@]23C)c2ccccc2c1,6.06,EC50,True,543.5280000000004,9,3,3.788400000000002,<rdkit.DataStructs.cDataStructs.ExplicitBitVect object at 0x1251a45f0>,40
CCCCOc1c(/C(C)=C\C=C\C(C)=C\C(=O)O)cc(C(F)(F)C(F)(F)F)cc1C(C)C,8.13,EC50,True,460.4830000000001,2,1,7.633400000000005,<rdkit.DataStructs.cDataStructs.ExplicitBitVect object at 0x1251a4660>,32
C/C(=C/C=C/C(C)=C/C(=O)O)c1cc(-c2ccco2)cc(C(C)C)c1OCC(F)F,7.43,EC50,True,416.46400000000017,3,1,6.704300000000005,<rdkit.DataStructs.cDataStructs.ExplicitBitVect object at 0x1251a46d0>,30
N[C@@H](Cc1ccc(OCc2ccccc2)cc1)C(=O)O,5.6,EC50,True,271.316,3,2,2.22,<rdkit.DataStructs.cDataStructs.ExplicitBitVect object at 0x1251a4740>,20
CN(CCOc1ccc(CC(Nc2ccccc2Oc2ccccc2)C(=O)O)cc1)c1nc2ccccc2o1,6.33,EC50,True,523.5890000000002,7,2,6.243100000000005,<rdkit.DataStructs.cDataStructs.ExplicitBitVect object at 0x1251a47b0>,39
CCCCS(=O)(=O)NC(=O)CCc1cc(OC(C)C)nn1Cc1ccc(Cl)cc1Cl,7.4,EC50,True,476.42600000000016,6,1,4.204100000000003,<rdkit.DataStructs.cDataStructs.ExplicitBitVect object at 0x1251a4820>,30
CC(C)Oc1cc(CCC(=O)O)n(Cc2ccc(Cl)cc2Cl)n1,6.3,EC50,True,357.237,4,1,4.042600000000003,<rdkit.DataStructs.cDataStructs.ExplicitBitVect object at 0x1251a4890>,23
CN(CCOc1ccc(C[C@H](Nc2ccccc2C(=O)c2ccccc2)C(=O)O)cc1)c1ccccn1,7.4,EC50,True,495.5790000000002,6,2,4.9356000000000035,<rdkit.DataStructs.cDataStructs.ExplicitBitVect object at 0x1251a4900>,37
CCC(Cc1ccc(OC)c(CNC(=O)c2ccc(-c3ccccc3)cc2)c1)C(=O)O,6.47,EC50,True,417.5050000000001,3,2,4.945500000000004,<rdkit.DataStructs.cDataStructs.ExplicitBitVect object at 0x1251a4970>,31
CCC(Cc1ccc(OC)c(CNC(=O)c2ccc(Oc3ccccc3)cc2)c1)C(=O)O,6.09,EC50,True,433.50400000000013,4,2,5.070800000000004,<rdkit.DataStructs.cDataStructs.ExplicitBitVect object at 0x1251a49e0>,32
CC[C@@H](Cc1ccc(OC)c(CNC(=O)c2ccc(Oc3ccc(F)cc3)cc2)c1)C(=O)O,6.04,EC50,True,451.49400000000014,4,2,5.209900000000005,<rdkit.DataStructs.cDataStructs.ExplicitBitVect object at 0x1251a4a50>,33
COc1cc(O)c2c(c1C(=O)NCc1c(C)ccc3c(Cl)cccc13)OC1=CC(O)=C(C(C)=O)C(=O)[C@]12C,6.77,EC50,True,533.9640000000002,7,3,4.963620000000005,<rdkit.DataStructs.cDataStructs.ExplicitBitVect object at 0x1251a4ac0>,38
CCCOc1ccc(C[C@@H](Cc2ccccc2)C(=O)O)cc1CNC(=O)c1ccc(N2C3CCCC2CC3)cc1,8.17,EC50,True,540.7040000000003,4,2,6.412700000000006,<rdkit.DataStructs.cDataStructs.ExplicitBitVect object at 0x1251a4b30>,40
CCc1ccc(CCOc2ccc(CC3SC(=O)NC3=O)cc2)nc1,5.89,EC50,True,356.44700000000006,5,1,3.159600000000001,<rdkit.DataStructs.cDataStructs.ExplicitBitVect object at 0x1251a4ba0>,25
CO/N=C(\c1ccccc1)c1ccc2c(c1)C(C)(C)CCN2CCOc1ccc(C[C@H](OCC(F)(F)F)C(=O)O)cc1,6.9,EC50,True,584.6350000000004,6,1,6.2267000000000055,<rdkit.DataStructs.cDataStructs.ExplicitBitVect object at 0x1251a4c10>,42
CCOC(Cc1ccc(OCCN2CC=C(c3cc(Cl)cc(Cl)c3)CC2)cc1)C(=O)O,5.85,EC50,True,464.38900000000024,4,1,5.193700000000006,<rdkit.DataStructs.cDataStructs.ExplicitBitVect object at 0x1251a4c80>,31
CC(Cc1ccc(OCCN2CC=C(c3ccc(Cl)cc3)CC2)cc1)(Oc1ccccc1)C(=O)O,5.31,EC50,False,492.0150000000002,4,1,5.972900000000006,<rdkit.DataStructs.cDataStructs.ExplicitBitVect object at 0x1251a4cf0>,35
CO[C@@H](Cc1ccc(OCCc2nc(-c3ccccc3)oc2C)c2sccc12)C(=O)O,7.48,EC50,True,437.51700000000017,6,1,5.128320000000005,<rdkit.DataStructs.cDataStructs.ExplicitBitVect object at 0x1251a4d60>,31
Cc1oc(-c2ccccc2)nc1CCCc1ccc(CC(C(=O)O)c2cccc(-c3ccccc3)c2)cc1,5.4,EC50,False,501.62600000000015,3,1,7.903220000000006,<rdkit.DataStructs.cDataStructs.ExplicitBitVect object at 0x1251a4dd0>,38
CCCc1nc2ccc(-c3ccccc3Cl)cc2n1Cc1ccc(-c2ccccc2C(=O)O)cc1,5.86,EC50,True,480.99500000000023,3,1,7.722700000000007,<rdkit.DataStructs.cDataStructs.ExplicitBitVect object at 0x1251a4e40>,35
O=C(c1ccccc1)c1ccccc1N[C@@H](Cc1ccc(/N=N\c2ccc(Cl)cc2)cc1)C(=O)O,5.3,EC50,False,483.95500000000015,5,2,7.094200000000005,<rdkit.DataStructs.cDataStructs.ExplicitBitVect object at 0x1251a4eb0>,35
Cc1oc(-c2ccccc2)nc1CCOc1ccc(CC(Nc2ccccc2C(=O)c2cccc(N)c2)C(=O)O)cc1,8.05,EC50,True,561.6380000000003,7,3,6.192520000000005,<rdkit.DataStructs.cDataStructs.ExplicitBitVect object at 0x1251a4f20>,42
CCCOc1c(/C(C)=C\C=C\C(C)=C\C(=O)O)cc(C(F)(F)C(F)(F)F)cc1C(C)C,7.23,EC50,True,446.4560000000001,2,1,7.243300000000006,<rdkit.DataStructs.cDataStructs.ExplicitBitVect object at 0x1251a4f90>,31
C/C(=C/C=C/C(C)=C/C(=O)O)c1cc(C(C)C)cc(-c2ccccc2)c1OCC(F)F,7.11,EC50,True,426.50300000000016,2,1,7.111300000000006,<rdkit.DataStructs.cDataStructs.ExplicitBitVect object at 0x1251a5000>,31
Cc1cc(-c2ccccc2)nn1CCOc1ccc(C[C@H](Nc2ccccc2C(=O)c2ccccc2)C(=O)O)cc1,8.56,EC50,True,545.6390000000002,6,2,6.2763200000000055,<rdkit.DataStructs.cDataStructs.ExplicitBitVect object at 0x1251a5070>,41
CC(C)(Oc1cccc(CCCN(C(=O)COc2ccc(Cl)c(Cl)c2)c2cccc(-c3ncon3)c2C2CC2)c1)C(=O)O,6.77,EC50,True,624.521,7,1,7.207600000000007,<rdkit.DataStructs.cDataStructs.ExplicitBitVect object at 0x1251a50e0>,43
Cc1cc(-c2nc(CCOc3ccc(C[C@H](Nc4ccccc4C(=O)c4ccccc4)C(=O)O)cc3)c(C)s2)no1,7.83,EC50,True,567.6670000000003,8,2,6.375240000000005,<rdkit.DataStructs.cDataStructs.ExplicitBitVect object at 0x1251a5150>,41
CCCCC(Cc1ccc(OC)c(CNC(=O)c2ccc(C(F)(F)F)cc2F)c1)C(=O)O,6.0,EC50,True,455.44800000000004,3,2,5.216600000000005,<rdkit.DataStructs.cDataStructs.ExplicitBitVect object at 0x1251a51c0>,32
CCOc1ccc(CC(CC)C(=O)O)cc1CNC(=O)c1ccc(C(F)(F)F)cc1,5.75,EC50,True,423.43100000000004,3,2,4.687400000000004,<rdkit.DataStructs.cDataStructs.ExplicitBitVect object at 0x1251a5230>,30
COCCNc1nc(CCOc2ccc(C[C@H](Nc3ccccc3C(=O)c3ccccc3)C(=O)O)cc2)c(C)s1,7.51,EC50,True,559.6880000000002,8,3,5.470120000000005,<rdkit.DataStructs.cDataStructs.ExplicitBitVect object at 0x1251a52a0>,40
Cc1oc(-c2ccccc2)nc1CCOc1ccc(CC(Nc2ccccc2C(=O)O)C(=O)O)cc1,5.31,EC50,False,486.52400000000017,6,3,5.0775200000000025,<rdkit.DataStructs.cDataStructs.ExplicitBitVect object at 0x1251a5310>,36
COc1ccccc1C(=O)c1ccccc1NC(Cc1ccc(OCCN(C)c2nc3ccccc3o2)cc1)C(=O)O,7.42,EC50,True,565.6260000000004,8,2,5.690400000000005,<rdkit.DataStructs.cDataStructs.ExplicitBitVect object at 0x1251a5380>,42
Cc1oc(-c2ccccc2)nc1CCOc1ccc(CC(Nc2ccccc2C(=O)c2cccc(CO)c2)C(=O)O)cc1,7.61,EC50,True,576.6490000000003,7,3,6.102620000000006,<rdkit.DataStructs.cDataStructs.ExplicitBitVect object at 0x1251a53f0>,43
CCCc1c(-c2ccccc2)[nH]c2ccc(CC(=O)O)cc12,5.15,EC50,False,293.366,1,2,4.414500000000002,<rdkit.DataStructs.cDataStructs.ExplicitBitVect object at 0x1251a5460>,22
Cc1oc(-c2ccccc2)nc1CCOc1ccc(C[C@H](NS(C)(=O)=O)C(=O)O)cc1,5.58,EC50,True,444.5090000000001,6,2,2.81642,<rdkit.DataStructs.cDataStructs.ExplicitBitVect object at 0x1251a54d0>,31
C[C@@H]1CN(c2nc3ccc(Cl)cc3s2)CCN1CCOc1cc(CC(=O)O)ccc1Cl,6.36,EC50,True,480.41700000000026,6,1,4.819700000000004,<rdkit.DataStructs.cDataStructs.ExplicitBitVect object at 0x1251a5540>,31
CC(C)OC(Cc1ccc(OCc2noc(-c3ccc(F)cc3)n2)cc1)C(=O)O,6.7,EC50,True,400.40600000000006,6,1,3.8754000000000017,<rdkit.DataStructs.cDataStructs.ExplicitBitVect object at 0x1251a55b0>,29
Cc1oc(-c2ccccc2)nc1CCOc1ccc(C[C@@H](C(=O)O)N2CCCC2)cc1,6.41,EC50,True,420.50900000000024,5,1,4.363020000000002,<rdkit.DataStructs.cDataStructs.ExplicitBitVect object at 0x1251a5620>,31
CC(C)OC(Cc1ccc(OCc2noc(-c3ccc(OC(F)(F)F)cc3)n2)cc1)C(=O)O,7.2,EC50,True,466.4120000000001,7,1,4.634900000000004,<rdkit.DataStructs.cDataStructs.ExplicitBitVect object at 0x1251a5690>,33
CCCCC(Sc1nc2ccc(NC(=O)c3ccc(C(C)(C)C)cc3)cc2s1)C(=O)O,5.43,EC50,False,456.6330000000002,5,2,6.581600000000005,<rdkit.DataStructs.cDataStructs.ExplicitBitVect object at 0x1251a5700>,31
CN(CCOc1ccc(CC2SC(=O)NC2=O)cc1)c1ccccn1,4.36,EC50,False,357.435,6,1,2.490900000000001,<rdkit.DataStructs.cDataStructs.ExplicitBitVect object at 0x1251a5770>,25
CCCc1c(OCCCSc2ccc(CC(=O)O)cc2Cl)ccc2c(CC)coc12,6.99,EC50,True,446.9960000000002,4,1,6.789400000000005,<rdkit.DataStructs.cDataStructs.ExplicitBitVect object at 0x1251a57e0>,30
CC(C)Cc1ccc(OCCCOc2ccc3c(c2)O[C@@](C)(C(=O)O)CC3)c(Cl)c1,6.3,EC50,True,432.9440000000002,4,1,5.554700000000006,<rdkit.DataStructs.cDataStructs.ExplicitBitVect object at 0x1251a5850>,30
Cc1cc(OCc2nc(-c3cnc(OC(C)C)nc3)c(-c3ccc(OC(F)(F)F)cc3)o2)ccc1OCC(=O)O,6.01,EC50,True,559.4970000000002,9,1,5.835220000000005,<rdkit.DataStructs.cDataStructs.ExplicitBitVect object at 0x1251a58c0>,40
O=C1NC(=S)NC(=O)C1=Cc1ccc(OCc2ccccc2)c(Cl)c1,6.67,EC50,True,372.8330000000001,4,2,2.8333000000000013,<rdkit.DataStructs.cDataStructs.ExplicitBitVect object at 0x1251a5930>,25
CCOC(=O)c1sc(N2C(=O)C(O)=C(C(=O)c3cccs3)C2c2ccc(C)o2)nc1C,6.23,EC50,True,458.51700000000017,9,1,4.3740400000000035,<rdkit.DataStructs.cDataStructs.ExplicitBitVect object at 0x1251a59a0>,31
CCNC(=O)c1cc(NS(=O)(=O)c2ccc(Br)cc2OC(F)(F)F)ccc1Oc1cncc(Cl)c1,7.82,EC50,True,594.793,6,2,5.738900000000003,<rdkit.DataStructs.cDataStructs.ExplicitBitVect object at 0x1251a5a10>,35
COc1cc(O)c2c(c1C(=O)NCc1c(C)cc(F)c3ccccc13)OC1=CC(O)=C(C(C)=O)C(=O)[C@]12C,8.32,EC50,True,517.5090000000002,7,3,4.449320000000003,<rdkit.DataStructs.cDataStructs.ExplicitBitVect object at 0x1251a5a80>,38
COc1cc(O)c2c(c1C(=O)NCc1c(C)ccc3c(F)cccc13)OC1=CC(O)=C(C(C)=O)C(=O)[C@]12C,7.8,EC50,True,517.5090000000002,7,3,4.449320000000003,<rdkit.DataStructs.cDataStructs.ExplicitBitVect object at 0x1251a5af0>,38
O=C(Nc1ccc2oc(-c3cccc(Cl)c3)nc2c1)c1cc([N+](=O)[O-])ccc1Cl,8.14,EC50,True,428.2310000000001,5,1,5.962100000000003,<rdkit.DataStructs.cDataStructs.ExplicitBitVect object at 0x1251a5b60>,29
CCc1ccc(-c2nc3cc(NC(=O)c4cc([N+](=O)[O-])ccc4F)ccc3o2)cc1,8.48,EC50,True,405.3850000000001,5,1,5.356800000000003,<rdkit.DataStructs.cDataStructs.ExplicitBitVect object at 0x1251a5bd0>,30
CCc1ccc(-c2nc3cc(NC(=O)c4cc([N+](=O)[O-])ccc4Br)ccc3o2)cc1,8.02,EC50,True,466.2910000000001,5,1,5.9802000000000035,<rdkit.DataStructs.cDataStructs.ExplicitBitVect object at 0x1251a5c40>,30
COc1cc(OC)c2c(=O)c(OCc3ccccc3)c(-c3ccccc3)oc2c1,4.54,EC50,False,388.4190000000001,5,0,5.056200000000004,<rdkit.DataStructs.cDataStructs.ExplicitBitVect object at 0x1251a5cb0>,29
COC(=O)N(CC(=O)O)Cc1cccc(OCc2nc(-c3ccc(Cl)cc3)oc2C)c1,5.62,EC50,True,444.8710000000001,6,1,4.535420000000004,<rdkit.DataStructs.cDataStructs.ExplicitBitVect object at 0x1251a5d20>,31
COc1cc(O)c2c(c1C(=O)NCc1ccccc1)OC1=CC(O)=C(C(C)=O)C(=O)[C@]12C,6.66,EC50,True,435.43200000000024,7,3,2.848600000000001,<rdkit.DataStructs.cDataStructs.ExplicitBitVect object at 0x1251a5d90>,32
CCCc1nc2ccc(C(O)c3ccccc3)cc2n1Cc1ccc(-c2ccccc2C(=O)O)cc1,5.46,EC50,False,476.57600000000025,4,2,6.484000000000006,<rdkit.DataStructs.cDataStructs.ExplicitBitVect object at 0x1251a5e00>,36
O=C(O)C(Sc1nc(Cl)cc(Nc2ccc3ccccc3c2)n1)c1cccc2ccccc12,5.16,EC50,False,471.96900000000016,5,2,7.098000000000004,<rdkit.DataStructs.cDataStructs.ExplicitBitVect object at 0x1251a5e70>,33
COc1cc(O)c2c(c1C(=O)NCc1c(C)ccc3ccccc13)OC1=CC(O)=C(C(C)=O)C(=O)[C@]12C,7.55,EC50,True,499.5190000000003,7,3,4.310220000000003,<rdkit.DataStructs.cDataStructs.ExplicitBitVect object at 0x1251a5ee0>,37
CCc1ccc2ccccc2c1CNC(=O)c1c(OC)cc(O)c2c1OC1=CC(O)=C(C(C)=O)C(=O)[C@]12C,8.43,EC50,True,513.5460000000003,7,3,4.564200000000002,<rdkit.DataStructs.cDataStructs.ExplicitBitVect object at 0x1251a5f50>,38
COc1cc(O)c2c(c1C(=O)NCc1c(C)ccc3cc(Cl)ccc13)OC1=CC(O)=C(C(C)=O)C(=O)[C@]12C,7.25,EC50,True,533.9640000000002,7,3,4.963620000000004,<rdkit.DataStructs.cDataStructs.ExplicitBitVect object at 0x1251a5fc0>,38
CCCc1nc2ccc(-c3cccc(Cl)c3)cc2n1Cc1ccc(-c2ccccc2C(=O)O)cc1,6.11,EC50,True,480.99500000000023,3,1,7.722700000000007,<rdkit.DataStructs.cDataStructs.ExplicitBitVect object at 0x1251a6030>,35
COc1ccc(F)c(-c2ccc(Cc3ccc(N4N=C(C(F)(F)F)[C@@H](C)[C@@H]4CC(=O)O)cc3)c(C)c2)c1,5.58,EC50,True,514.5190000000002,4,1,6.618220000000006,<rdkit.DataStructs.cDataStructs.ExplicitBitVect object at 0x1251a60a0>,37
Cn1c(COc2cccc(C(=O)O)c2)nc2ccc(Oc3cccnc3)cc21,5.17,EC50,False,375.38400000000007,6,1,4.037800000000002,<rdkit.DataStructs.cDataStructs.ExplicitBitVect object at 0x1251a6110>,28
Cc1oc(-c2ccccc2)nc1CCOc1ccc(C[C@H](Nc2ccccc2C(=O)c2ccccc2)C(=O)O)cc1,8.83,EC50,True,546.6230000000003,6,2,6.610320000000006,<rdkit.DataStructs.cDataStructs.ExplicitBitVect object at 0x1251a6180>,41
CC(C)OC(Cc1ccc(OCc2noc(-c3ccc(C(C)(C)C)cc3)n2)cc1)C(=O)O,8.52,EC50,True,438.52400000000017,6,1,5.033800000000004,<rdkit.DataStructs.cDataStructs.ExplicitBitVect object at 0x1251a61f0>,32
CCCOC(=O)c1ccccc1NC(Cc1ccc(OCCc2nc(-c3ccccc3)oc2C)cc1)C(=O)O,9.52,EC50,True,528.6050000000004,7,2,5.946120000000006,<rdkit.DataStructs.cDataStructs.ExplicitBitVect object at 0x1251a6260>,39
CCCCCCCCSc1nc(NCc2ccccc2)c(C(=O)O)c(SCc2ccccc2)n1,6.02,EC50,True,495.7140000000002,6,2,7.531800000000008,<rdkit.DataStructs.cDataStructs.ExplicitBitVect object at 0x1251a62d0>,34
COc1ccccc1C(=O)c1ccccc1NC(Cc1ccc(OCCN(C)c2nc3ccccc3o2)cc1)C(=O)O,6.3,EC50,True,565.6260000000004,8,2,5.690400000000005,<rdkit.DataStructs.cDataStructs.ExplicitBitVect object at 0x1251a6340>,42
COc1c(CC=C(C)C)c(=O)[nH]c2c(OC)c(O)ccc12,5.13,EC50,False,289.331,4,2,2.7596000000000007,<rdkit.DataStructs.cDataStructs.ExplicitBitVect object at 0x1251a63b0>,21
Cc1oc(-c2ccccc2)nc1CCOc1ccc2c(c1)CCC[C@H]2CC(=O)O,5.5,EC50,True,391.4670000000002,4,1,5.166120000000004,<rdkit.DataStructs.cDataStructs.ExplicitBitVect object at 0x1251a6420>,29
Cc1nc(-c2ccccc2)n(C)c1CCOc1ccc2c(c1)CC[C@H]2CC(=O)O,6.59,EC50,True,390.4830000000002,4,1,4.521520000000003,<rdkit.DataStructs.cDataStructs.ExplicitBitVect object at 0x1251a6490>,29
Cc1sc(-c2ccccc2F)nc1CCOc1ccc2c(c1)CC[C@H]2CC(=O)O,6.94,EC50,True,411.49800000000016,4,1,5.383620000000004,<rdkit.DataStructs.cDataStructs.ExplicitBitVect object at 0x1251a6500>,29
CCCCC(Cc1ccc(OC)c(C(=O)NCc2ccc(C(F)(F)F)cc2)c1)C(=O)O,5.6,EC50,True,437.458,3,2,5.077500000000004,<rdkit.DataStructs.cDataStructs.ExplicitBitVect object at 0x1251a6570>,31
CC[C@@H](Cc1ccc(OC)c(C(=O)NCc2ccc(Oc3ccc(F)cc3)cc2)c1)C(=O)O,5.6,EC50,True,451.49400000000014,4,2,5.209900000000005,<rdkit.DataStructs.cDataStructs.ExplicitBitVect object at 0x1251a65e0>,33
COc1ccc(/C=C/c2cc(OC)cc(OCc3ccc(OCC(=O)O)c(F)c3)c2)cc1,4.54,EC50,False,438.45100000000014,5,1,5.055700000000003,<rdkit.DataStructs.cDataStructs.ExplicitBitVect object at 0x1251a6650>,32
CCOc1ccc(/C=C/c2cc(OCC)cc(OCc3ccc(OCC(=O)O)c(F)c3)c2)cc1,4.65,EC50,False,466.50500000000017,5,1,5.835900000000005,<rdkit.DataStructs.cDataStructs.ExplicitBitVect object at 0x1251a66c0>,34
Cc1ccc(-c2nc(CCCC[C@H]3CO[C@@](C)(C(=O)O)OC3)c(C(F)(F)F)o2)cc1,5.52,EC50,True,427.4190000000001,5,1,4.845420000000004,<rdkit.DataStructs.cDataStructs.ExplicitBitVect object at 0x1251a6730>,30
CC(C)OC(Cc1ccc(OCc2noc(-c3cc(F)cc(F)c3)n2)cc1)C(=O)O,7.0,EC50,True,418.3960000000001,6,1,4.014500000000003,<rdkit.DataStructs.cDataStructs.ExplicitBitVect object at 0x1251a67a0>,30
CCCc1cc2c(oc(=O)n2CC2CC2)c(CCC)c1O[C@H](C(=O)O)c1ccc(C(C)C)cc1,6.48,EC50,True,465.59000000000015,5,1,6.237600000000007,<rdkit.DataStructs.cDataStructs.ExplicitBitVect object at 0x1251a6810>,34
C/C(=C/C=C/C(C)=C/C(=O)O)c1cc(-c2ccccc2F)cc(C(C)C)c1OCC(F)F,7.34,EC50,True,444.49300000000017,2,1,7.250400000000005,<rdkit.DataStructs.cDataStructs.ExplicitBitVect object at 0x1251a6880>,32
CCC(CC)CN(CC(=O)O)Cc1ccc(OCCc2nc(-c3ccccc3)oc2C)cc1,5.75,EC50,True,450.5790000000002,5,1,5.594320000000005,<rdkit.DataStructs.cDataStructs.ExplicitBitVect object at 0x1251a68f0>,33
Cc1oc(-c2ccccc2)nc1CCOc1cccc(CC2=CN(C(=O)OCC(C)C)CCC2C(=O)O)c1,8.05,EC50,True,518.6100000000004,6,1,5.897020000000005,<rdkit.DataStructs.cDataStructs.ExplicitBitVect object at 0x1251a6960>,38
CCOc1cc(F)c(CC(CC)C(=O)O)cc1CNC(=O)c1ccc(C23CC4CC(CC(C4)C2)C3)cc1,7.62,EC50,True,507.64600000000036,3,2,6.275500000000006,<rdkit.DataStructs.cDataStructs.ExplicitBitVect object at 0x1251a69d0>,37
Cc1oc(-c2ccccc2)nc1CCOc1ccc(C[C@H](OCC(F)(F)F)C(=O)O)c2sccc12,6.82,EC50,True,505.5140000000002,6,1,6.060820000000004,<rdkit.DataStructs.cDataStructs.ExplicitBitVect object at 0x1251a6a40>,35
Cc1oc(-c2ccc(-c3ccccc3)cc2)nc1CCOc1ccc(C[C@H](OCC(F)(F)F)C(=O)O)c2ccccc12,7.42,EC50,True,575.5830000000003,5,1,7.666320000000007,<rdkit.DataStructs.cDataStructs.ExplicitBitVect object at 0x1251a6ab0>,42
CC(C)O[C@@H](Cc1ccc(OCc2noc(-c3ccc(C(C)C)cc3)n2)cc1)C(=O)O,8.4,EC50,True,424.4970000000001,6,1,4.859700000000004,<rdkit.DataStructs.cDataStructs.ExplicitBitVect object at 0x1251a6b20>,31
C[C@@H](Oc1cc(Cn2c(=O)n(-c3noc4ccc(Cl)cc34)c3ccc(C(F)(F)F)cc32)ccc1Cl)C(=O)O,6.92,EC50,True,566.3190000000002,7,1,6.159200000000004,<rdkit.DataStructs.cDataStructs.ExplicitBitVect object at 0x1251a6b90>,38
CN(CCOc1ccc(C[C@H](OCC(F)(F)F)C(=O)O)cc1)c1nc2ccccc2o1,9.0,EC50,True,438.4020000000001,6,1,3.917600000000003,<rdkit.DataStructs.cDataStructs.ExplicitBitVect object at 0x1251a6c00>,31
CCCc1c(OCCCOc2ccc3c(ccn3CC(=O)O)c2)ccc2c(-c3ccccc3)noc12,6.54,EC50,True,484.55200000000025,6,1,6.334500000000006,<rdkit.DataStructs.cDataStructs.ExplicitBitVect object at 0x1251a6c70>,36
CCCc1c(OCCCn2ccc3cc(OC(C)(C)C(=O)O)ccc32)ccc2cc(C(=O)c3ccccc3)ccc12,6.19,EC50,True,549.6670000000003,5,1,7.689100000000008,<rdkit.DataStructs.cDataStructs.ExplicitBitVect object at 0x1251a6ce0>,41
Cc1oc(-c2ccccc2)nc1CCOc1cccc(-c2nn(-c3ccccc3)nc2C(=O)O)c1,5.66,EC50,True,466.4970000000001,7,1,5.217420000000004,<rdkit.DataStructs.cDataStructs.ExplicitBitVect object at 0x1251a6d50>,35
Cc1oc(-c2ccccc2)nc1CCOc1cccc(-c2nn(-c3ccccc3)nc2CC(=O)O)c1,6.25,EC50,True,480.52400000000017,7,1,5.146320000000005,<rdkit.DataStructs.cDataStructs.ExplicitBitVect object at 0x1251a6dc0>,36
CCCc1nc2cc(-c3ccccc3Cl)ccc2n1Cc1ccc(-c2ccccc2C(=O)O)cc1,6.03,EC50,True,480.99500000000023,3,1,7.722700000000007,<rdkit.DataStructs.cDataStructs.ExplicitBitVect object at 0x1251a6e30>,35
O=c1c(-c2ccc(F)cc2)coc2cc(O)ccc12,4.81,EC50,False,256.232,3,1,3.3047000000000013,<rdkit.DataStructs.cDataStructs.ExplicitBitVect object at 0x1251a6ea0>,19
CCOc1cc(Oc2ccnc(OC)c2)cc2c1nc(COc1cccc(C(=O)O)c1)n2C,7.24,EC50,True,449.4630000000002,8,1,4.445100000000004,<rdkit.DataStructs.cDataStructs.ExplicitBitVect object at 0x1251a6f10>,33
O=C(O)C(Cc1cccc(Oc2ccccc2)c1)Oc1ccc(Cl)cc1,5.51,EC50,True,368.81600000000014,3,1,5.207000000000003,<rdkit.DataStructs.cDataStructs.ExplicitBitVect object at 0x1251a6f80>,26
CC/C(=N\OCCOc1ccc(CC2SC(=O)NC2=O)cc1)c1ccc(-c2ccccc2)cc1,5.8,EC50,True,474.58200000000016,6,1,5.457400000000005,<rdkit.DataStructs.cDataStructs.ExplicitBitVect object at 0x1251a6ff0>,34
CCCc1cc(Oc2ccc(F)c(C)c2)ccc1OCCCOc1ccc(C2SC(=O)NC2=O)cc1,6.97,EC50,True,509.5990000000003,6,1,6.750920000000005,<rdkit.DataStructs.cDataStructs.ExplicitBitVect object at 0x1251a7060>,36
C/C(=N\OCCOc1ccc(CC2SC(=O)NC2=O)cc1)c1ccc(-c2cccnc2)cc1,6.1,EC50,True,461.5430000000002,7,1,4.4623000000000035,<rdkit.DataStructs.cDataStructs.ExplicitBitVect object at 0x1251a70d0>,33
CC(C)(Oc1ccc(CCOc2ccc(/C=C/c3ccccc3)cc2)cc1)C(=O)O,4.9,EC50,False,402.49000000000007,3,1,5.720500000000006,<rdkit.DataStructs.cDataStructs.ExplicitBitVect object at 0x1251a7140>,30
Cn1c(CCCc2ccc(OC(C)(C)C(=O)O)cc2)nn(Cc2ccc(C(C)(C)C)cc2)c1=O,5.82,EC50,True,465.5940000000002,6,1,4.3449000000000035,<rdkit.DataStructs.cDataStructs.ExplicitBitVect object at 0x1251a71b0>,34
O=C(c1ccccc1)c1ccccc1N[C@@H](Cc1ccc(OCc2ccc(Cl)cc2)cc1)C(=O)O,6.07,EC50,True,485.9670000000002,4,2,6.257800000000004,<rdkit.DataStructs.cDataStructs.ExplicitBitVect object at 0x1251a7220>,35
CCOC(Cc1ccc(OCCCN2c3ccccc3OCOc3ccccc32)cc1)C(=O)O,5.92,EC50,True,463.5300000000002,6,1,5.054700000000004,<rdkit.DataStructs.cDataStructs.ExplicitBitVect object at 0x1251a7290>,34
Cn1ccc(-c2onc(-c3c(Cl)cccc3C(F)(F)F)c2COc2ccc(C(=O)O)cc2)c1,5.92,EC50,True,476.8380000000002,5,1,6.2965000000000035,<rdkit.DataStructs.cDataStructs.ExplicitBitVect object at 0x1251a7300>,33
CCCc1ccc2ccccc2c1CNC(=O)c1c(OC)cc(O)c2c1OC1=CC(O)=C(C(C)=O)C(=O)[C@]12C,7.37,EC50,True,527.5730000000002,7,3,4.9543000000000035,<rdkit.DataStructs.cDataStructs.ExplicitBitVect object at 0x1251a7370>,39
COc1cc(O)c2c(c1C(=O)NCc1c(C)ccc3ccc(Cl)cc13)OC1=CC(O)=C(C(C)=O)C(=O)[C@]12C,8.31,EC50,True,533.9640000000002,7,3,4.963620000000004,<rdkit.DataStructs.cDataStructs.ExplicitBitVect object at 0x1251a73e0>,38
COc1cc(O)c2c(c1C(=O)NCc1c(C)ccc3ccc(F)cc13)OC1=CC(O)=C(C(C)=O)C(=O)[C@]12C,7.19,EC50,True,517.5090000000002,7,3,4.449320000000003,<rdkit.DataStructs.cDataStructs.ExplicitBitVect object at 0x1251a7450>,38
COc1c(CC=C(C)C)c(=O)[nH]c2c(OC)c(O)ccc12,5.01,EC50,False,289.331,4,2,2.7596000000000007,<rdkit.DataStructs.cDataStructs.ExplicitBitVect object at 0x1251a74c0>,21
COc1ccc(/C=C/c2cc(O)c(C/C=C(\C)CCC=C(C)C)c(O)c2)cc1,4.85,EC50,False,378.51200000000006,3,2,6.512000000000007,<rdkit.DataStructs.cDataStructs.ExplicitBitVect object at 0x1251a7530>,28
CCCCc1nc(C)c(CC(=O)OCC2CC2)c(=O)n1Cc1ccc(-c2ccccc2-c2noc(=O)[nH]2)cc1,5.74,EC50,True,528.6090000000003,8,1,4.448620000000004,<rdkit.DataStructs.cDataStructs.ExplicitBitVect object at 0x1251a75a0>,39
C/C(=C\C(=O)c1ccccc1)NC(Cc1ccc(OCCCOc2ccc(/C=C/c3ccc(C(F)(F)F)cc3)cc2)cc1)C(=O)O,7.5,EC50,True,629.6750000000004,5,2,8.095700000000008,<rdkit.DataStructs.cDataStructs.ExplicitBitVect object at 0x1251a7610>,46
C/C(=C\C(=O)c1ccccc1)NC(Cc1ccc(OCCCOc2ccc(/N=N/c3ccc(Cl)cc3)cc2)cc1)C(=O)O,7.33,EC50,True,598.0990000000004,7,2,7.975300000000009,<rdkit.DataStructs.cDataStructs.ExplicitBitVect object at 0x1251a7680>,43
COc1ccc(NC(=O)c2ccccc2NC(=O)c2ccc(C(C)(C)C)cc2)cc1C(=O)O,5.36,EC50,False,446.5030000000002,4,3,5.195500000000004,<rdkit.DataStructs.cDataStructs.ExplicitBitVect object at 0x1251a76f0>,33
CSc1ccc(C(=O)Nc2ccccc2C(=O)Nc2cccc(CC(=O)O)c2)cc1,4.76,EC50,False,420.4900000000001,4,3,4.540200000000001,<rdkit.DataStructs.cDataStructs.ExplicitBitVect object at 0x1251a7760>,30
CCOc1cccc(Oc2c(C(=O)O)n(-c3ccc(C(C)(C)C)cc3)c3ccccc23)c1,6.63,EC50,True,429.5160000000002,4,1,6.817200000000006,<rdkit.DataStructs.cDataStructs.ExplicitBitVect object at 0x1251a77d0>,32
COc1ccc(-n2c(C(=O)O)c(Oc3cccc(C(F)(F)F)c3)c3ccccc32)cc1,6.48,EC50,True,427.37800000000004,4,1,6.148400000000004,<rdkit.DataStructs.cDataStructs.ExplicitBitVect object at 0x1251a7840>,31
CCCCCCC[C@H]1C(=O)C=C[C@@H]1OCCCCCC(=O)O,5.4,EC50,False,310.434,3,1,4.132200000000003,<rdkit.DataStructs.cDataStructs.ExplicitBitVect object at 0x1251a78b0>,22
O=C(O)Cc1ccccc1OCCC1Oc2ccccc2N(CCCC2CCCC2)C1=O,5.57,EC50,True,437.53600000000034,4,1,4.847200000000004,<rdkit.DataStructs.cDataStructs.ExplicitBitVect object at 0x1251a7920>,32
CN(CCOc1ccc(CC(Nc2ccccc2C(=O)c2cccc3ccccc23)C(=O)O)cc1)c1nc2ccccc2o1,7.07,EC50,True,585.6600000000003,7,2,6.835000000000006,<rdkit.DataStructs.cDataStructs.ExplicitBitVect object at 0x1251a7990>,44
Cc1onc(-c2ccc(CC(=O)O)cc2Cl)c1C(=O)NCCOc1ccc(C(F)(F)F)cc1[N+](=O)[O-],5.9,EC50,True,527.8390000000002,7,2,4.666320000000003,<rdkit.DataStructs.cDataStructs.ExplicitBitVect object at 0x1251a7a00>,36
CN(CCOc1ccc(CC2SC(=O)NC2=O)cc1)c1ccccn1,7.37,EC50,True,357.435,6,1,2.490900000000001,<rdkit.DataStructs.cDataStructs.ExplicitBitVect object at 0x1251a7a70>,25
CC[C@H](NC(=O)c1ccc2c(c1)c(C)c(C)n2Cc1ccc(-c2ccccc2C(=O)O)cc1)c1cccc(C(C)C)c1,7.0,EC50,True,558.7220000000001,3,2,8.676140000000004,<rdkit.DataStructs.cDataStructs.ExplicitBitVect object at 0x1251a7ae0>,42
COC(=O)c1ccccc1N[C@@H](Cc1ccc(OCCc2nc(-c3ccccc3)oc2C)cc1)C(=O)O,9.15,EC50,True,500.5510000000003,7,2,5.165920000000004,<rdkit.DataStructs.cDataStructs.ExplicitBitVect object at 0x1251a7b50>,37
CCC(Cc1ccc(OC)c(CNC(=O)c2ccc(C(F)(F)F)cc2)c1)C(=O)O,5.7,EC50,True,409.40400000000005,3,2,4.297300000000003,<rdkit.DataStructs.cDataStructs.ExplicitBitVect object at 0x1251a7bc0>,29
CCOC(Cc1ccc(OCCN(C)c2nc3ccccc3o2)cc1)C(=O)O,7.18,EC50,True,384.4320000000001,6,1,3.3752000000000013,<rdkit.DataStructs.cDataStructs.ExplicitBitVect object at 0x1251a7c30>,28
Cc1oc(-c2ccccc2)nc1CCOc1ccc(CCC2CN(C(=O)OCC(C)C)CCC2C(=O)O)cc1,6.58,EC50,True,534.6530000000005,6,1,6.0194200000000055,<rdkit.DataStructs.cDataStructs.ExplicitBitVect object at 0x1251a7ca0>,39
CCCc1nc2ccc(-c3ccc(OC)cc3)cc2n1Cc1ccc(-c2ccccc2C(=O)O)cc1,6.0,EC50,True,476.5760000000002,4,1,7.077900000000007,<rdkit.DataStructs.cDataStructs.ExplicitBitVect object at 0x1251a7d10>,36
CC(C)OC(Cc1ccc(OCCc2noc(-c3ccc(F)cc3)n2)cc1)C(=O)O,7.4,EC50,True,414.43300000000005,6,1,3.917900000000002,<rdkit.DataStructs.cDataStructs.ExplicitBitVect object at 0x1251a7d80>,30
CCOC(Cc1ccc(OCCN2CC=C(c3ccccc3)CC2)cc1)C(=O)O,5.67,EC50,True,395.49900000000014,4,1,3.8869000000000025,<rdkit.DataStructs.cDataStructs.ExplicitBitVect object at 0x1251a7df0>,29
CC(C)(Oc1cccc(CCCN(C(=O)Cc2ccc(C(F)(F)F)cc2)c2cccc(-c3ncon3)c2C2CC2)c1)C(=O)O,7.09,EC50,True,607.629,6,1,7.0833000000000075,<rdkit.DataStructs.cDataStructs.ExplicitBitVect object at 0x1251a7e60>,44
CN(CCOc1ccc(CC(Nc2cscc2C(=O)c2ccccc2)C(=O)O)cc1)c1nc2ccccc2o1,8.84,EC50,True,541.6290000000002,8,2,5.743300000000006,<rdkit.DataStructs.cDataStructs.ExplicitBitVect object at 0x1251a7ed0>,39
COc1ccc(CNC(=O)N2C(=O)c3c(cc(O)c4c3OC3=CC(O)=C(C(C)=O)C(=O)[C@]34C)OC2OC)cc1,5.77,EC50,True,536.4930000000004,10,3,2.593000000000001,<rdkit.DataStructs.cDataStructs.ExplicitBitVect object at 0x1251a7f40>,39
COC1Oc2cc(O)c3c(c2C(=O)N1C(=O)NCc1cccc([N+](=O)[O-])c1)OC1=CC(O)=C(C(C)=O)C(=O)[C@]13C,5.62,EC50,True,551.4640000000002,11,3,2.4926000000000013,<rdkit.DataStructs.cDataStructs.ExplicitBitVect object at 0x130bdc040>,40
CCO/N=C(\C)C(Cc1ccc(OCc2nc(C(C)C)oc2C)cc1)C(=O)O,7.32,EC50,True,388.46400000000017,6,1,4.341120000000003,<rdkit.DataStructs.cDataStructs.ExplicitBitVect object at 0x130bdc0b0>,28
CCO[C@@H](Cc1ccc(CCC(OC(=S)NCc2ccccc2)c2ccccc2)cc1)C(=O)O,6.24,EC50,True,477.62600000000015,4,2,5.484000000000004,<rdkit.DataStructs.cDataStructs.ExplicitBitVect object at 0x130bdc120>,34
CC[C@@H](C(=O)O)[C@@H]1CCc2cc(OCCc3nc(-c4ccccc4)oc3C)ccc21,7.02,EC50,True,405.4940000000001,4,1,5.412120000000005,<rdkit.DataStructs.cDataStructs.ExplicitBitVect object at 0x130bdc190>,30
Cc1cc(OC/C=C\C(C#Cc2ccccc2)c2cnc3ccccc3c2)ccc1OCC(=O)O,5.18,EC50,False,463.53300000000024,4,1,5.777120000000005,<rdkit.DataStructs.cDataStructs.ExplicitBitVect object at 0x130bdc200>,35
COc1cc(Oc2ccc3nc(COc4cccc(C(=O)O)c4)n(C)c3c2)cc(C)n1,7.0,EC50,True,419.4370000000001,7,1,4.354820000000003,<rdkit.DataStructs.cDataStructs.ExplicitBitVect object at 0x130bdc270>,31
COc1cc(Oc2cc(C)c3nc(COc4cccc(C(=O)O)c4)n(C)c3c2)ccn1,7.24,EC50,True,419.4370000000001,7,1,4.354820000000003,<rdkit.DataStructs.cDataStructs.ExplicitBitVect object at 0x130bdc2e0>,31
CCCC(Cc1ccc(OC)c(CNC(=O)c2ccc(C(F)(F)F)cc2)c1)C(=O)O,5.44,EC50,False,423.43100000000004,3,2,4.687400000000004,<rdkit.DataStructs.cDataStructs.ExplicitBitVect object at 0x130bdc350>,30
CC[C@]1(C(=O)O)CCc2ccc(OCCCOc3ccc(C(F)(F)F)cc3Cl)cc2O1,6.0,EC50,True,458.86000000000007,4,1,5.765100000000005,<rdkit.DataStructs.cDataStructs.ExplicitBitVect object at 0x130bdc3c0>,31
CCCc1cc(C(=O)c2ccc(OC)cc2)ccc1OCCCn1ccc2cc(OC(C)(C)C(=O)O)ccc21,6.33,EC50,True,529.6330000000004,6,1,6.544500000000006,<rdkit.DataStructs.cDataStructs.ExplicitBitVect object at 0x130bdc430>,39
C/C(=C/C=C/C(C)=C/C(=O)O)c1cc(-c2ccc(F)cc2)cc(C(C)C)c1OCC(F)F,8.89,EC50,True,444.49300000000017,2,1,7.250400000000005,<rdkit.DataStructs.cDataStructs.ExplicitBitVect object at 0x130bdc4a0>,32
CCCOc1c(/C(C)=C\C=C\C(C)=C\C(=O)O)cc(C(F)(F)C(F)(F)F)cc1C(C)C,8.57,EC50,True,446.4560000000001,2,1,7.243300000000006,<rdkit.DataStructs.cDataStructs.ExplicitBitVect object at 0x130bdc510>,31
Cc1oc(-c2ccccc2)nc1CNCc1ccc(C[C@@H](C(=O)O)n2cccc2)cc1,5.05,EC50,False,415.4930000000001,5,2,4.609720000000003,<rdkit.DataStructs.cDataStructs.ExplicitBitVect object at 0x130bdc580>,31
Cc1oc(-c2ccccc2)nc1CCCc1ccc(C[C@H](C(=O)O)n2cccc2)cc1,5.64,EC50,True,414.50500000000005,4,1,5.495220000000003,<rdkit.DataStructs.cDataStructs.ExplicitBitVect object at 0x130bdc5f0>,31
CN(CC#Cc1ccc(CC(C(=O)O)n2cccc2)cc1)c1ccccn1,5.05,EC50,False,359.42900000000003,4,1,3.2394000000000025,<rdkit.DataStructs.cDataStructs.ExplicitBitVect object at 0x130bdc660>,27
C/C(=C/C=C/C(C)=C/C(=O)O)c1cc(-c2cc(F)cc(F)c2)cc(C(C)C)c1OCC(F)F,8.57,EC50,True,462.4830000000002,2,1,7.389500000000005,<rdkit.DataStructs.cDataStructs.ExplicitBitVect object at 0x130bdc6d0>,33
C/C(=C/C=C/C(C)=C/C(=O)O)c1cc(-c2cccs2)cc(C(C)C)c1OCC(F)F,7.82,EC50,True,432.53200000000015,3,1,7.172800000000005,<rdkit.DataStructs.cDataStructs.ExplicitBitVect object at 0x130bdc740>,30
CCC(Cc1ccc(OC)c(C(=O)NCc2ccc(OCCc3ccccc3)cc2)c1)C(=O)O,5.52,EC50,True,461.5580000000002,4,2,4.900000000000004,<rdkit.DataStructs.cDataStructs.ExplicitBitVect object at 0x130bdc7b0>,34
O=C(O)C(Cc1ccccc1)Oc1ccc(Cl)c(Cl)c1,5.59,EC50,True,311.164,2,1,4.068100000000003,<rdkit.DataStructs.cDataStructs.ExplicitBitVect object at 0x130bdc820>,20
COc1nc(C)ccc1Oc1ccc2nc(COc3cccc(C(=O)O)c3)n(C)c2c1,6.36,EC50,True,419.4370000000001,7,1,4.354820000000003,<rdkit.DataStructs.cDataStructs.ExplicitBitVect object at 0x130bdc890>,31
Cc1ccc(Oc2ccc3nc(COc4cccc(C(=O)O)c4)n(C)c3c2)c(C)n1,6.56,EC50,True,403.43800000000016,6,1,4.654640000000004,<rdkit.DataStructs.cDataStructs.ExplicitBitVect object at 0x130bdc900>,30
Cc1cc(Oc2ccc3nc(COc4cccc(C(=O)O)c4)n(C)c3c2)cc(C)n1,5.56,EC50,True,403.4380000000001,6,1,4.654640000000003,<rdkit.DataStructs.cDataStructs.ExplicitBitVect object at 0x130bdc970>,30
Cc1ccc(Oc2cc(C)c3nc(COc4cccc(C(=O)O)c4)n(C)c3c2)c(C)n1,6.09,EC50,True,417.46500000000015,6,1,4.963060000000005,<rdkit.DataStructs.cDataStructs.ExplicitBitVect object at 0x130bdc9e0>,31
Cc1c(C)n(Cc2ccc(-c3ccccc3C(=O)O)cc2)c2ccc(C(=O)N[C@H](c3cccc(C(C)C)c3)C3CC3)cc12,7.22,EC50,True,570.7330000000001,3,2,8.676140000000004,<rdkit.DataStructs.cDataStructs.ExplicitBitVect object at 0x130bdca50>,43
C#Cc1ccc(/C=C2\C=C(CC(=O)O)c3cc(F)ccc32)cc1,5.96,EC50,True,304.32,1,1,4.219300000000003,<rdkit.DataStructs.cDataStructs.ExplicitBitVect object at 0x130bdcac0>,23
C/C(=N\OCCOc1ccc(CC2SC(=O)NC2=O)cc1)c1ccncc1,5.1,EC50,False,385.4450000000001,7,1,2.795300000000001,<rdkit.DataStructs.cDataStructs.ExplicitBitVect object at 0x130bdcb30>,27
CCCc1c(OCCOc2ccc3c(ccn3CC(=O)O)c2)ccc2c(C(F)(F)F)noc12,6.16,EC50,True,462.4240000000001,6,1,5.296200000000003,<rdkit.DataStructs.cDataStructs.ExplicitBitVect object at 0x130bdcba0>,33
CCCc1c(OCCCCCOc2ccc3c(ccn3CC(=O)O)c2)ccc2c(C(F)(F)F)noc12,5.83,EC50,True,504.50500000000017,6,1,6.466500000000005,<rdkit.DataStructs.cDataStructs.ExplicitBitVect object at 0x130bdcc10>,36
C/C=C/C=C/C(=O)N1Cc2cc(OCCc3nc(/C=C/C(C)(C)CC)oc3C)ccc2C[C@H]1C(=O)O.CC(C)(C)N,6.12,EC50,True,565.7550000000002,6,2,6.267720000000006,<rdkit.DataStructs.cDataStructs.ExplicitBitVect object at 0x130bdcc80>,41
COc1ccc2c(-n3c(=O)n(Cc4cc([C@@]5(C)OC(=O)NC5=O)ccc4Cl)c4ccccc43)noc2c1,8.04,EC50,True,518.9130000000001,9,1,4.125300000000003,<rdkit.DataStructs.cDataStructs.ExplicitBitVect object at 0x130bdccf0>,37
CCCCCS(=O)(=O)NC(=O)CCc1cc(C2CC2)nn1Cc1ccc(C(F)(F)F)cc1Cl,7.89,EC50,True,505.99000000000024,5,1,5.049800000000005,<rdkit.DataStructs.cDataStructs.ExplicitBitVect object at 0x130bdcd60>,33
C[C@@H](Oc1cc(Cn2c(=O)n(Cc3ccc(Cl)cc3)c3ccc(C(F)(F)F)cc32)ccc1Cl)C(=O)O,5.52,EC50,True,539.3370000000001,5,1,6.077100000000004,<rdkit.DataStructs.cDataStructs.ExplicitBitVect object at 0x130bdcdd0>,36
C[C@@H](Oc1cc(Cn2c(=O)n(C(=O)c3ccc(Cl)cc3)c3ccc(C(F)(F)F)cc32)ccc1Cl)C(=O)O,6.31,EC50,True,553.3200000000002,6,1,5.717300000000004,<rdkit.DataStructs.cDataStructs.ExplicitBitVect object at 0x130bdce40>,37
Cc1cccc2c(-n3c(=O)n(Cc4ccc(Cl)c(O[C@H](C)C(=O)O)c4)c4cc(C(F)(F)F)ccc43)noc12,8.39,EC50,True,545.9010000000002,7,1,5.814220000000003,<rdkit.DataStructs.cDataStructs.ExplicitBitVect object at 0x130bdceb0>,38
C[C@]1(c2cccc(Cn3c(=O)n(-c4noc5cc(Cl)ccc45)c4ccccc43)c2)OC(=O)NC1=O,6.99,EC50,True,488.8870000000002,8,1,4.116700000000003,<rdkit.DataStructs.cDataStructs.ExplicitBitVect object at 0x130bdcf20>,35
CN(CCOc1ccc(C[C@H](OCC(F)(F)F)C(=O)O)cc1)c1nc2ccccc2o1,9.0,EC50,True,438.4020000000001,6,1,3.917600000000003,<rdkit.DataStructs.cDataStructs.ExplicitBitVect object at 0x130bdcf90>,31
CCCC(Oc1cccc(Cc2c(C)n(C(=O)c3ccc(OC)cc3)c3ccc(OC(F)(F)F)cc23)c1)C(=O)O,8.7,EC50,True,555.5490000000002,6,1,6.768320000000005,<rdkit.DataStructs.cDataStructs.ExplicitBitVect object at 0x130bdd000>,40
C/C=C/C=C/C(=O)N1Cc2cc(OCCc3nc(/C=C/C(C)(C)C)oc3C)ccc2C[C@H]1C(=O)O.CC(C)(C)N,6.27,EC50,True,551.7280000000002,6,2,5.877620000000005,<rdkit.DataStructs.cDataStructs.ExplicitBitVect object at 0x130bdd070>,40
CC(C)COc1ccc2c(c1)c(Oc1cccc(C(F)(F)F)c1)c(C(=O)O)n2-c1ccc(C(C)(C)C)cc1,7.04,EC50,True,525.5670000000002,4,1,8.472100000000005,<rdkit.DataStructs.cDataStructs.ExplicitBitVect object at 0x130bdd0e0>,38
CN(CCCCC1CCSS1)CCOc1ccc(CC2SC(=O)NC2=O)cc1.O=C(O)C(O)C(O)C(=O)O,4.96,EC50,False,590.7420000000003,11,5,2.0926999999999993,<rdkit.DataStructs.cDataStructs.ExplicitBitVect object at 0x130bdd150>,38
CCCc1c(OCCCOc2ccc3c(ccn3CC(=O)O)c2)ccc2c(C#N)c[nH]c12,5.04,EC50,False,431.4920000000002,5,2,4.879280000000003,<rdkit.DataStructs.cDataStructs.ExplicitBitVect object at 0x130bdd1c0>,32
CCCc1c(OCCCOc2cccc3c2ccn3CC(=O)O)ccc2cc(-c3ccccc3)[nH]c12,5.55,EC50,True,482.5800000000002,4,2,6.674600000000006,<rdkit.DataStructs.cDataStructs.ExplicitBitVect object at 0x130bdd230>,36
CC(=O)c1ccc(O[C@@H](Cc2ccccc2)C(=O)O)cc1,4.91,EC50,False,284.311,3,1,2.9639000000000006,<rdkit.DataStructs.cDataStructs.ExplicitBitVect object at 0x130bdd2a0>,21
COC(=O)N(CC(=O)O)Cc1cccc(OCc2csc(-c3cccc(Cl)c3)n2)c1,5.4,EC50,False,446.9120000000001,6,1,4.6955000000000044,<rdkit.DataStructs.cDataStructs.ExplicitBitVect object at 0x130bdd310>,30
CCc1ccc(-c2nc(CCCC[C@H]3CO[C@@](C)(C(=O)O)OC3)c(C)o2)cc1,5.52,EC50,True,387.47600000000006,5,1,4.389020000000004,<rdkit.DataStructs.cDataStructs.ExplicitBitVect object at 0x130bdd380>,28
O=C(O)[C@@H](Cc1ccccc1)Oc1ccc(Cl)cc1,4.98,EC50,False,276.719,2,1,3.4147000000000025,<rdkit.DataStructs.cDataStructs.ExplicitBitVect object at 0x130bdd3f0>,19
Cc1oc(-c2ccc(Cl)cc2)nc1CCOc1cccc(C[C@@H]2C(=O)N(c3ccc(C(C)(C)C)cc3)[C@@H]2C(=O)O)c1,7.22,EC50,True,573.0890000000003,5,1,6.881120000000008,<rdkit.DataStructs.cDataStructs.ExplicitBitVect object at 0x130bdd460>,41
Cc1oc(-c2ccccc2)nc1CCOc1cccc(C[C@@H]2C(=O)N(c3ccc(C(C)(C)C)cc3)[C@@H]2C(=O)O)c1,6.92,EC50,True,538.6440000000003,5,1,6.227720000000006,<rdkit.DataStructs.cDataStructs.ExplicitBitVect object at 0x130bdd4d0>,40
Cc1oc(-c2ccccc2)nc1CCCC[C@H]1CO[C@@](CC(C)C)(C(=O)O)OC1,5.0,EC50,False,401.50300000000016,5,1,4.852820000000003,<rdkit.DataStructs.cDataStructs.ExplicitBitVect object at 0x130bdd540>,29
CCCOc1ccc(C[C@@H](Cc2ccccc2)C(=O)O)cc1CNC(=O)c1ccc(N2CCCCCCCC2)cc1,7.41,EC50,True,556.7470000000003,4,2,7.052000000000007,<rdkit.DataStructs.cDataStructs.ExplicitBitVect object at 0x130bdd5b0>,41
O=C1NC(=O)C(Cc2ccc(/N=N/c3ccccc3)cc2)S1,5.66,EC50,True,311.36600000000004,5,1,3.996100000000002,<rdkit.DataStructs.cDataStructs.ExplicitBitVect object at 0x130bdd620>,22
Cc1ccccc1-c1ccc(/N=N/c2ccc(CC3SC(=O)NC3=O)cc2)cc1,5.55,EC50,True,401.4910000000001,5,1,5.971520000000004,<rdkit.DataStructs.cDataStructs.ExplicitBitVect object at 0x130bdd690>,29
CCCCCCC(Sc1nc(Cl)cc(Nc2nc3c(s2)CCc2cc(OC)ccc2-3)n1)C(=O)O,5.43,EC50,False,519.0920000000003,8,2,6.620000000000005,<rdkit.DataStructs.cDataStructs.ExplicitBitVect object at 0x130bdd700>,34
CCCCCCCCOc1ccc(C(=O)N[C@H](C(=O)O)C(C)C)cc1,6.4,EC50,True,349.4710000000001,3,2,4.2649000000000035,<rdkit.DataStructs.cDataStructs.ExplicitBitVect object at 0x130bdd770>,25
CCCCCCOc1ccc(C(=O)N[C@H](C(=O)NO)C(C)C)cc1,5.74,EC50,True,336.4320000000001,4,3,2.905500000000001,<rdkit.DataStructs.cDataStructs.ExplicitBitVect object at 0x130bdd7e0>,24
Cc1oc(-c2ccccc2)nc1CCOc1cccc(C2=C(CC(=O)O)CCN(C(=O)OCC(C)C)C2)c1,7.75,EC50,True,518.6100000000005,6,1,5.9981200000000054,<rdkit.DataStructs.cDataStructs.ExplicitBitVect object at 0x130bdd850>,38
O=C(O)c1cccc(NC(=O)c2ccc(Cl)cc2NC(=O)c2ccc(C(F)(F)F)cc2)c1,5.06,EC50,False,462.8110000000001,3,3,5.561600000000002,<rdkit.DataStructs.cDataStructs.ExplicitBitVect object at 0x130bdd8c0>,32
CCCCCCC(Sc1nc(Cl)cc(Nc2ccc(C(=O)c3ccc(N)cc3)cc2)n1)C(=O)O,5.92,EC50,True,499.03600000000023,7,3,6.202500000000005,<rdkit.DataStructs.cDataStructs.ExplicitBitVect object at 0x130bdd930>,34
CN(CCOc1ccc(CC2SC(=O)NC2=O)cc1)c1ccccn1,7.48,EC50,True,357.435,6,1,2.490900000000001,<rdkit.DataStructs.cDataStructs.ExplicitBitVect object at 0x130bdd9a0>,25
C=CCCC(=O)N1Cc2cc(OCCc3nc(/C=C/CCC(C)C)oc3C)ccc2C[C@H]1C(=O)O.CC(C)(C)N,7.4,EC50,True,553.7440000000003,6,2,6.101620000000006,<rdkit.DataStructs.cDataStructs.ExplicitBitVect object at 0x130bdda10>,40
COc1ccc2c(-n3c(=O)n(Cc4ccc(Cl)c(O[C@H](C)C(=O)O)c4)c4cc(C(F)(F)F)ccc43)noc2c1,6.99,EC50,True,561.9000000000002,8,1,5.514400000000004,<rdkit.DataStructs.cDataStructs.ExplicitBitVect object at 0x130bdda80>,39
COc1ccc2c(-n3c(=O)n(Cc4cc(O[C@H](C)C(=O)O)ccc4Cl)c4ccccc43)noc2c1,7.96,EC50,True,493.90300000000013,8,1,4.495600000000003,<rdkit.DataStructs.cDataStructs.ExplicitBitVect object at 0x130bddaf0>,35
CCCCCCC(Sc1nc(Cl)cc(NCCCC(=O)NCc2ccccc2C(F)(F)F)n1)C(=O)O,5.22,EC50,False,547.0430000000003,6,3,6.1730000000000045,<rdkit.DataStructs.cDataStructs.ExplicitBitVect object at 0x130bddb60>,36
O=C(O)CCCc1cc2cc(Cl)ccc2n1S(=O)(=O)c1ccc2ncsc2c1,5.72,EC50,True,434.92600000000016,6,1,4.548700000000003,<rdkit.DataStructs.cDataStructs.ExplicitBitVect object at 0x130bddbd0>,28
Cc1oc(-c2ccccc2)nc1CCOc1cccc(Cc2c(C(=O)O)cnn2-c2ccccc2)c1,6.36,EC50,True,479.5360000000002,6,1,5.7462200000000045,<rdkit.DataStructs.cDataStructs.ExplicitBitVect object at 0x130bddc40>,36
Cc1oc(-c2ccccc2)nc1CCOc1cccc(Cc2c(C(=O)O)nnn2-c2ccccc2)c1,5.1,EC50,False,480.52400000000017,7,1,5.141220000000003,<rdkit.DataStructs.cDataStructs.ExplicitBitVect object at 0x130bddcb0>,36
CCOC(=O)C(Cc1ccc(OCCn2c(=O)sc3cc(/C=C/c4cc(O)cc(O)c4)ccc32)cc1)OCC,8.0,EC50,True,549.6450000000001,9,2,5.234300000000007,<rdkit.DataStructs.cDataStructs.ExplicitBitVect object at 0x130bddd20>,39
CC[C@H](C(=O)O)[C@@H]1CCc2cc(OCCc3nc(-c4ccc(C)cc4)oc3C)ccc21,7.52,EC50,True,419.52100000000013,4,1,5.720540000000006,<rdkit.DataStructs.cDataStructs.ExplicitBitVect object at 0x130bddd90>,31
CCCc1cc(Oc2ccc(-c3ccccc3)cc2)ccc1OCCCOc1ccc(C2SC(=O)NC2=O)cc1,7.7,EC50,True,553.6800000000003,6,1,7.970400000000008,<rdkit.DataStructs.cDataStructs.ExplicitBitVect object at 0x130bdde00>,40
CCCO/N=C(\C)C(Cc1ccc(OCc2nc(-c3ccc(F)cc3)oc2C)cc1)C(=O)O,7.55,EC50,True,454.49800000000016,6,1,5.413920000000005,<rdkit.DataStructs.cDataStructs.ExplicitBitVect object at 0x130bdde70>,33
C/C(=N\OCc1ccc(F)cc1)C(Cc1ccc(OCCc2nc(-c3ccccc3)oc2C)cc1)C(=O)O,9.27,EC50,True,516.5690000000003,6,1,6.246620000000005,<rdkit.DataStructs.cDataStructs.ExplicitBitVect object at 0x130bddee0>,38
CCO/N=C(\CC)C(Cc1ccc(OCCc2nc(-c3ccccc3)oc2C)cc1)C(=O)O,10.0,EC50,True,450.53500000000014,6,1,5.317320000000005,<rdkit.DataStructs.cDataStructs.ExplicitBitVect object at 0x130bddf50>,33
CC/C(=N\OC)C(Cc1ccc(OCCc2nc(-c3ccccc3)oc2C)cc1)C(=O)O,9.51,EC50,True,436.50800000000015,6,1,4.927220000000004,<rdkit.DataStructs.cDataStructs.ExplicitBitVect object at 0x130bddfc0>,32
Cc1oc(-c2ccccc2)nc1CCc1noc2cc(OC(C)(C)C(=O)O)ccc12,4.68,EC50,False,406.43800000000016,6,1,4.818420000000003,<rdkit.DataStructs.cDataStructs.ExplicitBitVect object at 0x130bde030>,30
CC(C)Oc1cc(CCC(=O)NS(=O)(=O)Cc2ccccc2)n(Cc2ccc(Cl)cc2Cl)n1,6.58,EC50,True,510.44300000000015,6,1,4.604200000000004,<rdkit.DataStructs.cDataStructs.ExplicitBitVect object at 0x130bde0a0>,33
O=C(O)C(Cc1cccc(F)c1)Oc1ccc(Cl)cc1,5.46,EC50,False,294.709,2,1,3.5538000000000025,<rdkit.DataStructs.cDataStructs.ExplicitBitVect object at 0x130bde110>,20
CCCc1nc2c(C(=O)NCCO)cccc2n1Cc1ccc2c(c1)COc1ccccc1/C2=C(\C)c1noc(=O)[nH]1,7.24,EC50,True,565.6300000000003,8,3,4.306900000000003,<rdkit.DataStructs.cDataStructs.ExplicitBitVect object at 0x130bde180>,42
[2H]C([2H])(Cc1ccc(OCCCOc2cccc(Cl)c2)cc1)C(=O)O,5.72,EC50,True,336.81120355600007,3,1,4.205100000000003,<rdkit.DataStructs.cDataStructs.ExplicitBitVect object at 0x130bde1f0>,23
O=C(O)COc1ccc(OCCCOc2cccc(Cl)c2)cc1F,5.5,EC50,True,354.76099999999997,4,1,3.7904000000000027,<rdkit.DataStructs.cDataStructs.ExplicitBitVect object at 0x130bde260>,24
CCOC(Cc1ccc2c(ccn2Cc2nc(-c3ccccc3Cl)oc2C)c1)C(=O)O,6.12,EC50,True,438.9110000000002,5,1,5.338620000000004,<rdkit.DataStructs.cDataStructs.ExplicitBitVect object at 0x130bde2d0>,31
CCCCCCC#CC1=CC(=O)[C@H](CCCCCCC)[C@@H]1OCCCCCC(=O)O,5.4,EC50,False,418.6180000000003,3,1,6.476200000000007,<rdkit.DataStructs.cDataStructs.ExplicitBitVect object at 0x130bde340>,30
CCO[C@@H](Cc1ccc(OCCn2c3ccc(Br)cc3c3cc(Br)ccc32)cc1)C(=O)O,7.36,EC50,True,561.2700000000002,4,1,6.430700000000005,<rdkit.DataStructs.cDataStructs.ExplicitBitVect object at 0x130bde3b0>,32
CCOC(=O)CN1C(=O)SC(Cc2ccc(N)cc2)C1=O,5.1,EC50,False,308.35900000000004,6,1,1.4384000000000001,<rdkit.DataStructs.cDataStructs.ExplicitBitVect object at 0x130bde420>,21
C/C(=N\OCCOc1ccc(CC2SC(=O)NC2=O)cc1)c1cccnc1,5.55,EC50,True,385.4450000000001,7,1,2.795300000000001,<rdkit.DataStructs.cDataStructs.ExplicitBitVect object at 0x130bde490>,27
C/C(=N\OCCOc1ccc(CC2SC(=O)NC2=O)cc1)c1ccc(-c2ccccc2)cn1,5.96,EC50,True,461.5430000000002,7,1,4.4623000000000035,<rdkit.DataStructs.cDataStructs.ExplicitBitVect object at 0x130bde500>,33
CCCc1cc(Oc2ccccc2)ccc1OCCCOc1ccc(C2SC(=O)NC2=O)cc1,7.85,EC50,True,477.58200000000016,6,1,6.303400000000005,<rdkit.DataStructs.cDataStructs.ExplicitBitVect object at 0x130bde570>,34
CC(C)(Oc1ccc(CCCOc2nc3ccccc3s2)cc1)C(=O)O,5.1,EC50,False,371.4580000000001,5,1,4.549900000000004,<rdkit.DataStructs.cDataStructs.ExplicitBitVect object at 0x130bde5e0>,26
CC(=O)SCCC(CCCCC(=O)N(C)CCOc1ccc(CC2SC(=O)NC2=O)cc1)SC(C)=O,7.41,EC50,True,554.7560000000002,9,1,4.296400000000004,<rdkit.DataStructs.cDataStructs.ExplicitBitVect object at 0x130bde650>,36
COc1ccc(-c2nc(CCOc3ccc(C[C@H](Nc4ccccc4C(=O)c4ccccc4)C(=O)O)cc3)c(C)o2)cc1,9.22,EC50,True,576.6490000000002,7,2,6.618920000000006,<rdkit.DataStructs.cDataStructs.ExplicitBitVect object at 0x130bde6c0>,43
COc1ccc2c(c1)O/C(=C\c1cc(C)c(OCC(=O)O)c(C)c1)C2=O,5.8,EC50,True,354.35800000000006,5,1,3.3916400000000007,<rdkit.DataStructs.cDataStructs.ExplicitBitVect object at 0x130bde730>,26
CCCOc1ccc2c(c1)O/C(=C\c1cc(C)c(OCC(=O)O)c(C)c1)C2=O,5.4,EC50,False,382.41200000000015,5,1,4.171840000000003,<rdkit.DataStructs.cDataStructs.ExplicitBitVect object at 0x130bde7a0>,28
COc1ccc(N2C(=O)C(Cc3cccc(OCCc4nc(-c5ccccc5)oc4C)c3)C2C(=O)O)cn1,7.16,EC50,True,513.5500000000002,7,1,4.333820000000003,<rdkit.DataStructs.cDataStructs.ExplicitBitVect object at 0x130bde810>,38
CCCCCCC(Sc1nc(Cl)cc(Nc2nc(-c3ccc(F)cc3F)cs2)n1)C(=O)O,5.44,EC50,False,499.00800000000015,7,2,6.791000000000006,<rdkit.DataStructs.cDataStructs.ExplicitBitVect object at 0x130bde880>,32
CCCc1c(OCCCn2ccc3cc(OC(C)(C)C(=O)O)ccc32)ccc2cc(C(=O)c3ccncc3)ccc12,5.68,EC50,True,550.6550000000002,6,1,7.0841000000000065,<rdkit.DataStructs.cDataStructs.ExplicitBitVect object at 0x130bde8f0>,41
CCCOc1ccc(C[C@H](CC)C(=O)O)cc1CNC(=O)c1ccc(C23CC4CC(CC(C4)C2)C3)cc1,7.37,EC50,True,503.68300000000033,3,2,6.526500000000007,<rdkit.DataStructs.cDataStructs.ExplicitBitVect object at 0x130bde960>,37
COC(=O)CCc1cc(CNC(=O)c2c(OC)cc(O)c3c2OC2=CC(O)=C(C(C)=O)C(=O)[C@]23C)c2ccccc2c1,6.89,EC50,True,571.5820000000003,9,3,4.107400000000003,<rdkit.DataStructs.cDataStructs.ExplicitBitVect object at 0x130bde9d0>,42
C/C(=N\OCCF)C(Cc1ccc(OCCc2nc(-c3ccc(F)cc3)oc2C)cc1)C(=O)O,8.54,EC50,True,472.48800000000017,6,1,5.015920000000005,<rdkit.DataStructs.cDataStructs.ExplicitBitVect object at 0x130bdea40>,34
CCO/N=C(\C)C(Cc1ccc(OCCc2nc(-c3ccccc3)oc2C)cc1)C(=O)O,9.0,EC50,True,436.50800000000015,6,1,4.927220000000004,<rdkit.DataStructs.cDataStructs.ExplicitBitVect object at 0x130bdeab0>,32
CCNC(=S)OC(CCc1ccc(C[C@H](OCC)C(=O)O)cc1)c1ccccc1,5.27,EC50,False,415.55500000000006,4,2,4.303700000000004,<rdkit.DataStructs.cDataStructs.ExplicitBitVect object at 0x130bdeb20>,29
CCCOc1ccc(CC(CC)C(=O)O)cc1CNC(=O)c1ccc(C(F)(F)F)cc1F,6.19,EC50,True,455.44800000000004,3,2,5.216600000000004,<rdkit.DataStructs.cDataStructs.ExplicitBitVect object at 0x130bdeb90>,32
CCC(Cc1ccc(OCc2ccccc2)c(CNC(=O)c2ccc(C(F)(F)F)cc2)c1)C(=O)O,5.21,EC50,False,485.5020000000001,3,2,5.867700000000005,<rdkit.DataStructs.cDataStructs.ExplicitBitVect object at 0x130bdec00>,35
CCCCCCCCCCCCCCCc1cccc(OC(C)=O)c1C(=O)O,4.92,EC50,False,390.56400000000014,3,1,6.9438000000000075,<rdkit.DataStructs.cDataStructs.ExplicitBitVect object at 0x130bdec70>,28
O=C(O)CC1=C/C(=C\c2ccc(C(F)(F)F)cc2)c2ccc(F)cc21,5.6,EC50,True,348.295,1,1,5.256800000000003,<rdkit.DataStructs.cDataStructs.ExplicitBitVect object at 0x130bdece0>,25
Cc1oc(-c2ccccc2)nc1CN(C)Cc1ccc(C[C@@H](C(=O)O)n2cccc2)cc1,5.16,EC50,False,429.5200000000001,5,1,4.951920000000003,<rdkit.DataStructs.cDataStructs.ExplicitBitVect object at 0x130bded50>,32
Cc1cnc2c(C(F)(F)F)cccc2c1-c1cccc(CNc2cccc3c(CC(=O)O)cccc23)c1,7.4,EC50,True,500.52000000000027,3,2,7.621420000000006,<rdkit.DataStructs.cDataStructs.ExplicitBitVect object at 0x130bdedc0>,37
O=C(O)C(Cc1ccc(Br)cc1)Oc1ccc(Cl)cc1,5.68,EC50,True,355.615,2,1,4.177200000000003,<rdkit.DataStructs.cDataStructs.ExplicitBitVect object at 0x130bdee30>,20
O=C(O)C(Cc1ccccc1F)Oc1ccc(Cl)cc1,5.31,EC50,False,294.709,2,1,3.5538000000000025,<rdkit.DataStructs.cDataStructs.ExplicitBitVect object at 0x130bdeea0>,20
O=C(O)C(Cc1ccccc1)Oc1ccc(Cl)c(F)c1,4.85,EC50,False,294.709,2,1,3.5538000000000016,<rdkit.DataStructs.cDataStructs.ExplicitBitVect object at 0x130bdef10>,20
O=C(O)C(Cc1ccccc1)Oc1ccccc1F,4.72,EC50,False,260.264,2,1,2.900400000000001,<rdkit.DataStructs.cDataStructs.ExplicitBitVect object at 0x130bdef80>,19
CCO[C@H](Cc1cccc(C2=NOC(CCc3ccccc3)C2)c1)C(=O)O,4.6,EC50,False,367.44500000000005,4,1,3.8446000000000025,<rdkit.DataStructs.cDataStructs.ExplicitBitVect object at 0x130bdeff0>,27
CCO[C@@H](Cc1ccc(OC/C=C(/c2ccccc2)c2ccc(-c3ccco3)cc2)cc1)C(=O)O,5.7,EC50,True,468.5490000000002,4,1,6.489500000000007,<rdkit.DataStructs.cDataStructs.ExplicitBitVect object at 0x130bdf060>,35
CCC(C(=O)O)C1CCc2cc(OCCc3nc(-c4ccc(C(F)(F)F)cc4)oc3C)ccc21,6.69,EC50,True,473.4910000000001,4,1,6.430920000000006,<rdkit.DataStructs.cDataStructs.ExplicitBitVect object at 0x130bdf0d0>,34
CCC(C(=O)O)C1CCc2cc(OCCc3nc(-c4ccc(OC)cc4)oc3C)ccc21,7.38,EC50,True,435.52000000000015,5,1,5.4207200000000055,<rdkit.DataStructs.cDataStructs.ExplicitBitVect object at 0x130bdf140>,32
CCC(C(=O)O)C1CCc2cc(OCCc3nc(-c4ccc(C(C)(C)C)cc4)oc3C)ccc21,7.72,EC50,True,461.6020000000002,4,1,6.709620000000007,<rdkit.DataStructs.cDataStructs.ExplicitBitVect object at 0x130bdf1b0>,34
CCSC(Cc1ccc(OC)c(C(=O)NCc2ccc(C(F)(F)F)cc2)c1)C(=O)O,5.55,EC50,True,441.47100000000006,4,2,4.392800000000003,<rdkit.DataStructs.cDataStructs.ExplicitBitVect object at 0x130bdf220>,30
CCc1nc2c(C)cn(Cc3ccccc3C)c(=O)c2n1[C@H]1CCc2cc(-c3ccccc3-c3nnn[nH]3)ccc21,7.38,EC50,True,541.6590000000002,7,1,5.808240000000006,<rdkit.DataStructs.cDataStructs.ExplicitBitVect object at 0x130bdf290>,41
CCc1nc2ccn(Cc3ccccc3C)c(=O)c2n1[C@H]1CCc2cc(-c3ccccc3-c3nnn[nH]3)ccc21,7.01,EC50,True,527.6320000000002,7,1,5.499820000000005,<rdkit.DataStructs.cDataStructs.ExplicitBitVect object at 0x130bdf300>,40
CCO[C@@H](Cc1ccc(OCC=C(c2ccc(Br)cc2)c2ccc(Br)cc2)cc1)C(=O)O,6.23,EC50,True,560.2820000000002,3,1,6.754500000000006,<rdkit.DataStructs.cDataStructs.ExplicitBitVect object at 0x130bdf370>,32
O=C(O)Cc1ccc(CNc2cccc(-c3c(Cc4ccccc4)cnc4c(Cl)cccc34)c2)cc1,6.3,EC50,True,493.00600000000014,3,2,7.385200000000005,<rdkit.DataStructs.cDataStructs.ExplicitBitVect object at 0x130bdf3e0>,36
CCO/N=C(\C)C(Cc1ccc(OCCc2nc(-c3ccc(F)cc3)oc2C)cc1)C(=O)O,8.52,EC50,True,454.49800000000016,6,1,5.066320000000005,<rdkit.DataStructs.cDataStructs.ExplicitBitVect object at 0x130bdf450>,33
O=C(c1ccccc1)c1ccccc1N[C@@H](Cc1ccc(/N=N/c2ccc(Cl)cc2)cc1)C(=O)O,5.8,EC50,True,483.95500000000015,5,2,7.094200000000005,<rdkit.DataStructs.cDataStructs.ExplicitBitVect object at 0x130bdf4c0>,35
COc1ccc(Oc2ccc3nc(COc4cccc(C(=O)O)c4)n(C)c3c2)cn1,6.94,EC50,True,405.41000000000014,7,1,4.046400000000002,<rdkit.DataStructs.cDataStructs.ExplicitBitVect object at 0x130bdf530>,30
COc1ncc(Oc2ccc3nc(COc4cccc(C(=O)O)c4)n(C)c3c2)cc1C,6.5,EC50,True,419.4370000000002,7,1,4.354820000000003,<rdkit.DataStructs.cDataStructs.ExplicitBitVect object at 0x130bdf5a0>,31
CCC1=C[C@@](CC)(C[C@H](/C=C/C(C)=O)CC)OC1=O,5.7,EC50,True,264.36499999999995,3,0,3.5899000000000028,<rdkit.DataStructs.cDataStructs.ExplicitBitVect object at 0x130bdf610>,19
Cc1ccc(Oc2ccc3nc(COc4cccc(C(=O)O)c4)n(C)c3c2F)c(C)n1,6.61,EC50,True,421.42800000000017,6,1,4.793740000000003,<rdkit.DataStructs.cDataStructs.ExplicitBitVect object at 0x130bdf680>,31
Cc1cnc(Oc2cc(OC(C)C)c3nc(COc4cccc(C(=O)O)c4)n(C)c3c2)c(C)c1,7.24,EC50,True,461.5180000000002,7,1,5.4418400000000045,<rdkit.DataStructs.cDataStructs.ExplicitBitVect object at 0x130bdf6f0>,34
Cc1c(C)n(Cc2ccc(-c3ccccc3C(=O)O)cc2)c2ccc(C(=O)N[C@H](C)c3ccc(F)cc3)cc12,7.33,EC50,True,520.6040000000002,3,2,7.301740000000007,<rdkit.DataStructs.cDataStructs.ExplicitBitVect object at 0x130bdf760>,39
Cc1c(C)n(Cc2ccc(-c3ccccc3C(=O)O)cc2)c2ccc(C(=O)N[C@@H](C)c3cccc(Cl)c3)cc12,6.94,EC50,True,537.0590000000002,3,2,7.816040000000006,<rdkit.DataStructs.cDataStructs.ExplicitBitVect object at 0x130bdf7d0>,39
O=C(O)[C@@H](Oc1cccc(C(F)(F)F)c1)c1ccc(Cl)cc1,5.32,EC50,False,330.68899999999996,2,1,4.563500000000002,<rdkit.DataStructs.cDataStructs.ExplicitBitVect object at 0x130bdf840>,22
O=C(O)[C@@H](Oc1cccc(C(F)(F)F)c1)c1ccc(Cl)cc1,4.96,EC50,False,330.68899999999996,2,1,4.563500000000002,<rdkit.DataStructs.cDataStructs.ExplicitBitVect object at 0x130bdf8b0>,22
Cc1ccc(C(=O)c2nc3ccccc3n2C/C=C/c2cccc(OCC(=O)O)c2)cc1,5.34,EC50,False,426.4720000000002,5,1,4.752520000000003,<rdkit.DataStructs.cDataStructs.ExplicitBitVect object at 0x130bdf920>,32
COC(=O)c1ccccc1[C@@](O)(Cc1ccc(OCCc2nc(-c3ccccc3)oc2C)cc1)C(=O)O,9.15,EC50,True,501.53500000000025,7,2,4.573020000000003,<rdkit.DataStructs.cDataStructs.ExplicitBitVect object at 0x130bdf990>,37
CCO[C@@H](Cc1ccc(OCCn2c3ccccc3c3ccccc32)cc1)C(=O)O,6.77,EC50,True,403.4780000000001,4,1,4.905700000000005,<rdkit.DataStructs.cDataStructs.ExplicitBitVect object at 0x130bdfa00>,30
O=C(c1ccccc1)c1ccccc1N[C@@H](Cc1ccc(/N=N\c2ccccc2)cc1)C(=O)O,5.89,EC50,True,449.51000000000016,5,2,6.440800000000005,<rdkit.DataStructs.cDataStructs.ExplicitBitVect object at 0x130bdfa70>,34
O=C1NC(=O)C(Cc2ccc(/N=N\c3ccccc3)cc2)S1,5.2,EC50,False,311.36600000000004,5,1,3.996100000000002,<rdkit.DataStructs.cDataStructs.ExplicitBitVect object at 0x130bdfae0>,22
C/C(=C\C(=O)c1ccccc1)NC(Cc1ccc(OCCCOc2ccc(/N=N/c3ccc([N+](=O)[O-])cc3)cc2)cc1)C(=O)O,7.54,EC50,True,608.6510000000004,9,2,7.230100000000007,<rdkit.DataStructs.cDataStructs.ExplicitBitVect object at 0x130bdfb50>,45
CCCCCCC(Sc1nc(Cl)cc(Nc2ccc(Oc3ccccc3)cc2)n1)C(=O)O,5.63,EC50,True,472.01000000000016,6,2,7.181600000000006,<rdkit.DataStructs.cDataStructs.ExplicitBitVect object at 0x130bdfbc0>,32
CC(C)(C)c1ccc(-n2c(C(=O)O)c(Oc3cccc(-c4cc(C(F)(F)F)c[nH]4)c3)c3ccc(Cl)nc32)cc1,7.02,EC50,True,553.9680000000001,4,2,8.480800000000002,<rdkit.DataStructs.cDataStructs.ExplicitBitVect object at 0x130bdfc30>,39
CCCOc1ccc(C[C@@H](Cc2ccccc2)C(=O)O)cc1CNC(=O)c1ccc(N2CCC(C)(C)CC2)cc1,7.98,EC50,True,542.7200000000004,4,2,6.5178000000000065,<rdkit.DataStructs.cDataStructs.ExplicitBitVect object at 0x130bdfca0>,40
O=C(O)CC1=C/C(=C\c2cccc3ccccc23)c2ccc(F)cc21,7.0,EC50,True,330.35800000000006,1,1,5.391200000000003,<rdkit.DataStructs.cDataStructs.ExplicitBitVect object at 0x130bdfd10>,25
CC(=O)N[C@@H](Cc1ccc(OCCc2nc(-c3ccccc3)oc2C)cc1)C(=O)O,5.46,EC50,False,408.45400000000006,5,2,3.4033200000000017,<rdkit.DataStructs.cDataStructs.ExplicitBitVect object at 0x130bdfd80>,30
CCC/C=C\C#C/C=C/C(=O)CCCCCCCC(=O)O,5.73,EC50,True,290.4029999999999,2,1,4.286700000000003,<rdkit.DataStructs.cDataStructs.ExplicitBitVect object at 0x130bdfdf0>,21
CC(C)(C)N.Cc1oc(/C=C/CCC(C)C)nc1CCOc1ccc2c(c1)CN(C(=O)/C=C/c1cccs1)[C@H](C(=O)O)C2,7.4,EC50,True,607.8170000000002,7,2,6.910320000000007,<rdkit.DataStructs.cDataStructs.ExplicitBitVect object at 0x130bdfe60>,43
CC(C)(C)N.CCOCCC(=O)N1Cc2cc(OCCc3nc(/C=C/CCC(C)C)oc3C)ccc2C[C@H]1C(=O)O,7.16,EC50,True,571.7590000000005,7,2,5.562020000000006,<rdkit.DataStructs.cDataStructs.ExplicitBitVect object at 0x130bdfed0>,41
C/C=C/C=C/C(=O)N1Cc2cc(OCCc3nc(/C(C)=C/CCC(C)C)oc3C)ccc2C[C@H]1C(=O)O.CC(C)(C)N,7.7,EC50,True,579.7820000000002,6,2,6.657820000000006,<rdkit.DataStructs.cDataStructs.ExplicitBitVect object at 0x130bdff40>,42
C[C@@H](Oc1cc(Cn2c(=O)n(-c3noc4cc(Cl)ccc34)c3ccc(C(F)(F)F)cc32)ccc1Cl)C(=O)O,6.7,EC50,True,566.3190000000002,7,1,6.159200000000004,<rdkit.DataStructs.cDataStructs.ExplicitBitVect object at 0x130bb4040>,38
COc1ccc2c(-n3c(=O)n(Cc4cc(O[C@H](C)C(=O)O)ccc4Cl)c4cc(C(F)(F)F)ccc43)noc2c1,6.99,EC50,True,561.9000000000001,8,1,5.514400000000004,<rdkit.DataStructs.cDataStructs.ExplicitBitVect object at 0x130bb40b0>,39
COc1ccc2c(-n3c(=O)n(Cc4cccc([C@@]5(C)OC(=O)NC5=O)c4)c4cc(C(F)(F)F)ccc43)noc2c1,6.62,EC50,True,552.4650000000001,9,1,4.490700000000004,<rdkit.DataStructs.cDataStructs.ExplicitBitVect object at 0x130bb4120>,40
CC(C)CO/N=C/c1ccc(OC(Cc2ccccc2)C(=O)[O-])cc1.[Na+],5.35,EC50,False,363.38900000000007,5,0,-0.5628999999999982,<rdkit.DataStructs.cDataStructs.ExplicitBitVect object at 0x130bb4190>,26
CN(CCOc1ccc(CC2SC(=O)NC2=O)cc1)c1ccccn1,7.34,EC50,True,357.435,6,1,2.490900000000001,<rdkit.DataStructs.cDataStructs.ExplicitBitVect object at 0x130bb4200>,25
COc1ccc2c(-n3c(=O)n(Cc4cccc([C@@]5(C)OC(=O)NC5=O)c4)c4ccccc43)noc2c1,7.22,EC50,True,484.4680000000002,9,1,3.4719000000000015,<rdkit.DataStructs.cDataStructs.ExplicitBitVect object at 0x130bb4270>,36
COc1ccc2c(-n3c(=O)n(Cc4cccc([C@@]5(C)OC(=O)NC5=O)c4)c4ccccc43)noc2c1,7.54,EC50,True,484.4680000000002,9,1,3.4719000000000015,<rdkit.DataStructs.cDataStructs.ExplicitBitVect object at 0x130bb42e0>,36
CCO[C@@H](Cc1ccc(OCCc2nc(-c3ccsc3)oc2C)cc1)C(=O)O,9.22,EC50,True,401.4840000000001,6,1,4.3652200000000025,<rdkit.DataStructs.cDataStructs.ExplicitBitVect object at 0x130bb4350>,28
COc1cc(/C=C/C(=O)c2ccc3c(c2)sc(=O)n3CCOc2ccc(CC(OCC(F)(F)F)C(=O)O)cc2)cc(OC)c1,6.0,EC50,True,631.6250000000003,9,1,5.6299000000000055,<rdkit.DataStructs.cDataStructs.ExplicitBitVect object at 0x130bb43c0>,44
COc1ccc(C(=O)c2ccc(CSCC(NC(=O)OC(C)(C)C)C(=O)O)cc2)cc1,5.12,EC50,False,445.5370000000002,6,2,4.137300000000002,<rdkit.DataStructs.cDataStructs.ExplicitBitVect object at 0x130bb4430>,31
CC(C)(C)OC(=O)N[C@@H](CSCc1ccc(C(=O)c2ccccc2)cc1)C(=O)O,5.08,EC50,False,415.5110000000001,5,2,4.128700000000003,<rdkit.DataStructs.cDataStructs.ExplicitBitVect object at 0x130bb44a0>,29
O=C(NCc1ccc(F)c(F)c1)c1cc(C(=O)Nc2ccccn2)c(Cl)cc1F,6.96,EC50,True,419.7900000000001,3,2,4.334600000000002,<rdkit.DataStructs.cDataStructs.ExplicitBitVect object at 0x130bb4510>,29
CCCc1cc(Oc2ccc(Cl)cc2)ccc1OCCCOc1ccc2c(c1)OC(CC)(C(=O)O)CC2,6.17,EC50,True,525.0410000000004,5,1,7.491100000000007,<rdkit.DataStructs.cDataStructs.ExplicitBitVect object at 0x130bb4580>,37
COc1ccc(-c2coc3cc(O)c(OC)cc3c2=O)cc1O,5.51,EC50,True,314.29300000000006,6,2,2.888400000000002,<rdkit.DataStructs.cDataStructs.ExplicitBitVect object at 0x130bb45f0>,23
CC(Cc1ccc(Oc2cc(N3CCN(Cc4ccc(C(C)(C)C)cc4)CC3)nc(N)n2)cc1)(Oc1ccccc1)C(=O)O,5.2,EC50,False,595.7440000000004,8,2,5.935600000000004,<rdkit.DataStructs.cDataStructs.ExplicitBitVect object at 0x130bb4660>,44
CCCc1cc(Oc2ccc(S(C)(=O)=O)cc2)ccc1OCCCOc1ccc(C2SC(=O)NC2=O)cc1,6.92,EC50,True,555.6740000000003,8,1,5.706900000000005,<rdkit.DataStructs.cDataStructs.ExplicitBitVect object at 0x130bb46d0>,38
CCC(C(=O)O)C1CCc2cc(OCCc3nc(-c4ccccc4)oc3-c3ccccc3)ccc21,6.21,EC50,True,467.5650000000001,4,1,6.770700000000007,<rdkit.DataStructs.cDataStructs.ExplicitBitVect object at 0x130bb4740>,35
Cc1oc(-c2ccccc2)nc1CCOc1ccc2c(c1)CCC2C(C(=O)O)c1ccccc1,5.02,EC50,False,453.5380000000002,4,1,6.169720000000005,<rdkit.DataStructs.cDataStructs.ExplicitBitVect object at 0x130bb47b0>,34
CCCCC(Sc1nc(OCCc2ccccc2)cc(OCCc2ccccc2)n1)C(=O)O,5.08,EC50,False,466.60300000000024,6,1,5.455100000000005,<rdkit.DataStructs.cDataStructs.ExplicitBitVect object at 0x130bb4820>,33
CCCC/C(=C\c1cc(OCc2cc(C(F)(F)F)cc(C(F)(F)F)c2)ccc1OCc1ccc(C(F)(F)F)cc1)C(=O)O,5.33,EC50,False,620.5080000000003,3,1,9.559199999999999,<rdkit.DataStructs.cDataStructs.ExplicitBitVect object at 0x130bb4890>,43
CCCC/C(=C\c1cc(OCC2CCC(C(F)(F)F)CC2)ccc1OCc1ccc(C(F)(F)F)cc1)C(=O)O,5.67,EC50,True,558.5590000000003,3,1,8.690100000000006,<rdkit.DataStructs.cDataStructs.ExplicitBitVect object at 0x130bb4900>,39
CCC(C(=O)O)C1CCc2cc(OCCc3nc(-c4ccc5ccccc5c4)oc3C)ccc21,7.8,EC50,True,455.55400000000014,4,1,6.565320000000006,<rdkit.DataStructs.cDataStructs.ExplicitBitVect object at 0x130bb4970>,34
CC(Cc1ccc(Oc2cc(N3CCN(CC4CCCCC4)CC3)nc(N)n2)cc1)(Oc1ccccc1)C(=O)O,5.26,EC50,False,545.6840000000003,8,2,5.018200000000004,<rdkit.DataStructs.cDataStructs.ExplicitBitVect object at 0x130bb49e0>,40
Cc1oc(-c2ccccc2)nc1CCOc1cccc(C2CN(C(=O)OCC(C)C)CCC2CC(=O)O)c1,6.31,EC50,True,520.6260000000004,6,1,5.944320000000005,<rdkit.DataStructs.cDataStructs.ExplicitBitVect object at 0x130bb4a50>,38
Cc1oc(-c2ccccc2)nc1CCOc1ccc(CC2CN(C(=O)OCC(C)C)CCC2C(=O)O)cc1,6.59,EC50,True,520.6260000000004,6,1,5.629320000000005,<rdkit.DataStructs.cDataStructs.ExplicitBitVect object at 0x130bb4ac0>,38
CCCc1c(SC)c2ccc(NC(=O)C(CC)c3ccccc3)cc2n1Cc1ccc(-c2ccccc2C(=O)O)cc1,6.7,EC50,True,576.7620000000003,4,2,8.861500000000005,<rdkit.DataStructs.cDataStructs.ExplicitBitVect object at 0x130bb4b30>,42
Cc1c(C)n(Cc2ccc(-c3ccccc3C(=O)O)cc2)c2ccc(C(=O)NCCCc3ccccc3)cc12,7.66,EC50,True,516.6410000000003,3,2,7.034240000000007,<rdkit.DataStructs.cDataStructs.ExplicitBitVect object at 0x130bb4ba0>,39
COC1Oc2cc(O)c3c(c2C(=O)N1C(=O)NCc1ccsc1)OC1=CC(O)=C(C(C)=O)C(=O)[C@]13C,5.36,EC50,False,512.4960000000002,10,3,2.645900000000001,<rdkit.DataStructs.cDataStructs.ExplicitBitVect object at 0x130bb4c10>,36
COC1Oc2cc(O)c3c(c2C(=O)N1C(=O)NCc1cc2ccccc2s1)OC1=CC(O)=C(C(C)=O)C(=O)[C@]13C,5.42,EC50,False,562.5560000000002,10,3,3.799100000000002,<rdkit.DataStructs.cDataStructs.ExplicitBitVect object at 0x130bb4c80>,40
CCCCOC(=O)N(CC(=O)O)Cc1cc(OCc2nc(-c3ccc(Cl)cc3)oc2C)ccc1F,5.91,EC50,True,504.9420000000001,6,1,5.844820000000005,<rdkit.DataStructs.cDataStructs.ExplicitBitVect object at 0x130bb4cf0>,35
Cc1oc(-c2ccccc2)nc1CCOc1cccc(Cc2cn(-c3ccccc3)nc2C(=O)O)c1,6.81,EC50,True,479.5360000000002,6,1,5.746220000000005,<rdkit.DataStructs.cDataStructs.ExplicitBitVect object at 0x130bb4d60>,36
CCOC(Cc1ccc(OCCN2CC=C(c3ccccn3)CC2)cc1)C(=O)O,5.64,EC50,True,396.48700000000014,5,1,3.281900000000001,<rdkit.DataStructs.cDataStructs.ExplicitBitVect object at 0x130bb4dd0>,29
CCOC(Cc1ccc(OCCCN2CC=C(c3ccc(C(F)(F)F)cc3)CC2)cc1)C(=O)O,6.3,EC50,True,477.52300000000014,4,1,5.295800000000004,<rdkit.DataStructs.cDataStructs.ExplicitBitVect object at 0x130bb4e40>,34
CCc1ccc(CCOc2ccc(CC3SC(=O)NC3=O)cc2)nc1,6.46,EC50,True,356.44700000000006,5,1,3.159600000000001,<rdkit.DataStructs.cDataStructs.ExplicitBitVect object at 0x130bb4eb0>,25
CCO[C@@H](Cc1ccc(OCCc2nc(-c3ccc(C)s3)oc2C)cc1)C(=O)O,10.74,EC50,True,415.51100000000014,6,1,4.673640000000003,<rdkit.DataStructs.cDataStructs.ExplicitBitVect object at 0x130bb4f20>,29
COC(Cc1ccc(OCCc2nc(-c3ccccc3)oc2C)c2ccccc12)C(=O)O,6.91,EC50,True,431.48800000000017,5,1,5.066820000000005,<rdkit.DataStructs.cDataStructs.ExplicitBitVect object at 0x130bb4f90>,32
CO[C@@H](Cc1ccc(OCCc2nc(-c3ccccc3)oc2C)c2ccsc12)C(=O)O,7.68,EC50,True,437.51700000000017,6,1,5.128320000000005,<rdkit.DataStructs.cDataStructs.ExplicitBitVect object at 0x130bb5000>,31
CN(CCOc1ccc(CC2SC(=O)NC2=O)cc1)c1ccccn1,7.37,EC50,True,357.435,6,1,2.490900000000001,<rdkit.DataStructs.cDataStructs.ExplicitBitVect object at 0x130bb5070>,25
CC[C@@H](NC(=O)c1ccc2c(c1)nc(C)n2Cc1ccc(S(C)(=O)=O)cc1)c1ccccc1,5.3,EC50,False,461.5870000000001,5,1,4.677620000000004,<rdkit.DataStructs.cDataStructs.ExplicitBitVect object at 0x130bb50e0>,33
CC[C@@H](NC(=O)c1ccc2c(c1)ncn2Cc1ccc(Cl)cn1)c1ccccc1,7.4,EC50,True,404.90100000000007,4,1,5.0141000000000036,<rdkit.DataStructs.cDataStructs.ExplicitBitVect object at 0x130bb5150>,29
COC(=O)N(CC(=O)O)Cc1cccc(OCc2coc(-c3ccc(Cl)cc3)n2)c1,5.04,EC50,False,430.8440000000001,6,1,4.227000000000003,<rdkit.DataStructs.cDataStructs.ExplicitBitVect object at 0x130bb51c0>,30
CCCc1cc(C(F)(F)F)ccc1OCCCOc1ccc(OCC(=O)OC)c(C)c1,5.9,EC50,True,440.4580000000002,5,0,5.366020000000006,<rdkit.DataStructs.cDataStructs.ExplicitBitVect object at 0x130bb5230>,31
O=C(Cc1ccccc1)c1ccc(OC(Cc2ccccc2)C(=O)[O-])cc1.[Na+],5.04,EC50,False,382.3910000000001,4,0,-0.14400000000000013,<rdkit.DataStructs.cDataStructs.ExplicitBitVect object at 0x130bb52a0>,28
CCC#CCOc1cc(COC2CCOCC2)ccc1Sc1ccc(OCC(=O)O)c2c1CCCC2,5.82,EC50,True,510.6520000000003,6,1,5.667800000000005,<rdkit.DataStructs.cDataStructs.ExplicitBitVect object at 0x130bb5310>,36
COc1cccc(S(=O)(=O)n2c(CCCC(=O)O)cc3cc(C(F)(F)F)ccc32)c1,7.19,EC50,True,441.427,5,1,4.313000000000003,<rdkit.DataStructs.cDataStructs.ExplicitBitVect object at 0x130bb5380>,30
CCC[C@@H](Oc1cccc(Cn2c(C)c(C(=O)c3ccc(Cl)cc3)c3ccc(OC(F)(F)F)cc32)c1)C(=O)O,8.0,EC50,True,559.9680000000002,5,1,7.413120000000006,<rdkit.DataStructs.cDataStructs.ExplicitBitVect object at 0x130bb53f0>,39
Cc1c(C(=O)c2ccc(Cl)cc2)c2ccc(OC(F)(F)F)cc2n1Cc1cccc(O[C@@H](C)C(=O)O)c1,9.0,EC50,True,531.9140000000002,5,1,6.632920000000006,<rdkit.DataStructs.cDataStructs.ExplicitBitVect object at 0x130bb5460>,37
CCCc1nc2cc(Br)c(Br)cc2n1Cc1ccc(-c2ccccc2C(=O)O)cc1,6.4,EC50,True,528.2440000000003,3,1,6.927300000000006,<rdkit.DataStructs.cDataStructs.ExplicitBitVect object at 0x130bb54d0>,30
CN(CCOc1ccc(/C=C2\SC(=O)NC2=O)cc1)c1nc2ccccc2s1,6.51,EC50,True,411.5080000000001,7,1,4.135400000000003,<rdkit.DataStructs.cDataStructs.ExplicitBitVect object at 0x130bb5540>,28
CCN(CCOc1ccc(/C=C2\SC(=O)NC2=O)cc1)c1ccccn1,6.44,EC50,True,369.4460000000001,6,1,3.3108000000000013,<rdkit.DataStructs.cDataStructs.ExplicitBitVect object at 0x130bb55b0>,26
COc1cccc(-c2nc(CCOc3ccc(CC4(C(=O)O)CCCO4)nc3)c(C)o2)c1,8.3,EC50,True,438.48000000000025,7,1,3.8514200000000027,<rdkit.DataStructs.cDataStructs.ExplicitBitVect object at 0x130bb5620>,32
COC(C)(Cc1ccc(OCCc2nc(-c3ccccc3)oc2C)cn1)C(=O)O,6.47,EC50,True,396.4430000000001,6,1,3.6987200000000016,<rdkit.DataStructs.cDataStructs.ExplicitBitVect object at 0x130bb5690>,29
Cc1oc(-c2ccccc2)nc1CCOc1ccc(CCC(=O)O)c(CNC(=O)Oc2cnccn2)c1,8.15,EC50,True,502.52700000000027,8,2,4.367320000000002,<rdkit.DataStructs.cDataStructs.ExplicitBitVect object at 0x130bb5700>,37
Cc1oc(-c2ccc(-c3ncccn3)cc2)nc1CCOc1ccc(CCC(=O)O)c(CNC(=O)OC(C)C)c1,8.4,EC50,True,544.6080000000003,8,2,5.380320000000004,<rdkit.DataStructs.cDataStructs.ExplicitBitVect object at 0x130bb5770>,40
COC(=O)CN1C(=O)SC(Cc2ccc(O)cc2)C1=O,5.05,EC50,False,295.31600000000003,6,1,1.1717,<rdkit.DataStructs.cDataStructs.ExplicitBitVect object at 0x130bb57e0>,20
CCOC(=O)CN1C(=O)S/C(=C\c2cccc([N+](=O)[O-])c2)C1=O,4.96,EC50,False,336.3250000000001,7,0,2.1942000000000004,<rdkit.DataStructs.cDataStructs.ExplicitBitVect object at 0x130bb5850>,23
C/C(=N\OCCOc1ccc(CC2SC(=O)NC2=O)cc1)c1ccccn1,5.55,EC50,True,385.4450000000001,7,1,2.795300000000001,<rdkit.DataStructs.cDataStructs.ExplicitBitVect object at 0x130bb58c0>,27
C/C(=N\OCCOc1ccc(CC2SC(=O)NC2=O)cc1)c1ccc(-c2ccccn2)cc1,6.19,EC50,True,461.5430000000002,7,1,4.4623000000000035,<rdkit.DataStructs.cDataStructs.ExplicitBitVect object at 0x130bb5930>,33
Cc1oc(-c2ccccc2)nc1CCOc1ccc(C[C@@](O)(C(=O)O)c2ccccc2C(=O)c2ccccc2)cc1,9.47,EC50,True,547.6070000000003,6,2,6.017420000000006,<rdkit.DataStructs.cDataStructs.ExplicitBitVect object at 0x130bb59a0>,41
CCO[C@@H](Cc1ccc(OCCn2c3ccccc3c3cc(Br)ccc32)cc1)C(=O)O,6.48,EC50,True,482.37400000000014,4,1,5.668200000000005,<rdkit.DataStructs.cDataStructs.ExplicitBitVect object at 0x130bb5a10>,31
CCO[C@@H](Cc1ccc(OCCN2c3ccccc3Oc3ccccc32)cc1)C(=O)O,6.24,EC50,True,419.47700000000015,5,1,5.041600000000004,<rdkit.DataStructs.cDataStructs.ExplicitBitVect object at 0x130bb5a80>,31
CCCOc1ccc(C[C@@H](Cc2ccccc2)C(=O)O)cc1CNC(=O)c1ccc(N2CC3CCC(C3)C2)cc1,7.93,EC50,True,540.7040000000003,4,2,6.127700000000005,<rdkit.DataStructs.cDataStructs.ExplicitBitVect object at 0x130bb5af0>,40
CCCc1c(OCCCOc2cccc3c2ccn3CC(=O)O)ccc2c(-c3ccccc3)coc12,5.38,EC50,False,483.56400000000025,5,1,6.939500000000006,<rdkit.DataStructs.cDataStructs.ExplicitBitVect object at 0x130bb5b60>,36
O=C(O)C1CCc2ccc(OCCCOc3ccc(OCC(F)(F)F)cc3Cl)cc2O1,5.52,EC50,True,460.83200000000016,5,1,4.907200000000004,<rdkit.DataStructs.cDataStructs.ExplicitBitVect object at 0x130bb5bd0>,31
C[C@]1(C(=O)O)CCc2ccc(OCCCOc3ccc(Oc4ccc(F)cc4)cc3Cl)cc2O1,6.62,EC50,True,486.9230000000002,5,1,6.287600000000005,<rdkit.DataStructs.cDataStructs.ExplicitBitVect object at 0x130bb5c40>,34
CC(C)(C)c1ccc(-n2c(C(=O)O)c(Oc3cccc(C(F)(F)F)c3)c3cc(Oc4cc(C(F)(F)F)c[nH]4)ccc32)cc1,8.22,EC50,True,602.5310000000002,4,2,9.576499999999996,<rdkit.DataStructs.cDataStructs.ExplicitBitVect object at 0x130bb5cb0>,43
CC(C)(C)c1ccc(-n2c(C(=O)O)c(Oc3cccc(C(F)(F)F)c3)c3ccccc32)cc1,7.89,EC50,True,453.4600000000001,3,1,7.437300000000005,<rdkit.DataStructs.cDataStructs.ExplicitBitVect object at 0x130bb5d20>,33
Cc1c(Oc2cccc(O[C@@H](C)C(=O)O)c2)c2cc(OC(F)(F)F)ccc2n1-c1noc2cc(Cl)ccc12,6.71,EC50,True,546.8850000000001,7,1,7.276320000000004,<rdkit.DataStructs.cDataStructs.ExplicitBitVect object at 0x130bb5d90>,38
C#CCOc1cccc(Cc2c(C)n(C(=O)c3ccc(OC)cc3)c3ccc(OC(F)(F)F)cc23)c1,7.51,EC50,True,493.4810000000001,5,0,6.148220000000005,<rdkit.DataStructs.cDataStructs.ExplicitBitVect object at 0x130bb5e00>,36
CC[C@@]1(C(=O)O)CCc2ccc(OCCCOc3ccc(Oc4ccc(F)cc4)cc3Cl)cc2O1,5.3,EC50,False,500.9500000000001,5,1,6.677700000000006,<rdkit.DataStructs.cDataStructs.ExplicitBitVect object at 0x130bb5e70>,35
CCOc1cc(N2C(=O)c3ccccc3C2=O)ccc1CCc1ccc(C[C@H](CC)C(=O)O)cc1,5.5,EC50,True,471.55300000000034,4,1,5.324400000000004,<rdkit.DataStructs.cDataStructs.ExplicitBitVect object at 0x130bb5ee0>,35
CC[C@H](Cc1ccc(CCc2ccc(N3C(=O)c4ccccc4C3=O)cc2OC)cc1)C(=O)O,4.92,EC50,False,457.5260000000002,4,1,4.934300000000005,<rdkit.DataStructs.cDataStructs.ExplicitBitVect object at 0x130bb5f50>,34
CCCCOc1cc(N2C(=O)c3ccccc3C2=O)ccc1CCc1ccc(CC(CC)C(=O)O)cc1,5.1,EC50,False,499.60700000000037,4,1,6.104600000000006,<rdkit.DataStructs.cDataStructs.ExplicitBitVect object at 0x130bb5fc0>,37
O=C(Nc1ccc(OCCc2ccccn2)cc1C(=O)[O-])c1ccc(Cl)cc1Cl.[Li+],5.5,EC50,True,437.20800000000014,5,1,0.6296999999999999,<rdkit.DataStructs.cDataStructs.ExplicitBitVect object at 0x130bb6030>,30
Cc1sc(-c2ccncc2)nc1CCOc1ccc(C[C@H](Nc2ccccc2C(=O)c2ccccc2)C(=O)O)cc1,8.68,EC50,True,563.6790000000003,7,2,6.473820000000006,<rdkit.DataStructs.cDataStructs.ExplicitBitVect object at 0x130bb60a0>,41
Cc1cc(NS(=O)(=O)c2ccc(Cl)cc2Cl)ccc1Oc1cncc(Cl)c1,6.22,EC50,True,443.73900000000015,4,1,5.9433200000000035,<rdkit.DataStructs.cDataStructs.ExplicitBitVect object at 0x130bb6110>,27
CCCC(=O)NC[C@H](Cc1ccc(OCCc2nc(-c3ccccc3)oc2C)cc1)Nc1ccccc1C(=O)c1ccccc1,6.2,EC50,True,601.7470000000002,6,2,7.442020000000008,<rdkit.DataStructs.cDataStructs.ExplicitBitVect object at 0x130bb6180>,45
COc1ccc(-c2nc(SCCOc3ccc(OCC(=O)O)c(C)c3)sc2-c2ccc(OC)cc2)cc1,5.25,EC50,False,537.6590000000003,8,1,6.437220000000006,<rdkit.DataStructs.cDataStructs.ExplicitBitVect object at 0x130bb61f0>,37
C/C(=N\OCCCCO/N=C(/CCC(=O)O)c1ccccc1)c1ccc(C(F)(F)F)cc1,5.85,EC50,True,450.45700000000005,5,1,5.511900000000005,<rdkit.DataStructs.cDataStructs.ExplicitBitVect object at 0x130bb6260>,32
CC(Cc1ccc(Oc2cc(N3CCN(Cc4ccccc4)CC3)nc(N)n2)cc1)(Oc1ccccc1)C(=O)O,5.18,EC50,False,539.6360000000003,8,2,4.638100000000002,<rdkit.DataStructs.cDataStructs.ExplicitBitVect object at 0x130bb62d0>,40
CCO[C@@H](Cc1ccc(OCCN(c2ccccc2)c2ccccc2)cc1)C(=O)O,5.48,EC50,False,405.4940000000001,4,1,4.935900000000004,<rdkit.DataStructs.cDataStructs.ExplicitBitVect object at 0x130bb6340>,30
Cc1nc(-c2ccc(C(F)(F)F)cc2)oc1COc1ccc(OCC(=O)O)cc1,5.01,EC50,False,407.3440000000001,5,1,4.7112200000000035,<rdkit.DataStructs.cDataStructs.ExplicitBitVect object at 0x130bb63b0>,29
Cc1nc(-c2ccc(C(F)(F)F)cc2)oc1CSc1ccc(OCC(=O)O)cc1,5.19,EC50,False,423.4120000000001,5,1,5.424520000000004,<rdkit.DataStructs.cDataStructs.ExplicitBitVect object at 0x130bb6420>,29
O=C(O)c1ccc(OCc2c(-c3c(Cl)cccc3C(F)(F)F)noc2-c2ccc[nH]2)cc1,5.77,EC50,True,462.8110000000001,4,2,6.286100000000003,<rdkit.DataStructs.cDataStructs.ExplicitBitVect object at 0x130bb6490>,32
Cc1cc(-c2onc(-c3c(Cl)cccc3C(F)(F)F)c2COc2ccc(C(=O)O)cc2)c[nH]1,6.1,EC50,True,476.8380000000002,4,2,6.594520000000005,<rdkit.DataStructs.cDataStructs.ExplicitBitVect object at 0x130bb6500>,33
CCCc1cc(Oc2ccccc2)ccc1OCCCOc1ccc(C2SC(=O)NC2=O)cc1C,7.0,EC50,True,491.6090000000002,6,1,6.611820000000006,<rdkit.DataStructs.cDataStructs.ExplicitBitVect object at 0x130bb6570>,35
Cc1ccccc1Nc1cc(Cl)nc(SCC(=O)O)n1,4.48,EC50,False,309.778,5,2,3.35872,<rdkit.DataStructs.cDataStructs.ExplicitBitVect object at 0x130bb65e0>,20
CCC(C(=O)O)C1CCc2cc(OCCc3nc(-c4ccccc4F)oc3C)ccc21,7.31,EC50,True,423.4840000000001,4,1,5.551220000000005,<rdkit.DataStructs.cDataStructs.ExplicitBitVect object at 0x130bb6650>,31
Cc1oc(-c2ccccc2)nc1CCOc1ccc2c(c1)CCC2C(C(=O)O)C(=O)O,5.73,EC50,True,421.4490000000002,5,2,4.0867200000000015,<rdkit.DataStructs.cDataStructs.ExplicitBitVect object at 0x130bb66c0>,31
CCC(C(=O)O)C1CCc2cc(OCCc3nc(-c4cc5ccccc5s4)oc3C)ccc21,7.43,EC50,True,461.58300000000014,5,1,6.626820000000006,<rdkit.DataStructs.cDataStructs.ExplicitBitVect object at 0x130bb6730>,33
CCOC(Cc1ccc(OCCN2c3ccccc3CCc3ccccc32)cc1)C(=O)O,6.12,EC50,True,431.5320000000002,4,1,5.034500000000004,<rdkit.DataStructs.cDataStructs.ExplicitBitVect object at 0x130bb67a0>,32
CCCCc1nc(C(C)C)c(CC(=O)OC2CC2)c(=O)n1Cc1ccc(-c2ccccc2-c2noc(=O)[nH]2)cc1,5.87,EC50,True,542.6360000000003,8,1,5.0160000000000045,<rdkit.DataStructs.cDataStructs.ExplicitBitVect object at 0x130bb6810>,40
CCCCc1nc(C(C)C)c(CC(=O)OCC(F)(F)F)c(=O)n1Cc1ccc(-c2ccccc2-c2noc(=O)[nH]2)cc1,5.56,EC50,True,584.5950000000001,8,1,5.415900000000005,<rdkit.DataStructs.cDataStructs.ExplicitBitVect object at 0x130bb6880>,42
CCCCC1=NC(C(C)C)=C(CC(=S)N2CCCC2)CN1Cc1ccc(-c2ccccc2-c2noc(=O)[nH]2)cc1,5.51,EC50,True,557.7640000000004,6,1,6.824600000000008,<rdkit.DataStructs.cDataStructs.ExplicitBitVect object at 0x130bb68f0>,40
CCCCc1nc(C)c(CC(=O)OC2CCCCC2)c(=O)n1Cc1ccc(-c2ccccc2-c2noc(=O)[nH]2)cc1,6.0,EC50,True,556.6630000000002,8,1,5.371320000000005,<rdkit.DataStructs.cDataStructs.ExplicitBitVect object at 0x130bb6960>,41
CCC1(C(=O)O)CCc2ccc(OCCCOc3ccc(Oc4ccccc4)cc3F)cc2O1,6.0,EC50,True,466.5050000000001,5,1,6.0243000000000055,<rdkit.DataStructs.cDataStructs.ExplicitBitVect object at 0x130bb69d0>,34
O=C(NCc1ccccc1)c1cc(C(=O)Nc2ccccc2)c(Cl)c(C(F)(F)F)c1,5.66,EC50,True,432.829,2,2,5.541100000000003,<rdkit.DataStructs.cDataStructs.ExplicitBitVect object at 0x130bb6a40>,30
CN(CCOc1ccc(CC(Nc2ccccc2C(=O)c2cccc(OCc3ccccc3)c2)C(=O)O)cc1)c1nc2ccccc2o1,6.05,EC50,True,641.7240000000002,8,2,7.260800000000007,<rdkit.DataStructs.cDataStructs.ExplicitBitVect object at 0x130bb6ab0>,48
CN(CCOc1ccc(CC(Nc2ccccc2C(=O)C2CCCCCC2)C(=O)O)cc1)c1nc2ccccc2o1,7.18,EC50,True,555.6750000000004,7,2,6.603900000000007,<rdkit.DataStructs.cDataStructs.ExplicitBitVect object at 0x130bb6b20>,41
CCC(Oc1cccc(CCN(CCCOc2ccccc2)c2nc3ccccc3o2)c1)C(=O)O,5.82,EC50,True,474.5570000000001,6,1,5.588000000000006,<rdkit.DataStructs.cDataStructs.ExplicitBitVect object at 0x130bb6b90>,35
CCO[C@@H](Cc1ccc(OCC(OC(=S)NCc2ccccc2)c2ccccc2)cc1)C(=O)O,5.14,EC50,False,479.5980000000001,5,2,4.930200000000004,<rdkit.DataStructs.cDataStructs.ExplicitBitVect object at 0x130bb6c00>,34
CCO/N=C(\C)C(Cc1ccc(OCc2nc(-c3ccc(F)cc3)oc2C)cc1)C(=O)O,8.17,EC50,True,440.4710000000001,6,1,5.023820000000005,<rdkit.DataStructs.cDataStructs.ExplicitBitVect object at 0x130bb6c70>,32
CC(C)OC(Cc1ccc(OCCc2noc(-c3cccc(C(F)(F)F)c3)n2)cc1)C(=O)O,8.22,EC50,True,464.44000000000005,6,1,4.7976000000000045,<rdkit.DataStructs.cDataStructs.ExplicitBitVect object at 0x130bb6ce0>,33
COc1ccc(-c2nc(CCOc3ccc4c(c3)CC[C@H]4CC(=O)O)c(C)n2C)cc1,5.0,EC50,False,420.5090000000002,5,1,4.530120000000003,<rdkit.DataStructs.cDataStructs.ExplicitBitVect object at 0x130bb6d50>,31
CCOc1ccc(-c2nc(CCOc3ccc4c(c3)CC[C@H]4CC(=O)O)c(C)s2)cc1,7.52,EC50,True,437.5610000000002,5,1,5.643220000000005,<rdkit.DataStructs.cDataStructs.ExplicitBitVect object at 0x130bb6dc0>,31
Cc1sc(-c2ccc(C(C)C)cc2)nc1CCOc1ccc2c(c1)CC[C@H]2CC(=O)O,8.3,EC50,True,435.5890000000002,4,1,6.367920000000006,<rdkit.DataStructs.cDataStructs.ExplicitBitVect object at 0x130bb6e30>,31
COc1cccc(-c2nc(CCOc3ccc4c(c3)CC[C@H]4CC(=O)O)c(C)s2)c1,7.21,EC50,True,423.5340000000002,5,1,5.2531200000000045,<rdkit.DataStructs.cDataStructs.ExplicitBitVect object at 0x130bb6ea0>,30
COc1ccc(-c2nc(CCOc3ccc4c(c3)CC[C@H]4CC(=O)O)c(C)o2)cc1,8.52,EC50,True,407.4660000000002,5,1,4.784620000000004,<rdkit.DataStructs.cDataStructs.ExplicitBitVect object at 0x130bb6f10>,30
CCC(Cc1ccc(OC)c(C(=O)NCc2ccc(Oc3ccccc3)cc2)c1)C(=O)O,5.62,EC50,True,433.50400000000013,4,2,5.070800000000004,<rdkit.DataStructs.cDataStructs.ExplicitBitVect object at 0x130bb6f80>,32
COc1ccc(C(=O)c2ccccc2NC(Cc2ccc(OCCN(C)c3nc4ccccc4o3)cc2)C(=O)O)cc1,7.49,EC50,True,565.6260000000004,8,2,5.690400000000005,<rdkit.DataStructs.cDataStructs.ExplicitBitVect object at 0x130bb6ff0>,42
CN(CCOc1ccc(C[C@H](Nc2ccccc2C(=O)C2CCCCC2)C(=O)O)cc1)c1nc2ccccc2o1,8.54,EC50,True,541.6480000000004,7,2,6.213800000000006,<rdkit.DataStructs.cDataStructs.ExplicitBitVect object at 0x130bb7060>,40
C/[N+]([O-])=C1\C(C(=O)NC2CC2)=C(c2ccccc2)c2ccc(OCCN3CCOCC3)cc21,7.7,EC50,True,447.53500000000037,5,1,2.4208999999999996,<rdkit.DataStructs.cDataStructs.ExplicitBitVect object at 0x130bb70d0>,33
CN(CCOc1ccc(CC2SC(=O)NC2=O)cc1)c1ccccn1,6.52,EC50,True,357.435,6,1,2.490900000000001,<rdkit.DataStructs.cDataStructs.ExplicitBitVect object at 0x130bb7140>,25
CCCCC(Cc1ccc(OC)c(CNC(=O)c2ccc(C(F)(F)F)cc2)c1)C(=O)O,5.62,EC50,True,437.458,3,2,5.077500000000004,<rdkit.DataStructs.cDataStructs.ExplicitBitVect object at 0x130bb71b0>,31
CCC#CCOc1cc(COc2cccc(C(F)(F)F)c2)ccc1Sc1ccc(OCC(=O)O)c2c1CCCC2,6.52,EC50,True,570.6289999999999,5,1,7.570000000000006,<rdkit.DataStructs.cDataStructs.ExplicitBitVect object at 0x130bb7220>,40
Cc1cccc(-c2nc(CCOc3ccc4c(c3)CC[C@H]4CC(=O)O)c(C)s2)c1,6.57,EC50,True,407.53500000000014,4,1,5.552940000000005,<rdkit.DataStructs.cDataStructs.ExplicitBitVect object at 0x130bb7290>,29
Cc1sc(-c2cccc(F)c2)nc1CCOc1ccc2c(c1)CC[C@H]2CC(=O)O,7.33,EC50,True,411.49800000000016,4,1,5.383620000000005,<rdkit.DataStructs.cDataStructs.ExplicitBitVect object at 0x130bb7300>,29
COc1ccc(-c2nc(CCOc3ccc4c(c3)CC[C@H]4CC(=O)O)c(C)s2)cc1,8.4,EC50,True,423.53400000000016,5,1,5.2531200000000045,<rdkit.DataStructs.cDataStructs.ExplicitBitVect object at 0x130bb7370>,30
Cc1cc(Oc2cccc(CNC(=O)c3ccc(C(F)(F)F)cc3C)c2)ccc1CCC(=O)O,6.46,EC50,True,471.4750000000002,3,2,6.061740000000005,<rdkit.DataStructs.cDataStructs.ExplicitBitVect object at 0x130bb73e0>,34
CSc1nc(NCc2ccccn2)c(C(=O)O)c(SCc2ccccc2)n1,6.6,EC50,True,398.51300000000015,7,2,4.196100000000003,<rdkit.DataStructs.cDataStructs.ExplicitBitVect object at 0x130bb7450>,27
CCCc1c(OCCCn2ccc3c(OCC(=O)O)cccc32)ccc2cc(C(=O)c3ccccc3)ccc12,5.38,EC50,False,521.6130000000002,5,1,6.910500000000006,<rdkit.DataStructs.cDataStructs.ExplicitBitVect object at 0x130bb74c0>,39
Cc1ccc(OC(=O)N(CC(=O)O)Cc2cccc(OCc3oc(-c4ccc(Cl)cc4)nc3C)c2)cc1,5.54,EC50,True,520.9690000000004,6,1,6.276440000000005,<rdkit.DataStructs.cDataStructs.ExplicitBitVect object at 0x130bb7530>,37
Cc1oc(-c2ccc(Cl)cc2)nc1COc1cccc(CN(CC(=O)O)C(=O)OC2CCCC2)c1,5.83,EC50,True,498.96300000000036,6,1,5.848220000000007,<rdkit.DataStructs.cDataStructs.ExplicitBitVect object at 0x130bb75a0>,35
CC[C@]1(C(=O)O)CCc2ccc(OCCCOc3ccc(F)cc3Cl)cc2O1,5.52,EC50,True,408.853,4,1,4.885400000000005,<rdkit.DataStructs.cDataStructs.ExplicitBitVect object at 0x130bb7610>,28
CN(C/C=C/c1ccc(C[C@@H](C(=O)O)n2cccc2)cc1)c1ccccc1,5.43,EC50,False,360.45700000000005,3,1,4.5061000000000035,<rdkit.DataStructs.cDataStructs.ExplicitBitVect object at 0x130bb7680>,27
CN(C/C=C/c1ccc(C[C@@H](C(=O)O)n2cccc2)cc1)c1ccccn1,6.31,EC50,True,361.44500000000005,4,1,3.9011000000000022,<rdkit.DataStructs.cDataStructs.ExplicitBitVect object at 0x130bb76f0>,27
Cc1oc(-c2ccccc2)nc1CC#Cc1ccc(CC(C(=O)O)c2cccnc2)cc1,5.35,EC50,False,422.4840000000001,4,1,5.050120000000003,<rdkit.DataStructs.cDataStructs.ExplicitBitVect object at 0x130bb7760>,32
CCCc1cc(Oc2ccccc2)ccc1OCCCCOc1ccc2c(c1)CCC(C(=O)O)O2,5.6,EC50,True,476.5690000000003,5,1,6.447600000000007,<rdkit.DataStructs.cDataStructs.ExplicitBitVect object at 0x130bb77d0>,35
C/C(=C/C(=O)c1ccccc1)N[C@@H](Cc1ccc(OCCc2nc(-c3ccccc3)oc2C)cc1)C(=O)O,8.57,EC50,True,510.5900000000003,6,2,5.643520000000006,<rdkit.DataStructs.cDataStructs.ExplicitBitVect object at 0x130bb7840>,38
Cc1oc(-c2ccccc2)nc1CCCc1ccc(CC(C(=O)O)n2nccn2)cc1,7.82,EC50,True,416.48100000000005,6,1,4.285220000000002,<rdkit.DataStructs.cDataStructs.ExplicitBitVect object at 0x130bb78b0>,31
CC1=C(CC(=O)O)c2cc(F)ccc2/C1=C/c1cccc(C)c1,5.28,EC50,False,308.35200000000003,1,1,4.936520000000003,<rdkit.DataStructs.cDataStructs.ExplicitBitVect object at 0x130bb7920>,23
CCCCCCCCCCN1C(=O)C(CCOc2ccccc2CC(=O)O)Oc2ccccc21,6.0,EC50,True,467.60600000000017,4,1,6.017500000000006,<rdkit.DataStructs.cDataStructs.ExplicitBitVect object at 0x130bb7990>,34
CCCc1nc2cc(Br)ccc2n1Cc1ccc(-c2ccccc2C(=O)O)cc1,6.4,EC50,True,449.3480000000001,3,1,6.164800000000006,<rdkit.DataStructs.cDataStructs.ExplicitBitVect object at 0x130bb7a00>,29
COC(=O)C1Cc2ccc(OCCc3nc(-c4cccc(F)c4)oc3C)cc2OC1=O,6.77,EC50,True,425.41200000000015,7,0,3.6613200000000026,<rdkit.DataStructs.cDataStructs.ExplicitBitVect object at 0x130bb7a70>,31
CCCCCCCCCCCCCCCc1cccc(OCC(=O)OCC)c1,4.54,EC50,False,390.6080000000002,3,0,7.262200000000009,<rdkit.DataStructs.cDataStructs.ExplicitBitVect object at 0x130bb7ae0>,28
CCCOc1cc(F)c(C[C@@H](CC)C(=O)O)cc1CNC(=O)c1ccc(C23CC4CC(CC(C4)C2)C3)cc1F,6.8,EC50,True,539.6630000000005,3,2,6.8047000000000075,<rdkit.DataStructs.cDataStructs.ExplicitBitVect object at 0x130bb7b50>,39
Cc1ccc(-c2nc(CCCCO/N=C(\CCC(=O)O)c3ccccc3)c(C)o2)cc1,6.37,EC50,True,420.50900000000007,5,1,5.566840000000005,<rdkit.DataStructs.cDataStructs.ExplicitBitVect object at 0x130bb7bc0>,31
Cc1ccc(-c2nc(CCCCCCO/N=C(/CCC(=O)O)c3ccccc3)c(C)o2)cc1,7.0,EC50,True,448.5630000000001,5,1,6.347040000000006,<rdkit.DataStructs.cDataStructs.ExplicitBitVect object at 0x130bb7c30>,33
Cc1ccc(-c2nc(COc3ccc(C[C@H]4CO[C@@](C)(C(=O)O)OC4)cc3)c(C)o2)cc1,7.82,EC50,True,437.4920000000002,6,1,4.543740000000004,<rdkit.DataStructs.cDataStructs.ExplicitBitVect object at 0x130bb7ca0>,32
CCC/C=C1/C(=O)O[C@@H](C)[C@H]1O,4.6,EC50,False,170.208,3,1,1.0191,<rdkit.DataStructs.cDataStructs.ExplicitBitVect object at 0x130bb7d10>,12
CC(C)(Oc1ccc(COc2nc3ccccc3s2)cc1)C(=O)O,4.5,EC50,False,343.40400000000005,5,1,4.117300000000003,<rdkit.DataStructs.cDataStructs.ExplicitBitVect object at 0x130bb7d80>,24
CCO[C@@H](Cc1cccc(/C(C)=N/OCc2ccccc2Cl)c1)C(=O)O,7.58,EC50,True,375.8520000000001,4,1,4.313000000000003,<rdkit.DataStructs.cDataStructs.ExplicitBitVect object at 0x130bb7df0>,26
CCO[C@@H](Cc1cccc(/C(C)=N/OCc2ccc(Br)cc2)c1)C(=O)O,7.44,EC50,True,420.30300000000005,4,1,4.422100000000003,<rdkit.DataStructs.cDataStructs.ExplicitBitVect object at 0x130bb7e60>,26
CCO[C@H](Cc1cccc(/C(C)=N/OCc2ccccc2)c1)C(=O)O,5.72,EC50,True,341.40700000000004,4,1,3.659600000000002,<rdkit.DataStructs.cDataStructs.ExplicitBitVect object at 0x130bb7ed0>,25
CCO[C@@H](Cc1cccc(C2=NOC(c3ccccc3)C2)c1)C(=O)O,6.66,EC50,True,339.3910000000001,4,1,3.584500000000002,<rdkit.DataStructs.cDataStructs.ExplicitBitVect object at 0x130bb7f40>,25
CCCc1nc2cc(C(=O)c3ccccc3)ccc2n1Cc1ccc(-c2ccccc2C(=O)O)cc1,6.24,EC50,True,474.56000000000023,4,1,6.6333000000000055,<rdkit.DataStructs.cDataStructs.ExplicitBitVect object at 0x117c84040>,36
CC(C)(Oc1ccc(CCCN(CCc2c(F)cccc2Cl)C(=O)Nc2cccc(Cl)c2Cl)cc1)C(=O)O,5.6,EC50,True,581.8990000000002,3,2,7.7373000000000065,<rdkit.DataStructs.cDataStructs.ExplicitBitVect object at 0x117c840b0>,38
CS(=O)(=O)Oc1ccc(CCCCCC[C@H]2CO[C@@](C)(C(=O)O)OC2)cc1,4.82,EC50,False,400.4930000000001,6,1,2.9818000000000016,<rdkit.DataStructs.cDataStructs.ExplicitBitVect object at 0x117c84120>,27
CCCc1nc2c(C)cc(-c3nc4ccccc4n3C)cc2n1Cc1ccc(-c2ccccc2C(=O)O)cc1,5.47,EC50,False,514.6290000000004,5,1,7.2644200000000065,<rdkit.DataStructs.cDataStructs.ExplicitBitVect object at 0x117c84190>,39
Cc1ccc(OC(=O)N(CC(=O)O)Cc2cccc(OCc3nc(-c4ccc(N5CCOCC5)cc4)oc3C)c2)cc1,6.38,EC50,True,571.6300000000005,8,1,5.459640000000006,<rdkit.DataStructs.cDataStructs.ExplicitBitVect object at 0x117c84200>,42
CCO[C@@H](Cc1cccc(C2=NOC(c3ccc(OC)cc3)C2)c1)C(=O)O,5.5,EC50,True,369.41700000000014,5,1,3.5931000000000015,<rdkit.DataStructs.cDataStructs.ExplicitBitVect object at 0x117c84270>,27
CCO[C@@H](Cc1cccc(/C(C)=N/OCc2ccc(OS(C)(=O)=O)cc2)c1)C(=O)O,5.79,EC50,True,435.49800000000016,7,1,2.998000000000001,<rdkit.DataStructs.cDataStructs.ExplicitBitVect object at 0x117c842e0>,30
CCc1ccc(CCOc2ccc(CC3SC(=O)NC3=O)cc2)nc1,7.06,EC50,True,356.44700000000006,5,1,3.159600000000001,<rdkit.DataStructs.cDataStructs.ExplicitBitVect object at 0x117c84350>,25
CC(C)OC(Cc1ccc(OCc2noc(-c3cccc(F)c3)n2)cc1)C(=O)O,7.0,EC50,True,400.40600000000006,6,1,3.8754000000000017,<rdkit.DataStructs.cDataStructs.ExplicitBitVect object at 0x117c843c0>,29
CC(C)OC(Cc1ccc(OCCc2noc(-c3ccccc3C(F)(F)F)n2)cc1)C(=O)O,6.8,EC50,True,464.44000000000005,6,1,4.7976000000000045,<rdkit.DataStructs.cDataStructs.ExplicitBitVect object at 0x117c84430>,33
COC(=O)c1cc2ccc(OCCc3nc(-c4cccc([N+](=O)[O-])c4)oc3C)cc2oc1=O,5.45,EC50,False,450.4030000000002,9,0,4.072720000000004,<rdkit.DataStructs.cDataStructs.ExplicitBitVect object at 0x117c844a0>,33
COc1cc(OC)cc(-c2nc(CCOc3ccc(C[C@H](OC)C(=O)O)c4sccc34)c(C)o2)c1,7.64,EC50,True,497.56900000000024,8,1,5.145520000000005,<rdkit.DataStructs.cDataStructs.ExplicitBitVect object at 0x117c84510>,35
CCCO[C@@H](Cc1ccc(OCCc2nc(-c3ccccc3)oc2C)c2ccsc12)C(=O)O,8.4,EC50,True,465.57100000000014,6,1,5.9085200000000055,<rdkit.DataStructs.cDataStructs.ExplicitBitVect object at 0x117c84580>,33
CC(C)(C)c1cccc(OCCOc2ccc3c(c2)OCC3CC(=O)O)c1,5.69,EC50,True,370.4450000000001,4,1,4.392600000000003,<rdkit.DataStructs.cDataStructs.ExplicitBitVect object at 0x117c845f0>,27
O=C(O)C(Cc1ccc(Cl)cc1)Oc1ccc(Cl)cc1,5.5,EC50,True,311.164,2,1,4.068100000000003,<rdkit.DataStructs.cDataStructs.ExplicitBitVect object at 0x117c84660>,20
Cc1ccc(CC(Oc2ccc(Cl)cc2)C(=O)O)cc1,5.36,EC50,False,290.74600000000004,2,1,3.7231200000000024,<rdkit.DataStructs.cDataStructs.ExplicitBitVect object at 0x117c846d0>,20
O=C(O)[C@H](Cc1ccc(C(F)(F)F)cc1)Oc1ccc(Cl)cc1,5.44,EC50,False,344.716,2,1,4.433500000000003,<rdkit.DataStructs.cDataStructs.ExplicitBitVect object at 0x117c84740>,23
COc1cccc(C(=O)COc2ccc(CC3SC(=O)NC3=O)cc2)c1,6.02,EC50,True,371.41400000000004,6,1,2.851000000000001,<rdkit.DataStructs.cDataStructs.ExplicitBitVect object at 0x117c847b0>,26
Cc1cc(OCC[C@@H](C)Oc2ccc(OC(F)(F)F)cc2Oc2ccccc2)ccc1CCC(=O)O,8.3,EC50,True,504.50100000000026,5,1,6.939520000000006,<rdkit.DataStructs.cDataStructs.ExplicitBitVect object at 0x117c84820>,36
CCO[C@@H](Cc1ccc(OC/C=C(\C)c2ccc(-c3ccc(/C(C)=C/COc4ccc(C[C@H](OCC)C(=O)O)cc4)cc3)cc2)cc1)C(=O)O,6.5,EC50,True,678.8220000000005,6,2,8.38260000000001,<rdkit.DataStructs.cDataStructs.ExplicitBitVect object at 0x117c84890>,50
CCO[C@@H](Cc1ccc(OC/C=C(/c2ccccc2)c2ccc(F)cc2)cc1)C(=O)O,5.07,EC50,False,420.48000000000013,3,1,5.368600000000005,<rdkit.DataStructs.cDataStructs.ExplicitBitVect object at 0x117c84900>,31
Cc1oc(-c2ccccc2)nc1CCOc1ccc(C[C@@H](C(=O)O)N2CCOCC2)cc1,7.62,EC50,True,436.50800000000027,6,1,3.599420000000001,<rdkit.DataStructs.cDataStructs.ExplicitBitVect object at 0x117c84970>,32
CSc1nc(NCc2cccnc2)c(C(=O)O)c(SCc2ccccc2)n1,6.13,EC50,True,398.51300000000015,7,2,4.196100000000002,<rdkit.DataStructs.cDataStructs.ExplicitBitVect object at 0x117c849e0>,27
COc1ccc(N2C(=O)[C@@H](Cc3ccc(OCCc4nc(-c5ccccc5)oc4C)cc3)[C@H]2C(=O)O)cc1,7.7,EC50,True,512.5620000000002,6,1,4.938820000000003,<rdkit.DataStructs.cDataStructs.ExplicitBitVect object at 0x117c84a50>,38
O=C(O)Cc1ccc2[nH]c(-c3ccccc3)c(CCc3ccccc3)c2c1,6.51,EC50,True,355.43700000000007,1,2,5.247200000000004,<rdkit.DataStructs.cDataStructs.ExplicitBitVect object at 0x117c84ac0>,27
CCCc1c(OCCCOc2ccc3c(ccn3Cc3nn[nH]n3)c2)ccc2c(C(F)(F)F)noc12,6.05,EC50,True,500.48100000000017,8,1,5.163100000000004,<rdkit.DataStructs.cDataStructs.ExplicitBitVect object at 0x117c84b30>,36
Cc1c(Oc2ccc(Cl)cc2)c2ccc(F)nc2n1Cc1ccc(Cl)c(O[C@@H](C)C(=O)O)c1,8.4,EC50,True,489.33000000000027,5,1,6.483120000000006,<rdkit.DataStructs.cDataStructs.ExplicitBitVect object at 0x117c84ba0>,33
Cc1oc(-c2ccccc2)nc1CCCC[C@H]1CO[C@@](C)(C(=O)O)OC1,4.0,EC50,False,359.4220000000001,5,1,3.826620000000001,<rdkit.DataStructs.cDataStructs.ExplicitBitVect object at 0x117c84c10>,26
CCC(C(=O)Nc1ccc2c(c1)c(C)c(C)n2Cc1ccc(-c2ccccc2C(=O)O)cc1)c1ccccc1,6.47,EC50,True,516.6410000000002,3,2,7.803940000000008,<rdkit.DataStructs.cDataStructs.ExplicitBitVect object at 0x117c84c80>,39
COc1ccc(-c2nc(SCCCOc3ccc(OCC(=O)O)cc3Cl)sc2-c2ccc(OC)cc2)cc1,5.34,EC50,False,572.1040000000003,8,1,7.172300000000006,<rdkit.DataStructs.cDataStructs.ExplicitBitVect object at 0x117c84cf0>,38
COc1ccc(-c2nc(SCCOc3ccc(OCC(=O)O)cc3Cl)sc2-c2ccc(OC)cc2)cc1,5.23,EC50,False,558.0770000000002,8,1,6.782200000000006,<rdkit.DataStructs.cDataStructs.ExplicitBitVect object at 0x117c84d60>,37
CCC(NC(=O)c1ccc2cc(C)n(Cc3ccc(-c4ccccc4C(=O)O)cc3)c2c1)c1ccccc1,6.79,EC50,True,502.61400000000015,3,2,7.244320000000006,<rdkit.DataStructs.cDataStructs.ExplicitBitVect object at 0x117c84dd0>,38
O=C(O)CC1=C/C(=C\c2ccc(-c3ccc(F)cc3F)cc2)c2ccc(F)cc21,7.0,EC50,True,392.3760000000001,1,1,6.183200000000004,<rdkit.DataStructs.cDataStructs.ExplicitBitVect object at 0x117c84e40>,29
c1ccc(CNCCOc2ccc3ccccc3c2)cc1,6.4,EC50,True,277.367,2,1,4.008400000000003,<rdkit.DataStructs.cDataStructs.ExplicitBitVect object at 0x117c84eb0>,21
O=C(O)Cc1cc(Cl)cc(OCCC2(N3CCCCC3)CCN(c3nc4ccc(Cl)cc4s3)CC2)c1,6.0,EC50,True,548.5360000000002,6,1,6.524200000000007,<rdkit.DataStructs.cDataStructs.ExplicitBitVect object at 0x117c84f20>,36
CCC(Cc1ccc(OC)c(CNC(=O)c2ccc(C(F)(F)F)cc2F)c1)C(=O)O,5.58,EC50,True,427.39400000000006,3,2,4.436400000000003,<rdkit.DataStructs.cDataStructs.ExplicitBitVect object at 0x117c84f90>,30
Cc1oc(-c2ccccc2)nc1CCOc1cccc(CC2CN(C(=O)OCC(C)C)CCC2C(=O)O)c1,5.97,EC50,True,520.6260000000004,6,1,5.629320000000004,<rdkit.DataStructs.cDataStructs.ExplicitBitVect object at 0x117c85000>,38
CCO[C@@H](Cc1ccc(CCC(OC(=S)NCC2CCCCC2)c2ccccc2)cc1)C(=O)O,5.97,EC50,True,483.6740000000003,4,2,5.864100000000005,<rdkit.DataStructs.cDataStructs.ExplicitBitVect object at 0x117c85070>,34
CCOC(Cc1ccc(OCCN2CC=C(c3cccc(C(F)(F)F)c3)CC2)cc1)C(=O)O,5.65,EC50,True,463.49600000000015,4,1,4.905700000000004,<rdkit.DataStructs.cDataStructs.ExplicitBitVect object at 0x117c850e0>,33
O=C(NCc1ccccc1C(F)(F)F)c1ccc2c(c1)[nH]c(=O)n2Cc1cc(F)cc(F)c1,5.71,EC50,True,461.3900000000001,3,2,4.604900000000003,<rdkit.DataStructs.cDataStructs.ExplicitBitVect object at 0x117c85150>,33
O=C(NCc1ccccc1C(F)(F)F)c1ccc2c(c1)[nH]c(=O)n2Cc1cccc(Cl)c1,5.39,EC50,False,459.85500000000013,3,2,4.980100000000003,<rdkit.DataStructs.cDataStructs.ExplicitBitVect object at 0x117c851c0>,32
CCO[C@@H](Cc1ccc(OCCN2CC=C(c3ccc(Cl)cc3)CC2)cc1)C(=O)O,6.19,EC50,True,429.9440000000002,4,1,4.540300000000004,<rdkit.DataStructs.cDataStructs.ExplicitBitVect object at 0x117c85230>,30
CCOC(Cc1ccc(OCCN2CC=C(c3ccccc3Cl)CC2)cc1)C(=O)O,5.23,EC50,False,429.9440000000002,4,1,4.540300000000004,<rdkit.DataStructs.cDataStructs.ExplicitBitVect object at 0x117c852a0>,30
CCOC(Cc1ccc(OCCN2CC=C(c3cccc(OC)c3)CC2)cc1)C(=O)O,5.62,EC50,True,425.5250000000002,5,1,3.895500000000003,<rdkit.DataStructs.cDataStructs.ExplicitBitVect object at 0x117c85310>,31
CCOC(Cc1ccc(OCCN2CC=C(c3cccs3)CC2)cc1)C(=O)O,5.48,EC50,False,401.52800000000013,5,1,3.948400000000002,<rdkit.DataStructs.cDataStructs.ExplicitBitVect object at 0x117c85380>,28
CCOC(Cc1ccc(OCCN2CC=C(c3ncccn3)CC2)cc1)C(=O)O,5.34,EC50,False,397.47500000000014,6,1,2.6769000000000007,<rdkit.DataStructs.cDataStructs.ExplicitBitVect object at 0x117c853f0>,29
CCO[C@@H](Cc1ccc(CCC(OC(=S)Nc2ccccc2)c2ccccc2)cc1)C(=O)O,5.34,EC50,False,463.5990000000001,4,2,5.806300000000006,<rdkit.DataStructs.cDataStructs.ExplicitBitVect object at 0x117c85460>,33
CC(Cc1ccc(Oc2cc(N3CCN(Cc4cccc5ccccc45)CC3)nc(N)n2)cc1)(Oc1ccccc1)C(=O)O,5.46,EC50,False,589.6960000000004,8,2,5.791300000000004,<rdkit.DataStructs.cDataStructs.ExplicitBitVect object at 0x117c854d0>,44
CC(C)(Oc1cccc(CCCN(CCOC(=O)c2ccc(N=C=O)cc2)Cc2ccc(C(F)(F)F)cc2C(F)(F)F)c1)C(=O)O,9.3,EC50,True,652.5880000000003,7,1,7.225300000000006,<rdkit.DataStructs.cDataStructs.ExplicitBitVect object at 0x117c85540>,46
Cc1ccc(/C=C2\C=C(CC(=O)O)c3cc(F)ccc32)cc1,5.62,EC50,True,294.325,1,1,4.546420000000003,<rdkit.DataStructs.cDataStructs.ExplicitBitVect object at 0x117c855b0>,22
CN(CCOc1ccc(CC(Nc2ccccc2S(=O)(=O)c2ccccc2)C(=O)O)cc1)c1nc2ccccc2o1,5.74,EC50,True,571.6550000000002,8,2,5.283600000000005,<rdkit.DataStructs.cDataStructs.ExplicitBitVect object at 0x117c85620>,41
CC(C)OC(Cc1ccc(OCCc2noc(-c3cc(C(F)(F)F)cc(C(F)(F)F)c3)n2)cc1)C(=O)O,8.4,EC50,True,532.4370000000001,6,1,5.816400000000004,<rdkit.DataStructs.cDataStructs.ExplicitBitVect object at 0x117c85690>,37
COc1cc(C[C@H](OC)C(=O)O)ccc1OCCCOc1ccc(Oc2ccccc2)cc1,6.73,EC50,True,452.50300000000016,6,1,4.9775000000000045,<rdkit.DataStructs.cDataStructs.ExplicitBitVect object at 0x117c85700>,33
Cc1c(C(=O)c2ccc(Cl)cc2)c2ccc(OC(F)(F)F)cc2n1Cc1cccc(OC2(C(=O)O)CCC2)c1,7.92,EC50,True,557.952,5,1,7.167120000000006,<rdkit.DataStructs.cDataStructs.ExplicitBitVect object at 0x117c85770>,39
Cc1c(Cc2cccc(OCC(=O)O)c2)c2cc(OC(F)(F)F)ccc2n1C(=O)c1ccc(Cl)cc1,8.52,EC50,True,517.8870000000002,5,1,6.244420000000004,<rdkit.DataStructs.cDataStructs.ExplicitBitVect object at 0x117c857e0>,36
Cc1sc(NCCCN(C)C)nc1CCOc1ccc(C[C@H](Nc2ccccc2C(=O)c2ccccc2)C(=O)O)cc1,6.14,EC50,True,586.7580000000003,8,3,5.775420000000006,<rdkit.DataStructs.cDataStructs.ExplicitBitVect object at 0x117c85850>,42
CCOC(Cc1ccc(OCCC2c3ccccc3-c3ccccc32)cc1)C(=O)O,6.31,EC50,True,402.4900000000001,3,1,5.300200000000006,<rdkit.DataStructs.cDataStructs.ExplicitBitVect object at 0x117c858c0>,30
CCOC(Cc1ccc(OCCn2c3ccccc3c3ccncc32)cc1)C(=O)O,7.04,EC50,True,404.4660000000001,5,1,4.300700000000003,<rdkit.DataStructs.cDataStructs.ExplicitBitVect object at 0x117c85930>,30
CCCc1c(OCCCOc2ccc3c(ccn3CC(=O)O)c2)ccc2c(C(F)(F)F)noc12,6.64,EC50,True,476.4510000000002,6,1,5.686300000000004,<rdkit.DataStructs.cDataStructs.ExplicitBitVect object at 0x117c859a0>,34
CN(CCOc1ccc(C[C@H](Nc2ccccc2C(=O)c2ccccc2)C(=O)O)cc1)c1nc2ccccc2o1,8.58,EC50,True,535.6000000000003,7,2,5.681800000000005,<rdkit.DataStructs.cDataStructs.ExplicitBitVect object at 0x117c85a10>,40
CCCc1cc(C(=O)CC)cc(CCC)c1O[C@H](C(=O)O)c1ccc(C(C)C)cc1,6.82,EC50,True,410.5540000000001,3,1,6.512400000000006,<rdkit.DataStructs.cDataStructs.ExplicitBitVect object at 0x117c85a80>,30
CO[C@@H](Cc1ccc(OCCCOc2ccc(C(=O)c3ccccc3)cc2)cc1)C(=O)O,6.58,EC50,True,434.48800000000006,5,1,4.407600000000003,<rdkit.DataStructs.cDataStructs.ExplicitBitVect object at 0x117c85af0>,32
Cc1cc(OCc2nc(-c3ccc(C(=O)N4CCCCC4)cc3)c(-c3ccc(OC(F)(F)F)cc3)s2)ccc1OCC(=O)O,5.81,EC50,True,626.6530000000001,7,1,7.352620000000006,<rdkit.DataStructs.cDataStructs.ExplicitBitVect object at 0x117c85b60>,44
Cc1cc(CN2C(=O)CN(c3ccc(C(F)(F)F)c(F)c3)C2=O)cc(C)c1OC(C)(C)C(=O)O,5.97,EC50,True,482.43000000000023,4,1,4.672140000000004,<rdkit.DataStructs.cDataStructs.ExplicitBitVect object at 0x117c85bd0>,34
CCCOc1ccc(C[C@H](Cc2ccccc2)C(=O)O)cc1CNC(=O)c1ccc(C23CC4CC(CC(C4)C2)C3)cc1,7.66,EC50,True,565.7540000000002,3,2,7.3592000000000075,<rdkit.DataStructs.cDataStructs.ExplicitBitVect object at 0x117c85c40>,42
CCCOc1ccc(C[C@H](CC)C(=O)O)cc1CNC(=O)c1ccc(C23CC4CC(CC(C4)C2)C3)cc1,7.39,EC50,True,503.68300000000033,3,2,6.526500000000007,<rdkit.DataStructs.cDataStructs.ExplicitBitVect object at 0x117c85cb0>,37
C/C(=N\OCCCCO/N=C(/CCC(=O)O)c1ccccc1)c1ccc2ccccc2c1,6.7,EC50,True,432.5200000000001,5,1,5.646300000000005,<rdkit.DataStructs.cDataStructs.ExplicitBitVect object at 0x117c85d20>,32
COc1cc(/C(C)=N/OCCCCO/N=C(/CCC(=O)O)c2ccccc2)ccc1F,6.16,EC50,True,430.47600000000006,6,1,4.640800000000004,<rdkit.DataStructs.cDataStructs.ExplicitBitVect object at 0x117c85d90>,31
Cc1ccc(OC(=O)N(CC(=O)O)Cc2cccc(OCc3nc(-c4ccc(Cl)cc4)oc3C)c2)cc1,5.88,EC50,True,520.9690000000003,6,1,6.276440000000005,<rdkit.DataStructs.cDataStructs.ExplicitBitVect object at 0x117c85e00>,37
Cc1nc(-c2ccc(C(C)(C)C)cc2)sc1C(=O)NCc1ccc(OC(C)(C)C(=O)O)cc1,6.07,EC50,True,466.60300000000024,5,2,5.588020000000004,<rdkit.DataStructs.cDataStructs.ExplicitBitVect object at 0x117c85e70>,33
COc1ccc(-c2nc(CCOc3ccc(C[C@H](Nc4ccccc4C(=O)c4ccccc4)C(=O)O)cc3)c(C)o2)cc1,8.75,EC50,True,576.6490000000002,7,2,6.618920000000006,<rdkit.DataStructs.cDataStructs.ExplicitBitVect object at 0x117c85ee0>,43
CN(CCOc1ccc(CC2SC(=O)NC2=O)cc1)c1ccccn1,7.0,EC50,True,357.435,6,1,2.490900000000001,<rdkit.DataStructs.cDataStructs.ExplicitBitVect object at 0x117c85f50>,25
CC(C)OC(Cc1ccc(OCc2noc(-c3ccc(C(C)(C)C)cc3)n2)cc1)C(=O)O,8.52,EC50,True,438.52400000000017,6,1,5.033800000000004,<rdkit.DataStructs.cDataStructs.ExplicitBitVect object at 0x117c85fc0>,32
CCCCC(Sc1ccc(OCCCOc2ccc(C)c(C)c2)cc1)C(=O)O,5.46,EC50,False,402.5560000000001,4,1,5.8868400000000065,<rdkit.DataStructs.cDataStructs.ExplicitBitVect object at 0x117c86030>,28
CCCCC(Sc1ccc(OCCCOc2ccc(-c3ccccc3)cc2)cc1)C(=O)O,6.27,EC50,True,450.6000000000001,4,1,6.937000000000007,<rdkit.DataStructs.cDataStructs.ExplicitBitVect object at 0x117c860a0>,32
COc1cc(OC)cc(-c2coc3cc(O)ccc3c2=O)c1,4.72,EC50,False,298.29400000000004,5,1,3.182800000000002,<rdkit.DataStructs.cDataStructs.ExplicitBitVect object at 0x117c86110>,22
CC(Cc1ccc(Oc2cc(N3CCN(c4ccccc4)CC3)nc(N)n2)cc1)(Oc1ccccc1)C(=O)O,5.31,EC50,False,525.6090000000003,8,2,4.642500000000002,<rdkit.DataStructs.cDataStructs.ExplicitBitVect object at 0x117c86180>,39
CCO[C@@H](Cc1ccc(OCCN2CCC(C)(C)c3cc(/C(=N/OCC4CC4)c4ccccc4)ccc32)cc1)C(=O)O,8.12,EC50,True,570.7300000000004,6,1,6.464500000000007,<rdkit.DataStructs.cDataStructs.ExplicitBitVect object at 0x117c861f0>,42
C=CCO/N=C(\c1ccccc1)c1ccc2c(c1)C(C)(C)CCN2CCOc1ccc(C[C@H](OCC)C(=O)O)cc1,7.89,EC50,True,556.7030000000005,6,1,6.240500000000006,<rdkit.DataStructs.cDataStructs.ExplicitBitVect object at 0x117c86260>,41
Cc1c(C)n(Cc2ccc(-c3ccccc3C(=O)O)cc2)c2ccc(C(=O)NC3CCC3)cc12,5.25,EC50,False,452.55400000000026,3,2,5.953940000000006,<rdkit.DataStructs.cDataStructs.ExplicitBitVect object at 0x117c862d0>,34
CCCCC(Sc1nc(OCCc2ccc(OC(F)(F)F)cc2)cc(OCCc2ccc(OC(F)(F)F)cc2)n1)C(=O)O,4.99,EC50,False,634.5950000000003,8,1,7.252300000000006,<rdkit.DataStructs.cDataStructs.ExplicitBitVect object at 0x117c86340>,43
CC(/C=C(\O)c1ccccc1)=N\[C@@H](Cc1ccc(OCc2ccccc2)cc1)C(=O)O,6.64,EC50,True,415.48900000000015,4,2,5.321300000000004,<rdkit.DataStructs.cDataStructs.ExplicitBitVect object at 0x117c863b0>,31
COC1Oc2cc(O)c3c(c2C(=O)N1C(=O)NCc1ccco1)OC1=CC(O)=C(C(C)=O)C(=O)[C@]13C,6.25,EC50,True,496.4280000000003,10,3,2.1774000000000004,<rdkit.DataStructs.cDataStructs.ExplicitBitVect object at 0x117c86420>,36
CC(C)(C)OC(=O)NC(CSCc1ccc(-c2ccccc2)cc1)C(=O)O,5.41,EC50,False,387.50100000000003,4,2,4.564700000000003,<rdkit.DataStructs.cDataStructs.ExplicitBitVect object at 0x117c86490>,27
O=C(NCc1ccccc1C(F)(F)F)c1ccc2c(c1)[nH]c(=O)n2Cc1cccc(F)c1,6.92,EC50,True,443.4000000000001,3,2,4.465800000000003,<rdkit.DataStructs.cDataStructs.ExplicitBitVect object at 0x117c86500>,32
O=S(=O)(Nc1ccc(Oc2ccc3ccccc3c2)c(Cl)c1)c1ccc(Cl)cc1Cl,5.7,EC50,True,478.7840000000001,3,1,7.393100000000003,<rdkit.DataStructs.cDataStructs.ExplicitBitVect object at 0x117c86570>,30
Cc1ccc(NC(=O)CN(Cc2ccc(OC(C)(C)C(=O)O)cc2)Cc2ccco2)c(C)c1,6.1,EC50,True,450.5350000000002,5,2,4.779340000000004,<rdkit.DataStructs.cDataStructs.ExplicitBitVect object at 0x117c865e0>,33
Cc1cc(SCc2sc(-c3ccc(C(F)(F)F)cc3)nc2C)ccc1OCC(=O)O,5.39,EC50,False,453.5070000000002,5,1,6.201440000000006,<rdkit.DataStructs.cDataStructs.ExplicitBitVect object at 0x117c86650>,30
CCCCc1ccc2ccccc2c1CNC(=O)c1c(OC)cc(O)c2c1OC1=CC(O)=C(C(C)=O)C(=O)[C@]12C,7.23,EC50,True,541.6000000000003,7,3,5.344400000000005,<rdkit.DataStructs.cDataStructs.ExplicitBitVect object at 0x117c866c0>,40
CN(CCOc1ccc(CC2SC(=O)NC2=O)cc1)c1ccccn1,7.96,EC50,True,357.435,6,1,2.490900000000001,<rdkit.DataStructs.cDataStructs.ExplicitBitVect object at 0x117c86730>,25
CCc1cc(F)c2ccccc2c1CNC(=O)c1c(OC)cc(O)c2c1OC1=CC(O)=C(C(C)=O)C(=O)[C@]12C,7.92,EC50,True,531.5360000000003,7,3,4.703300000000003,<rdkit.DataStructs.cDataStructs.ExplicitBitVect object at 0x117c867a0>,39
Cc1cc(Oc2cccc(CNC(=O)c3[nH]c4ccc(Cl)cc4c3C)c2)ccc1CCC(=O)O,7.62,EC50,True,476.96000000000026,3,3,6.177640000000005,<rdkit.DataStructs.cDataStructs.ExplicitBitVect object at 0x117c86810>,34
Cc1oc(-c2ccccc2)nc1CCOc1ccc(C[C@]2(C(=O)O)CCCO2)nc1,7.58,EC50,True,408.45400000000024,6,1,3.8428200000000015,<rdkit.DataStructs.cDataStructs.ExplicitBitVect object at 0x117c86880>,30
CCO[C@@H](Cc1ccc(OC/C=C/c2cc(OC(=O)c3ccccc3)cc(OC(=O)c3ccccc3)c2)cc1)C(=O)O,6.72,EC50,True,566.6060000000003,7,1,6.249400000000006,<rdkit.DataStructs.cDataStructs.ExplicitBitVect object at 0x117c868f0>,42
CCO[C@@H](Cc1ccc(OC/C=C/c2cc(-c3ccccc3)cc(-c3ccccc3)c2)cc1)C(=O)O,6.7,EC50,True,478.58800000000014,3,1,7.145000000000007,<rdkit.DataStructs.cDataStructs.ExplicitBitVect object at 0x117c86960>,36
CC(C)CCOC(=O)C1C(c2ccccc2)C(C(=O)O)C1c1ccccc1,5.32,EC50,False,366.4570000000001,3,1,4.473900000000004,<rdkit.DataStructs.cDataStructs.ExplicitBitVect object at 0x117c869d0>,27
CCCCCCCCC[C@H]1C[C@@H](O)[C@H](O)/C=C/[C@H](O)CC(=O)O1,5.94,EC50,True,328.4490000000001,5,3,2.4716000000000005,<rdkit.DataStructs.cDataStructs.ExplicitBitVect object at 0x117c86a40>,23
CC(C)(C)c1ccc(-n2cnc3c(NC(=O)Cc4ccc(C(=O)O)cc4)cccc32)cc1,5.68,EC50,True,427.50400000000013,4,2,5.202400000000004,<rdkit.DataStructs.cDataStructs.ExplicitBitVect object at 0x117c86ab0>,32
CCOc1ccc(F)c(N2CC[C@@H](Oc3ccc(N4C[C@H](OCCCOC)C[C@@H]4CC(=O)O)cc3)[C@H](C)C2)c1,5.37,EC50,False,544.6640000000003,7,1,4.993300000000004,<rdkit.DataStructs.cDataStructs.ExplicitBitVect object at 0x117c86b20>,39
CCc1ccc(CCOc2ccc(CC3SC(=O)NC3=O)cc2)nc1,4.75,EC50,False,356.44700000000006,5,1,3.159600000000001,<rdkit.DataStructs.cDataStructs.ExplicitBitVect object at 0x117c86b90>,25
O=C(O)c1ccc(-c2nn(C(=O)c3c(Cl)cccc3C(F)(F)F)c3ccccc23)cc1,6.77,EC50,True,444.79600000000005,4,1,5.762200000000003,<rdkit.DataStructs.cDataStructs.ExplicitBitVect object at 0x117c86c00>,31
O=C(O)C(Cc1ccccc1)Oc1ccc(Cc2ccccc2)cc1,6.24,EC50,True,332.399,2,1,4.352100000000004,<rdkit.DataStructs.cDataStructs.ExplicitBitVect object at 0x117c86c70>,25
COc1cc(O)c2c(c1C(=O)NCc1cc(CCCC(=O)O)cc3ccccc13)OC1=CC(O)=C(C(C)=O)C(=O)[C@]12C,7.17,EC50,True,571.5820000000001,8,4,4.409100000000002,<rdkit.DataStructs.cDataStructs.ExplicitBitVect object at 0x117c86ce0>,42
O=C(O)CC1COc2cc(OCCCOc3ccccc3F)ccc21,5.57,EC50,True,346.354,4,1,3.6243000000000025,<rdkit.DataStructs.cDataStructs.ExplicitBitVect object at 0x117c86d50>,25
CCCCCCC(Sc1nc2ccc(NS(=O)(=O)c3ccc(Cl)cc3)cc2s1)C(=O)O,7.3,EC50,True,499.07900000000024,6,2,6.266200000000004,<rdkit.DataStructs.cDataStructs.ExplicitBitVect object at 0x117c86dc0>,31
CC(C)(C)N.Cc1oc(/C=C/CCC(C)C)nc1CCOc1ccc2c(c1)CN(C(=O)/C=C/c1ccco1)[C@H](C(=O)O)C2,7.16,EC50,True,591.7490000000003,7,2,6.441820000000007,<rdkit.DataStructs.cDataStructs.ExplicitBitVect object at 0x117c86e30>,43
C/C(=N\OCCOc1ccc(CC2SC(=O)NC2=O)cc1)c1ccc(-c2ccccc2)cc1,6.4,EC50,True,460.5550000000002,6,1,5.067300000000005,<rdkit.DataStructs.cDataStructs.ExplicitBitVect object at 0x117c86ea0>,33
CCCCCCN1C(=O)[C@@H](CCOc2ccccc2CC(=O)O)Oc2ccccc21,7.0,EC50,True,411.4980000000002,4,1,4.457100000000003,<rdkit.DataStructs.cDataStructs.ExplicitBitVect object at 0x117c86f10>,30
Cc1cc(CCOc2ccc(C[C@H](Nc3ccccc3C(=O)c3ccccc3)C(=O)O)cc2)nn1-c1ccccc1,7.74,EC50,True,545.6390000000002,6,2,6.1410200000000055,<rdkit.DataStructs.cDataStructs.ExplicitBitVect object at 0x117c86f80>,41
C=C[C@H](C#CC#C[C@@H](O)/C=C\CCCCCCC)O[C@]1(C)CC[C@@H](O)[C@]2(C)CC[C@@H](C(C)C)[C@@H](O)[C@H]21,5.7,EC50,True,498.7480000000003,4,3,5.804800000000007,<rdkit.DataStructs.cDataStructs.ExplicitBitVect object at 0x117c86ff0>,36
CCCc1cc(Oc2ccc(Cl)cc2)ccc1OCCCOc1ccc(C2SC(=O)NC2=O)cc1,7.1,EC50,True,512.0270000000004,6,1,6.956800000000006,<rdkit.DataStructs.cDataStructs.ExplicitBitVect object at 0x117c87060>,35
CCO[C@@H](Cc1ccc(OCC=C(c2ccc(C)cc2)c2ccc(C)cc2)cc1)C(=O)O,5.51,EC50,True,430.54400000000015,3,1,5.846340000000006,<rdkit.DataStructs.cDataStructs.ExplicitBitVect object at 0x117c870d0>,32
CCO[C@@H](Cc1ccc(OCCn2c3ccccc3c3cc(Br)ccc32)cc1)C(=O)O,6.48,EC50,True,482.37400000000014,4,1,5.668200000000005,<rdkit.DataStructs.cDataStructs.ExplicitBitVect object at 0x117c87140>,31
CCO[C@@H](Cc1ccc(OCCN(c2ccccc2)c2ccccc2)cc1)C(=O)O,5.48,EC50,False,405.4940000000001,4,1,4.935900000000004,<rdkit.DataStructs.cDataStructs.ExplicitBitVect object at 0x117c871b0>,30
O=C(O)C(Cc1cccc(F)c1)Oc1ccc(Cl)cc1F,5.62,EC50,True,312.699,2,1,3.6929000000000025,<rdkit.DataStructs.cDataStructs.ExplicitBitVect object at 0x117c87220>,21
CCO[C@@H](Cc1ccc(OC/C=C(/c2ccccc2)c2ccc(Br)cc2)cc1)C(=O)O,5.37,EC50,False,481.38600000000014,3,1,5.992000000000005,<rdkit.DataStructs.cDataStructs.ExplicitBitVect object at 0x117c87290>,31
O=C(O)Cc1ccc(COc2cccc(-c3c(Cc4ccccc4)cnc4c(C(F)(F)F)cccc34)c2)cc1,6.17,EC50,True,527.5420000000001,3,1,7.717500000000006,<rdkit.DataStructs.cDataStructs.ExplicitBitVect object at 0x117c87300>,39
O=C(O)[C@H](Cc1ccccc1)Oc1ccc(-c2ccccc2-c2ccccc2)cc1,5.85,EC50,True,394.4700000000001,2,1,6.095300000000005,<rdkit.DataStructs.cDataStructs.ExplicitBitVect object at 0x117c87370>,30
Cc1cc(O[C@@H](Cc2ccccc2)C(=O)O)ccc1-c1ccccc1,6.16,EC50,True,332.39900000000006,2,1,4.736720000000004,<rdkit.DataStructs.cDataStructs.ExplicitBitVect object at 0x117c873e0>,25
COc1ccc(-c2nc(CCOc3ccc(CC4(C(=O)O)CCCO4)cn3)c(C)o2)cc1,8.3,EC50,True,438.4800000000002,7,1,3.8514200000000027,<rdkit.DataStructs.cDataStructs.ExplicitBitVect object at 0x117c87450>,32
C/C(=C/C(=O)c1ccccc1)N[C@@H](Cc1ccc(OCCc2nc(-c3ccccc3)oc2C)cc1)C(=O)O,9.55,EC50,True,510.5900000000003,6,2,5.643520000000006,<rdkit.DataStructs.cDataStructs.ExplicitBitVect object at 0x117c874c0>,38
Cc1oc(-c2ccccc2)nc1CCOc1ccc(C[C@@H](Nc2ccccc2C(=O)C2CCCCC2)C(=O)O)cc1,6.43,EC50,True,552.6710000000004,6,2,7.142320000000006,<rdkit.DataStructs.cDataStructs.ExplicitBitVect object at 0x117c87530>,41
CCCOc1ccc(C[C@@H](Cc2ccccc2)C(=O)O)cc1CNC(=O)c1ccc(-c2ccccn2)cc1,6.73,EC50,True,508.6180000000002,4,2,5.953400000000005,<rdkit.DataStructs.cDataStructs.ExplicitBitVect object at 0x117c875a0>,38
Cc1oc(-c2ccccc2)nc1CCOc1ccc(CC(Nc2ccccc2C(=O)c2ccc(CN(C)C)cc2)C(=O)O)cc1,6.01,EC50,True,603.7190000000004,7,2,6.671920000000006,<rdkit.DataStructs.cDataStructs.ExplicitBitVect object at 0x117c87610>,45
CCCC(Cc1ccc(C(=O)NCc2ccccc2C(F)(F)F)cc1)C(=O)OCC,6.05,EC50,True,421.4590000000001,3,1,5.157300000000005,<rdkit.DataStructs.cDataStructs.ExplicitBitVect object at 0x117c87680>,30
CCC(Cc1ccc(C(=O)NCc2ccc(OC)cc2)cc1)C(=O)O,5.16,EC50,False,341.40700000000004,3,2,3.278500000000001,<rdkit.DataStructs.cDataStructs.ExplicitBitVect object at 0x117c876f0>,25
CCC(Cc1ccc(C(=O)NCc2ccc(F)cc2C(F)(F)F)cc1)C(=O)O,6.22,EC50,True,397.36800000000005,2,2,4.427800000000004,<rdkit.DataStructs.cDataStructs.ExplicitBitVect object at 0x117c87760>,28
CCCc1cc(C(=O)C2CCCCC2)ccc1OCCCOc1cccc(C2SC(=O)NC2=O)c1,6.96,EC50,True,495.6410000000002,6,1,6.274100000000006,<rdkit.DataStructs.cDataStructs.ExplicitBitVect object at 0x117c877d0>,35
NC(=O)C(Cc1ccc(OCCOc2ccc3c(c2)NCCC3)cc1)C(=O)O,5.54,EC50,True,384.43200000000013,5,3,2.2310999999999996,<rdkit.DataStructs.cDataStructs.ExplicitBitVect object at 0x117c87840>,28
CCOC(Cc1ccc(OCC/C=C2/c3ccccc3COc3ccccc32)cc1)C(=O)O,4.91,EC50,False,444.5270000000002,4,1,5.512000000000006,<rdkit.DataStructs.cDataStructs.ExplicitBitVect object at 0x117c878b0>,33
Cc1nc(-c2ccccc2)nn1CCOc1ccc(C[C@H](Nc2ccccc2C(=O)c2ccccc2)C(=O)O)cc1,7.91,EC50,True,546.6270000000002,7,2,5.671320000000005,<rdkit.DataStructs.cDataStructs.ExplicitBitVect object at 0x117c87920>,41
COC(=O)C(Cc1ccc(OCCOc2ccc3c(c2)CCCC3)cc1)C(=O)OC,5.82,EC50,True,412.48200000000026,6,0,3.5279000000000025,<rdkit.DataStructs.cDataStructs.ExplicitBitVect object at 0x117c87990>,30
COC(=O)C(Cc1ccc(OCCOc2ccc3c(c2)NCCC3)cc1)C(=O)O,5.42,EC50,False,399.44300000000015,6,2,2.918800000000001,<rdkit.DataStructs.cDataStructs.ExplicitBitVect object at 0x117c87a00>,29
Cc1oc(-c2ccccc2)nc1CCOc1ccc(C[C@@H](C(=O)O)n2cccc2)cc1,8.33,EC50,True,416.4770000000001,5,1,4.941420000000003,<rdkit.DataStructs.cDataStructs.ExplicitBitVect object at 0x117c87a70>,31
O=C(O)CCCc1cc2cc(Cl)ccc2n1S(=O)(=O)c1cccc2ccccc12,6.58,EC50,True,427.90900000000016,4,1,5.092200000000003,<rdkit.DataStructs.cDataStructs.ExplicitBitVect object at 0x117c87ae0>,29
C/C(=N/OCc1ccc(F)cc1)C(Cc1ccc(OCCc2nc(-c3ccccc3)oc2C)cc1)C(=O)O,8.3,EC50,True,516.5690000000003,6,1,6.246620000000005,<rdkit.DataStructs.cDataStructs.ExplicitBitVect object at 0x117c87b50>,38
CCCCO/N=C(\C)C(Cc1ccc(OCCc2nc(-c3ccccc3)oc2C)cc1)C(=O)O,9.72,EC50,True,464.5620000000001,6,1,5.707420000000005,<rdkit.DataStructs.cDataStructs.ExplicitBitVect object at 0x117c87bc0>,34
C/C(=N\OCC(C)C)C(Cc1ccc(OCCc2nc(-c3ccccc3)oc2C)cc1)C(=O)O,9.52,EC50,True,464.5620000000001,6,1,5.563320000000005,<rdkit.DataStructs.cDataStructs.ExplicitBitVect object at 0x117c87c30>,34
Cc1c(CCOc2ccc3c(c2)CC[C@H]3CC(=O)O)nc(-c2ccccc2)n1C,5.0,EC50,False,390.48300000000006,4,1,4.521520000000003,<rdkit.DataStructs.cDataStructs.ExplicitBitVect object at 0x117c87ca0>,29
Cc1oc(-c2cccc(C#N)c2)nc1CCOc1ccc2c(c1)CC[C@H]2CC(=O)O,7.14,EC50,True,402.45000000000016,5,1,4.647700000000004,<rdkit.DataStructs.cDataStructs.ExplicitBitVect object at 0x117c87d10>,30
CCc1ccc(-c2nc(CCOc3ccc4c(c3)CC[C@H]4CC(=O)O)c(C)o2)cc1,8.52,EC50,True,405.49400000000014,4,1,5.338420000000005,<rdkit.DataStructs.cDataStructs.ExplicitBitVect object at 0x117c87d80>,30
CCO[C@@H](Cc1ccc(OC/C=C/c2cc(OC)cc(OC)c2)cc1)C(=O)O,5.92,EC50,True,386.44400000000013,5,1,3.8282000000000025,<rdkit.DataStructs.cDataStructs.ExplicitBitVect object at 0x117c87df0>,28
Cc1oc(-c2ccc(Cl)cc2)nc1COc1ccc(F)c(CN(CC(=O)O)C(=O)OCC(C)C)c1,5.82,EC50,True,504.9420000000003,6,1,5.700720000000006,<rdkit.DataStructs.cDataStructs.ExplicitBitVect object at 0x117c87e60>,35
COC(=O)N(CC(=O)O)Cc1cc(OCc2nc(-c3ccc(C(F)(F)F)cc3)oc2C)ccc1F,5.69,EC50,True,496.4130000000001,6,1,5.039920000000004,<rdkit.DataStructs.cDataStructs.ExplicitBitVect object at 0x117c87ed0>,35
COc1ccc(C(=O)c2c(C)n(Cc3ccc(F)c(O[C@@H](C)C(=O)O)c3)c3nc(OC)ccc23)cc1,9.0,EC50,True,492.5030000000002,7,1,4.632220000000003,<rdkit.DataStructs.cDataStructs.ExplicitBitVect object at 0x117c87f40>,36
CN(CCOc1ccc(CC(Nc2ccncc2C(=O)c2ccccc2)C(=O)O)cc1)c1nc2ccccc2o1,5.03,EC50,False,536.5880000000002,8,2,5.076800000000004,<rdkit.DataStructs.cDataStructs.ExplicitBitVect object at 0x117c40040>,40
CCOC(=O)c1ccccc1NC(Cc1ccc(OCCc2nc(-c3ccccc3)oc2C)cc1)C(=O)O,9.04,EC50,True,514.5780000000003,7,2,5.556020000000005,<rdkit.DataStructs.cDataStructs.ExplicitBitVect object at 0x117c400b0>,38
CCCCCCCc1nc2ccccc2n1Cc1ccc(-c2ccccc2C(N)=O)cc1,6.08,EC50,True,425.5760000000002,3,1,6.363400000000007,<rdkit.DataStructs.cDataStructs.ExplicitBitVect object at 0x117c40120>,32
CCCCCCCc1nc2ccccc2n1Cc1ccc(-c2ccccc2C(=O)O)cc1,6.77,EC50,True,426.5600000000002,3,1,6.962700000000007,<rdkit.DataStructs.cDataStructs.ExplicitBitVect object at 0x117c40190>,32
COc1cccc(CNC(=O)N2C(=O)c3c(cc(O)c4c3OC3=CC(O)=C(C(C)=O)C(=O)[C@]34C)OC2OC)c1,5.42,EC50,False,536.4930000000004,10,3,2.593000000000001,<rdkit.DataStructs.cDataStructs.ExplicitBitVect object at 0x117c40200>,39
Cc1oc(-c2ccccc2)nc1CCOc1ccc(Cc2nn(-c3ccccc3)nc2C(=O)O)cc1,5.03,EC50,False,480.52400000000017,7,1,5.141220000000004,<rdkit.DataStructs.cDataStructs.ExplicitBitVect object at 0x117c40270>,36
Cc1oc(-c2ccccc2)nc1CCOc1cccc(CC2=C(C(=O)O)CCN(C(=O)OCC(C)C)C2)c1,5.41,EC50,False,518.6100000000005,6,1,5.693520000000005,<rdkit.DataStructs.cDataStructs.ExplicitBitVect object at 0x117c402e0>,38
CN(CCCc1ccc(C[C@@H](C(=O)O)n2cccc2)cc1)c1ccccn1,5.92,EC50,True,363.46100000000007,4,1,3.8205000000000027,<rdkit.DataStructs.cDataStructs.ExplicitBitVect object at 0x117c40350>,27
O=C(O)[C@H](Cc1ccccc1)Oc1ccc(Cl)cc1,5.1,EC50,False,276.719,2,1,3.4147000000000025,<rdkit.DataStructs.cDataStructs.ExplicitBitVect object at 0x117c403c0>,19
O=C(O)[C@H](Cc1ccc(Oc2ccccc2)cc1)Oc1ccc(Cl)cc1,6.06,EC50,True,368.81600000000014,3,1,5.207000000000003,<rdkit.DataStructs.cDataStructs.ExplicitBitVect object at 0x117c40430>,26
CN(CCOc1ccc(CC(Nc2sccc2C(=O)c2ccccc2)C(=O)O)cc1)c1nc2ccccc2o1,7.02,EC50,True,541.6290000000002,8,2,5.743300000000005,<rdkit.DataStructs.cDataStructs.ExplicitBitVect object at 0x117c404a0>,39
O=C(O)Cn1ccc2cc(OCCCOc3ccc4cc(C(=O)c5ccccc5)ccc4c3)ccc21,5.79,EC50,True,479.53200000000015,5,1,5.9580000000000055,<rdkit.DataStructs.cDataStructs.ExplicitBitVect object at 0x117c40510>,36
CCCc1c(OCCCOc2ccc3ccn(CC(=O)O)c3c2)ccc2cc(C(=O)c3ccccc3)ccc12,5.41,EC50,False,521.6130000000003,5,1,6.910500000000006,<rdkit.DataStructs.cDataStructs.ExplicitBitVect object at 0x117c40580>,39
Cc1oc(-c2ccccc2)nc1CCOc1cccc(Cc2nnn(-c3ccccc3)c2C(=O)O)c1,5.03,EC50,False,480.52400000000017,7,1,5.141220000000004,<rdkit.DataStructs.cDataStructs.ExplicitBitVect object at 0x117c405f0>,36
Cc1oc(-c2ccccc2)nc1CCOc1ccc(-c2nn(-c3ccccc3)nc2C(=O)O)cc1,5.13,EC50,False,466.4970000000001,7,1,5.217420000000005,<rdkit.DataStructs.cDataStructs.ExplicitBitVect object at 0x117c40660>,35
O=C(Nc1ccc(OCCc2ccsc2)cc1C(=O)[O-])c1ccc(Cl)cc1Cl.[Li+],6.1,EC50,True,442.2490000000002,5,1,1.2962,<rdkit.DataStructs.cDataStructs.ExplicitBitVect object at 0x117c406d0>,29
CSCCOc1ccc(NC(=O)c2ccc(Cl)cc2Cl)c(C(=O)[O-])c1.[Li+],6.22,EC50,True,406.2160000000002,5,1,0.35500000000000004,<rdkit.DataStructs.cDataStructs.ExplicitBitVect object at 0x117c40740>,26
COc1ccc(C(=O)c2c(C)n(Cc3cccc(O[C@H](C)C(=O)O)c3)c3ncccc23)cc1,5.53,EC50,True,444.48700000000014,6,1,4.484520000000003,<rdkit.DataStructs.cDataStructs.ExplicitBitVect object at 0x117c407b0>,33
Cc1oc(-c2ccccc2)nc1CCOc1ccc(C[C@@](C)(Oc2ccccc2)C(=O)O)cc1,6.42,EC50,True,457.5260000000002,5,1,5.736320000000005,<rdkit.DataStructs.cDataStructs.ExplicitBitVect object at 0x117c40820>,34
COc1ccc(CC(C)C(=O)O)cc1CNC(=O)c1ccc(C23CC4CC(CC(C4)C2)C3)cc1,6.55,EC50,True,461.6020000000003,3,2,5.356200000000005,<rdkit.DataStructs.cDataStructs.ExplicitBitVect object at 0x117c40890>,34
CCCc1cc(Oc2ccc(F)c(C)c2)ccc1OCCCOc1cccc(C2SC(=O)NC2=O)c1,6.97,EC50,True,509.5990000000003,6,1,6.750920000000005,<rdkit.DataStructs.cDataStructs.ExplicitBitVect object at 0x117c40900>,36
Cc1ccc(-c2nc(COc3ccc(C[C@H]4CO[C@@](C)(C(=O)O)OC4)cc3)c(C)o2)s1,7.7,EC50,True,443.5210000000002,7,1,4.605240000000004,<rdkit.DataStructs.cDataStructs.ExplicitBitVect object at 0x117c40970>,31
CC(C)(C)c1ccc(-n2c(C(=O)O)c(Oc3cccc(C(F)(F)F)c3)c3ccc(Cl)cc32)cc1,6.97,EC50,True,487.90500000000014,3,1,8.090700000000004,<rdkit.DataStructs.cDataStructs.ExplicitBitVect object at 0x117c409e0>,34
COC(=O)c1cc2ccc(OCCc3nc(-c4cccc(C)c4)oc3C)cc2oc1=O,9.0,EC50,True,419.43300000000016,7,0,4.472940000000005,<rdkit.DataStructs.cDataStructs.ExplicitBitVect object at 0x117c40a50>,31
COC(=O)C1Cc2ccc(OCCc3nc(-c4ccccc4)oc3C)cc2OC1=O,6.89,EC50,True,407.42200000000014,7,0,3.5222200000000026,<rdkit.DataStructs.cDataStructs.ExplicitBitVect object at 0x117c40ac0>,30
CN(CCOc1ccc(CC(Sc2ccccc2C(=O)c2ccccc2)C(=O)O)cc1)c1nc2ccccc2o1,5.86,EC50,True,552.6520000000003,7,1,6.362000000000005,<rdkit.DataStructs.cDataStructs.ExplicitBitVect object at 0x117c40b30>,40
CN(CCOc1ccc(CC(Sc2ccccc2C(=O)c2ccccc2)C(=O)O)cc1)c1nc2ccccc2o1,5.87,EC50,True,552.6520000000003,7,1,6.362000000000005,<rdkit.DataStructs.cDataStructs.ExplicitBitVect object at 0x117c40ba0>,40
CCCc1c(O[C@H](C(=O)O)c2ccc(C(C)C)cc2)c(Cl)cc2c1oc(=O)n2CC,6.44,EC50,True,431.9160000000002,5,1,5.548400000000004,<rdkit.DataStructs.cDataStructs.ExplicitBitVect object at 0x117c40c10>,30
CCCCCOc1nc2ccccc2cc1C(O)CC#CCCCC(=O)[O-].[Na+],6.21,EC50,True,391.4430000000003,5,1,0.15490000000000004,<rdkit.DataStructs.cDataStructs.ExplicitBitVect object at 0x117c40c80>,28
CCC(NC(=O)c1ccc2c(c1)cc(C)n2Cc1ccc(-c2ccccc2C(=O)O)cc1)c1ccccc1,7.77,EC50,True,502.61400000000015,3,2,7.244320000000007,<rdkit.DataStructs.cDataStructs.ExplicitBitVect object at 0x117c40cf0>,38
O=C(NCc1ccccc1)c1ccc(Br)c(C(=O)Nc2ccccc2)c1,6.26,EC50,True,409.2830000000001,2,2,4.631400000000003,<rdkit.DataStructs.cDataStructs.ExplicitBitVect object at 0x117c40d60>,26
Cc1cccc(CNC(=O)c2ccc(Cl)c(C(=O)Nc3ccccc3)c2)c1,5.52,EC50,True,378.85900000000004,2,2,4.830720000000003,<rdkit.DataStructs.cDataStructs.ExplicitBitVect object at 0x117c40dd0>,27
CCCCC(Sc1ccc(OCCCOc2cccc(OC)c2)cc1)C(=O)O,5.92,EC50,True,404.5280000000001,5,1,5.278600000000006,<rdkit.DataStructs.cDataStructs.ExplicitBitVect object at 0x117c40e40>,28
CCCCCCCN1C(=O)C(CCOc2ccccc2CC(=O)O)Oc2ccccc21,6.63,EC50,True,425.5250000000002,4,1,4.847200000000004,<rdkit.DataStructs.cDataStructs.ExplicitBitVect object at 0x117c40eb0>,31
CCCCC(Cc1ccc(OC)c(C(=O)NCc2ccc(C(F)(F)F)cc2)c1)C(=O)O,5.6,EC50,True,437.458,3,2,5.077500000000004,<rdkit.DataStructs.cDataStructs.ExplicitBitVect object at 0x117c40f20>,31
CSc1ccc(N2CC(=O)N(Cc3cc(C)c(OC(C)(C)C(=O)O)c(C)c3)C2=O)cc1,5.93,EC50,True,442.5370000000002,5,1,4.236140000000003,<rdkit.DataStructs.cDataStructs.ExplicitBitVect object at 0x117c40f90>,31
Cc1cc(N2CC(=O)N(Cc3cc(C)c(OC(C)(C)C(=O)O)c(C)c3)C2=O)ccc1OC(F)(F)F,6.13,EC50,True,494.4660000000002,5,1,4.7212600000000045,<rdkit.DataStructs.cDataStructs.ExplicitBitVect object at 0x117c41000>,35
CC1(C)CCC(C)(C)c2cc(OCCOc3ccc(CC(C(=O)O)C(=O)O)cc3)ccc21,5.69,EC50,True,440.5360000000002,4,2,4.8213000000000035,<rdkit.DataStructs.cDataStructs.ExplicitBitVect object at 0x117c41070>,32
CCCCC(Sc1nc(OCCc2ccc(C(F)(F)F)cc2)cc(OCCc2ccc(C(F)(F)F)cc2)n1)C(=O)O,4.96,EC50,False,602.5970000000002,6,1,7.492700000000007,<rdkit.DataStructs.cDataStructs.ExplicitBitVect object at 0x117c410e0>,41
CCc1nc2c(CC(C)C)cc(C)nc2n1[C@H]1CCc2cc(-c3ccccc3-c3nnn[nH]3)ccc21,6.78,EC50,True,477.61600000000016,6,1,5.8833200000000065,<rdkit.DataStructs.cDataStructs.ExplicitBitVect object at 0x117c41150>,36
COC(=O)N(CC(=O)O)Cc1cccc(OCc2coc(-c3ccc(F)c(Cl)c3)n2)c1,5.2,EC50,False,448.8340000000001,6,1,4.366100000000003,<rdkit.DataStructs.cDataStructs.ExplicitBitVect object at 0x117c411c0>,31
CC(C)OC(Cc1ccc(OCc2noc(-c3cc(C(F)(F)F)cc(C(F)(F)F)c3)n2)cc1)C(=O)O,7.5,EC50,True,518.4100000000001,6,1,5.773900000000004,<rdkit.DataStructs.cDataStructs.ExplicitBitVect object at 0x117c41230>,36
CCOC(=O)C1=C(c2ccccc2)c2ccc(OCCC34CC5CC(CC(C5)C3)C4)cc2/C1=[N+](/C)[O-],6.08,EC50,True,485.6240000000004,4,0,5.9797000000000065,<rdkit.DataStructs.cDataStructs.ExplicitBitVect object at 0x117c412a0>,36
CCOC(=O)C1=C(c2ccccc2)c2ccc(OC)cc2/C1=[N+](/C)[O-],6.52,EC50,True,337.3750000000001,4,0,3.003000000000002,<rdkit.DataStructs.cDataStructs.ExplicitBitVect object at 0x117c41310>,25
CCCc1c(OCCCOc2ccc(CC(=O)O)cc2)ccc2c(-c3ccccc3)noc12,6.71,EC50,True,445.51500000000016,5,1,5.922300000000005,<rdkit.DataStructs.cDataStructs.ExplicitBitVect object at 0x117c41380>,33
COc1ccc(CC2SC(=O)NC2=O)cc1C(=O)NCc1ccc(C(F)(F)F)cc1,7.08,EC50,True,438.4270000000001,5,2,3.538100000000002,<rdkit.DataStructs.cDataStructs.ExplicitBitVect object at 0x117c413f0>,30
COc1ccc(C(=O)c2c(C)n(Cc3ccc(Cl)c(O[C@@H](C)C(=O)O)c3)c3nc(OC)ccc23)cc1,9.0,EC50,True,508.95800000000025,7,1,5.146520000000004,<rdkit.DataStructs.cDataStructs.ExplicitBitVect object at 0x117c41460>,36
Cc1cc(SCCc2nc(-c3ccc(C(F)(F)F)cc3)ns2)ccc1OC(C)(C)C(=O)O,6.33,EC50,True,482.5490000000002,6,1,6.109120000000004,<rdkit.DataStructs.cDataStructs.ExplicitBitVect object at 0x117c414d0>,32
CCC(C)(C)c1cc(/C(C)=C(F)\C=C\C(C)=C\C(=O)O)c(OCC(F)F)c(C(C)(C)CC)c1,8.57,EC50,True,466.58400000000023,2,1,7.993300000000007,<rdkit.DataStructs.cDataStructs.ExplicitBitVect object at 0x117c41540>,33
CCC(Cc1ccc(OC)c(CNC(=O)c2cccc(-c3ccccc3)c2)c1)C(=O)O,6.15,EC50,True,417.5050000000001,3,2,4.945500000000004,<rdkit.DataStructs.cDataStructs.ExplicitBitVect object at 0x117c415b0>,31
O=C(Nc1ccc(-c2ccco2)cc1C(=O)[O-])c1ccc(Cl)cc1Cl.[Li+],6.0,EC50,True,382.128,4,1,0.8732,<rdkit.DataStructs.cDataStructs.ExplicitBitVect object at 0x117c41620>,26
O=C(Nc1ccc(OCc2cccs2)cc1C(=O)[O-])c1ccc(Cl)cc1Cl.[Li+],6.52,EC50,True,428.22200000000015,5,1,1.2537,<rdkit.DataStructs.cDataStructs.ExplicitBitVect object at 0x117c41690>,28
CC(/C=C/C(F)=C(/C)c1cc(C(C)(C)C)cc(C(C)(C)C)c1OCC(F)(F)F)=C\C(=O)O,7.91,EC50,True,456.52000000000015,2,1,7.510300000000006,<rdkit.DataStructs.cDataStructs.ExplicitBitVect object at 0x117c41700>,32
COC(=O)/C(=C\c1cc(OC)cc(OC)c1)c1ccc(Oc2ccc(CC3SC(=O)NC3=O)cc2)cc1,6.55,EC50,True,519.5750000000003,8,1,5.103800000000004,<rdkit.DataStructs.cDataStructs.ExplicitBitVect object at 0x117c41770>,37
Cc1cccc(-c2nc(COc3ccc(CC(OC(C)C)C(=O)O)cc3)no2)c1,7.3,EC50,True,396.4430000000001,6,1,4.0447200000000025,<rdkit.DataStructs.cDataStructs.ExplicitBitVect object at 0x117c417e0>,29
CC(C)OC(Cc1ccc(OCCc2noc(-c3ccc(Cl)cc3)n2)cc1)C(=O)O,7.6,EC50,True,430.8880000000001,6,1,4.4322000000000035,<rdkit.DataStructs.cDataStructs.ExplicitBitVect object at 0x117c41850>,30
CN(CCOc1ccc(C[C@H](Nc2ccccc2C(=O)c2ccccc2)C(=O)O)cc1)c1ccccn1,7.0,EC50,True,495.5790000000002,6,2,4.9356000000000035,<rdkit.DataStructs.cDataStructs.ExplicitBitVect object at 0x117c418c0>,37
Cc1cccc(-c2ccc(OC(Cc3ccccc3)C(=O)O)cc2)c1,6.34,EC50,True,332.39900000000006,2,1,4.7367200000000045,<rdkit.DataStructs.cDataStructs.ExplicitBitVect object at 0x117c41930>,25
Cc1oc(-c2ccccc2)nc1CCOc1ccc(C[C@@]2(C(=O)O)C=CC=CO2)cc1,8.33,EC50,True,417.4610000000001,5,1,4.737520000000003,<rdkit.DataStructs.cDataStructs.ExplicitBitVect object at 0x117c419a0>,31
CCO[C@@H](Cc1ccc(OC/C=C(\c2ccccc2)c2ccc(-c3ccccc3)cc2)cc1)C(=O)O,6.22,EC50,True,478.5880000000002,3,1,6.896500000000007,<rdkit.DataStructs.cDataStructs.ExplicitBitVect object at 0x117c41a10>,36
O=C1NC(=O)C(Cc2ccc(/N=N/c3ccc(Cl)cc3)cc2)S1,5.54,EC50,True,345.81100000000004,5,1,4.649500000000002,<rdkit.DataStructs.cDataStructs.ExplicitBitVect object at 0x117c41a80>,23
CCOC(Cc1ccc(OCCN2CC=C(c3cccc(Cl)c3Cl)CC2)cc1)C(=O)O,6.18,EC50,True,464.38900000000024,4,1,5.193700000000006,<rdkit.DataStructs.cDataStructs.ExplicitBitVect object at 0x117c41af0>,31
N[C@@H](Cc1cc(I)c(Oc2cc(I)c(O)c(I)c2)c(I)c1)C(=O)O,4.92,EC50,False,776.8720000000001,4,3,4.5573000000000015,<rdkit.DataStructs.cDataStructs.ExplicitBitVect object at 0x117c41b60>,24
O=C(O)CCCc1cc2cc(C(F)(F)F)ccc2n1S(=O)(=O)c1cccc(OC(F)(F)F)c1,6.7,EC50,True,495.39700000000016,5,1,5.203000000000002,<rdkit.DataStructs.cDataStructs.ExplicitBitVect object at 0x117c41bd0>,33
CCCc1cc(C(=O)CC)cc(C)c1OC(C(=O)O)c1ccc(C(C)C)cc1,6.71,EC50,True,382.50000000000006,3,1,5.868320000000006,<rdkit.DataStructs.cDataStructs.ExplicitBitVect object at 0x117c41c40>,28
CC1=C(CC(=O)O)c2cc(F)ccc2/C1=C\c1cccc(OCc2ccccc2)c1,6.03,EC50,True,400.4490000000001,2,1,6.207100000000005,<rdkit.DataStructs.cDataStructs.ExplicitBitVect object at 0x117c41cb0>,30
CO[C@@H](Cc1ccc(OCCCOc2ccc(-c3ccccc3)cc2)cc1)C(=O)O,6.81,EC50,True,406.478,4,1,4.843600000000004,<rdkit.DataStructs.cDataStructs.ExplicitBitVect object at 0x117c41d20>,30
Cc1c(Oc2cc(O[C@@H](C)C(=O)O)ccc2Cl)c2cc(OC(F)(F)F)ccc2n1-c1noc2cc(Cl)ccc12,8.52,EC50,True,581.3300000000002,7,1,7.929720000000003,<rdkit.DataStructs.cDataStructs.ExplicitBitVect object at 0x117c41d90>,39
Cc1oc(-c2ccccc2)nc1CCOc1cccc(CN(CC(=O)O)Cc2ccc3ccccc3c2)c1,5.86,EC50,True,506.60200000000026,5,1,6.511520000000005,<rdkit.DataStructs.cDataStructs.ExplicitBitVect object at 0x117c41e00>,38
Cc1oc(-c2ccccc2)nc1CCOc1cccc(CN(CCc2ccccc2)CC(=O)O)c1,6.97,EC50,True,470.56900000000024,5,1,5.400820000000004,<rdkit.DataStructs.cDataStructs.ExplicitBitVect object at 0x117c41e70>,35
CCCc1c(OCCCOc2ccc(CCCC(=O)O)cc2)ccc2c(-c3ccccc3)noc12,6.81,EC50,True,473.56900000000013,5,1,6.702500000000007,<rdkit.DataStructs.cDataStructs.ExplicitBitVect object at 0x117c41ee0>,35
CCCc1cc(OC2CCCCC2)ccc1OCCCOc1cccc(C2SC(=O)NC2=O)c1,7.41,EC50,True,483.63000000000017,6,1,6.222600000000006,<rdkit.DataStructs.cDataStructs.ExplicitBitVect object at 0x117c41f50>,34
CCCc1c(OCCCCOc2cccc(OCC(=O)O)c2)ccc2c(-c3ccccc3)noc12,7.06,EC50,True,475.54100000000017,6,1,6.148700000000005,<rdkit.DataStructs.cDataStructs.ExplicitBitVect object at 0x117c41fc0>,35
COc1cccc(-c2nc(CCOc3ccc(CC4(C(=O)O)CCCO4)cn3)c(C)o2)c1,8.7,EC50,True,438.48000000000025,7,1,3.851420000000002,<rdkit.DataStructs.cDataStructs.ExplicitBitVect object at 0x117c42030>,32
Cc1oc(-c2ccccc2)nc1CCOc1ccc(CC(Nc2ccccc2C(=O)c2cccc(CN(C)C)c2)C(=O)O)cc1,5.93,EC50,True,603.7190000000003,7,2,6.671920000000006,<rdkit.DataStructs.cDataStructs.ExplicitBitVect object at 0x117c420a0>,45
CC(Oc1ccc(Cc2ccc(OCc3coc(-c4ccccc4)n3)cc2)cc1)C(=O)O,6.54,EC50,True,429.47200000000004,5,1,5.363300000000006,<rdkit.DataStructs.cDataStructs.ExplicitBitVect object at 0x117c42110>,32
CN(CCOc1ccc(CC2SC(=O)NC2=O)cc1)c1ccccn1,7.4,EC50,True,357.435,6,1,2.490900000000001,<rdkit.DataStructs.cDataStructs.ExplicitBitVect object at 0x117c42180>,25
CC(C)OC(Cc1ccc(OCc2noc(-c3cc(C(F)(F)F)cc(C(F)(F)F)c3)n2)cc1)C(=O)O,7.5,EC50,True,518.4100000000001,6,1,5.773900000000004,<rdkit.DataStructs.cDataStructs.ExplicitBitVect object at 0x117c421f0>,36
O=C(O)[C@@H](Cc1ccccc1)Oc1ccc(CCc2ccccc2)cc1,5.8,EC50,True,346.426,2,1,4.546500000000004,<rdkit.DataStructs.cDataStructs.ExplicitBitVect object at 0x117c42260>,26
COCC#CCOc1cc(COc2ccc(C(F)(F)F)cc2)ccc1Sc1ccc(OCC(=O)O)c2c1CCCC2,6.21,EC50,True,586.6279999999998,6,1,6.806400000000005,<rdkit.DataStructs.cDataStructs.ExplicitBitVect object at 0x117c422d0>,41
CCC#CCOc1cc(COc2ccccc2C(F)(F)F)ccc1Sc1ccc(OCC(=O)O)c2c1CCCC2,5.35,EC50,False,570.6289999999999,5,1,7.570000000000006,<rdkit.DataStructs.cDataStructs.ExplicitBitVect object at 0x117c42340>,40
CCC#CCOc1cc(COc2ccc(Cl)cc2)ccc1Sc1ccc(OCC(=O)O)c2c1CCCC2,6.25,EC50,True,537.0770000000002,5,1,7.204600000000006,<rdkit.DataStructs.cDataStructs.ExplicitBitVect object at 0x117c423b0>,37
C/C(=C/C=C/C(C)=C/C(=O)O)c1cc(-c2ccccc2F)cc(C(C)C)c1OCC(F)F,9.4,EC50,True,444.49300000000017,2,1,7.250400000000005,<rdkit.DataStructs.cDataStructs.ExplicitBitVect object at 0x117c42420>,32
CCOC(=O)CN(Cc1ccc(OCCN2CCC(C)(C)c3cc(/C(=N/O)c4ccccc4)ccc32)cc1)C(=O)O,5.0,EC50,False,559.6630000000002,7,2,5.523000000000005,<rdkit.DataStructs.cDataStructs.ExplicitBitVect object at 0x117c42490>,41
Cc1ccc(-c2nc(COc3ccc(CC(OC(C)C)C(=O)O)cc3)no2)cc1,7.8,EC50,True,396.4430000000001,6,1,4.0447200000000025,<rdkit.DataStructs.cDataStructs.ExplicitBitVect object at 0x117c42500>,29
CCOc1c(/C(C)=C\C=C\C(C)=C\C(=O)O)cc(C(F)(F)C(F)(F)F)cc1C(C)C,7.0,EC50,True,432.42900000000003,2,1,6.8532000000000055,<rdkit.DataStructs.cDataStructs.ExplicitBitVect object at 0x117c42570>,30
CCOC(=O)CN1C(=O)S/C(=C\c2ccc(Cl)cc2)C1=O,5.1,EC50,False,325.7730000000001,5,0,2.939400000000001,<rdkit.DataStructs.cDataStructs.ExplicitBitVect object at 0x117c425e0>,21
CCOC(=O)CN1C(=O)S/C(=C\c2ccc(OCCBr)cc2)C1=O,4.96,EC50,False,414.27700000000016,6,0,3.059700000000001,<rdkit.DataStructs.cDataStructs.ExplicitBitVect object at 0x117c42650>,24
CC(C)(Oc1cccc(CCCN(C(=O)c2ccc(C(F)(F)F)c(C(F)(F)F)c2)c2cccc(-c3ncon3)c2C2CC2)c1)C(=O)O,6.5,EC50,True,661.5989999999999,6,1,8.173200000000007,<rdkit.DataStructs.cDataStructs.ExplicitBitVect object at 0x117c426c0>,47
Cc1oc(-c2ccccc2)nc1CCOc1ccc(C[C@@H]2C(=O)N(c3ccc(C(C)(C)C)cc3)[C@@H]2C(=O)O)cc1,8.4,EC50,True,538.6440000000003,5,1,6.227720000000006,<rdkit.DataStructs.cDataStructs.ExplicitBitVect object at 0x117c42730>,40
COC(=O)C(Cc1ccc(OCCOc2ccc3c(c2)CCCC3)cc1)C(N)=O,5.46,EC50,False,397.47100000000023,5,1,2.8402000000000003,<rdkit.DataStructs.cDataStructs.ExplicitBitVect object at 0x117c427a0>,29
CN(CCOc1ccc(CC2SC(=O)NC2=O)cc1)c1ccccn1,7.68,EC50,True,357.435,6,1,2.490900000000001,<rdkit.DataStructs.cDataStructs.ExplicitBitVect object at 0x117c42810>,25
Cc1oc(-c2ccccc2)nc1CCOc1cccc(Cc2cn(-c3ccccc3)cc2C(=O)O)c1,6.26,EC50,True,478.5480000000002,5,1,6.351220000000006,<rdkit.DataStructs.cDataStructs.ExplicitBitVect object at 0x117c42880>,36
Cc1oc(-c2ccccc2)nc1CCOc1ccc(Cc2c(C(=O)O)nnn2-c2ccccc2)cc1,4.87,EC50,False,480.52400000000017,7,1,5.141220000000004,<rdkit.DataStructs.cDataStructs.ExplicitBitVect object at 0x117c428f0>,36
CCOC(=O)C(Cc1ccc(OCCn2c(=O)sc3cc(C(=O)/C=C/c4cc(OC)cc(OC)c4)ccc32)cc1)OCC(F)(F)F,6.7,EC50,True,659.6790000000003,10,0,6.108400000000007,<rdkit.DataStructs.cDataStructs.ExplicitBitVect object at 0x117c42960>,46
Cc1oc(-c2ccccc2)nc1CCCc1ccc(CC(C(=O)O)c2ccsc2)cc1,6.4,EC50,True,431.5570000000001,4,1,6.297720000000004,<rdkit.DataStructs.cDataStructs.ExplicitBitVect object at 0x117c429d0>,31
C/C(=C/CC/C(C)=C/CC/C(C)=C/Cc1occc1C)C(=O)O,4.78,EC50,False,316.4410000000001,2,1,5.614420000000005,<rdkit.DataStructs.cDataStructs.ExplicitBitVect object at 0x117c42a40>,23
O=S(=O)(Nc1cc(Cl)c(Oc2cnc3ccccc3c2)c(Cl)c1)c1ccc2ccccc2c1,5.37,EC50,False,495.3870000000001,4,1,7.287900000000003,<rdkit.DataStructs.cDataStructs.ExplicitBitVect object at 0x117c42ab0>,33
O=C(O)[C@H](Cc1ccccc1)Oc1ccc(CCc2ccccc2)cc1,6.4,EC50,True,346.426,2,1,4.546500000000004,<rdkit.DataStructs.cDataStructs.ExplicitBitVect object at 0x117c42b20>,26
O=C(O)C(Cc1ccccc1)Oc1ccc(CCc2ccccc2)cc1,6.07,EC50,True,346.426,2,1,4.546500000000004,<rdkit.DataStructs.cDataStructs.ExplicitBitVect object at 0x117c42b90>,26
CCCc1c(SC)c2cc(NC(=O)C(CC)c3ccccc3)ccc2n1Cc1ccc(-c2ccccc2C(=O)O)cc1,8.52,EC50,True,576.7620000000003,4,2,8.861500000000005,<rdkit.DataStructs.cDataStructs.ExplicitBitVect object at 0x117c42c00>,42
O=C(Oc1ccc([N+](=O)[O-])cc1)c1cn(-c2ccccc2)nc1-c1ccccc1,5.64,EC50,True,385.3790000000001,6,0,4.666700000000003,<rdkit.DataStructs.cDataStructs.ExplicitBitVect object at 0x117c42c70>,29
CCN(CCOc1ccc(CC2SC(=O)NC2=O)cc1)c1nc2ccccc2s1,7.28,EC50,True,427.5510000000001,7,1,4.0957000000000034,<rdkit.DataStructs.cDataStructs.ExplicitBitVect object at 0x117c42ce0>,29
O=C(O)C[C@@H]1CCc2cc(OCCc3nc(-c4ccccc4)oc3CCc3ccccc3)ccc21,6.22,EC50,True,467.56500000000017,4,1,6.252800000000006,<rdkit.DataStructs.cDataStructs.ExplicitBitVect object at 0x117c42d50>,35
Cc1oc(-c2cccc(Cl)c2)nc1CCOc1ccc2c(c1)CC[C@H]2CC(=O)O,7.89,EC50,True,411.88500000000016,4,1,5.429420000000005,<rdkit.DataStructs.cDataStructs.ExplicitBitVect object at 0x117c42dc0>,29
Cc1oc(-c2cccc(F)c2)nc1CCOc1ccc2c(c1)CC[C@H]2CC(=O)O,7.89,EC50,True,395.4300000000002,4,1,4.9151200000000035,<rdkit.DataStructs.cDataStructs.ExplicitBitVect object at 0x117c42e30>,29
Cc1oc(-c2ccccc2)nc1CCOc1ccc2c(c1)C(C)(C)CC2CC(=O)O,5.19,EC50,False,405.4940000000002,4,1,5.5111200000000045,<rdkit.DataStructs.cDataStructs.ExplicitBitVect object at 0x117c42ea0>,30
CCOC(=O)C1=C(c2ccccc2)c2ccc(OCCN3CCN(C)CC3)cc2/C1=[N+](/C)[O-],7.52,EC50,True,449.55100000000033,6,0,2.6206000000000014,<rdkit.DataStructs.cDataStructs.ExplicitBitVect object at 0x117c42f10>,33
CCCOc1ccc(CC(CC)C(=O)O)cc1CNC(=O)c1ccc(C(F)(F)F)cc1,5.89,EC50,True,437.458,3,2,5.077500000000004,<rdkit.DataStructs.cDataStructs.ExplicitBitVect object at 0x117c42f80>,31
CCCCCCCCOc1ccc(C(=O)N[C@H](C(=O)O)C(C)C)cc1,5.93,EC50,True,349.4710000000001,3,2,4.2649000000000035,<rdkit.DataStructs.cDataStructs.ExplicitBitVect object at 0x117c42ff0>,25
CCc1cc(OCC[C@@H](C)Oc2ccc(C(F)(F)F)cc2-c2ccccn2)ccc1CCC(=O)O,6.96,EC50,True,487.5180000000002,4,1,6.583400000000006,<rdkit.DataStructs.cDataStructs.ExplicitBitVect object at 0x117c43060>,35
Cc1cc(Oc2cccc(CNC(=O)c3cc4ccc(Cl)cc4[nH]3)c2)ccc1CCC(=O)O,6.46,EC50,True,462.9330000000002,3,3,5.869220000000004,<rdkit.DataStructs.cDataStructs.ExplicitBitVect object at 0x117c430d0>,33
CCOC(Cc1ccc(OCCN2CC=C(c3cnccn3)CC2)cc1)C(=O)O,4.9,EC50,False,397.47500000000014,6,1,2.6769000000000007,<rdkit.DataStructs.cDataStructs.ExplicitBitVect object at 0x117c43140>,29
Cc1oc(-c2ccccc2)nc1CCOc1ccc(C[C@@H](C(=O)O)N2CCN(c3ccccc3)CC2)cc1,4.98,EC50,False,511.6220000000003,6,1,5.089420000000004,<rdkit.DataStructs.cDataStructs.ExplicitBitVect object at 0x117c431b0>,38
CN(CCOc1ccc(CC2SC(=O)NC2=O)cc1)c1ccccn1,7.46,EC50,True,357.435,6,1,2.490900000000001,<rdkit.DataStructs.cDataStructs.ExplicitBitVect object at 0x117c43220>,25
CCCCCCC(Sc1nc(Cl)cc(Nc2cccc(C)c2C)n1)C(=O)O,5.44,EC50,False,407.96700000000016,5,2,6.006140000000005,<rdkit.DataStructs.cDataStructs.ExplicitBitVect object at 0x117c43290>,27
Cc1ccc(Nc2cc(Cl)nc(SC(C(=O)O)c3cccc4ccccc34)n2)cc1C,5.11,EC50,False,449.96300000000014,5,2,6.561640000000005,<rdkit.DataStructs.cDataStructs.ExplicitBitVect object at 0x117c43300>,31
CC(C)c1ccc(Nc2cc(Cl)nc(SC(C(=O)O)c3cccc4ccccc34)n2)cc1,5.12,EC50,False,463.9900000000002,5,2,7.0682000000000045,<rdkit.DataStructs.cDataStructs.ExplicitBitVect object at 0x117c43370>,32
CCCCCCCN(CCc1ccc(SC(C)(C)C(=O)O)cc1)C(=O)Nc1ccc(F)cc1F,6.3,EC50,True,492.6320000000002,3,2,6.9671000000000065,<rdkit.DataStructs.cDataStructs.ExplicitBitVect object at 0x117c433e0>,34
CCC(Oc1ccc([Se]Cc2sc(-c3ccc(C(F)(F)F)c(F)c3)nc2C)cc1C)C(=O)O,6.57,EC50,True,546.4440000000002,4,1,5.356540000000004,<rdkit.DataStructs.cDataStructs.ExplicitBitVect object at 0x117c43450>,33
CCC(Cc1ccc(OC)c(CNC(=O)c2ccc(C34CC5CC(CC(C5)C3)C4)cc2)c1)C(=O)O,6.92,EC50,True,475.62900000000036,3,2,5.746300000000005,<rdkit.DataStructs.cDataStructs.ExplicitBitVect object at 0x117c434c0>,35
O=C(O)CC1=C/C(=C\c2cccc3cccnc23)c2ccc(F)cc21,5.82,EC50,True,331.34600000000006,2,1,4.786200000000003,<rdkit.DataStructs.cDataStructs.ExplicitBitVect object at 0x117c43530>,25
CC(C)COc1ccc(Cl)cc1-c1ccccc1-c1cccc(C(=O)[O-])n1.[Na+],5.4,EC50,False,403.8410000000002,4,0,1.4713000000000005,<rdkit.DataStructs.cDataStructs.ExplicitBitVect object at 0x117c435a0>,28
Cc1cccc(OCCCOc2ccc(SCC(=O)O)cc2)c1C,5.42,EC50,False,346.4480000000001,4,1,4.328040000000003,<rdkit.DataStructs.cDataStructs.ExplicitBitVect object at 0x117c43610>,24
C/C(=N\OCCCCO/N=C(/CCC(=O)O)c1ccccc1)c1ccc(S(C)(=O)=O)cc1,5.72,EC50,True,460.55200000000013,7,1,3.896600000000003,<rdkit.DataStructs.cDataStructs.ExplicitBitVect object at 0x117c43680>,32
COc1ccc(-c2nc(SCCCCOc3ccc(OCC(=O)O)cc3Cl)sc2-c2ccc(OC)cc2)cc1,5.59,EC50,True,586.1310000000002,8,1,7.5624000000000065,<rdkit.DataStructs.cDataStructs.ExplicitBitVect object at 0x117c436f0>,39
CCCc1cc(Oc2ccc(CC(C)C)cc2)ccc1OCCCOc1ccc(C2SC(=O)NC2=O)cc1,7.52,EC50,True,533.6900000000004,6,1,7.501900000000008,<rdkit.DataStructs.cDataStructs.ExplicitBitVect object at 0x117c43760>,38
CC(C)OC(Cc1ccc(OCc2noc(-c3ccc(Br)cc3)n2)cc1)C(=O)O,7.5,EC50,True,461.31200000000007,6,1,4.498800000000005,<rdkit.DataStructs.cDataStructs.ExplicitBitVect object at 0x117c437d0>,29
CS(=O)(=O)Cc1ccc(CNC(=O)c2ccc3c(ccn3S(=O)(=O)c3cccc(F)c3)c2)c(C(F)(F)F)c1,6.05,EC50,True,568.5700000000003,6,1,4.510800000000003,<rdkit.DataStructs.cDataStructs.ExplicitBitVect object at 0x117c43840>,38
Cc1oc(-c2ccccc2)nc1CCCc1ccc(C[C@@H](C(=O)O)n2nccn2)cc1,7.89,EC50,True,416.48100000000005,6,1,4.285220000000002,<rdkit.DataStructs.cDataStructs.ExplicitBitVect object at 0x117c438b0>,31
Cc1oc(-c2ccccc2)nc1CCOc1ccc(Cc2cn(C)cc2C(=O)O)cc1,5.8,EC50,True,416.47700000000015,5,1,4.899020000000004,<rdkit.DataStructs.cDataStructs.ExplicitBitVect object at 0x117c43920>,31
CCCc1nc2ccccc2n1Cc1ccc2c(c1)COc1cc(F)ccc1/C2=C(\C)c1noc(=O)[nH]1,8.13,EC50,True,496.54200000000026,6,1,5.723900000000005,<rdkit.DataStructs.cDataStructs.ExplicitBitVect object at 0x117c43990>,37
C/C(=C1/c2ccc(Cc3c(C4CC4)nc4cc(F)ccn34)cc2COc2cc(F)ccc21)c1noc(=O)[nH]1,7.89,EC50,True,512.5160000000002,6,1,5.6284000000000045,<rdkit.DataStructs.cDataStructs.ExplicitBitVect object at 0x117c43a00>,38
C/C(=C1/c2ccc(Cc3c(C4CC4)nc4c5c(ccn34)OCC5)cc2COc2cc(F)ccc21)c1noc(=O)[nH]1,7.64,EC50,True,536.5630000000003,7,1,5.424200000000006,<rdkit.DataStructs.cDataStructs.ExplicitBitVect object at 0x117c43a70>,40
O=S(=O)(Nc1cc(-c2cccs2)nn1-c1ccc(F)cc1)c1cc(C(F)(F)F)cc(C(F)(F)F)c1,9.11,EC50,True,535.4660000000001,5,1,6.578300000000003,<rdkit.DataStructs.cDataStructs.ExplicitBitVect object at 0x117c43ae0>,35
O=S(=O)(Nc1cc(-c2cccs2)nn1-c1ccc(F)cc1)c1cccc(F)c1,5.76,EC50,True,417.4620000000001,5,1,4.679800000000002,<rdkit.DataStructs.cDataStructs.ExplicitBitVect object at 0x117c43b50>,28
COc1ccc(N2CC(=O)N(Cc3cc(C)c(OC(C)(C)C(=O)O)c(C)c3)C2=O)cc1,5.47,EC50,False,426.4690000000002,5,1,3.522840000000002,<rdkit.DataStructs.cDataStructs.ExplicitBitVect object at 0x117c43bc0>,31
CCCc1c(OCCCOc2ccc(OCC(=O)O)cc2)ccc2c(-c3ccccc3)noc12,7.12,EC50,True,461.5140000000001,6,1,5.758600000000005,<rdkit.DataStructs.cDataStructs.ExplicitBitVect object at 0x117c43c30>,34
CCCc1nc2c(NS(C)(=O)=O)cccc2n1Cc1ccc2c(c1)COc1ccccc1/C2=C(\C)c1noc(=O)[nH]1,6.78,EC50,True,571.6590000000003,8,2,4.956300000000003,<rdkit.DataStructs.cDataStructs.ExplicitBitVect object at 0x117c43ca0>,41
CCCCCS(=O)(=O)NC(=O)/C=C/c1cc(C(C)C)nn1Cc1ccc(Cl)cc1Cl,8.09,EC50,True,472.4380000000002,5,1,5.011000000000005,<rdkit.DataStructs.cDataStructs.ExplicitBitVect object at 0x117c43d10>,30
CC(C)CCS(=O)(=O)NC(=O)/C=C/c1cc(OC(C)C)nn1Cc1ccc(C(F)(F)F)cc1Cl,8.08,EC50,True,521.9890000000003,6,1,4.896100000000004,<rdkit.DataStructs.cDataStructs.ExplicitBitVect object at 0x117c43d80>,34
CCCCCS(=O)(=O)NC(=O)CCc1cc(C(C)C)nn1Cc1ccc(Cl)cc1Cl,7.89,EC50,True,474.4540000000002,5,1,4.930400000000005,<rdkit.DataStructs.cDataStructs.ExplicitBitVect object at 0x117c43df0>,30
Cc1oc(-c2ccccc2)nc1CCOc1ccc(C[C@H](Nc2ncccn2)C(=O)O)cc1,6.23,EC50,True,444.4910000000001,7,2,4.169320000000002,<rdkit.DataStructs.cDataStructs.ExplicitBitVect object at 0x117c43e60>,33
CN(CCOc1ccc(CC2SC(=O)NC2=O)cc1)c1ccccn1,7.52,EC50,True,357.435,6,1,2.490900000000001,<rdkit.DataStructs.cDataStructs.ExplicitBitVect object at 0x117c43ed0>,25
Cc1c(C(=O)c2ccc(Cl)cc2)c2ccc(OC(F)(F)F)cc2n1Cc1cccc(O[C@H](C)C(=O)O)c1,8.3,EC50,True,531.9140000000002,5,1,6.632920000000006,<rdkit.DataStructs.cDataStructs.ExplicitBitVect object at 0x117c43f40>,37
COc1cc(O)c2c(c1C(=O)NCc1cc(CCC(=O)O)cc3ccccc13)OC1=CC(O)=C(C(C)=O)C(=O)[C@]12C,6.5,EC50,True,557.5550000000002,8,4,4.019000000000002,<rdkit.DataStructs.cDataStructs.ExplicitBitVect object at 0x117c20040>,41
CCCc1nc2ccccc2n1Cc1ccc(-c2ccccc2C(=O)O)cc1,5.72,EC50,True,370.45200000000006,3,1,5.402300000000006,<rdkit.DataStructs.cDataStructs.ExplicitBitVect object at 0x117c200b0>,28
COc1cc(C(=O)NS(=O)(=O)c2ccccc2C)ccc1Cc1cn(C)c2ccc(NC(=O)NC3CCCC3)cc12,5.6,EC50,True,574.7030000000001,6,3,5.268920000000005,<rdkit.DataStructs.cDataStructs.ExplicitBitVect object at 0x117c20120>,41
CO[C@@](C)(Cc1ccc(OCCc2nc(-c3ccccc3)oc2C)nc1)C(=O)O,6.96,EC50,True,396.4430000000001,6,1,3.6987200000000016,<rdkit.DataStructs.cDataStructs.ExplicitBitVect object at 0x117c20190>,29
CCCC(Cc1ccc(OCCc2nc(-c3ccccc3)oc2C)nc1)C(=O)O,6.34,EC50,True,394.4710000000001,5,1,4.709920000000004,<rdkit.DataStructs.cDataStructs.ExplicitBitVect object at 0x117c20200>,29
CC[C@]1(C(=O)O)CCc2ccc(OCCCOc3ccc(Oc4ccc(F)cc4)cc3Cl)cc2O1,6.77,EC50,True,500.9500000000001,5,1,6.677700000000006,<rdkit.DataStructs.cDataStructs.ExplicitBitVect object at 0x117c20270>,35
CCCc1cc(C(=O)CC)cc(Cl)c1O[C@H](C(=O)O)c1ccc(C(C)C)cc1,6.44,EC50,True,402.9180000000001,3,1,6.213300000000006,<rdkit.DataStructs.cDataStructs.ExplicitBitVect object at 0x117c202e0>,28
CSc1nc(NCc2ccncc2)c(C(=O)O)c(SCc2ccccc2)n1,5.57,EC50,True,398.51300000000015,7,2,4.196100000000002,<rdkit.DataStructs.cDataStructs.ExplicitBitVect object at 0x117c20350>,27
CCNC(=O)c1cc(NS(=O)(=O)c2ccc(OC)cc2)ccc1Oc1cncc(Cl)c1,5.7,EC50,True,461.92700000000013,6,2,4.086400000000002,<rdkit.DataStructs.cDataStructs.ExplicitBitVect object at 0x117c203c0>,31
NC(=O)c1cncc(Oc2c(Cl)cc(NS(=O)(=O)c3ccc(Cl)cc3Cl)cc2Cl)c1,6.7,EC50,True,507.18200000000024,5,2,5.387200000000002,<rdkit.DataStructs.cDataStructs.ExplicitBitVect object at 0x117c20430>,30
O=C(NCc1ccc(NC(=O)C(F)(F)F)cc1C(F)(F)F)c1ccc2c(ccn2Cc2cccc(F)c2)c1,5.88,EC50,True,537.4350000000002,3,2,6.278300000000004,<rdkit.DataStructs.cDataStructs.ExplicitBitVect object at 0x117c204a0>,38
C/C(=C1/c2ccc(Cn3c(C4CC4)nc4cscc43)cc2COc2cc(F)ccc21)c1noc(=O)[nH]1,8.52,EC50,True,500.55500000000023,7,1,5.710300000000005,<rdkit.DataStructs.cDataStructs.ExplicitBitVect object at 0x117c20510>,36
C/C(=C1/c2ccc(Cc3c(C4CC4)nc4ccc(Cl)cn34)cc2COc2cc(F)ccc21)c1noc(=O)[nH]1,8.7,EC50,True,528.9710000000002,6,1,6.142700000000005,<rdkit.DataStructs.cDataStructs.ExplicitBitVect object at 0x117c20580>,38
CCCOc1ccc(C[C@@H](Cc2ccccc2)C(=O)O)cc1CNC(=O)c1ccc(N2CCCCC2)cc1,7.28,EC50,True,514.6660000000004,4,2,5.881700000000005,<rdkit.DataStructs.cDataStructs.ExplicitBitVect object at 0x117c205f0>,38
C/C(=C1/c2ccc(Cc3c(C4CC4)nc4c5c(ccn34)OCC5)cc2COc2cc(F)ccc21)c1noc(=O)[nH]1,7.72,EC50,True,536.5630000000003,7,1,5.424200000000006,<rdkit.DataStructs.cDataStructs.ExplicitBitVect object at 0x117c20660>,40
CCCc1nc2ccc(-c3ccc(O)cc3)cc2n1Cc1ccc(-c2ccccc2C(=O)O)cc1,5.53,EC50,True,462.5490000000002,4,2,6.774900000000007,<rdkit.DataStructs.cDataStructs.ExplicitBitVect object at 0x117c206d0>,35
CCCc1nc2ccccc2n1Cc1ccc2c(c1)COc1ccc(F)cc1/C2=C(\C)c1noc(=O)[nH]1,8.15,EC50,True,496.54200000000026,6,1,5.723900000000005,<rdkit.DataStructs.cDataStructs.ExplicitBitVect object at 0x117c20740>,37
O=C(O)C(Cc1ccccc1)Oc1ccc(Oc2ccccc2)cc1,5.92,EC50,True,334.37100000000004,3,1,4.553600000000003,<rdkit.DataStructs.cDataStructs.ExplicitBitVect object at 0x117c207b0>,25
O=C(Nc1ccc(-c2cccc3cccnc23)cc1C(=O)[O-])c1ccc(Cl)cc1Cl.[Li+],6.52,EC50,True,443.2150000000002,4,1,1.8283999999999998,<rdkit.DataStructs.cDataStructs.ExplicitBitVect object at 0x117c20820>,31
C/C(=C/C=C/C(C)=C/C(=O)O)c1cc(-c2cccc(F)c2)cc(C(C)C)c1OCC(F)F,7.44,EC50,True,444.49300000000017,2,1,7.250400000000005,<rdkit.DataStructs.cDataStructs.ExplicitBitVect object at 0x117c20890>,32
C/C(=C/C=C/C(C)=C/C(=O)O)c1cc(-c2cccs2)cc(C(C)C)c1OCC(F)F,8.33,EC50,True,432.53200000000015,3,1,7.172800000000005,<rdkit.DataStructs.cDataStructs.ExplicitBitVect object at 0x117c20900>,30
CCCc1cc(Oc2ccc(Cl)cc2)ccc1OCCCOc1cccc(C2SC(=O)NC2=O)c1,6.78,EC50,True,512.0270000000004,6,1,6.956800000000006,<rdkit.DataStructs.cDataStructs.ExplicitBitVect object at 0x117c20970>,35
CCCc1cc2c(oc(=O)n2CCC)c(CCC)c1O[C@H](C(=O)O)c1ccc(C(C)C)cc1,6.92,EC50,True,453.5790000000001,5,1,6.237600000000007,<rdkit.DataStructs.cDataStructs.ExplicitBitVect object at 0x117c209e0>,33
CCO[C@@H](Cc1ccc(OC/C=C(/c2ccccc2)c2ccc(F)cc2)cc1)C(=O)O,5.4,EC50,False,420.48000000000013,3,1,5.368600000000005,<rdkit.DataStructs.cDataStructs.ExplicitBitVect object at 0x117c20a50>,31
COC(=O)C(Cc1ccc(OCCOc2ccc3c(c2)CCCC3)cc1)C(=O)O,6.16,EC50,True,398.4550000000002,5,1,3.4395000000000016,<rdkit.DataStructs.cDataStructs.ExplicitBitVect object at 0x117c20ac0>,29
CC(C)(C#N)CCCCN1C(=O)C(CCOc2ccccc2CC(=O)O)Oc2ccccc21,6.45,EC50,True,450.5350000000002,5,1,4.596880000000003,<rdkit.DataStructs.cDataStructs.ExplicitBitVect object at 0x117c20b30>,33
Cc1cc(C)c(NC(=O)N(CCc2ccc(SC(C)(C)C(=O)O)cc2)CCc2ccc(-c3ccccc3)cc2)cc1C,5.87,EC50,True,580.7940000000003,3,2,8.553460000000005,<rdkit.DataStructs.cDataStructs.ExplicitBitVect object at 0x117c20ba0>,42
O=C(O)C(Oc1ccc(Cl)cc1F)c1ccc(Cl)cc1,4.79,EC50,False,315.127,2,1,4.337200000000002,<rdkit.DataStructs.cDataStructs.ExplicitBitVect object at 0x117c20c10>,20
O=C(O)[C@H](Cc1ccccc1)Oc1ccc(Cl)cc1F,5.6,EC50,True,294.709,2,1,3.5538000000000025,<rdkit.DataStructs.cDataStructs.ExplicitBitVect object at 0x117c20c80>,20
CC(C)(Oc1ccc(CCN(C(=O)Nc2ccc(F)cc2F)C2CCCCCC2)cc1)C(=O)O,8.22,EC50,True,474.54800000000034,3,2,6.006200000000006,<rdkit.DataStructs.cDataStructs.ExplicitBitVect object at 0x117c20cf0>,34
O=C(O)[C@H](Cc1ccc(-c2cccs2)cc1)Oc1ccc(Cl)cc1,6.23,EC50,True,358.8460000000001,3,1,5.143200000000003,<rdkit.DataStructs.cDataStructs.ExplicitBitVect object at 0x117c20d60>,24
C[C@]1(C(=O)O)CCc2ccc(OCCCOc3ccc(OCC4CCC4)cc3Cl)cc2O1,6.16,EC50,True,460.95400000000024,5,1,5.535100000000006,<rdkit.DataStructs.cDataStructs.ExplicitBitVect object at 0x117c20dd0>,32
CCOC(=O)C1=C(c2ccsc2)c2ccc(OCCCc3ccccc3)cc2/C1=[N+](/C)[O-],6.72,EC50,True,447.55600000000027,5,0,5.067500000000006,<rdkit.DataStructs.cDataStructs.ExplicitBitVect object at 0x117c20e40>,32
Cc1oc(-c2ccc(-c3ccccc3)cc2)nc1CCOc1ccc(CCC(=O)O)c(CNC(=O)OC(C)C)c1,7.72,EC50,True,542.6320000000004,6,2,6.590320000000007,<rdkit.DataStructs.cDataStructs.ExplicitBitVect object at 0x117c20eb0>,40
CCCOC(=O)N1CCc2c(OCCc3nc(-c4ccc(-c5ccccc5)cc4)oc3C)ccc(CCC(=O)O)c2C1,8.52,EC50,True,568.6700000000002,6,1,6.8604200000000075,<rdkit.DataStructs.cDataStructs.ExplicitBitVect object at 0x117c20f20>,42
CCCCCCCN(CCc1ccc(O[C@@](C)(CC)C(=O)O)cc1)C(=O)Nc1ccc(F)cc1F,6.37,EC50,True,490.5910000000002,3,2,6.6439000000000075,<rdkit.DataStructs.cDataStructs.ExplicitBitVect object at 0x117c20f90>,35
CCC[C@@H](OCc1ccc(-c2ccc(Cl)cc2)cc1)C(=O)O,5.27,EC50,False,318.80000000000007,2,1,4.776900000000004,<rdkit.DataStructs.cDataStructs.ExplicitBitVect object at 0x117c21000>,22
CCC(Cc1ccc(OCCc2nc(-c3ccccc3)oc2C)nc1)C(=O)O,7.19,EC50,True,380.4440000000001,5,1,4.319820000000003,<rdkit.DataStructs.cDataStructs.ExplicitBitVect object at 0x117c21070>,28
O=C(O)Cc1ccc(CNc2cccc(-c3c(Cc4ccccc4)cnc4c(C(F)(F)F)cccc34)c2)cc1,6.5,EC50,True,526.5580000000001,3,2,7.750600000000005,<rdkit.DataStructs.cDataStructs.ExplicitBitVect object at 0x117c210e0>,39
C[C@]1(C(=O)O)CCc2ccc(OCCCOc3ccc(C4CCCCC4)cc3Cl)cc2O1,6.16,EC50,True,458.98200000000026,4,1,6.403900000000006,<rdkit.DataStructs.cDataStructs.ExplicitBitVect object at 0x117c21150>,32
CCCc1cc(C(=O)c2ccc(Cl)cc2)ccc1OCCCOc1cccc(C2SC(=O)NC2=O)c1,7.29,EC50,True,524.0380000000004,6,1,6.395500000000006,<rdkit.DataStructs.cDataStructs.ExplicitBitVect object at 0x117c211c0>,36
CCc1ccc(O[C@H](C)CCOc2ccc(CCC(=O)O)c(C)c2)c(C(=O)c2ccccc2)c1,8.4,EC50,True,460.57000000000016,4,1,6.042020000000006,<rdkit.DataStructs.cDataStructs.ExplicitBitVect object at 0x117c21230>,34
CCOc1cc(/C=C/COc2ccc(C[C@H](OCC)C(=O)O)cc2)cc(OCC)c1,6.7,EC50,True,414.49800000000016,5,1,4.608400000000004,<rdkit.DataStructs.cDataStructs.ExplicitBitVect object at 0x117c212a0>,30
CCO[C@@H](Cc1ccc(OC/C=C/c2cc(Br)cc(Br)c2)cc1)C(=O)O,5.39,EC50,False,484.1840000000001,3,1,5.336000000000005,<rdkit.DataStructs.cDataStructs.ExplicitBitVect object at 0x117c21310>,26
O=C(O)[C@H](Cc1ccc(-c2ccc(O[C@@H](Cc3ccccc3)C(=O)O)cc2)cc1)Oc1ccc(-c2ccccc2)cc1,5.01,EC50,False,558.6300000000002,4,2,7.170000000000007,<rdkit.DataStructs.cDataStructs.ExplicitBitVect object at 0x117c21380>,42
CCCc1cc(Oc2ccccc2)ccc1OCCCCOc1ccc2c(c1)OC(C(=O)O)CC2,5.8,EC50,True,476.5690000000003,5,1,6.447600000000007,<rdkit.DataStructs.cDataStructs.ExplicitBitVect object at 0x117c213f0>,35
Cc1c(C(=O)c2ccc(Cl)cc2)c2ccc(OC(F)(F)F)cc2n1Cc1cccc(O[C@H](C(=O)O)C(C)C)c1,7.68,EC50,True,559.9680000000002,5,1,7.269020000000006,<rdkit.DataStructs.cDataStructs.ExplicitBitVect object at 0x117c21460>,39
CCC[C@H](Oc1cccc(Cn2c(C)c(C(=O)c3ccc(Cl)cc3)c3ccc(OC(F)(F)F)cc32)c1)C(=O)O,9.0,EC50,True,559.9680000000002,5,1,7.413120000000006,<rdkit.DataStructs.cDataStructs.ExplicitBitVect object at 0x117c214d0>,39
CCc1ccc(-c2nc(CCOc3ccc4c(c3)CC[C@H]4CC(=O)O)c(C)n2C)cc1,6.46,EC50,True,418.53700000000015,4,1,5.083920000000004,<rdkit.DataStructs.cDataStructs.ExplicitBitVect object at 0x117c21540>,31
Cc1sc(-c2ccc(OC(F)(F)F)cc2)nc1CCOc1ccc2c(c1)CC[C@H]2CC(=O)O,8.7,EC50,True,477.50400000000036,5,1,6.143120000000004,<rdkit.DataStructs.cDataStructs.ExplicitBitVect object at 0x117c215b0>,33
Cc1cccc(-c2nc(CCOc3ccc4c(c3)CC[C@H]4CC(=O)O)c(C)o2)c1,7.19,EC50,True,391.46700000000016,4,1,5.084440000000004,<rdkit.DataStructs.cDataStructs.ExplicitBitVect object at 0x117c21620>,29
COC(C(=O)O)C1CCc2cc(OCCc3nc(-c4ccccc4)oc3C)ccc21,5.36,EC50,False,407.46600000000007,5,1,4.400920000000005,<rdkit.DataStructs.cDataStructs.ExplicitBitVect object at 0x117c21690>,30
CCOC(=O)C1=C(c2ccccc2)c2ccc(OCCc3ccccn3)cc2/C1=[N+](/C)[O-],7.52,EC50,True,428.48800000000017,5,0,4.010900000000002,<rdkit.DataStructs.cDataStructs.ExplicitBitVect object at 0x117c21700>,32
CCC(Oc1cccc(CN(CCCOc2ccc(C)cc2C)c2nc3ccccc3o2)c1)C(=O)O,6.89,EC50,True,488.5840000000002,6,1,6.162340000000007,<rdkit.DataStructs.cDataStructs.ExplicitBitVect object at 0x117c21770>,36
CC(C)OC(Cc1ccc(OCCc2noc(-c3ccc(Cl)cc3)n2)cc1)C(=O)O,7.6,EC50,True,430.8880000000001,6,1,4.4322000000000035,<rdkit.DataStructs.cDataStructs.ExplicitBitVect object at 0x117c217e0>,30
O=C(NCc1ccc(NS(=O)(=O)C(F)(F)F)cc1)c1ccc(-c2ccc(Cl)cc2)cc1,5.96,EC50,True,468.8840000000001,3,2,5.198500000000004,<rdkit.DataStructs.cDataStructs.ExplicitBitVect object at 0x117c21850>,31
COC(=O)c1cc2ccc(OCCc3nc(-c4cccc(C(F)(F)F)c4)oc3C)cc2oc1=O,6.38,EC50,True,473.40300000000013,7,0,5.183320000000004,<rdkit.DataStructs.cDataStructs.ExplicitBitVect object at 0x117c218c0>,34
CN(CCOc1ccc(CC2SC(=O)NC2=O)cc1)c1ccccn1,7.7,EC50,True,357.435,6,1,2.490900000000001,<rdkit.DataStructs.cDataStructs.ExplicitBitVect object at 0x117c21930>,25
COC(=O)C1Cc2ccc(OCCc3nc(-c4ccc(C)cc4)oc3C)cc2OC1=O,9.0,EC50,True,421.4490000000002,7,0,3.8306400000000025,<rdkit.DataStructs.cDataStructs.ExplicitBitVect object at 0x117c219a0>,31
COc1ccc(C(=O)c2cccn2C/C=C/c2cccc(CC(=O)O)c2)cc1,5.7,EC50,True,375.42400000000015,4,1,4.068200000000003,<rdkit.DataStructs.cDataStructs.ExplicitBitVect object at 0x117c21a10>,28
COc1ccc(C(=O)c2cccn2C/C=C/c2cccc(OCC(=O)O)c2)cc1,5.72,EC50,True,391.4230000000002,5,1,3.9045000000000023,<rdkit.DataStructs.cDataStructs.ExplicitBitVect object at 0x117c21a80>,29
CCOC(Cc1ccc(OCCN2CC=C(c3ccc(C(F)(F)F)cc3)CC2)cc1)C(=O)O,5.72,EC50,True,463.49600000000015,4,1,4.905700000000004,<rdkit.DataStructs.cDataStructs.ExplicitBitVect object at 0x117c21af0>,33
CCOC(Cc1ccc(OCCN2CC=C(c3ccc(F)cc3)CC2)cc1)C(=O)O,5.43,EC50,False,413.48900000000015,4,1,4.0260000000000025,<rdkit.DataStructs.cDataStructs.ExplicitBitVect object at 0x117c21b60>,30
CCCc1cc(Oc2ccc(OC)cc2)ccc1OCCCOc1ccc2c(c1)OC(CC)(C(=O)O)CC2,6.05,EC50,True,520.6220000000004,6,1,6.846300000000007,<rdkit.DataStructs.cDataStructs.ExplicitBitVect object at 0x117c21bd0>,38
COc1ccc(-c2nc(Sc3cccc(C(C)C(=O)O)c3)sc2-c2ccc(OC)cc2)cc1,5.64,EC50,True,477.6070000000002,6,1,6.833600000000006,<rdkit.DataStructs.cDataStructs.ExplicitBitVect object at 0x117c21c40>,33
CCCc1cc(C(=O)c2ccc3ccccc3c2)ccc1OCCCn1ccc2cc(OC(C)(C)C(=O)O)ccc21,6.43,EC50,True,549.6670000000004,5,1,7.689100000000009,<rdkit.DataStructs.cDataStructs.ExplicitBitVect object at 0x117c21cb0>,41
CCCc1c(OCCCn2ccc3cc(OC(C)(C)C(=O)O)ccc32)ccc2cc(C(=O)c3ccoc3)ccc12,6.37,EC50,True,539.6280000000003,6,1,7.282100000000007,<rdkit.DataStructs.cDataStructs.ExplicitBitVect object at 0x117c21d20>,40
C/C(=N\OCCCCO/N=C(/CCC(=O)O)c1ccccc1)c1ccc(F)cc1,5.85,EC50,True,400.45000000000005,5,1,4.632200000000004,<rdkit.DataStructs.cDataStructs.ExplicitBitVect object at 0x117c21d90>,29
CCO[C@@H](Cc1cccc(C2=NOC(CCc3ccccc3)C2)c1)C(=O)O,5.73,EC50,True,367.44500000000005,4,1,3.8446000000000025,<rdkit.DataStructs.cDataStructs.ExplicitBitVect object at 0x117c21e00>,27
COc1ccccc1S(=O)(=O)n1c(CCCC(=O)O)cc2cc(C(F)(F)F)ccc21,5.9,EC50,True,441.427,5,1,4.313000000000003,<rdkit.DataStructs.cDataStructs.ExplicitBitVect object at 0x117c21e70>,30
COC(c1ccc(OC(F)(F)F)cc1)C1CC1c1cc(C)c(OC(C)(C)C(=O)O)c(C)c1,7.8,EC50,True,452.4690000000003,4,1,5.935240000000006,<rdkit.DataStructs.cDataStructs.ExplicitBitVect object at 0x117c21ee0>,32
CCOC(c1ccc(OC(F)(F)F)cc1)C1CC1c1cc(C)c(OC(C)(C)C(=O)O)c(C)c1,7.41,EC50,True,466.49600000000027,4,1,6.325340000000007,<rdkit.DataStructs.cDataStructs.ExplicitBitVect object at 0x117c21f50>,33
CC#CCOc1cc(COc2ccc(C(F)(F)F)cc2)ccc1Sc1ccc(OCC(=O)O)c2c1CCCC2,6.16,EC50,True,556.602,5,1,7.179900000000006,<rdkit.DataStructs.cDataStructs.ExplicitBitVect object at 0x117c21fc0>,39
COCCC#CCOc1cc(COc2ccc(C(F)(F)F)cc2)ccc1Sc1ccc(OCC(=O)O)c2c1CCCC2,5.85,EC50,True,600.6549999999999,6,1,7.196500000000006,<rdkit.DataStructs.cDataStructs.ExplicitBitVect object at 0x117c22030>,42
Cc1ccc(-c2nc(CCOc3ccc(C[C@H]4CO[C@@](C)(C(=O)O)OC4)cc3)c(C)o2)s1,6.62,EC50,True,457.54800000000023,7,1,4.647740000000004,<rdkit.DataStructs.cDataStructs.ExplicitBitVect object at 0x117c220a0>,32
COC(Cc1ccc(OCCc2nc(-c3ccccc3)oc2C)c2ccsc12)C(=O)O,7.23,EC50,True,437.51700000000017,6,1,5.128320000000005,<rdkit.DataStructs.cDataStructs.ExplicitBitVect object at 0x117c22110>,31
CO[C@@H](Cc1ccc(OCCc2nc(-c3cc(C)cc(C)c3)oc2C)c2ccsc12)C(=O)O,7.96,EC50,True,465.5710000000002,6,1,5.745160000000006,<rdkit.DataStructs.cDataStructs.ExplicitBitVect object at 0x117c22180>,33
COc1ccc(OC(=O)N(CCCCCCc2nc(-c3ccc(C)cc3)oc2C)CC(=O)O)cc1,6.35,EC50,True,480.5610000000002,6,1,5.655540000000005,<rdkit.DataStructs.cDataStructs.ExplicitBitVect object at 0x117c221f0>,35
Cn1nc(-c2ccc(C(C)(C)C)cc2)cc1C(=O)NCc1ccc(OC(C)(C)C(=O)O)cc1,6.0,EC50,True,449.5510000000002,5,2,4.556600000000003,<rdkit.DataStructs.cDataStructs.ExplicitBitVect object at 0x117c22260>,33
Cc1cc(CNC(=O)c2cc(-c3ccc(C(C)C)cc3)nn2C)ccc1OC(C)(C)C(=O)O,7.3,EC50,True,449.5510000000002,5,2,4.690920000000003,<rdkit.DataStructs.cDataStructs.ExplicitBitVect object at 0x117c222d0>,33
CCOC(Cc1ccc2c(ccn2Cc2nc(-c3cccc(Cl)c3)oc2C)c1)C(=O)O,7.22,EC50,True,438.9110000000002,5,1,5.338620000000004,<rdkit.DataStructs.cDataStructs.ExplicitBitVect object at 0x117c22340>,31
CCOC(=O)C(CC)Cc1ccc(C(=O)NCc2ccccc2)cc1,4.8,EC50,False,339.435,3,1,3.748400000000003,<rdkit.DataStructs.cDataStructs.ExplicitBitVect object at 0x117c223b0>,25
CCOC(=O)C(CC)Cc1ccc(C(=O)NCc2ccc(OC)cc2C(F)(F)F)cc1,5.7,EC50,True,437.4580000000001,4,1,4.775800000000004,<rdkit.DataStructs.cDataStructs.ExplicitBitVect object at 0x117c22420>,31
O=C(O)CC1=C/C(=C\c2ccc(-c3ccccc3)cc2)c2ccc(F)cc21,7.0,EC50,True,356.3960000000001,1,1,5.905000000000004,<rdkit.DataStructs.cDataStructs.ExplicitBitVect object at 0x117c22490>,27
CSc1ccc(/C=C2\C=C(CC(=O)O)c3cc(F)ccc32)cc1,6.16,EC50,True,326.392,2,1,4.959900000000004,<rdkit.DataStructs.cDataStructs.ExplicitBitVect object at 0x117c22500>,23
COc1ccccc1-c1nc(CCOc2ccc(CC(OC)C(=O)O)c3sccc23)c(C)o1,5.79,EC50,True,467.5430000000002,7,1,5.136920000000004,<rdkit.DataStructs.cDataStructs.ExplicitBitVect object at 0x117c22570>,33
CCO[C@H](Cc1ccc(OCCc2nc(-c3ccccc3)oc2C)c2ccsc12)C(=O)O,6.1,EC50,True,451.54400000000015,6,1,5.518420000000004,<rdkit.DataStructs.cDataStructs.ExplicitBitVect object at 0x117c225e0>,32
CCc1oc(-c2ccc(C)cc2)nc1CCCC[C@H]1CO[C@@](C)(C(=O)O)OC1,5.0,EC50,False,387.47600000000017,5,1,4.389020000000003,<rdkit.DataStructs.cDataStructs.ExplicitBitVect object at 0x117c22650>,28
O=C(CCCCC1CCSS1)NCCOc1ccc(CC2SC(=O)NC2=O)cc1,5.0,EC50,False,454.6390000000002,7,2,3.7898000000000023,<rdkit.DataStructs.cDataStructs.ExplicitBitVect object at 0x117c226c0>,29
CN(CCOc1ccc(CC2SC(=O)NC2=O)cc1)C(=O)CCCCC(S)CCSC(=O)CCC(=O)[O-].[Na+],7.7,EC50,True,592.7370000000003,10,2,-0.5392999999999966,<rdkit.DataStructs.cDataStructs.ExplicitBitVect object at 0x117c22730>,38
CCO[C@@H](Cc1cccc(/C(C)=N/OCc2ccc(I)cc2)c1)C(=O)O,7.4,EC50,True,467.30300000000005,4,1,4.264200000000003,<rdkit.DataStructs.cDataStructs.ExplicitBitVect object at 0x117c227a0>,26
CCCCC(Cc1ccc(OCCc2ccccc2)c(OCCc2ccccc2)c1)C(=O)O,5.66,EC50,True,446.5870000000002,3,1,6.363100000000006,<rdkit.DataStructs.cDataStructs.ExplicitBitVect object at 0x117c22810>,33
CC[C@@H](NC(=O)c1ccc2c(c1)ncn2Cc1ccc(Cl)cc1)c1ccccc1,8.5,EC50,True,403.91300000000007,3,1,5.619100000000005,<rdkit.DataStructs.cDataStructs.ExplicitBitVect object at 0x117c22880>,29
CCO[C@@H](Cc1ccc(OC/C=C/c2ccccc2)cc1)C(=O)O,5.1,EC50,False,326.39200000000005,3,1,3.8110000000000017,<rdkit.DataStructs.cDataStructs.ExplicitBitVect object at 0x117c228f0>,24
CCCCC(Sc1cc(OCCc2ccccc2)cc(OCCc2ccccc2)c1)C(=O)O,5.47,EC50,False,464.62700000000024,4,1,6.665100000000007,<rdkit.DataStructs.cDataStructs.ExplicitBitVect object at 0x117c22960>,33
Cc1cc(Oc2cccc(CNC(=O)c3ccccc3C)c2)ccc1OC(C)(C)C(=O)O,6.9,EC50,True,433.5040000000002,4,2,5.267740000000004,<rdkit.DataStructs.cDataStructs.ExplicitBitVect object at 0x117c229d0>,32
Cc1cc(Oc2cccc(CNC(=O)c3ccc(C(F)(F)F)cc3C(F)(F)F)c2)ccc1OC(C)(C)C(=O)O,5.98,EC50,True,555.4710000000002,4,2,6.996920000000006,<rdkit.DataStructs.cDataStructs.ExplicitBitVect object at 0x117c22a40>,39
Cc1oc(-c2ccc(-c3ccccc3)cc2)nc1CCOc1ccc(CCC(=O)O)c(CNC(=O)Oc2cnccn2)c1,8.7,EC50,True,578.6250000000003,8,2,6.034320000000007,<rdkit.DataStructs.cDataStructs.ExplicitBitVect object at 0x117c22ab0>,43
CCOc1c(/C(C)=C\C=C\C(C)=C\C(=O)O)cc(C(F)(F)C(F)(F)F)cc1C(C)C,9.15,EC50,True,432.42900000000003,2,1,6.8532000000000055,<rdkit.DataStructs.cDataStructs.ExplicitBitVect object at 0x117c22b20>,30
Cc1cc(OCc2nc(-c3ccc(N4CCOCC4)nc3)c(-c3ccc(OC(F)(F)F)cc3)o2)ccc1OCC(=O)O,5.6,EC50,True,585.5350000000001,9,1,5.489620000000006,<rdkit.DataStructs.cDataStructs.ExplicitBitVect object at 0x117c22b90>,42
CCCOc1cc(F)c(CC(CC)C(=O)O)cc1CNC(=O)c1ccc(C23CC4CC(CC(C4)C2)C3)cc1F,7.46,EC50,True,539.6630000000005,3,2,6.8047000000000075,<rdkit.DataStructs.cDataStructs.ExplicitBitVect object at 0x117c22c00>,39
CCCOc1cc(F)c(CC(CC)C(=O)O)cc1CNC(=O)c1ccc(C23CC4CC(CC(C4)C2)C3)cc1,7.82,EC50,True,521.6730000000005,3,2,6.6656000000000075,<rdkit.DataStructs.cDataStructs.ExplicitBitVect object at 0x117c22c70>,38
Cc1cc(Sc2cc(C#CCN3CCOCC3)nc(C#Cc3ccc(C(F)(F)F)cc3)c2)ccc1OCC(=O)O,5.26,EC50,False,566.6010000000001,6,1,5.106920000000006,<rdkit.DataStructs.cDataStructs.ExplicitBitVect object at 0x117c22ce0>,40
Cc1oc(-c2ccccc2)nc1COc1ccc(CO/N=C(\CCC(=O)O)c2ccccc2)cc1,8.4,EC50,True,470.5250000000002,6,1,6.014720000000005,<rdkit.DataStructs.cDataStructs.ExplicitBitVect object at 0x117c22d50>,35
CCn1nc(C(=O)NCc2ccc(OC(C)(C)C(=O)O)c(OC)c2)cc1-c1ccc(C(C)(C)C)cc1,6.72,EC50,True,493.60400000000027,6,2,5.048100000000004,<rdkit.DataStructs.cDataStructs.ExplicitBitVect object at 0x117c22dc0>,36
COC(=O)c1cc2ccc(OCCc3nc(-c4ccc(C)cc4)oc3C)cc2oc1=O,9.0,EC50,True,419.43300000000016,7,0,4.472940000000004,<rdkit.DataStructs.cDataStructs.ExplicitBitVect object at 0x117c22e30>,31
COC(=O)c1cc2ccc(OCCc3nc(-c4ccc(F)cc4)oc3C)cc2oc1=O,5.79,EC50,True,423.39600000000013,7,0,4.303620000000004,<rdkit.DataStructs.cDataStructs.ExplicitBitVect object at 0x117c22ea0>,31
CCC(Cc1ccc(OC)c(C(=O)NCc2ccc(-c3ccccc3)cc2)c1)C(=O)O,5.4,EC50,False,417.5050000000001,3,2,4.945500000000004,<rdkit.DataStructs.cDataStructs.ExplicitBitVect object at 0x117c22f10>,31
CC(F)(F)CCCCCN1C(=O)C(CCOc2ccccc2CC(=O)O)Oc2ccccc21,6.27,EC50,True,461.50500000000017,4,1,5.092400000000005,<rdkit.DataStructs.cDataStructs.ExplicitBitVect object at 0x117c22f80>,33
CCO[C@@H](Cc1ccc(OC/C=C/C#Cc2ccc(C#C/C=C/COc3ccc(C[C@H](OCC)C(=O)O)cc3)cc2)cc1)C(=O)O,6.96,EC50,True,622.7140000000005,6,2,5.724400000000005,<rdkit.DataStructs.cDataStructs.ExplicitBitVect object at 0x117c22ff0>,46
CCCc1cc(Oc2ccccc2)ccc1OCCCOc1ccc2c(c1)CCC(C)(C(=O)O)O2,5.17,EC50,False,476.5690000000003,5,1,6.447600000000007,<rdkit.DataStructs.cDataStructs.ExplicitBitVect object at 0x117c23060>,35
Cc1oc(-c2ccccc2)nc1CC#Cc1ccc(C[C@@H](C(=O)O)n2cccc2)cc1,6.76,EC50,True,410.47300000000007,4,1,4.914120000000003,<rdkit.DataStructs.cDataStructs.ExplicitBitVect object at 0x117c230d0>,31
Cc1sc(N2CCN(C)CC2)nc1CCOc1ccc(C[C@H](Nc2ccccc2C(=O)c2ccccc2)C(=O)O)cc1,8.89,EC50,True,584.7420000000003,8,2,5.163620000000004,<rdkit.DataStructs.cDataStructs.ExplicitBitVect object at 0x117c23140>,42
CC(C)c1ccc(COc2ccc(C[C@H](Nc3ccccc3C(=O)c3ccccc3)C(=O)O)cc2)cc1,6.03,EC50,True,493.6030000000002,4,2,6.727800000000007,<rdkit.DataStructs.cDataStructs.ExplicitBitVect object at 0x117c231b0>,37
CCCCc1nc(C)c(Cc2nc(Cc3cccc(F)c3)no2)c(=O)n1Cc1ccc(-c2ccccc2-c2noc(=O)[nH]2)cc1,5.86,EC50,True,606.6580000000002,9,1,5.6566200000000055,<rdkit.DataStructs.cDataStructs.ExplicitBitVect object at 0x117c23220>,45
Cc1sc(-c2ccccc2)nc1CCOc1ccc(C[C@H](Nc2ccccc2C(=O)c2ccccc2)C(=O)O)cc1,8.67,EC50,True,562.6910000000003,6,2,7.078820000000007,<rdkit.DataStructs.cDataStructs.ExplicitBitVect object at 0x117c23290>,41
CCO[C@@H](CC(=O)O)c1ccc(OCc2ccc(C(F)(F)F)cc2)cc1,4.98,EC50,False,368.351,3,1,4.836700000000004,<rdkit.DataStructs.cDataStructs.ExplicitBitVect object at 0x117c23300>,26
Cc1oc(-c2cccc(Br)c2)nc1CNCc1ccc(OC(C)(C)C(=O)O)cc1,5.11,EC50,False,459.3400000000002,5,2,4.944320000000003,<rdkit.DataStructs.cDataStructs.ExplicitBitVect object at 0x117c23370>,29
CC(C)c1ccc(NC(=O)N(CCc2ccc(SC(C)(C)C(=O)O)cc2)CCc2ccc(-c3ccccc3)cc2)cc1,5.85,EC50,True,580.7940000000003,3,2,8.751600000000003,<rdkit.DataStructs.cDataStructs.ExplicitBitVect object at 0x117c233e0>,42
O=C(NCc1ccccc1Cn1cccc1C(=O)O)Nc1ccc(OC(F)(F)F)cc1,5.7,EC50,True,433.386,4,3,4.454900000000003,<rdkit.DataStructs.cDataStructs.ExplicitBitVect object at 0x117c23450>,31
CCO[C@@H](Cc1ccc(OC/C=C(\c2ccccc2)c2ccc(F)cc2)cc1)C(=O)O,5.07,EC50,False,420.48000000000013,3,1,5.368600000000005,<rdkit.DataStructs.cDataStructs.ExplicitBitVect object at 0x117c234c0>,31
CCc1cc(F)c2ccccc2c1CNC(=O)c1c(OC)cc(O)c2c1OC1=CC(O)=C(C(C)=O)C(=O)[C@]12C,9.03,EC50,True,531.5360000000003,7,3,4.703300000000003,<rdkit.DataStructs.cDataStructs.ExplicitBitVect object at 0x117c23530>,39
CCC[C@H](Oc1ccc2ccccc2c1)C(=O)O,5.14,EC50,False,244.29,2,1,3.4719000000000015,<rdkit.DataStructs.cDataStructs.ExplicitBitVect object at 0x117c235a0>,18
CC(C)Oc1cc(CCC(=O)NS(=O)(=O)C2CCCCC2)n(Cc2ccc(Cl)cc2Cl)n1,6.82,EC50,True,502.46400000000034,6,1,4.736700000000004,<rdkit.DataStructs.cDataStructs.ExplicitBitVect object at 0x117c23610>,32
CCCCCS(=O)(=O)NC(=O)CCc1cc(OC(C)C)nn1Cc1ccc(Cl)cc1Cl,7.8,EC50,True,490.4530000000002,6,1,4.594200000000003,<rdkit.DataStructs.cDataStructs.ExplicitBitVect object at 0x117c23680>,31
CCC#CCOc1cc(COc2ccc(C(F)(F)F)cn2)ccc1Sc1ccc(OCC(=O)O)c2c1CCCC2,6.31,EC50,True,571.617,6,1,6.965000000000006,<rdkit.DataStructs.cDataStructs.ExplicitBitVect object at 0x117c236f0>,40
CCC#CCOc1cc(COc2ccc(Cl)cc2C)ccc1Sc1ccc(OCC(=O)O)c2c1CCCC2,6.21,EC50,True,551.1040000000002,5,1,7.513020000000006,<rdkit.DataStructs.cDataStructs.ExplicitBitVect object at 0x117c23760>,38
C#CCOc1cc(COc2ccc(C(F)(F)F)cc2)ccc1Sc1ccc(OCC(=O)O)c(C)c1C,5.52,EC50,True,516.5370000000003,5,1,6.527840000000005,<rdkit.DataStructs.cDataStructs.ExplicitBitVect object at 0x117c237d0>,36
COc1cncc(Oc2ccc3nc(COc4cccc(C(=O)O)c4)n(C)c3c2)c1,6.64,EC50,True,405.41000000000014,7,1,4.046400000000002,<rdkit.DataStructs.cDataStructs.ExplicitBitVect object at 0x117c23840>,30
Cn1c(COc2cccc(C(=O)O)c2)nc2ccc(Oc3ccnc(Cl)c3)cc21,5.23,EC50,False,409.8290000000001,6,1,4.691200000000003,<rdkit.DataStructs.cDataStructs.ExplicitBitVect object at 0x117c238b0>,29
Cc1ccc(Oc2cc(OC(C)C)c3nc(COc4cccc(C(=O)O)c4)n(C)c3c2)c(C)n1,7.51,EC50,True,461.5180000000002,7,1,5.441840000000005,<rdkit.DataStructs.cDataStructs.ExplicitBitVect object at 0x117c23920>,34
Cc1ccc(Oc2ccc3nc(COc4cccc(C(=O)O)c4)n(C)c3c2C)c(C)n1,6.61,EC50,True,417.4650000000002,6,1,4.963060000000004,<rdkit.DataStructs.cDataStructs.ExplicitBitVect object at 0x117c23990>,31
CCOc1cc(Oc2ncc(C)cc2C)cc2c1nc(COc1cccc(C(=O)O)c1)n2C,7.24,EC50,True,447.4910000000002,7,1,5.053340000000005,<rdkit.DataStructs.cDataStructs.ExplicitBitVect object at 0x117c23a00>,33
CCCc1c(OCCCn2ccc3cc(OC(C)(C)C(=O)O)ccc32)ccc2cc(C(=O)c3ccc(OC)cc3)ccc12,6.29,EC50,True,579.6930000000002,6,1,7.697700000000007,<rdkit.DataStructs.cDataStructs.ExplicitBitVect object at 0x117c23a70>,43
CC(F)(F)CCCCN1C(=O)C(CCOc2ccccc2CC(=O)O)Oc2ccccc21,6.75,EC50,True,447.4780000000002,4,1,4.702300000000004,<rdkit.DataStructs.cDataStructs.ExplicitBitVect object at 0x117c23ae0>,32
CC[C@@H](Cc1ccc(OC)c(CNC(=O)c2ccc(Oc3ccc(Cl)cc3)cc2)c1)C(=O)O,6.08,EC50,True,467.9490000000002,4,2,5.724200000000006,<rdkit.DataStructs.cDataStructs.ExplicitBitVect object at 0x117c23b50>,33
O=C(Nc1ccc(Oc2ccc([N+](=O)[O-])cn2)cc1C(=O)[O-])c1ccc(Cl)cc1Cl.[Li+],6.4,EC50,True,454.1510000000001,7,1,0.7086999999999997,<rdkit.DataStructs.cDataStructs.ExplicitBitVect object at 0x117c23bc0>,31
CCO[C@@H](Cc1cccc(/C(C)=N/OCc2ccc(Cl)cc2)c1)C(=O)O,7.55,EC50,True,375.8520000000001,4,1,4.313000000000003,<rdkit.DataStructs.cDataStructs.ExplicitBitVect object at 0x117c23c30>,26
CCO[C@H](Cc1cccc(-c2cc(-c3ccccc3)on2)c1)C(=O)O,4.43,EC50,False,337.37500000000006,4,1,4.040800000000003,<rdkit.DataStructs.cDataStructs.ExplicitBitVect object at 0x117c23ca0>,25
CCCCCS(=O)(=O)NC(=O)CCc1cc(OCCCC)nn1Cc1ccc(Cl)cc1Cl,8.12,EC50,True,504.48000000000036,6,1,4.985900000000004,<rdkit.DataStructs.cDataStructs.ExplicitBitVect object at 0x117c23d10>,32
CCCCCS(=O)(=O)NC(=O)CCc1cc(C(C)C)nn1Cc1ccc(C(F)(F)F)cc1Cl,8.08,EC50,True,508.0060000000002,5,1,5.295800000000005,<rdkit.DataStructs.cDataStructs.ExplicitBitVect object at 0x117c23d80>,33
O=C(O)c1c(Sc2ccccc2)c2cc(Cl)ccc2n1Cc1ccc(Cl)cc1,7.26,EC50,True,428.34000000000015,3,1,6.845800000000003,<rdkit.DataStructs.cDataStructs.ExplicitBitVect object at 0x117c23df0>,28
CC(C)(Oc1ccc(CCOc2nc3ccccc3s2)cc1)C(=O)O,4.41,EC50,False,357.43100000000004,5,1,4.159800000000004,<rdkit.DataStructs.cDataStructs.ExplicitBitVect object at 0x117c23e60>,25
CC(C)(Oc1ccc(CCOc2ccc(Oc3ccccc3)cc2)cc1)C(=O)O,5.16,EC50,False,392.4510000000001,4,1,5.342400000000005,<rdkit.DataStructs.cDataStructs.ExplicitBitVect object at 0x117c23ed0>,29
CC(C)(Oc1ccc(CCOc2ccc(C(=O)c3ccccc3)cc2)cc1)C(=O)O,4.26,EC50,False,404.46200000000005,4,1,4.781100000000005,<rdkit.DataStructs.cDataStructs.ExplicitBitVect object at 0x117c23f40>,30
CC[C@]1(C(=O)O)CCc2ccc(OCCCOc3ccc(Oc4ccc(F)cc4)cc3Cl)cc2O1,6.7,EC50,True,500.9500000000001,5,1,6.677700000000006,<rdkit.DataStructs.cDataStructs.ExplicitBitVect object at 0x126cec040>,35
CCCc1cc(Oc2ccccc2)ccc1OCCCOc1ccc2c(c1)OC(CC)(C(=O)O)CC2,6.0,EC50,True,490.59600000000034,5,1,6.837700000000007,<rdkit.DataStructs.cDataStructs.ExplicitBitVect object at 0x126cec0b0>,36
C/C(=N\OCCOc1ccc(CC2SC(=O)NC2=O)cc1)c1ccc(-c2ccccc2)nc1,6.72,EC50,True,461.5430000000002,7,1,4.4623000000000035,<rdkit.DataStructs.cDataStructs.ExplicitBitVect object at 0x126cec120>,33
O=C(O)Cc1ccc(-c2noc(C3CC3)c2C(=O)NCCOc2ccc(Cl)cc2Cl)c(Cl)c1,5.49,EC50,False,509.77300000000025,5,2,5.6151000000000035,<rdkit.DataStructs.cDataStructs.ExplicitBitVect object at 0x126cec190>,33
CCCCOc1ccc(CC(CC)C(=O)O)cc1CNC(=O)c1ccc(C(F)(F)F)cc1F,5.85,EC50,True,469.4750000000001,3,2,5.606700000000005,<rdkit.DataStructs.cDataStructs.ExplicitBitVect object at 0x126cec200>,33
CCCCC(Sc1nc(OCCC2CCCCC2)cc(OCCC2CCCCC2)n1)C(=O)O,5.18,EC50,False,478.69900000000035,6,1,6.910500000000007,<rdkit.DataStructs.cDataStructs.ExplicitBitVect object at 0x126cec270>,33
CC[C@@H](NC(=O)c1ccc2c(c1)ncn2Cc1ccc(F)cc1F)c1ccccc1,8.8,EC50,True,405.44800000000004,3,1,5.2439000000000044,<rdkit.DataStructs.cDataStructs.ExplicitBitVect object at 0x126cec2e0>,30
C/C(=C1/c2ccc(Cn3c(C4CC4)nc4c(Cl)ccnc43)cc2COc2cc(F)ccc21)c1noc(=O)[nH]1,7.5,EC50,True,529.9590000000002,7,1,5.697200000000004,<rdkit.DataStructs.cDataStructs.ExplicitBitVect object at 0x126cec350>,38
CCC(Cc1ccc(OC)c(CNC(=O)c2ccc(OC(F)(F)F)cc2)c1)C(=O)O,5.36,EC50,False,425.4030000000001,4,2,4.177100000000003,<rdkit.DataStructs.cDataStructs.ExplicitBitVect object at 0x126cec3c0>,30
COc1cc(CNC(=O)c2c(OC)cc(O)c3c2OC2=CC(O)=C(C(C)=O)C(=O)[C@]23C)c2ccccc2c1,7.03,EC50,True,515.5180000000004,8,3,4.010400000000002,<rdkit.DataStructs.cDataStructs.ExplicitBitVect object at 0x126cec430>,38
CCCCCCC(Sc1nc2ccc(NC(=O)c3ccc(C(C)(C)C)cc3)cc2s1)C(=O)O,5.37,EC50,False,484.68700000000024,5,2,7.361800000000006,<rdkit.DataStructs.cDataStructs.ExplicitBitVect object at 0x126cec4a0>,33
CCCCCCC(Sc1nc2ccc(NCc3ccc(-c4ccccc4)cc3)cc2s1)C(=O)O,6.11,EC50,True,490.6940000000002,5,2,8.091100000000008,<rdkit.DataStructs.cDataStructs.ExplicitBitVect object at 0x126cec510>,34
COC(=O)c1cccc(OCc2nc3ccc(Oc4ccccc4)nc3n2C)c1.Cl.Cl,4.91,EC50,False,462.333,7,0,4.969800000000005,<rdkit.DataStructs.cDataStructs.ExplicitBitVect object at 0x126cec580>,31
CCc1nc2ccn(CC3CCCCC3)c(=O)c2n1[C@H]1CCc2cc(-c3ccccc3-c3nnn[nH]3)ccc21,6.03,EC50,True,519.6530000000001,7,1,5.723400000000005,<rdkit.DataStructs.cDataStructs.ExplicitBitVect object at 0x126cec5f0>,39
COc1ccc(Oc2ccc3nc(COc4cccc(C(=O)O)c4)n(C)c3c2)cc1,6.51,EC50,True,404.42200000000014,6,1,4.651400000000003,<rdkit.DataStructs.cDataStructs.ExplicitBitVect object at 0x126cec660>,30
Cc1oc(-c2ccccc2)nc1CCOc1ccc(C[C@@H]2CN(C(=O)Oc3ccccc3)C[C@@H]2C(=O)O)cc1,7.52,EC50,True,526.5890000000003,6,1,5.6456200000000045,<rdkit.DataStructs.cDataStructs.ExplicitBitVect object at 0x126cec6d0>,39
CCO[C@@H](Cc1ccc(OC/C=C(/c2ccccc2)c2ccc(Br)cc2)cc1)C(=O)O,5.37,EC50,False,481.38600000000014,3,1,5.992000000000005,<rdkit.DataStructs.cDataStructs.ExplicitBitVect object at 0x126cec740>,31
CCO[C@@H](Cc1ccc(OC/C=C(\c2ccccc2)c2ccc(Br)cc2)cc1)C(=O)O,5.82,EC50,True,481.38600000000014,3,1,5.992000000000005,<rdkit.DataStructs.cDataStructs.ExplicitBitVect object at 0x126cec7b0>,31
CCO[C@@H](Cc1ccc(OC/C=C(/c2ccccc2)c2ccc(-c3ccccc3)cc2)cc1)C(=O)O,5.77,EC50,True,478.5880000000002,3,1,6.896500000000007,<rdkit.DataStructs.cDataStructs.ExplicitBitVect object at 0x126cec820>,36
CCO[C@@H](Cc1ccc(OCCn2c3ccc(Br)cc3c3cc(Br)ccc32)cc1)C(=O)O,7.36,EC50,True,561.2700000000002,4,1,6.430700000000005,<rdkit.DataStructs.cDataStructs.ExplicitBitVect object at 0x126cec890>,32
CN(CCOc1ccc(CC2SC(=O)NC2=O)cc1)c1ccccn1,7.4,EC50,True,357.435,6,1,2.490900000000001,<rdkit.DataStructs.cDataStructs.ExplicitBitVect object at 0x126cec900>,25
O=C(O)C(Cc1ccccc1)Oc1cccc(F)c1,4.39,EC50,False,260.264,2,1,2.900400000000001,<rdkit.DataStructs.cDataStructs.ExplicitBitVect object at 0x126cec970>,19
O=C(O)[C@H](Cc1ccccc1)Oc1ccc(Cl)cc1,5.02,EC50,False,276.719,2,1,3.4147000000000025,<rdkit.DataStructs.cDataStructs.ExplicitBitVect object at 0x126cec9e0>,19
O=C(O)Cc1cc(Br)c(Oc2cc(I)c(O)c(I)c2)c(I)c1,6.52,EC50,True,700.8299999999999,3,2,5.387900000000002,<rdkit.DataStructs.cDataStructs.ExplicitBitVect object at 0x126ceca50>,22
CC(C)N(CCOc1ccc(CC2SC(=O)NC2=O)cc1)c1nc2ccccc2s1,6.28,EC50,True,441.57800000000015,7,1,4.484200000000004,<rdkit.DataStructs.cDataStructs.ExplicitBitVect object at 0x126cecac0>,30
O=C(O)CCCc1cc2cc(Cl)ccc2n1S(=O)(=O)c1ccc2ccccc2c1,7.46,EC50,True,427.90900000000016,4,1,5.092200000000004,<rdkit.DataStructs.cDataStructs.ExplicitBitVect object at 0x126cecb30>,29
CC(C)(C)c1ccc(C(=O)Nc2ccccc2C(=O)Nc2ccc(Br)c(C(=O)O)c2)cc1,5.2,EC50,False,495.3730000000001,3,3,5.949400000000004,<rdkit.DataStructs.cDataStructs.ExplicitBitVect object at 0x126cecba0>,32
CCCCCCS(=O)(=O)NC(=O)CCc1cc(OC(C)C)nn1Cc1ccc(Cl)cc1Cl,7.68,EC50,True,504.48000000000025,6,1,4.984300000000005,<rdkit.DataStructs.cDataStructs.ExplicitBitVect object at 0x126cecc10>,32
C/C(=C\C(=O)c1ccccc1)NC(Cc1ccc(OCCCOc2ccc(/C=C/c3ccccc3)cc2)cc1)C(=O)O,7.33,EC50,True,561.6780000000003,5,2,7.076900000000008,<rdkit.DataStructs.cDataStructs.ExplicitBitVect object at 0x126cecc80>,42
O=C(O)c1ccc(NC(=O)c2ccccc2NC(=O)c2ccc3ccccc3c2)cc1,4.68,EC50,False,410.42900000000014,3,3,5.042600000000003,<rdkit.DataStructs.cDataStructs.ExplicitBitVect object at 0x126ceccf0>,31
O=C(O)[C@H](Cc1ccccc1)Oc1ccc(-c2ccc(C[C@@H](Oc3ccc(-c4ccccc4)cc3)C(=O)O)cc2)cc1,4.6,EC50,False,558.6300000000003,4,2,7.170000000000007,<rdkit.DataStructs.cDataStructs.ExplicitBitVect object at 0x126cecd60>,42
O=C(O)[C@H](Cc1ccc(-c2ccccc2)cc1)Oc1ccc(-c2ccccc2)cc1,5.54,EC50,True,394.4700000000001,2,1,6.095300000000005,<rdkit.DataStructs.cDataStructs.ExplicitBitVect object at 0x126cecdd0>,30
COc1cc(CN(Cc2ccco2)Cc2nc(-c3ccccc3)oc2C)ccc1OC(C)(C)C(=O)O,6.75,EC50,True,490.55600000000027,7,1,5.696020000000006,<rdkit.DataStructs.cDataStructs.ExplicitBitVect object at 0x126cece40>,36
Cc1oc(-c2ccccc2)nc1CN(Cc1ccco1)Cc1ccc(OC(C)(C)C(=O)O)cc1Cl,6.05,EC50,True,494.97500000000025,6,1,6.340820000000004,<rdkit.DataStructs.cDataStructs.ExplicitBitVect object at 0x126ceceb0>,35
CCCc1nc2c(Br)cccc2n1Cc1ccc(-c2ccccc2C(=O)O)cc1,5.08,EC50,False,449.3480000000002,3,1,6.164800000000005,<rdkit.DataStructs.cDataStructs.ExplicitBitVect object at 0x126cecf20>,29
COc1ccc2c(-n3c(=O)n(Cc4cc([C@@]5(C)OC(=O)NC5=O)ccc4Cl)c4ccccc43)noc2c1,8.7,EC50,True,518.9130000000001,9,1,4.125300000000003,<rdkit.DataStructs.cDataStructs.ExplicitBitVect object at 0x126cecf90>,37
CCOc1cc(N2C(=O)c3ccccc3C2=O)ccc1CCc1ccc(C[C@@H](CC)C(=O)O)cc1,5.16,EC50,False,471.55300000000034,4,1,5.324400000000004,<rdkit.DataStructs.cDataStructs.ExplicitBitVect object at 0x126ced000>,35
CCCc1c(OCCCn2ccc3cc(OC(C)(C)C(=O)O)ccc32)ccc2cc(C(C)=O)ccc12,5.97,EC50,True,487.59600000000023,5,1,6.6607000000000065,<rdkit.DataStructs.cDataStructs.ExplicitBitVect object at 0x126ced070>,36
Cc1oc(-c2ccccc2)nc1CCCC[C@H]1CO[C@](C)(C(=O)O)OC1,4.52,EC50,False,359.4220000000001,5,1,3.826620000000001,<rdkit.DataStructs.cDataStructs.ExplicitBitVect object at 0x126ced0e0>,26
Cc1oc(-c2ccccc2)nc1Cc1ccc(C[C@H]2CO[C@@](C)(C(=O)O)OC2)cc1,5.52,EC50,True,407.4660000000002,5,1,4.2471200000000024,<rdkit.DataStructs.cDataStructs.ExplicitBitVect object at 0x126ced150>,30
CCC(Cc1ccc(CCc2ccc(N3C(=O)c4ccccc4C3=O)cc2OC)cc1)C(=O)O,5.07,EC50,False,457.5260000000002,4,1,4.934300000000005,<rdkit.DataStructs.cDataStructs.ExplicitBitVect object at 0x126ced1c0>,34
Cc1oc(-c2cccc(Cl)c2)nc1CCOc1cccc(C[C@@H]2C(=O)N(c3ccc(C(C)(C)C)cc3)[C@@H]2C(=O)O)c1,7.0,EC50,True,573.0890000000003,5,1,6.881120000000008,<rdkit.DataStructs.cDataStructs.ExplicitBitVect object at 0x126ced230>,41
Cc1oc(-c2ccccc2)nc1CCOc1cccc(CC2C(=O)N(c3ccc(Cl)cc3)C2C(=O)O)c1,6.89,EC50,True,516.9810000000002,5,1,5.583620000000004,<rdkit.DataStructs.cDataStructs.ExplicitBitVect object at 0x126ced2a0>,37
CCC(Cc1cc(CNC(=O)c2ccc(C(F)(F)F)cc2)c(OC)cc1F)C(=O)O,5.96,EC50,True,427.3940000000001,3,2,4.436400000000003,<rdkit.DataStructs.cDataStructs.ExplicitBitVect object at 0x126ced310>,30
CC1=C(CC(=O)O)c2cc(F)ccc2/C1=C\c1cccc(Br)c1,5.34,EC50,False,373.221,1,1,5.390600000000003,<rdkit.DataStructs.cDataStructs.ExplicitBitVect object at 0x126ced380>,23
COc1cccc(/C=C2/C(C)=C(CC(=O)O)c3cc(F)ccc32)c1,5.28,EC50,False,324.351,2,1,4.636700000000004,<rdkit.DataStructs.cDataStructs.ExplicitBitVect object at 0x126ced3f0>,24
CC1=C(CC(=O)O)c2cc(F)ccc2/C1=C\c1cccc(C)c1,4.92,EC50,False,308.35200000000003,1,1,4.936520000000003,<rdkit.DataStructs.cDataStructs.ExplicitBitVect object at 0x126ced460>,23
Cc1cc(Oc2cccc(CNC(=O)c3cc4cc(Cl)ccc4n3C)c2)ccc1CCC(=O)O,6.87,EC50,True,476.9600000000002,4,2,5.8796200000000045,<rdkit.DataStructs.cDataStructs.ExplicitBitVect object at 0x126ced4d0>,34
CC(Cc1ccc(Oc2cc(N3CCN(Cc4cccc(C(F)(F)F)c4)CC3)nc(N)n2)cc1)(Oc1ccccc1)C(=O)O,5.32,EC50,False,607.6330000000003,8,2,5.656900000000004,<rdkit.DataStructs.cDataStructs.ExplicitBitVect object at 0x126ced540>,44
Cc1cccc(CN2CCN(c3cc(Oc4ccc(CC(C)(Oc5ccccc5)C(=O)O)cc4)nc(N)n3)CC2)c1,5.35,EC50,False,553.6630000000001,8,2,4.946520000000003,<rdkit.DataStructs.cDataStructs.ExplicitBitVect object at 0x126ced5b0>,41
Cc1cc(COc2ccc3c(c2)O/C(=C\c2ccc(SC(F)(F)F)cc2)C3=O)cc(C)c1OC(C)(C)C(=O)O,5.79,EC50,True,558.5740000000002,6,1,7.352540000000007,<rdkit.DataStructs.cDataStructs.ExplicitBitVect object at 0x126ced620>,39
Cc1c(C)n(Cc2ccc(-c3ccccc3C(=O)O)cc2)c2ccc(C(=O)NCc3ccccc3)cc12,7.33,EC50,True,488.5870000000002,3,2,6.601640000000006,<rdkit.DataStructs.cDataStructs.ExplicitBitVect object at 0x126ced690>,37
Cc1ccc(OC(=O)N(CC(=O)O)Cc2ccc(OCCc3nc(-c4ccc(Cl)cc4)oc3C)cc2)cc1,7.12,EC50,True,534.9960000000003,6,1,6.318940000000006,<rdkit.DataStructs.cDataStructs.ExplicitBitVect object at 0x126ced700>,38
Cc1ccc(OC(=O)N(CC(=O)O)Cc2ccc(OCc3nc(-c4ccc(Cl)cc4)oc3C)cc2)cc1,7.38,EC50,True,520.9690000000003,6,1,6.276440000000005,<rdkit.DataStructs.cDataStructs.ExplicitBitVect object at 0x126ced770>,37
Cc1cccc(Nc2cc(Cl)nc(SC(C(=O)O)c3cccc4ccccc34)n2)c1C,5.21,EC50,False,449.9630000000002,5,2,6.561640000000004,<rdkit.DataStructs.cDataStructs.ExplicitBitVect object at 0x126ced7e0>,31
COc1ccc(OC(=O)N(CC(=O)O)Cc2ccc(OCCc3nc(-c4ccccc4)oc3C)cc2)cc1,6.82,EC50,True,516.5500000000003,7,1,5.365720000000005,<rdkit.DataStructs.cDataStructs.ExplicitBitVect object at 0x126ced850>,38
CCCOc1cc(N2C(=O)c3ccccc3C2=O)ccc1CCc1ccc(C[C@H](CC)C(=O)O)cc1,5.28,EC50,False,485.5800000000003,4,1,5.7145000000000055,<rdkit.DataStructs.cDataStructs.ExplicitBitVect object at 0x126ced8c0>,36
O=C(O)CCCOc1ccc(CCc2ccc(N3C(=O)c4ccccc4C3=O)cc2)cc1,4.92,EC50,False,429.47200000000015,4,1,4.5160000000000045,<rdkit.DataStructs.cDataStructs.ExplicitBitVect object at 0x126ced930>,32
CC[C@@H](NC(=O)c1ccc2c(c1)nc(C)n2Cc1cccc(Cl)c1)c1ccccc1,7.1,EC50,True,417.94,3,1,5.927520000000006,<rdkit.DataStructs.cDataStructs.ExplicitBitVect object at 0x126ced9a0>,30
CCO[C@@H](Cc1ccc(OCCN2CCC(C)(C)c3cc(/C(=N/OCc4ccccc4)c4ccccc4)ccc32)cc1)C(=O)O,8.15,EC50,True,606.7630000000003,6,1,7.254700000000009,<rdkit.DataStructs.cDataStructs.ExplicitBitVect object at 0x126ceda10>,45
CCC#CCOc1cc(COC2CCCC2)ccc1Sc1ccc(OCC(=O)O)c2c1CCCC2,6.3,EC50,True,494.65300000000036,5,1,6.431400000000007,<rdkit.DataStructs.cDataStructs.ExplicitBitVect object at 0x126ceda80>,35
CCCn1nc2ccc(C(=O)NC(CC)c3ccccc3)cc2c1Cc1ccc(-c2ccccc2C(=O)O)cc1,6.89,EC50,True,531.6560000000003,4,2,7.283400000000007,<rdkit.DataStructs.cDataStructs.ExplicitBitVect object at 0x126cedaf0>,40
O=C(O)C(Cc1ccccc1)Oc1ccc(/C=C/c2ccccc2)cc1,6.14,EC50,True,344.41,2,1,4.931700000000004,<rdkit.DataStructs.cDataStructs.ExplicitBitVect object at 0x126cedb60>,26
COCc1cc(CNC(=O)c2c(OC)cc(O)c3c2OC2=CC(O)=C(C(C)=O)C(=O)[C@]23C)c2ccccc2c1,6.7,EC50,True,529.5450000000003,8,3,4.148200000000003,<rdkit.DataStructs.cDataStructs.ExplicitBitVect object at 0x126cedbd0>,39
CCCc1nc2ccc(C(=O)c3ccccc3)cc2n1Cc1ccc(-c2ccccc2C(=O)O)cc1,6.21,EC50,True,474.56000000000023,4,1,6.6333000000000055,<rdkit.DataStructs.cDataStructs.ExplicitBitVect object at 0x126cedc40>,36
CCc1ccc(O[C@H](C)CCOc2ccc(CCC(=O)O)c(C)c2)c(-c2cccs2)c1,5.7,EC50,True,438.5890000000001,4,1,6.539520000000007,<rdkit.DataStructs.cDataStructs.ExplicitBitVect object at 0x126cedcb0>,31
CCC(Oc1cccc(CN(CCCOc2ccc(O)cc2)c2nc3ccccc3o2)c1)C(=O)O,5.85,EC50,True,476.5290000000001,7,2,5.251100000000005,<rdkit.DataStructs.cDataStructs.ExplicitBitVect object at 0x126cedd20>,35
CCC(Oc1cccc(CN(CCCOc2ccc3c(c2)OCO3)c2nc3ccccc3o2)c1)C(=O)O,5.75,EC50,True,504.5390000000002,8,1,5.274200000000005,<rdkit.DataStructs.cDataStructs.ExplicitBitVect object at 0x126cedd90>,37
CCC(Oc1cccc(CN(CCCOc2ccccc2)c2nc3c(O)cccc3o2)c1)C(=O)O,5.7,EC50,True,476.5290000000001,7,2,5.251100000000006,<rdkit.DataStructs.cDataStructs.ExplicitBitVect object at 0x126cede00>,35
CCC(Oc1cccc(CN(CCCOc2ccccc2)c2nc3cc(F)ccc3o2)c1)C(=O)O,6.0,EC50,True,478.5200000000001,6,1,5.684600000000006,<rdkit.DataStructs.cDataStructs.ExplicitBitVect object at 0x126cede70>,35
CCO[C@@H](Cc1ccc(OC/C=C/c2cc(CCc3ccccc3)cc(CCc3ccccc3)c2)cc1)C(=O)O,5.29,EC50,False,534.6960000000003,3,1,7.381400000000008,<rdkit.DataStructs.cDataStructs.ExplicitBitVect object at 0x126cedee0>,40
CCO[C@@H](Cc1ccc(OC/C=C/c2cc(C(F)(F)F)cc(C(F)(F)F)c2)cc1)C(=O)O,6.4,EC50,True,462.3860000000001,3,1,5.848600000000005,<rdkit.DataStructs.cDataStructs.ExplicitBitVect object at 0x126cedf50>,32
C/C(=N\OCCOc1ccc(CC2SC(=O)NC2=O)cc1)c1cccnc1,5.55,EC50,True,385.4450000000001,7,1,2.795300000000001,<rdkit.DataStructs.cDataStructs.ExplicitBitVect object at 0x126cedfc0>,27
CCOC(=O)C1=C(c2ccccc2)c2ccc(OC)cc2C1=O,6.52,EC50,True,308.3330000000001,4,0,3.2565000000000017,<rdkit.DataStructs.cDataStructs.ExplicitBitVect object at 0x126cee030>,23
CCCOc1ccc(C[C@@H](CCc2ccccc2)C(=O)O)cc1CNC(=O)c1ccc(C23CC4CC(CC(C4)C2)C3)cc1,7.47,EC50,True,579.7810000000002,3,2,7.749300000000009,<rdkit.DataStructs.cDataStructs.ExplicitBitVect object at 0x126cee0a0>,43
N#Cc1cc(NS(=O)(=O)c2ccc(Cl)cc2Cl)ccc1Oc1cncc(Cl)c1,6.52,EC50,True,454.7220000000001,5,1,5.506580000000002,<rdkit.DataStructs.cDataStructs.ExplicitBitVect object at 0x126cee110>,28
CC(=O)c1cc(NS(=O)(=O)c2ccc(Cl)cc2Cl)ccc1Oc1cnc2ccccc2c1,7.22,EC50,True,487.3640000000002,5,1,6.3373000000000035,<rdkit.DataStructs.cDataStructs.ExplicitBitVect object at 0x126cee180>,32
CCc1nc2c(C)cn(Cc3ccccc3C#N)c(=O)c2n1[C@H]1CCc2cc(-c3ccccc3-c3nnn[nH]3)ccc21,6.53,EC50,True,552.6420000000003,8,1,5.371500000000005,<rdkit.DataStructs.cDataStructs.ExplicitBitVect object at 0x126cee1f0>,42
CCO[C@@H](Cc1cccc(/C(C)=N/OCc2ccccc2)c1)C(=O)O,6.92,EC50,True,341.40700000000004,4,1,3.659600000000002,<rdkit.DataStructs.cDataStructs.ExplicitBitVect object at 0x126cee260>,25
CC(=O)SC(CCCCC(=O)N(C)CCOc1ccc(CC2SC(=O)NC2=O)cc1)CCSC(=O)CCC(=O)[O-].[Na+],6.82,EC50,True,634.7740000000001,11,1,-0.1893999999999949,<rdkit.DataStructs.cDataStructs.ExplicitBitVect object at 0x126cee2d0>,41
CN(CCOc1ccc(CC2SC(=O)NC2=O)cc1)C(=O)CCCCC(CCSC(=O)CN)SC(=O)CN.Cl.Cl,7.22,EC50,True,657.7080000000002,11,3,3.0176000000000007,<rdkit.DataStructs.cDataStructs.ExplicitBitVect object at 0x126cee340>,40
CC[C@H](C(=O)O)[C@@H]1CCc2cc(OCCc3nc(-c4ccc(Cl)c(Cl)c4)oc3C)ccc21,7.34,EC50,True,474.3840000000002,4,1,6.718920000000005,<rdkit.DataStructs.cDataStructs.ExplicitBitVect object at 0x126cee3b0>,32
CCC(C(=O)O)C1CCc2cc(OCCc3nc(-c4ccccc4)oc3C)c(-c3ccc(OC)cc3)cc21,6.91,EC50,True,511.6180000000002,5,1,7.087720000000008,<rdkit.DataStructs.cDataStructs.ExplicitBitVect object at 0x126cee420>,38
CCCCCCCN(CCc1ccc(O[C@@](C)(CC)C(=O)O)cc1)C(=O)Nc1ccc(F)cc1F,6.6,EC50,True,490.5910000000002,3,2,6.6439000000000075,<rdkit.DataStructs.cDataStructs.ExplicitBitVect object at 0x126cee490>,35
Cc1cc(Oc2cccc(CNC(=O)c3ccc(C(F)(F)F)cc3Oc3ccccc3)c2)ccc1OC(C)(C)C(=O)O,6.32,EC50,True,579.5710000000001,5,2,7.770420000000007,<rdkit.DataStructs.cDataStructs.ExplicitBitVect object at 0x126cee500>,42
CCCn1c(CCCc2ccc(OC(C)(C)C(=O)O)cc2)nn(Cc2ccc(C)cc2)c1=O,5.57,EC50,True,451.5670000000002,6,1,4.228820000000003,<rdkit.DataStructs.cDataStructs.ExplicitBitVect object at 0x126cee570>,33
CCCc1c(OCCCn2ccc3cc(OC(C)(C)C(=O)O)ccc32)ccc2cc(C(=O)c3ccccc3)ccc12,6.19,EC50,True,549.6670000000003,5,1,7.689100000000008,<rdkit.DataStructs.cDataStructs.ExplicitBitVect object at 0x126cee5e0>,41
CCCc1c(OCCCn2ccc3c(OC(C)(C)C(=O)O)cccc32)ccc2cc(C(=O)c3ccccc3)ccc12,6.68,EC50,True,549.6670000000003,5,1,7.689100000000008,<rdkit.DataStructs.cDataStructs.ExplicitBitVect object at 0x126cee650>,41
COc1ccccc1NC(=O)N(CCCCC1CCCCC1)CCc1ccc(SC(C)(C)C(=O)O)cc1,6.5,EC50,True,526.7430000000004,4,2,7.4777000000000085,<rdkit.DataStructs.cDataStructs.ExplicitBitVect object at 0x126cee6c0>,37
Cc1oc(-c2ccccc2)nc1CC(=O)OCc1ccc(CC(SCCc2ccc(F)cc2)C(=O)O)cc1,6.33,EC50,True,533.6210000000002,6,1,6.046620000000004,<rdkit.DataStructs.cDataStructs.ExplicitBitVect object at 0x126cee730>,38
C/C=C/C=C/C(=O)N1Cc2cc(OCCc3nc(/C=C/C(CC)CC)oc3C)ccc2C[C@H]1C(=O)O.CC(C)(C)N,6.12,EC50,True,565.7550000000002,6,2,6.267720000000006,<rdkit.DataStructs.cDataStructs.ExplicitBitVect object at 0x126cee7a0>,41
CCCCCS(=O)(=O)NC(=O)/C=C/c1cc(OC(C)C)nn1Cc1ccc(C(F)(F)F)cc1Cl,8.03,EC50,True,521.9890000000003,6,1,5.040200000000005,<rdkit.DataStructs.cDataStructs.ExplicitBitVect object at 0x126cee810>,34
CCCCCS(=O)(=O)NC(=O)CCCc1cc(OCCCC)nn1Cc1ccc(Cl)cc1Cl,7.17,EC50,True,518.5070000000003,6,1,5.376000000000006,<rdkit.DataStructs.cDataStructs.ExplicitBitVect object at 0x126cee880>,33
O=C(O)CC1COc2cc(OCCCOc3cccc(Cl)c3)ccc21,5.77,EC50,True,362.809,4,1,4.138600000000004,<rdkit.DataStructs.cDataStructs.ExplicitBitVect object at 0x126cee8f0>,25
Cc1ccc(OCCCOc2ccc3c(c2)OCC3CC(=O)O)cc1,5.74,EC50,True,342.3910000000001,4,1,3.7936200000000024,<rdkit.DataStructs.cDataStructs.ExplicitBitVect object at 0x126cee960>,25
COCc1nc2c(Cl)cccn2c1Cc1ccc2c(c1)COc1cc(F)ccc1/C2=C(\C)c1noc(=O)[nH]1,8.14,EC50,True,532.9590000000003,7,1,5.411700000000004,<rdkit.DataStructs.cDataStructs.ExplicitBitVect object at 0x126cee9d0>,38
CCCc1nn2ccc(-c3nc4ccccc4n3CCC)cc2c1Cc1ccc(-c2ccccc2C(=O)O)cc1,6.55,EC50,True,528.6560000000004,5,1,7.669500000000007,<rdkit.DataStructs.cDataStructs.ExplicitBitVect object at 0x126ceea40>,40
CCCc1nc2ccc(C(=O)NC(CC)c3ccccc3)cc2n1Cc1ccc(-c2ccccc2C(=O)O)cc1,6.05,EC50,True,531.6560000000003,4,2,7.283400000000007,<rdkit.DataStructs.cDataStructs.ExplicitBitVect object at 0x126ceeab0>,40
CCc1nc2ccn(CC(C)C)c(=O)c2n1[C@H]1CCc2cc(-c3ccccc3-c3nnn[nH]3)ccc21,5.77,EC50,True,479.5880000000002,7,1,4.799100000000004,<rdkit.DataStructs.cDataStructs.ExplicitBitVect object at 0x126ceeb20>,36
CS(=O)(=O)Oc1ccc(CC(=O)OCCc2ccc(CC(SCCc3ccc(F)cc3)C(=O)O)cc2)cc1,5.22,EC50,False,560.6650000000003,7,1,4.464100000000004,<rdkit.DataStructs.cDataStructs.ExplicitBitVect object at 0x126ceeb90>,38
COC(c1ccc(OC(F)(F)F)cc1)C1CC1c1cc(C)c(OC(C)(C)C(=O)O)c(C)c1,7.6,EC50,True,452.4690000000003,4,1,5.935240000000006,<rdkit.DataStructs.cDataStructs.ExplicitBitVect object at 0x126ceec00>,32
COc1ccc(OC(=O)N2[C@H](C(=O)O)CC[C@H]2c2ccc(OCCc3nc(-c4ccccc4)oc3C)cc2)cc1,7.3,EC50,True,542.5880000000003,7,1,6.069220000000006,<rdkit.DataStructs.cDataStructs.ExplicitBitVect object at 0x126ceec70>,40
Cc1cc(/C=C2\Oc3cc(OCC4CC4)ccc3C2=O)cc(C)c1OCC(=O)O,5.97,EC50,True,394.4230000000002,5,1,4.171840000000002,<rdkit.DataStructs.cDataStructs.ExplicitBitVect object at 0x126ceece0>,29
O=C(Nc1ccc(Oc2ncccc2[N+](=O)[O-])cc1C(=O)[O-])c1ccc(Cl)cc1Cl.[Li+],6.4,EC50,True,454.1510000000001,7,1,0.7086999999999997,<rdkit.DataStructs.cDataStructs.ExplicitBitVect object at 0x126ceed50>,31
CCc1ccccc1-c1ccc(O[C@@H](Cc2ccccc2)C(=O)O)cc1,5.92,EC50,True,346.42600000000004,2,1,4.990700000000005,<rdkit.DataStructs.cDataStructs.ExplicitBitVect object at 0x126ceedc0>,26
Cc1ccc(-c2ccc(O[C@@H](Cc3ccccc3)C(=O)O)cc2)cc1,6.23,EC50,True,332.39900000000006,2,1,4.736720000000003,<rdkit.DataStructs.cDataStructs.ExplicitBitVect object at 0x126ceee30>,25
Cc1cc(-c2ccccc2)cc(C)c1O[C@@H](Cc1ccccc1)C(=O)O,5.51,EC50,True,346.42600000000004,2,1,5.045140000000004,<rdkit.DataStructs.cDataStructs.ExplicitBitVect object at 0x126ceeea0>,26
CCCCCCC(Sc1nc(Cl)cc(Nc2ccc(Cc3ccccc3)cc2)n1)C(=O)O,6.31,EC50,True,470.0380000000002,5,2,6.980100000000006,<rdkit.DataStructs.cDataStructs.ExplicitBitVect object at 0x126ceef10>,32
CCCC/C(=C\c1cc(OCCc2ccccc2)ccc1OCCc1ccccc1)C(=O)O,5.75,EC50,True,444.5710000000002,3,1,6.587800000000007,<rdkit.DataStructs.cDataStructs.ExplicitBitVect object at 0x126ceef80>,33
CCCCC(Cc1ccc(OCCC2CCCCC2)c(OCCC2CCCCC2)c1)C(=O)O,5.96,EC50,True,458.68300000000033,3,1,7.818500000000009,<rdkit.DataStructs.cDataStructs.ExplicitBitVect object at 0x126ceeff0>,33
CC[C@@H](NC(=O)c1ccc2c(c1)ncn2Cc1ccccc1F)c1ccccc1,8.1,EC50,True,387.458,3,1,5.1048000000000044,<rdkit.DataStructs.cDataStructs.ExplicitBitVect object at 0x126cef060>,29
CC[C@@H](NC(=O)c1ccc2c(c1)ncn2Cc1ccccc1OC)c1ccccc1,8.3,EC50,True,399.4940000000001,4,1,4.974300000000004,<rdkit.DataStructs.cDataStructs.ExplicitBitVect object at 0x126cef0d0>,30
CCOC(Cc1ccc2c(ccn2Cc2nc(-c3ccc(CC)cc3)oc2C)c1)C(=O)O,6.72,EC50,True,432.5200000000002,5,1,5.247620000000004,<rdkit.DataStructs.cDataStructs.ExplicitBitVect object at 0x126cef140>,32
CCO[C@H](Cc1ccc(CCC(OC(=S)NCc2ccc(C(C)(C)C)cc2)c2ccccc2)cc1)C(=O)O,6.85,EC50,True,533.7340000000003,4,2,6.781500000000007,<rdkit.DataStructs.cDataStructs.ExplicitBitVect object at 0x126cef1b0>,38
C/C(=C1/c2ccc(Cn3c(C4CC4)nc4c(Cl)nccc43)cc2COc2cc(F)ccc21)c1noc(=O)[nH]1,7.62,EC50,True,529.9590000000002,7,1,5.697200000000004,<rdkit.DataStructs.cDataStructs.ExplicitBitVect object at 0x126cef220>,38
C/C(=C1/c2ccc(Cc3c(C4CC4)nc4cc(Cl)ccn34)cc2COc2cc(F)ccc21)c1noc(=O)[nH]1,8.44,EC50,True,528.9710000000002,6,1,6.142700000000005,<rdkit.DataStructs.cDataStructs.ExplicitBitVect object at 0x126cef290>,38
C/C(=C1/c2ccc(Cc3c(C4CC4)nc4c(Cl)cccn34)cc2COc2cc(F)ccc21)c1noc(=O)[nH]1,8.38,EC50,True,528.9710000000002,6,1,6.142700000000005,<rdkit.DataStructs.cDataStructs.ExplicitBitVect object at 0x126cef300>,38
CCCc1nc2ccccc2n1Cc1ccc2c(c1)COc1cc(F)ccc1/C2=C(\C)c1noc(=O)[nH]1,9.0,EC50,True,496.54200000000026,6,1,5.723900000000005,<rdkit.DataStructs.cDataStructs.ExplicitBitVect object at 0x126cef370>,37
C/C(=C1/c2ccc(Cc3c(C4CC4)nc4cc(F)ccn34)cc2COc2cc(F)ccc21)c1noc(=O)[nH]1,8.77,EC50,True,512.5160000000002,6,1,5.6284000000000045,<rdkit.DataStructs.cDataStructs.ExplicitBitVect object at 0x126cef3e0>,38
CCCCC(Sc1nc(Cl)cc(Nc2cccc(C)c2C)n1)C(=O)O,5.52,EC50,True,379.9130000000002,5,2,5.225940000000004,<rdkit.DataStructs.cDataStructs.ExplicitBitVect object at 0x126cef450>,25
CCCc1nc2ccc(-c3ccc(Cl)cc3)cc2n1Cc1ccc(-c2ccccc2C(=O)O)cc1,5.94,EC50,True,480.99500000000023,3,1,7.722700000000007,<rdkit.DataStructs.cDataStructs.ExplicitBitVect object at 0x126cef4c0>,35
Cc1oc(-c2ccccc2)nc1CCOc1cccc(CC2=CN(c3nccc(C(F)(F)F)n3)CCC2C(=O)O)c1,7.85,EC50,True,564.5640000000003,7,1,6.1178200000000045,<rdkit.DataStructs.cDataStructs.ExplicitBitVect object at 0x126cef530>,41
CCCOc1cc(F)c(C[C@H](CC)C(=O)O)cc1CNC(=O)c1ccc(C23CC4CC(CC(C4)C2)C3)cc1F,7.42,EC50,True,539.6630000000005,3,2,6.8047000000000075,<rdkit.DataStructs.cDataStructs.ExplicitBitVect object at 0x126cef5a0>,39
Cc1cc(Oc2cccc(CNC(=O)c3ccc(C(F)(F)F)cc3Cl)c2)ccc1OC(C)(C)C(=O)O,7.31,EC50,True,521.9190000000002,4,2,6.6315200000000045,<rdkit.DataStructs.cDataStructs.ExplicitBitVect object at 0x126cef610>,36
O=C(O)C(Oc1ccc(Cl)cc1F)c1ccccc1,4.5,EC50,False,280.682,2,1,3.6838000000000015,<rdkit.DataStructs.cDataStructs.ExplicitBitVect object at 0x126cef680>,19
Cc1oc(-c2ccccc2)nc1CCOc1ccc(CCC(=O)O)c(CNS(=O)(=O)Cc2ccccc2)c1,6.28,EC50,True,534.6340000000004,6,2,4.908320000000003,<rdkit.DataStructs.cDataStructs.ExplicitBitVect object at 0x126cef6f0>,38
C/C(=C\C(=O)c1ccccc1)NC(Cc1ccc(OCCCOc2ccc(/C=C/c3ccc(Cl)cc3)cc2)cc1)C(=O)O,7.92,EC50,True,596.1230000000004,5,2,7.730300000000008,<rdkit.DataStructs.cDataStructs.ExplicitBitVect object at 0x126cef760>,43
Cn1c(COc2cccc(C(=O)O)c2)nc2ccc(Oc3ccc4c(c3)OCC4)cc21,7.68,EC50,True,416.4330000000002,6,1,4.577700000000004,<rdkit.DataStructs.cDataStructs.ExplicitBitVect object at 0x126cef7d0>,31
CCCc1cc(Oc2ccccc2)ccc1OCCCCOc1ccc2c(c1)OC(C)(C(=O)O)CC2,5.44,EC50,False,490.59600000000034,5,1,6.837700000000007,<rdkit.DataStructs.cDataStructs.ExplicitBitVect object at 0x126cef840>,36
O=C(c1ccccc1)c1ccccc1N[C@@H](Cc1ccc(OCCc2ccc(Cl)cc2)cc1)C(=O)O,6.35,EC50,True,499.99400000000026,4,2,6.3003000000000045,<rdkit.DataStructs.cDataStructs.ExplicitBitVect object at 0x126cef8b0>,36
Cn1c(COc2cccc(C(=O)O)c2)nc2ccc(Oc3ccc4c(c3)OCC4)nc21,7.03,EC50,True,417.4210000000002,7,1,3.9727000000000023,<rdkit.DataStructs.cDataStructs.ExplicitBitVect object at 0x126cef920>,31
COc1ccc2c(-n3c(=O)n(Cc4cc(O[C@H](C)C(=O)O)ccc4Cl)c4ccccc43)noc2c1,8.1,EC50,True,493.90300000000013,8,1,4.495600000000003,<rdkit.DataStructs.cDataStructs.ExplicitBitVect object at 0x126cef990>,35
Cc1cccc(Nc2cc(Cl)nc(SCC(=O)O)n2)c1C,4.53,EC50,False,323.80500000000006,5,2,3.6671400000000007,<rdkit.DataStructs.cDataStructs.ExplicitBitVect object at 0x126cefa00>,21
O=C(O)[C@H](Cc1ccccc1)Oc1cccc(C(F)(F)F)c1,4.8,EC50,False,310.271,2,1,3.7801000000000027,<rdkit.DataStructs.cDataStructs.ExplicitBitVect object at 0x126cefa70>,22
CS(=O)(=O)c1cc(NS(=O)(=O)c2ccc(Cl)cc2Cl)ccc1Oc1cncc(Cl)c1,6.22,EC50,True,507.8040000000002,6,1,5.038400000000003,<rdkit.DataStructs.cDataStructs.ExplicitBitVect object at 0x126cefae0>,30
CCNC(=O)c1cc(NS(=O)(=O)c2ccc([N+](=O)[O-])cc2)ccc1Oc1cncc(Cl)c1,6.4,EC50,True,476.89800000000014,7,2,3.9860000000000024,<rdkit.DataStructs.cDataStructs.ExplicitBitVect object at 0x126cefb50>,32
O=C(O)C(Cc1ccccc1)Oc1ccc(Cl)c(C(F)(F)F)c1,5.24,EC50,False,344.716,2,1,4.433500000000002,<rdkit.DataStructs.cDataStructs.ExplicitBitVect object at 0x126cefbc0>,23
C/C(=C1/c2ccc(Cn3c(C4CC4)nc4c(Cl)ccnc43)cc2COc2cc(F)ccc21)c1noc(=O)[nH]1,7.5,EC50,True,529.9590000000002,7,1,5.697200000000004,<rdkit.DataStructs.cDataStructs.ExplicitBitVect object at 0x126cefc30>,38
CCCCc1nc(C)c(CC(=O)OCC(C)C)c(=O)n1Cc1ccc(-c2ccccc2-c2noc(=O)[nH]2)cc1,5.82,EC50,True,530.6250000000002,8,1,4.694620000000004,<rdkit.DataStructs.cDataStructs.ExplicitBitVect object at 0x126cefca0>,39
CCCCCOC(=O)Cc1c(C(C)C)nc(CCCC)n(Cc2ccc(-c3ccccc3-c3noc(=O)[nH]3)cc2)c1=O,5.96,EC50,True,572.7060000000002,8,1,6.043800000000006,<rdkit.DataStructs.cDataStructs.ExplicitBitVect object at 0x126cefd10>,42
CCCCOC(=O)Cc1c(C(C)C)nc(CCCC)n(Cc2ccc(-c3ccccc3-c3noc(=O)[nH]3)cc2)c1=O,6.0,EC50,True,558.6790000000002,8,1,5.653700000000005,<rdkit.DataStructs.cDataStructs.ExplicitBitVect object at 0x126cefd80>,41
Cc1oc(-c2ccccc2)nc1CCOc1ccc(CN(CC(=O)O)Cc2ccccc2)cc1,5.82,EC50,True,456.5420000000002,5,1,5.358320000000004,<rdkit.DataStructs.cDataStructs.ExplicitBitVect object at 0x126cefdf0>,34
CCCc1nc2c(CO)cccc2n1Cc1ccc2c(c1)COc1ccccc1/C2=C(\C)c1noc(=O)[nH]1,7.48,EC50,True,508.5780000000003,7,2,5.077100000000004,<rdkit.DataStructs.cDataStructs.ExplicitBitVect object at 0x126cefe60>,38
C/C(=C1/c2ccc(Cn3c(C4CC4)nc4cscc43)cc2COc2cc(F)ccc21)c1noc(=O)[nH]1,7.68,EC50,True,500.55500000000023,7,1,5.710300000000005,<rdkit.DataStructs.cDataStructs.ExplicitBitVect object at 0x126cefed0>,36
Cc1oc(-c2ccccc2)nc1CCOc1ccc(C[C@@H]2CN(c3nccc(C(F)(F)F)n3)C[C@@H]2C(=O)O)cc1,5.16,EC50,False,552.5530000000002,7,1,5.4600200000000045,<rdkit.DataStructs.cDataStructs.ExplicitBitVect object at 0x126ceff40>,40
CCO[C@@H](Cc1cccc(/C(C)=N/OCc2ccc(C(F)(F)F)cc2)c1)C(=O)O,7.34,EC50,True,409.40400000000005,4,1,4.678400000000004,<rdkit.DataStructs.cDataStructs.ExplicitBitVect object at 0x126cf8040>,29
O=C(O)[C@H](Cc1ccc(-c2ccc(O[C@H](Cc3ccccc3)C(=O)O)cc2)cc1)Oc1ccc(-c2ccccc2)cc1,4.75,EC50,False,558.6300000000002,4,2,7.170000000000007,<rdkit.DataStructs.cDataStructs.ExplicitBitVect object at 0x126cf80b0>,42
O=C(O)[C@H](Cc1ccc(-c2ccccc2)cc1)Oc1ccc(-c2ccccc2)cc1,5.43,EC50,False,394.4700000000001,2,1,6.095300000000005,<rdkit.DataStructs.cDataStructs.ExplicitBitVect object at 0x126cf8120>,30
Cc1cc(Oc2cccc(CNC(=O)c3ccc(C(F)(F)F)cc3F)c2)ccc1OC(C)(C)C(=O)O,7.62,EC50,True,505.46400000000017,4,2,6.117220000000004,<rdkit.DataStructs.cDataStructs.ExplicitBitVect object at 0x126cf8190>,36
CCCCc1nc(C)c(Cc2nc(COC)no2)c(=O)n1Cc1ccc(-c2ccccc2-c2noc(=O)[nH]2)cc1,5.47,EC50,False,542.5960000000003,10,1,4.073120000000003,<rdkit.DataStructs.cDataStructs.ExplicitBitVect object at 0x126cf8200>,40
CCCCc1nc(C(C)C)c(CC(=O)OCCC)c(=O)n1Cc1ccc(-c2ccccc2-c2noc(=O)[nH]2)cc1,5.82,EC50,True,544.6520000000003,8,1,5.263600000000006,<rdkit.DataStructs.cDataStructs.ExplicitBitVect object at 0x126cf8270>,40
CCCCc1nc(C(C)C)c(CC(=O)OC)c(=O)n1Cc1ccc(-c2ccccc2-c2noc(=O)[nH]2)cc1,5.58,EC50,True,516.5980000000002,8,1,4.483400000000004,<rdkit.DataStructs.cDataStructs.ExplicitBitVect object at 0x126cf82e0>,38
Cc1cc(COc2ccc3c(c2)O/C(=C\c2ccc(C(F)(F)F)cc2)C3=O)cc(C)c1OC(C)(C)C(=O)O,5.38,EC50,False,526.5070000000003,5,1,6.759440000000006,<rdkit.DataStructs.cDataStructs.ExplicitBitVect object at 0x126cf8350>,38
CC(=O)NCCOC(=O)[C@H](Oc1cccc(C(F)(F)F)c1)c1ccc(Cl)cc1,5.13,EC50,False,415.7950000000001,4,1,4.158200000000003,<rdkit.DataStructs.cDataStructs.ExplicitBitVect object at 0x126cf83c0>,28
Cc1cc(Oc2ccc3nc(COc4ccc(CC5SC(=O)NC5=O)cc4)n(C)c3c2)cc(C)c1N,9.0,EC50,True,502.5960000000002,8,2,5.037740000000002,<rdkit.DataStructs.cDataStructs.ExplicitBitVect object at 0x126cf8430>,36
CC[C@]1(C(=O)O)CCc2ccc(OCCCOc3ccc(C4CCC5(CC4)CC5)cc3Cl)cc2O1,6.3,EC50,True,499.0470000000003,4,1,7.184100000000008,<rdkit.DataStructs.cDataStructs.ExplicitBitVect object at 0x126cf84a0>,35
CC(C)(C)c1ccc(-n2c(C(=O)O)c(Oc3cccc(C(F)(F)F)c3)c3cc(Oc4cc(Cl)c[nH]4)ccc32)cc1,8.7,EC50,True,568.9790000000002,4,2,9.211099999999998,<rdkit.DataStructs.cDataStructs.ExplicitBitVect object at 0x126cf8510>,40
CC(C)(C)c1ccc(-n2c(C(=O)O)c(Oc3ccc(-c4cc(C(F)(F)F)c[nH]4)cc3)c3cccnc32)cc1,7.47,EC50,True,519.5230000000001,4,2,7.827400000000005,<rdkit.DataStructs.cDataStructs.ExplicitBitVect object at 0x126cf8580>,38
CCCCC1=NC(C)=C(CC(=S)N(C)C)CN1Cc1ccc(-c2ccccc2-c2nnn[nH]2)cc1,6.34,EC50,True,487.6770000000002,6,1,5.491100000000005,<rdkit.DataStructs.cDataStructs.ExplicitBitVect object at 0x126cf85f0>,35
C/C(=N\OCCOc1ccc(CC2SC(=O)NC2=O)cc1)c1ccc(-c2ccncc2)cc1,5.8,EC50,True,461.5430000000002,7,1,4.4623000000000035,<rdkit.DataStructs.cDataStructs.ExplicitBitVect object at 0x126cf8660>,33
O=C(O)CC1COc2cc(OCCCOc3cccc(-c4ccccc4)c3)ccc21,5.73,EC50,True,404.46200000000005,4,1,5.152200000000004,<rdkit.DataStructs.cDataStructs.ExplicitBitVect object at 0x126cf86d0>,30
Cc1ccc(-c2nc(CCOc3ccc(C[C@H]4CO[C@@](C)(C(=O)O)OC4)cc3)c(C)o2)cc1,5.86,EC50,True,451.51900000000023,6,1,4.586240000000004,<rdkit.DataStructs.cDataStructs.ExplicitBitVect object at 0x126cf8740>,33
Cc1oc(-c2ccccc2)nc1CCOc1ccc(C[C@H]2CO[C@@](C)(C(=O)O)OC2)cc1,5.39,EC50,False,437.49200000000025,6,1,4.277820000000003,<rdkit.DataStructs.cDataStructs.ExplicitBitVect object at 0x126cf87b0>,32
Cc1oc(-c2ccc(C(C)(C)C)cc2)nc1CCOc1ccc2c(c1)CC[C@H]2CC(=O)O,7.68,EC50,True,433.54800000000023,4,1,6.073520000000006,<rdkit.DataStructs.cDataStructs.ExplicitBitVect object at 0x126cf8820>,32
Cc1cc(OCC[C@@H](C)Oc2ccc(C(F)(F)F)cc2Oc2ccccc2)ccc1CCC(=O)O,8.4,EC50,True,488.50200000000024,4,1,7.059720000000006,<rdkit.DataStructs.cDataStructs.ExplicitBitVect object at 0x126cf8890>,35
Cc1nc(-c2ccc(C(F)(F)F)cc2)sc1C(=O)NCc1ccc(NS(=O)(=O)CC(F)(F)F)cc1,6.52,EC50,True,537.5070000000002,5,2,5.371320000000003,<rdkit.DataStructs.cDataStructs.ExplicitBitVect object at 0x126cf8900>,35
Cc1ccc(S(=O)(=O)Oc2ccc(N(CC(=O)O)S(=O)(=O)c3ccc(C)cc3)cc2)cc1,7.82,EC50,True,475.54400000000015,6,1,3.351040000000002,<rdkit.DataStructs.cDataStructs.ExplicitBitVect object at 0x126cf8970>,32
Cc1ccccc1-c1nc(COc2ccc(CC(OC(C)C)C(=O)O)cc2)no1,7.0,EC50,True,396.4430000000001,6,1,4.0447200000000025,<rdkit.DataStructs.cDataStructs.ExplicitBitVect object at 0x126cf89e0>,29
C=CCn1nc(C(=O)NCc2ccc(OC(C)(C)C(=O)O)c(C)c2)cc1-c1ccc(C(C)(C)C)cc1,7.16,EC50,True,489.61600000000027,5,2,5.514020000000006,<rdkit.DataStructs.cDataStructs.ExplicitBitVect object at 0x126cf8a50>,36
COCCn1nc(C(=O)NCc2ccc(OC(C)(C)C(=O)O)c(C)c2)cc1-c1ccc(C(C)(C)C)cc1,6.32,EC50,True,507.6310000000003,6,2,4.974420000000004,<rdkit.DataStructs.cDataStructs.ExplicitBitVect object at 0x126cf8ac0>,37
Cc1cc(CNC(=O)c2cc(-c3ccc(-c4ccncc4)cc3)n(C)n2)ccc1OC(C)(C)C(=O)O,6.51,EC50,True,484.55600000000027,6,2,4.629520000000003,<rdkit.DataStructs.cDataStructs.ExplicitBitVect object at 0x126cf8b30>,36
Cc1cc(S(=O)(=O)Nc2cc(Cl)c(Oc3cnc4ccccc4c3)c(Cl)c2)ccc1Br,6.22,EC50,True,538.2500000000002,4,1,7.205620000000004,<rdkit.DataStructs.cDataStructs.ExplicitBitVect object at 0x126cf8ba0>,31
CC[C@@H](Cc1ccc(OC)c(CNC(=O)c2ccc(C(F)(F)F)c(F)c2)c1)C(=O)O,5.31,EC50,False,427.39400000000006,3,2,4.436400000000003,<rdkit.DataStructs.cDataStructs.ExplicitBitVect object at 0x126cf8c10>,30
Cc1ccc(Oc2ccc3nc(COc4cccc(C(=O)O)c4)n(C)c3c2)cn1,6.26,EC50,True,389.4110000000001,6,1,4.346220000000003,<rdkit.DataStructs.cDataStructs.ExplicitBitVect object at 0x126cf8c80>,29
Cc1cncc(Oc2ccc3nc(COc4cccc(C(=O)O)c4)n(C)c3c2)c1,6.11,EC50,True,389.4110000000001,6,1,4.346220000000002,<rdkit.DataStructs.cDataStructs.ExplicitBitVect object at 0x126cf8cf0>,29
COc1ncccc1Oc1ccc2nc(COc3cccc(C(=O)O)c3)n(C)c2c1,5.92,EC50,True,405.4100000000001,7,1,4.046400000000002,<rdkit.DataStructs.cDataStructs.ExplicitBitVect object at 0x126cf8d60>,30
CCOC(Cc1ccc(OCCN2CC=C(c3ccccc3C(F)(F)F)CC2)cc1)C(=O)O,5.12,EC50,False,463.49600000000015,4,1,4.905700000000004,<rdkit.DataStructs.cDataStructs.ExplicitBitVect object at 0x126cf8dd0>,33
CO[C@@H](Cc1ccc(OCCc2nc(-c3ccc(C(C)C)cc3)oc2C)c2ccsc12)C(=O)O,8.0,EC50,True,479.5980000000002,6,1,6.251720000000006,<rdkit.DataStructs.cDataStructs.ExplicitBitVect object at 0x126cf8e40>,34
Cn1c(COc2cccc(C(=O)O)c2)nc2ccc(Oc3ncccc3Cl)cc21,6.7,EC50,True,409.8290000000001,6,1,4.691200000000003,<rdkit.DataStructs.cDataStructs.ExplicitBitVect object at 0x126cf8eb0>,29
Cn1c(COc2cccc(C(=O)O)c2)nc2ccc(Oc3ccc(F)cc3)nc21,5.97,EC50,True,393.3740000000001,6,1,4.1769000000000025,<rdkit.DataStructs.cDataStructs.ExplicitBitVect object at 0x126cf8f20>,29
O=C(O)C(Cc1ccccc1)Oc1ccc(CSc2ccccc2)cc1,6.4,EC50,True,364.46600000000007,3,1,5.053600000000004,<rdkit.DataStructs.cDataStructs.ExplicitBitVect object at 0x126cf8f90>,26
O=C(O)C(Cc1ccccc1)Oc1ccc(NCc2ccccc2)cc1,4.89,EC50,False,347.41400000000004,3,2,4.373400000000004,<rdkit.DataStructs.cDataStructs.ExplicitBitVect object at 0x126cf9000>,26
O=C(Nc1ccc(Oc2cncc(Cl)n2)cc1C(=O)[O-])c1ccc(Cl)cc1Cl.[Li+],6.35,EC50,True,444.58700000000016,6,1,0.8489,<rdkit.DataStructs.cDataStructs.ExplicitBitVect object at 0x126cf9070>,29
CCCc1nc2c(F)cccc2n1Cc1ccc(-c2ccccc2C(=O)O)cc1,5.06,EC50,False,388.44200000000006,3,1,5.541400000000005,<rdkit.DataStructs.cDataStructs.ExplicitBitVect object at 0x126cf90e0>,29
CC(O)c1ccc(CCOc2ccc(CC3SC(=O)NC3=O)cc2)nc1,5.89,EC50,True,372.4460000000001,6,2,2.650500000000001,<rdkit.DataStructs.cDataStructs.ExplicitBitVect object at 0x126cf9150>,26
O=C(O)CCCNC(=O)c1ccccc1NC(=O)c1cccc2ccccc12,4.39,EC50,False,376.41200000000015,3,3,3.686700000000002,<rdkit.DataStructs.cDataStructs.ExplicitBitVect object at 0x126cf91c0>,28
COc1ccc(C(=O)n2c(C)c(Cc3ccccc3O[C@@H](C)C(=O)O)c3cc(OC(F)(F)F)ccc32)cc1,8.7,EC50,True,527.4950000000002,6,1,5.988120000000005,<rdkit.DataStructs.cDataStructs.ExplicitBitVect object at 0x126cf9230>,38
CCC(Oc1cccc(CN(CCCOc2ccc(F)c(F)c2)c2nc3ccccc3o2)c1)C(=O)O,5.75,EC50,True,496.5100000000001,6,1,5.823700000000006,<rdkit.DataStructs.cDataStructs.ExplicitBitVect object at 0x126cf92a0>,36
CCC(Oc1cccc(CN(CCCOc2ccc(C)cc2)c2nc3ccccc3o2)c1)C(=O)O,6.68,EC50,True,474.55700000000013,6,1,5.853920000000006,<rdkit.DataStructs.cDataStructs.ExplicitBitVect object at 0x126cf9310>,35
CCO[C@@H](Cc1ccc(CCC(O)c2ccccc2)cc1)C(=O)O,6.52,EC50,True,328.4080000000001,3,2,3.3850000000000016,<rdkit.DataStructs.cDataStructs.ExplicitBitVect object at 0x126cf9380>,24
C/C(=N\OCCF)C(Cc1ccc(OCc2nc(-c3ccc(F)cc3)oc2C)cc1)C(=O)O,8.11,EC50,True,458.4610000000002,6,1,4.973420000000004,<rdkit.DataStructs.cDataStructs.ExplicitBitVect object at 0x126cf93f0>,33
O=C(O)CCc1ccc(OCCN(Cc2ccc(C(F)(F)F)cc2)c2nc3ccccc3s2)cc1,5.43,EC50,False,500.5420000000001,5,1,6.417900000000005,<rdkit.DataStructs.cDataStructs.ExplicitBitVect object at 0x126cf9460>,35
Cc1cc(Oc2cccc(CNC(=O)c3cc4cc(Cl)c(Cl)cc4[nH]3)c2)ccc1CCC(=O)O,6.62,EC50,True,497.37800000000016,3,3,6.522620000000003,<rdkit.DataStructs.cDataStructs.ExplicitBitVect object at 0x126cf94d0>,34
Cc1cc(Oc2ccc(F)c(CNC(=O)c3ccc(C(F)(F)F)cc3F)c2)ccc1OC(C)(C)C(=O)O,7.55,EC50,True,523.4540000000002,4,2,6.256320000000004,<rdkit.DataStructs.cDataStructs.ExplicitBitVect object at 0x126cf9540>,37
Cc1ccc(Oc2ccc(OC(C)(C)C(=O)O)c(C)c2)cc1CNC(=O)c1ccc(C(F)(F)F)cc1F,7.37,EC50,True,519.4910000000002,4,2,6.425640000000004,<rdkit.DataStructs.cDataStructs.ExplicitBitVect object at 0x126cf95b0>,37
CCCc1cc(C(=O)c2ccc(-c3ccccc3)cc2)ccc1OCCCn1ccc2c(OC(C)(C)C(=O)O)cccc21,6.52,EC50,True,575.7050000000004,5,1,8.202900000000009,<rdkit.DataStructs.cDataStructs.ExplicitBitVect object at 0x126cf9620>,43
Cc1cc(SCc2sc(-c3ccc(C(F)(F)F)cc3)nc2C)ccc1OCC(=O)O,6.1,EC50,True,453.5070000000002,5,1,6.201440000000006,<rdkit.DataStructs.cDataStructs.ExplicitBitVect object at 0x126cf9690>,30
O=C(O)CSc1nc(Cl)cc(Nc2cccc3c2CCC3)n1,4.42,EC50,False,335.8160000000002,5,2,3.5390000000000015,<rdkit.DataStructs.cDataStructs.ExplicitBitVect object at 0x126cf9700>,22
Cc1oc(-c2ccccc2)nc1CC#Cc1ccc(CC(C(=O)O)c2ccc(-c3ccccc3)cc2)cc1,5.6,EC50,True,497.59400000000016,3,1,7.322120000000006,<rdkit.DataStructs.cDataStructs.ExplicitBitVect object at 0x126cf9770>,38
Cc1ccc(Oc2ccc3nc(COc4cccc(C(=O)O)c4)n(C)c3c2)cc1F,8.36,EC50,True,406.4130000000001,5,1,5.090320000000004,<rdkit.DataStructs.cDataStructs.ExplicitBitVect object at 0x126cf97e0>,30
CC(=O)c1ccccc1OCc1nc2ccc(Oc3cc(C)c(N)c(C)c3)cc2n1C.Cl.Cl,6.45,EC50,True,488.41500000000013,6,1,6.189840000000006,<rdkit.DataStructs.cDataStructs.ExplicitBitVect object at 0x126cf9850>,33
Cn1c(COc2cccc(C(=O)O)c2)nc2ccc(Oc3cccc(OC(F)(F)F)c3)cc21,6.95,EC50,True,458.3920000000001,6,1,5.541400000000003,<rdkit.DataStructs.cDataStructs.ExplicitBitVect object at 0x126cf98c0>,33
Cc1cc(Oc2ccc3nc(COc4ccccc4)n(C)c3c2)cc(C)c1N.Cl.Cl,6.5,EC50,True,446.3780000000001,5,1,5.987240000000005,<rdkit.DataStructs.cDataStructs.ExplicitBitVect object at 0x126cf9930>,30
CCCCCCCN(CCc1ccc(O[C@@](C)(CC)C(=O)O)cc1)c1nc2ccccc2o1,6.68,EC50,True,452.5950000000002,5,1,6.479400000000007,<rdkit.DataStructs.cDataStructs.ExplicitBitVect object at 0x126cf99a0>,33
COc1ccc(N2C(=O)C(Cc3cccc(OCCc4nc(-c5ccccc5)oc4C)c3)C2C(=O)O)cc1,6.75,EC50,True,512.5620000000002,6,1,4.938820000000003,<rdkit.DataStructs.cDataStructs.ExplicitBitVect object at 0x126cf9a10>,38
COc1cc(C(=O)NS(=O)(=O)c2cc(Cl)cc(Cl)c2)ccc1Cc1cn(C)c2ccc(NC(=O)NC3CCCCC3)cc12,6.13,EC50,True,643.5929999999998,6,3,6.657400000000005,<rdkit.DataStructs.cDataStructs.ExplicitBitVect object at 0x126cf9a80>,43
CCCc1cc(Oc2ccc(F)cc2)ccc1OCCCOc1ccc(OC(C)(C)C(=O)O)cc1,5.96,EC50,True,482.54800000000034,5,1,6.660400000000006,<rdkit.DataStructs.cDataStructs.ExplicitBitVect object at 0x126cf9af0>,35
CC(C)(C)c1ccc(-n2c(C(=O)O)c(Oc3ccc(Cl)cc3)c3ccc(OC(F)(F)F)cc32)cc1,6.39,EC50,True,503.90400000000017,4,1,7.970500000000005,<rdkit.DataStructs.cDataStructs.ExplicitBitVect object at 0x126cf9b60>,35
Cc1cc(C)c2nc(C(C)C)n([C@H]3CCc4cc(-c5ccccc5-c5nnn[nH]5)ccc43)c2n1,6.53,EC50,True,449.56200000000007,6,1,5.554240000000005,<rdkit.DataStructs.cDataStructs.ExplicitBitVect object at 0x126cf9bd0>,34
CCCc1nc2c(C)cc(-c3nc4ccccc4n3C)cc2n1Cc1ccc(-c2ccccc2C(=O)O)cc1,5.82,EC50,True,514.6290000000004,5,1,7.2644200000000065,<rdkit.DataStructs.cDataStructs.ExplicitBitVect object at 0x126cf9c40>,39
Cc1nc(-c2ccc(C(C)(C)C)cc2)sc1C(=O)NCc1ccc(OC(C)(C)C(=O)O)cc1,6.1,EC50,True,466.60300000000024,5,2,5.588020000000004,<rdkit.DataStructs.cDataStructs.ExplicitBitVect object at 0x126cf9cb0>,33
Cc1cc(CNC(=O)c2cc(-c3ccc(C(C)(C)C)cc3)n(C)n2)ccc1OC(C)(C)C(=O)O,8.22,EC50,True,463.5780000000002,5,2,4.865020000000004,<rdkit.DataStructs.cDataStructs.ExplicitBitVect object at 0x126cf9d20>,34
Cc1cccnc1Oc1ccc2nc(COc3cccc(C(=O)O)c3)n(C)c2c1,6.46,EC50,True,389.4110000000001,6,1,4.346220000000003,<rdkit.DataStructs.cDataStructs.ExplicitBitVect object at 0x126cf9d90>,29
Cc1oc(-c2ccccc2)nc1CNc1ccc(OC(C)(C)C(=O)O)cc1,5.06,EC50,False,366.4170000000001,5,2,4.504120000000001,<rdkit.DataStructs.cDataStructs.ExplicitBitVect object at 0x126cf9e00>,27
CCC(C(=O)O)C1CCc2cc(OCCc3nc(C4CCCCC4)oc3C)ccc21,6.87,EC50,True,411.54200000000026,4,1,5.792820000000006,<rdkit.DataStructs.cDataStructs.ExplicitBitVect object at 0x126cf9e70>,30
CCC(C(=O)O)C1CCc2cc(OCCc3nc(-c4ccccc4)oc3C)c(Cl)cc21,6.53,EC50,True,439.93900000000014,4,1,6.065520000000006,<rdkit.DataStructs.cDataStructs.ExplicitBitVect object at 0x126cf9ee0>,31
CCO[C@@H](Cc1ccc(OCCc2nc(-c3ccccc3)oc2C)c2sccc12)C(=O)O,8.15,EC50,True,451.54400000000015,6,1,5.518420000000005,<rdkit.DataStructs.cDataStructs.ExplicitBitVect object at 0x126cf9f50>,32
CCOC(Cc1ccc(OCCn2c(=O)sc3cc(C(=O)/C=C/c4cc(OC)cc(OC)c4)ccc32)cc1)C(=O)O,6.0,EC50,True,577.6550000000003,9,1,5.087500000000004,<rdkit.DataStructs.cDataStructs.ExplicitBitVect object at 0x126cf9fc0>,41
CCCc1nc2ccc(C(=O)c3ccccc3)cc2n1Cc1ccc(-c2ccccc2C(=O)O)cc1,6.21,EC50,True,474.56000000000023,4,1,6.6333000000000055,<rdkit.DataStructs.cDataStructs.ExplicitBitVect object at 0x126cfa030>,36
CCCCC(Sc1ccc(OCCCOc2ccccc2)cc1)C(=O)O,5.58,EC50,True,374.502,4,1,5.270000000000005,<rdkit.DataStructs.cDataStructs.ExplicitBitVect object at 0x126cfa0a0>,26
COc1ccc2nc(COc3ccc(CC4SC(=O)NC4=O)cc3)n(C)c2c1,7.37,EC50,True,397.45600000000013,7,1,3.0550000000000015,<rdkit.DataStructs.cDataStructs.ExplicitBitVect object at 0x126cfa110>,28
Cn1c(COc2cccc(C(=O)O)c2)nc2ccc(Oc3ccc4ccoc4c3)cc21,6.73,EC50,True,414.41700000000014,6,1,5.389000000000004,<rdkit.DataStructs.cDataStructs.ExplicitBitVect object at 0x126cfa180>,31
CCc1ccc(CCOc2ccc(CC3SC(=O)NC3=O)cc2)nc1,6.58,EC50,True,356.44700000000006,5,1,3.159600000000001,<rdkit.DataStructs.cDataStructs.ExplicitBitVect object at 0x126cfa1f0>,25
Cn1c(COc2cccc(C(=O)O)c2)nc2cnc(Oc3ccc(Cl)c(F)c3)cc21,5.93,EC50,True,427.81900000000013,6,1,4.830300000000003,<rdkit.DataStructs.cDataStructs.ExplicitBitVect object at 0x126cfa260>,30
Cn1c(COc2cccc(C(=O)O)c2)nc2ccc(Oc3ccc(Cl)c(F)c3)nc21,6.57,EC50,True,427.8190000000001,6,1,4.830300000000003,<rdkit.DataStructs.cDataStructs.ExplicitBitVect object at 0x126cfa2d0>,30
Cc1cnc(Oc2ccc3nc(COc4cccc(C(=O)O)c4)n(C)c3c2)c(F)c1,7.37,EC50,True,407.40100000000007,6,1,4.485320000000003,<rdkit.DataStructs.cDataStructs.ExplicitBitVect object at 0x126cfa340>,30
COCc1nc2c(Cl)cccn2c1Cc1ccc2c(c1)COc1cc(F)ccc1/C2=C(\C)c1noc(=O)[nH]1,8.35,EC50,True,532.9590000000003,7,1,5.411700000000004,<rdkit.DataStructs.cDataStructs.ExplicitBitVect object at 0x126cfa3b0>,38
CC(Cc1ccc(Oc2cc(N3CCN(c4ncccn4)CC3)nc(N)n2)cc1)(Oc1ccccc1)C(=O)O,5.21,EC50,False,527.5850000000003,10,2,3.432500000000001,<rdkit.DataStructs.cDataStructs.ExplicitBitVect object at 0x126cfa420>,39
O=C(O)[C@H](Cc1ccccc1)Oc1ccc(-c2ccccc2C(F)(F)F)cc1,6.0,EC50,True,386.369,2,1,5.447100000000003,<rdkit.DataStructs.cDataStructs.ExplicitBitVect object at 0x126cfa490>,28
Cc1ccccc1-c1ccc(O[C@@H](Cc2ccccc2)C(=O)O)cc1C,6.19,EC50,True,346.4260000000001,2,1,5.0451400000000035,<rdkit.DataStructs.cDataStructs.ExplicitBitVect object at 0x126cfa500>,26
CCOC(=O)CN1C(=O)SC(Cc2ccc(F)cc2)C1=O,5.0,EC50,False,311.33400000000006,5,0,1.9953,<rdkit.DataStructs.cDataStructs.ExplicitBitVect object at 0x126cfa570>,21
C/C(=N\OCCOc1ccc(CC2SC(=O)NC2=O)cc1)c1ccccc1,5.77,EC50,True,384.4570000000001,6,1,3.4003000000000014,<rdkit.DataStructs.cDataStructs.ExplicitBitVect object at 0x126cfa5e0>,27
CCCc1cc(Oc2ccc(Cl)c(Cl)c2)ccc1OCCCOc1ccc(C2SC(=O)NC2=O)cc1,7.33,EC50,True,546.4720000000003,6,1,7.610200000000006,<rdkit.DataStructs.cDataStructs.ExplicitBitVect object at 0x126cfa650>,36
COC(=O)N(CC(=O)O)Cc1cccc(OCc2csc(-c3ccc(C(F)(F)F)cc3)n2)c1,5.46,EC50,False,480.46400000000006,6,1,5.060900000000004,<rdkit.DataStructs.cDataStructs.ExplicitBitVect object at 0x126cfa6c0>,33
CCCc1c(OCCCCOc2cccc(C(C)(C)C(=O)O)c2)ccc2c(-c3ccccc3)noc12,7.28,EC50,True,487.59600000000023,5,1,7.047500000000007,<rdkit.DataStructs.cDataStructs.ExplicitBitVect object at 0x126cfa730>,36
CCC(C(=O)O)C1CCc2cc(OCCc3nc(-c4ccccc4C)oc3C)ccc21,6.82,EC50,True,419.52100000000013,4,1,5.720540000000006,<rdkit.DataStructs.cDataStructs.ExplicitBitVect object at 0x126cfa7a0>,31
CCC(C(=O)O)C1CCc2cc(OCCc3nc(-c4ccccc4)oc3C(C)C)ccc21,6.46,EC50,True,433.5480000000001,4,1,6.227100000000006,<rdkit.DataStructs.cDataStructs.ExplicitBitVect object at 0x126cfa810>,32
CCc1oc(-c2ccccc2)nc1CCOc1ccc2c(c1)CCC2C(CC)C(=O)O,7.34,EC50,True,419.52100000000024,4,1,5.6661000000000055,<rdkit.DataStructs.cDataStructs.ExplicitBitVect object at 0x126cfa880>,31
CC[C@H](C(=O)O)[C@@H]1CCc2cc(OCCc3nc(-c4ccc(F)cc4)oc3C)ccc21,7.34,EC50,True,423.4840000000001,4,1,5.551220000000005,<rdkit.DataStructs.cDataStructs.ExplicitBitVect object at 0x126cfa8f0>,31
CC[C@H](C(=O)O)[C@H]1CCc2cc(OCCc3nc(-c4ccccc4)oc3C)ccc21,7.72,EC50,True,405.4940000000001,4,1,5.412120000000005,<rdkit.DataStructs.cDataStructs.ExplicitBitVect object at 0x126cfa960>,30
CCCCC/C=C(\C/C=C\CCCCCCCC(=O)O)[N+](=O)[O-],7.35,EC50,True,325.44899999999996,3,1,5.4889000000000046,<rdkit.DataStructs.cDataStructs.ExplicitBitVect object at 0x126cfa9d0>,23
CCc1c(C(=O)OC)cc2c(c1O)C(=O)c1c(O)cc3cc(C)c(Cl)c(OC)c3c1C2=O,6.75,EC50,True,454.86200000000025,7,2,4.345820000000003,<rdkit.DataStructs.cDataStructs.ExplicitBitVect object at 0x126cfaa40>,32
CCc1cc(Oc2ccc3nc(COc4cccc(C(=O)O)c4)n(C)c3c2)ccn1,6.29,EC50,True,403.4380000000001,6,1,4.600200000000004,<rdkit.DataStructs.cDataStructs.ExplicitBitVect object at 0x126cfaab0>,30
CCCOc1cc(Oc2ccc(C)nc2C)cc2c1nc(COc1cccc(C(=O)O)c1)n2C,7.5,EC50,True,461.5180000000002,7,1,5.443440000000006,<rdkit.DataStructs.cDataStructs.ExplicitBitVect object at 0x126cfab20>,34
COc1cc(Oc2cc(OC(C)C)c3nc(COc4cccc(C(=O)O)c4)n(C)c3c2)ccn1,7.5,EC50,True,463.4900000000001,8,1,4.833600000000003,<rdkit.DataStructs.cDataStructs.ExplicitBitVect object at 0x126cfab90>,34
CN(CCOc1ccc(CC2SC(=O)NC2=O)cc1)c1ccccn1,6.51,EC50,True,357.435,6,1,2.490900000000001,<rdkit.DataStructs.cDataStructs.ExplicitBitVect object at 0x126cfac00>,25
Cc1oc(-c2ccc(-c3ccccc3)cc2)nc1CCOc1ccc(OC(C)(C)C(=O)O)cc1,6.06,EC50,True,457.5260000000003,5,1,6.180520000000006,<rdkit.DataStructs.cDataStructs.ExplicitBitVect object at 0x126cfac70>,34
CCCc1cc(Oc2ccc(F)cc2)ccc1OCCCOc1ccc(C2SC(=O)NC2=O)cc1,7.1,EC50,True,495.5720000000003,6,1,6.442500000000005,<rdkit.DataStructs.cDataStructs.ExplicitBitVect object at 0x126cface0>,35
CN(CCOc1ccc(CC2SC(=O)NC2=O)cc1)c1ccccn1,7.66,EC50,True,357.435,6,1,2.490900000000001,<rdkit.DataStructs.cDataStructs.ExplicitBitVect object at 0x126cfad50>,25
CCC(Cc1cc(F)c(OC)c(CNC(=O)c2ccc(C34CC5CC(CC(C5)C3)C4)cc2)c1)C(=O)O,6.72,EC50,True,493.61900000000037,3,2,5.885400000000006,<rdkit.DataStructs.cDataStructs.ExplicitBitVect object at 0x126cfadc0>,36
CCO[C@@H](Cc1ccc(OCCN2CC=C(c3ccc(Cl)c(Cl)c3)CC2)cc1)C(=O)O,6.06,EC50,True,464.38900000000024,4,1,5.193700000000006,<rdkit.DataStructs.cDataStructs.ExplicitBitVect object at 0x126cfae30>,31
Cc1oc(-c2ccc(Cl)cc2)nc1COc1cccc(CN(CC(=O)O)C(=O)OC2CCC2)c1,6.04,EC50,True,484.9360000000003,6,1,5.458120000000006,<rdkit.DataStructs.cDataStructs.ExplicitBitVect object at 0x126cfaea0>,34
Cc1ccccc1C(=O)c1ccccc1NC(Cc1ccc(OCCN(C)c2nc3ccccc3o2)cc1)C(=O)O,8.03,EC50,True,549.6270000000004,7,2,5.990220000000005,<rdkit.DataStructs.cDataStructs.ExplicitBitVect object at 0x126cfaf10>,41
Cc1oc(-c2ccccc2)nc1CCOc1ccc(CN(CC(=O)O)Cc2cccc(Oc3ccccc3)c2)cc1,6.41,EC50,True,548.6390000000004,6,1,7.150620000000006,<rdkit.DataStructs.cDataStructs.ExplicitBitVect object at 0x126cfaf80>,41
Cc1oc(-c2ccccc2)nc1CCOc1cccc(CN(CC(=O)O)Cc2ccc(OCc3ccccc3)cc2)c1,6.38,EC50,True,562.6660000000004,6,1,6.937320000000006,<rdkit.DataStructs.cDataStructs.ExplicitBitVect object at 0x126cfaff0>,42
CCOC(=O)C(Cc1ccc(OCCn2c(=O)sc3cc(/C=C/c4cc(OC)cc(OC)c4)ccc32)cc1)OCC(F)(F)F,7.3,EC50,True,631.6690000000003,9,0,6.382700000000007,<rdkit.DataStructs.cDataStructs.ExplicitBitVect object at 0x126cfb060>,44
CCOC(=O)C(Cc1ccc(OCCn2c(=O)sc3cc(C(=O)/C=C/c4cc(O)cc(O)c4)ccc32)cc1)OCC(F)(F)F,7.52,EC50,True,631.6250000000003,10,2,5.502400000000006,<rdkit.DataStructs.cDataStructs.ExplicitBitVect object at 0x126cfb0d0>,44
Cc1cc(Cl)cnc1Oc1ccc2nc(COc3cccc(C(=O)O)c3)n(C)c2c1,7.68,EC50,True,423.85600000000017,6,1,4.999620000000004,<rdkit.DataStructs.cDataStructs.ExplicitBitVect object at 0x126cfb140>,30
CCOC(=O)CN(CCCOc1ccc2ccccc2c1)c1ccc(OC)cc1,5.32,EC50,False,393.4830000000001,5,0,4.687000000000005,<rdkit.DataStructs.cDataStructs.ExplicitBitVect object at 0x126cfb1b0>,29
CCCc1c(OCCCSc2ccc(CC(=O)O)cc2Cl)ccc2c(CC)noc12,7.0,EC50,True,447.9840000000002,5,1,6.184400000000005,<rdkit.DataStructs.cDataStructs.ExplicitBitVect object at 0x126cfb220>,30
O=C1NC(=O)C(Cc2ccc(/N=N\c3ccc(C(F)(F)F)cc3)cc2)S1,5.19,EC50,False,379.363,5,1,5.014900000000003,<rdkit.DataStructs.cDataStructs.ExplicitBitVect object at 0x126cfb290>,26
Cc1oc(-c2ccccc2)nc1CCOc1ccc(Cc2nnn(-c3ccccc3)c2C(=O)O)cc1,5.24,EC50,False,480.52400000000017,7,1,5.141220000000004,<rdkit.DataStructs.cDataStructs.ExplicitBitVect object at 0x126cfb300>,36
Cc1oc(-c2ccc(F)cc2)nc1CCOc1ccc(C[C@H](Nc2ccccc2C(=O)c2ccccc2)C(=O)O)cc1,9.9,EC50,True,564.6130000000003,6,2,6.749420000000006,<rdkit.DataStructs.cDataStructs.ExplicitBitVect object at 0x126cfb370>,42
CC(C)O[C@H](Cc1ccc(OCc2noc(-c3cc(C(F)(F)F)cc(C(F)(F)F)c3)n2)cc1)C(=O)O,6.2,EC50,True,518.4100000000001,6,1,5.773900000000004,<rdkit.DataStructs.cDataStructs.ExplicitBitVect object at 0x126cfb3e0>,36
CCOC(=O)C1=C(c2ccccc2)c2ccc(OCCCc3ccccc3)cc2C1=O,7.3,EC50,True,412.4850000000002,4,0,5.259500000000005,<rdkit.DataStructs.cDataStructs.ExplicitBitVect object at 0x126cfb450>,31
CCOC(=O)C1=C(c2ccccc2)c2ccc(OCc3ccccc3)cc2C1=O,6.66,EC50,True,384.4310000000001,4,0,4.826900000000004,<rdkit.DataStructs.cDataStructs.ExplicitBitVect object at 0x126cfb4c0>,29
Cc1oc(-c2cccc(Cl)c2)nc1CCOc1ccc(CC2(C(=O)O)CCCO2)cn1,9.0,EC50,True,442.8990000000002,6,1,4.496220000000004,<rdkit.DataStructs.cDataStructs.ExplicitBitVect object at 0x126cfb530>,31
Cc1oc(-c2ccccc2)nc1CCOc1ccc(CC2(C(=O)O)CCC2)cn1,6.9,EC50,True,392.4550000000002,5,1,4.4639200000000026,<rdkit.DataStructs.cDataStructs.ExplicitBitVect object at 0x126cfb5a0>,29
Cc1oc(-c2ccccc2)nc1CCOc1ccc(CC(C)(C)C(=O)O)cn1,6.01,EC50,True,380.44400000000013,5,1,4.319820000000002,<rdkit.DataStructs.cDataStructs.ExplicitBitVect object at 0x126cfb610>,28
CCO/N=C(\C)C(Cc1ccc(OCCc2nc(C(C)C)oc2C)cc1)C(=O)O,7.7,EC50,True,402.49100000000016,6,1,4.383620000000003,<rdkit.DataStructs.cDataStructs.ExplicitBitVect object at 0x126cfb680>,29
Cc1oc(-c2ccccc2)nc1CCOc1ccc(C2=C(C(=O)O)CCN(C(=O)OCC(C)C)C2)cc1,5.33,EC50,False,504.58300000000037,6,1,5.608020000000005,<rdkit.DataStructs.cDataStructs.ExplicitBitVect object at 0x126cfb6f0>,37
COC(=O)c1ccccc1N[C@@H](Cc1ccc(OCCc2nc(-c3ccccc3)oc2C)cc1)C(=O)O,9.2,EC50,True,500.5510000000003,7,2,5.165920000000004,<rdkit.DataStructs.cDataStructs.ExplicitBitVect object at 0x126cfb760>,37
Cc1oc(-c2ccccc2)nc1CCOc1cccc(C[C@H]2CN(C(=O)Oc3ccccc3)C[C@@H]2C(=O)O)c1,5.21,EC50,False,526.5890000000003,6,1,5.645620000000005,<rdkit.DataStructs.cDataStructs.ExplicitBitVect object at 0x126cfb7d0>,39
Cc1oc(-c2ccccc2)nc1CCOc1cccc(C[C@@H]2CN(c3ccccc3)C[C@@H]2C(=O)O)c1,5.47,EC50,False,482.5800000000002,5,1,5.651220000000006,<rdkit.DataStructs.cDataStructs.ExplicitBitVect object at 0x126cfb840>,36
CCOC(=O)C1=C(c2ccccc2)c2ccc(OCCc3ccccc3)cc2C1=O,6.68,EC50,True,398.45800000000014,4,0,4.869400000000004,<rdkit.DataStructs.cDataStructs.ExplicitBitVect object at 0x126cfb8b0>,30
CCOC(=O)C1=C(C23CC4CC(CC(C4)C2)C3)c2ccc(OC)cc2C1=O,5.6,EC50,True,366.4570000000001,4,0,4.424600000000004,<rdkit.DataStructs.cDataStructs.ExplicitBitVect object at 0x126cfb920>,27
CCCc1c(OCCCn2ccc3cc(OC(C)(C)C(=O)O)ccc32)ccc2cc(C(=O)c3ccc(F)cc3)ccc12,5.67,EC50,True,567.6570000000003,5,1,7.828200000000007,<rdkit.DataStructs.cDataStructs.ExplicitBitVect object at 0x126cfb990>,42
CCCc1cc(C(=O)c2ccccc2)ccc1OCCCn1ccc2cc(OC(C)(C)C(=O)O)ccc21,6.38,EC50,True,499.6070000000003,5,1,6.535900000000006,<rdkit.DataStructs.cDataStructs.ExplicitBitVect object at 0x126cfba00>,37
CC(C)OC(Cc1ccc(OCCc2noc(-c3ccccc3)n2)cc1)C(=O)O,7.89,EC50,True,396.44300000000004,6,1,3.778800000000002,<rdkit.DataStructs.cDataStructs.ExplicitBitVect object at 0x126cfba70>,29
CC1(C)CCC(c2ccc(OCCCOc3ccc4c(c3)O[C@@](C)(C(=O)O)CC4)c(Cl)c2)CC1,6.0,EC50,True,487.0360000000003,4,1,7.040000000000007,<rdkit.DataStructs.cDataStructs.ExplicitBitVect object at 0x126cfbae0>,34
CCCc1cc(Oc2ccccc2)ccc1OCCCOc1ccc2c(c1)OC(CCC)(C(=O)O)CC2,6.08,EC50,True,504.6230000000004,5,1,7.227800000000007,<rdkit.DataStructs.cDataStructs.ExplicitBitVect object at 0x126cfbb50>,37
CC/C(=N\OCc1sc(-c2ccc(C(F)(F)F)cc2)nc1C)c1ccc(OCC(=O)O)c(C)c1,6.1,EC50,True,492.5190000000003,6,1,6.240040000000006,<rdkit.DataStructs.cDataStructs.ExplicitBitVect object at 0x126cfbbc0>,34
Cc1cc(/C(=N/OCc2sc(-c3ccc(C(F)(F)F)cc3)nc2C)C2CCCCC2)ccc1OCC(=O)O,6.0,EC50,True,546.6110000000004,6,1,7.410340000000006,<rdkit.DataStructs.cDataStructs.ExplicitBitVect object at 0x126cfbc30>,38
Cc1oc(-c2ccccc2)nc1CCOc1cccc(CC2=C(C(=O)O)CCN(c3nccc(C(F)(F)F)n3)C2)c1,6.19,EC50,True,564.5640000000002,7,1,5.914320000000004,<rdkit.DataStructs.cDataStructs.ExplicitBitVect object at 0x126cfbca0>,41
Cc1oc(-c2ccccc2)nc1CCOc1cccc(CC2=CN(C(=O)OCc3ccccc3)CCC2C(=O)O)c1,7.62,EC50,True,552.6270000000004,6,1,6.441220000000006,<rdkit.DataStructs.cDataStructs.ExplicitBitVect object at 0x126cfbd10>,41
C/C(=C\C(=O)c1ccccc1)NC(Cc1ccc(OCCOc2ccc(/C=C/c3ccccc3)cc2)cc1)C(=O)O,7.92,EC50,True,547.6510000000003,5,2,6.686800000000007,<rdkit.DataStructs.cDataStructs.ExplicitBitVect object at 0x126cfbd80>,41
C/C(=C\C(=O)c1ccccc1)NC(Cc1ccc(OCCOc2ccc(/N=N/c3ccc(Cl)cc3)cc2)cc1)C(=O)O,7.41,EC50,True,584.0720000000003,7,2,7.5852000000000075,<rdkit.DataStructs.cDataStructs.ExplicitBitVect object at 0x126cfbdf0>,42
CN(CCOc1ccc(CC2SC(=O)NC2=O)cc1)c1ccccn1,7.41,EC50,True,357.435,6,1,2.490900000000001,<rdkit.DataStructs.cDataStructs.ExplicitBitVect object at 0x126cfbe60>,25
Cc1nc2cc(C(=O)N[C@@H](C)c3ccccc3)ccc2n1Cc1ccc(Cl)c(Cl)c1,6.2,EC50,True,438.3580000000002,3,1,6.190820000000004,<rdkit.DataStructs.cDataStructs.ExplicitBitVect object at 0x126cfbed0>,30
CC[C@@H](NC(=O)c1ccc2c(c1)nc(C(F)(F)F)n2Cc1ccc(Cl)c(Cl)c1)c1ccccc1,6.6,EC50,True,506.3550000000002,3,1,7.291300000000005,<rdkit.DataStructs.cDataStructs.ExplicitBitVect object at 0x126cfbf40>,34
Cc1oc(-c2ccccc2)nc1CCOc1ccc(C[C@@H](C(=O)O)N(C)C)cc1,6.39,EC50,True,394.4710000000001,5,1,3.8288200000000012,<rdkit.DataStructs.cDataStructs.ExplicitBitVect object at 0x126cd0040>,29
CN(CCOc1ccc(CC2SC(=O)NC2=O)cc1)c1ccccn1,8.0,EC50,True,357.435,6,1,2.490900000000001,<rdkit.DataStructs.cDataStructs.ExplicitBitVect object at 0x126cd00b0>,25
COC(=O)C1Cc2ccc(OCCc3nc(-c4ccc(OC)cc4)oc3C)cc2OC1=O,9.0,EC50,True,437.4480000000002,8,0,3.530820000000002,<rdkit.DataStructs.cDataStructs.ExplicitBitVect object at 0x126cd0120>,32
COC(=O)C1Cc2ccc(OCCc3nc(-c4cccc(C)c4)oc3C)cc2OC1=O,9.0,EC50,True,421.4490000000002,7,0,3.8306400000000025,<rdkit.DataStructs.cDataStructs.ExplicitBitVect object at 0x126cd0190>,31
CC(C)OC(Cc1ccc(OCCc2noc(-c3cccc(F)c3)n2)cc1)C(=O)O,8.7,EC50,True,414.43300000000005,6,1,3.917900000000002,<rdkit.DataStructs.cDataStructs.ExplicitBitVect object at 0x126cd0200>,30
COC(=O)C1Cc2ccc(OCCc3nc(-c4ccc(F)cc4)oc3C)cc2OC1=O,9.0,EC50,True,425.41200000000015,7,0,3.6613200000000026,<rdkit.DataStructs.cDataStructs.ExplicitBitVect object at 0x126cd0270>,31
O=C(O)[C@H](Cc1ccccc1)Oc1ccc(CO)cc1,4.59,EC50,False,272.3,3,2,2.2536000000000005,<rdkit.DataStructs.cDataStructs.ExplicitBitVect object at 0x126cd02e0>,20
Cc1ccc(NC(=O)c2ccccc2NC(=O)c2ccc(C(C)(C)C)cc2)cc1C(=O)O,5.3,EC50,False,430.50400000000025,3,3,5.495320000000005,<rdkit.DataStructs.cDataStructs.ExplicitBitVect object at 0x126cd0350>,32
Cc1cc(SCc2sc(-c3ccc(C(F)(F)F)cc3)nc2C)ccc1OCC(=O)O,5.0,EC50,False,453.5070000000002,5,1,6.201440000000006,<rdkit.DataStructs.cDataStructs.ExplicitBitVect object at 0x126cd03c0>,30
CN(CCCCC1CCSS1)CCOc1ccc(CC2SC(=O)NC2=O)cc1,4.55,EC50,False,440.6560000000001,7,1,4.215300000000004,<rdkit.DataStructs.cDataStructs.ExplicitBitVect object at 0x126cd0430>,28
Cc1oc(-c2ccc(C(F)(F)F)cc2)nc1Cn1ccc2cc(CC(OC(C)C)C(=O)O)ccc21,6.8,EC50,True,486.49000000000024,5,1,6.092520000000007,<rdkit.DataStructs.cDataStructs.ExplicitBitVect object at 0x126cd04a0>,35
CCOC(Cc1ccc2c(ccn2Cc2nc(-c3ccccc3)oc2C)c1)C(=O)O,6.55,EC50,True,404.4660000000001,5,1,4.685220000000004,<rdkit.DataStructs.cDataStructs.ExplicitBitVect object at 0x126cd0510>,30
Cc1oc(-c2ccccc2)nc1CCOc1ccc(C[C@@H](C(=O)O)N2CCN(c3cccc(Cl)c3)CC2)cc1,4.34,EC50,False,546.0670000000002,6,1,5.7428200000000045,<rdkit.DataStructs.cDataStructs.ExplicitBitVect object at 0x126cd0580>,39
O=C(O)C(Cc1ccccc1Cl)Oc1ccc(Cl)cc1,5.65,EC50,True,311.164,2,1,4.068100000000003,<rdkit.DataStructs.cDataStructs.ExplicitBitVect object at 0x126cd05f0>,20
CC[C@]1(C(=O)O)CCc2ccc(OCCCOc3ccc(C(C)(C)C)cc3Cl)cc2O1,6.0,EC50,True,446.9710000000002,4,1,6.043800000000006,<rdkit.DataStructs.cDataStructs.ExplicitBitVect object at 0x126cd0660>,31
CC[C@]1(C(=O)O)CCc2ccc(OCCCOc3ccc(C4CCCCC4)cc3Cl)cc2O1,6.4,EC50,True,473.0090000000003,4,1,6.794000000000008,<rdkit.DataStructs.cDataStructs.ExplicitBitVect object at 0x126cd06d0>,33
CC[C@]1(C(=O)O)CCc2ccc(OCCCOc3ccc(C(C)C)cc3Cl)cc2O1,5.92,EC50,True,432.94400000000013,4,1,5.869700000000006,<rdkit.DataStructs.cDataStructs.ExplicitBitVect object at 0x126cd0740>,30
COc1ccc2c(c1)c(Cc1cccc(OC(C)C(=O)O)c1)c(C)n2C(=O)c1ccc(Cl)cc1,7.72,EC50,True,477.9440000000002,5,1,5.742920000000004,<rdkit.DataStructs.cDataStructs.ExplicitBitVect object at 0x126cd07b0>,34
COc1ccc(C(=O)n2c(C)c(Cc3ccccc3OC(C)(C)C(=O)O)c3cc(OC(F)(F)F)ccc32)cc1,7.3,EC50,True,541.5220000000002,6,1,6.378220000000005,<rdkit.DataStructs.cDataStructs.ExplicitBitVect object at 0x126cd0820>,39
COC(=O)N(CC(=O)O)Cc1cccc(OCc2csc(-c3ccc(C)cc3)n2)c1,5.03,EC50,False,426.4940000000001,6,1,4.350520000000003,<rdkit.DataStructs.cDataStructs.ExplicitBitVect object at 0x126cd0890>,30
COc1ccc(OC(=O)N(CC(=O)O)[C@@H](C)c2cccc(OCc3coc(-c4ccc(Cl)cc4)n3)c2)cc1,6.01,EC50,True,536.9680000000003,7,1,6.229200000000006,<rdkit.DataStructs.cDataStructs.ExplicitBitVect object at 0x126cd0900>,38
COc1cc(OC(=O)N(CC(=O)O)[C@@H](C)c2cccc(OCc3coc(-c4ccc(Cl)cc4)n3)c2)ccc1F,5.84,EC50,True,554.9580000000003,7,1,6.368300000000005,<rdkit.DataStructs.cDataStructs.ExplicitBitVect object at 0x126cd0970>,39
COc1cccc(-c2coc3cc(O)ccc3c2=O)c1,4.65,EC50,False,268.268,4,1,3.1742000000000017,<rdkit.DataStructs.cDataStructs.ExplicitBitVect object at 0x126cd09e0>,20
[N-]=[N+]=NCc1ccc(/C=C2\C=C(CC(=O)O)c3cc(F)ccc32)cc1,6.05,EC50,True,335.338,2,1,5.048300000000004,<rdkit.DataStructs.cDataStructs.ExplicitBitVect object at 0x126cd0a50>,25
CCCc1ccc(Oc2c(C)n(-c3noc4cc(Cl)ccc34)c3ccc(OC(F)(F)F)cc23)cc1O[C@@H](C)C(=O)O,7.41,EC50,True,588.9660000000001,7,1,8.228820000000008,<rdkit.DataStructs.cDataStructs.ExplicitBitVect object at 0x126cd0ac0>,41
CCc1ccc(O[C@@H](Cc2ccccc2)C(=O)O)cc1,5.44,EC50,False,270.328,2,1,3.3237000000000014,<rdkit.DataStructs.cDataStructs.ExplicitBitVect object at 0x126cd0b30>,20
CCCCCCCN(CCc1ccc(OC(C)(C)C(=O)O)cc1)c1nc2ccccc2o1,6.95,EC50,True,438.56800000000015,5,1,6.089300000000006,<rdkit.DataStructs.cDataStructs.ExplicitBitVect object at 0x126cd0ba0>,32
CN(CC#Cc1ccc(C[C@@H](C(=O)O)n2cccc2)cc1)c1ccccc1,5.7,EC50,True,358.44100000000003,3,1,3.844400000000003,<rdkit.DataStructs.cDataStructs.ExplicitBitVect object at 0x126cd0c10>,27
CCCCNc1nc(NCc2ccccc2)c(C(=O)O)c(SCc2ccccc2)n1,6.33,EC50,True,422.55400000000014,6,3,5.291200000000004,<rdkit.DataStructs.cDataStructs.ExplicitBitVect object at 0x126cd0c80>,30
CCc1cc(OCC[C@@H](C)Oc2ccc(Cl)cc2Oc2ccccc2)ccc1CCC(=O)O,6.99,EC50,True,468.97700000000026,4,1,6.948300000000007,<rdkit.DataStructs.cDataStructs.ExplicitBitVect object at 0x126cd0cf0>,33
COC(=O)N(CC(=O)O)Cc1cccc(OCc2coc(-c3ccc(C)cc3)n2)c1,4.81,EC50,False,410.4260000000001,6,1,3.8820200000000034,<rdkit.DataStructs.cDataStructs.ExplicitBitVect object at 0x126cd0d60>,30
COC(=O)N(CC(=O)O)Cc1cccc(OCc2csc(-c3ccc(Cl)cc3)n2)c1,5.33,EC50,False,446.9120000000001,6,1,4.6955000000000044,<rdkit.DataStructs.cDataStructs.ExplicitBitVect object at 0x126cd0dd0>,30
O=C(O)Cc1cn(Cc2ccccc2)c2ccc(OCCCOc3cccc(OCc4ccc(Cl)cc4)c3)cc12,6.3,EC50,True,556.0580000000003,5,1,7.3970000000000065,<rdkit.DataStructs.cDataStructs.ExplicitBitVect object at 0x126cd0e40>,40
Cc1oc(-c2ccccc2)nc1CCOc1cccc(Cc2nn(-c3ccccc3)nc2CC(=O)O)c1,8.4,EC50,True,494.5510000000002,7,1,5.070120000000004,<rdkit.DataStructs.cDataStructs.ExplicitBitVect object at 0x126cd0eb0>,37
Cc1oc(-c2ccccc2)nc1CCOc1cccc(Cc2cn(C)cc2C(=O)O)c1,5.62,EC50,True,416.47700000000015,5,1,4.899020000000004,<rdkit.DataStructs.cDataStructs.ExplicitBitVect object at 0x126cd0f20>,31
Cc1oc(-c2ccccc2)nc1CCOc1cccc(Cc2nn(-c3ccccc3)nc2C(=O)O)c1,5.42,EC50,False,480.52400000000017,7,1,5.141220000000004,<rdkit.DataStructs.cDataStructs.ExplicitBitVect object at 0x126cd0f90>,36
CCCc1c(OCCCOc2ccc3c(ccn3C(CC)C(=O)O)c2)ccc2c(C(F)(F)F)noc12,5.23,EC50,False,504.5050000000002,6,1,6.637400000000005,<rdkit.DataStructs.cDataStructs.ExplicitBitVect object at 0x126cd1000>,36
CCc1ccc(O[C@H](C)CCOc2ccc(CCC(=O)O)c(C)c2)c(-c2ccccc2)c1,6.08,EC50,True,432.5600000000001,3,1,6.478020000000007,<rdkit.DataStructs.cDataStructs.ExplicitBitVect object at 0x126cd1070>,32
CCOC(Cc1ccc(OCCN2CC=C(c3ccc(CC)cc3)CC2)cc1)C(=O)O,6.16,EC50,True,423.5530000000002,4,1,4.449300000000004,<rdkit.DataStructs.cDataStructs.ExplicitBitVect object at 0x126cd10e0>,31
Cc1oc(-c2ccccc2)nc1CN(Cc1ccc(OC(C)(C)C(=O)O)c(Cl)c1)Cc1ccco1,7.15,EC50,True,494.9750000000002,6,1,6.340820000000004,<rdkit.DataStructs.cDataStructs.ExplicitBitVect object at 0x126cd1150>,35
C=C[C@@H](O)C#CC#C[C@@H](O)/C=C\CCCCCCC,5.5,EC50,True,260.37699999999995,2,2,2.817700000000001,<rdkit.DataStructs.cDataStructs.ExplicitBitVect object at 0x126cd11c0>,19
Cc1cc(Oc2ccc3nc(COc4ccccc4C(=O)O)n(C)c3c2)cc(C)c1N.Cl.Cl,5.21,EC50,False,490.3870000000001,6,2,5.685440000000004,<rdkit.DataStructs.cDataStructs.ExplicitBitVect object at 0x126cd1230>,33
Cn1c(COc2cccc(C(=O)O)c2)nc2ccc(Oc3ccc(F)cc3)cc21,6.91,EC50,True,392.3860000000001,5,1,4.781900000000003,<rdkit.DataStructs.cDataStructs.ExplicitBitVect object at 0x126cd12a0>,29
Cl.Cn1c(COc2cccc(C(=O)O)c2)nc2ccc(Oc3cccc(Cl)c3)cc21,7.07,EC50,True,445.3020000000002,5,1,5.718000000000004,<rdkit.DataStructs.cDataStructs.ExplicitBitVect object at 0x126cd1310>,30
COc1ccccc1Oc1ccc2nc(COc3cccc(C(=O)O)c3)n(C)c2c1.Cl,6.32,EC50,True,440.8830000000001,6,1,5.073200000000005,<rdkit.DataStructs.cDataStructs.ExplicitBitVect object at 0x126cd1380>,31
COCCOc1ccc(CCC(=O)NS(=O)(=O)c2ccc(Cl)cc2)c(Oc2ncc(C(F)(F)F)cc2Cl)c1,8.07,EC50,True,593.4070000000002,7,1,5.662400000000004,<rdkit.DataStructs.cDataStructs.ExplicitBitVect object at 0x126cd13f0>,38
CC(C)(Oc1ccc(C(=O)c2cc3ccccc3oc2=O)cc1)C(=O)O,5.43,EC50,False,352.3420000000001,5,1,3.266000000000001,<rdkit.DataStructs.cDataStructs.ExplicitBitVect object at 0x126cd1460>,26
CCCCCS(=O)(=O)NC(=O)/C=C/c1ccc(OCCCC#N)cc1Oc1ncc(C(F)(F)F)cc1Cl,7.82,EC50,True,559.9940000000003,7,1,5.878080000000005,<rdkit.DataStructs.cDataStructs.ExplicitBitVect object at 0x126cd14d0>,37
CCCCOC(=O)NCCCc1ccc(OCCOC)cc1Oc1ncc(C(F)(F)F)cc1Cl,7.42,EC50,True,504.9330000000001,6,1,6.030200000000006,<rdkit.DataStructs.cDataStructs.ExplicitBitVect object at 0x126cd1540>,34
Cc1cc(Oc2ccc3nc(COc4ccc(CC5SC(=O)NC5=O)cc4)n(C)c3c2)cc(C)c1N,10.42,EC50,True,502.5960000000002,8,2,5.037740000000002,<rdkit.DataStructs.cDataStructs.ExplicitBitVect object at 0x126cd15b0>,36
CC[C@@H](C(=O)O)[C@H]1CCc2cc(OCCc3nc(-c4ccccc4)oc3C)ccc21,6.22,EC50,True,405.4940000000001,4,1,5.412120000000005,<rdkit.DataStructs.cDataStructs.ExplicitBitVect object at 0x126cd1620>,30
CC(C)(Oc1ccc(C(=O)c2cc3c(ccc4ccccc43)oc2=O)cc1)C(=O)O,4.25,EC50,False,402.40200000000016,5,1,4.4192000000000045,<rdkit.DataStructs.cDataStructs.ExplicitBitVect object at 0x126cd1690>,30
CCCc1c(OCCCSc2ccc(CC(=O)O)cc2Cl)ccc(C(C)=O)c1O,6.64,EC50,True,436.95700000000016,5,2,5.389000000000005,<rdkit.DataStructs.cDataStructs.ExplicitBitVect object at 0x126cd1700>,29
Cn1c(COc2cccc(C(=O)O)c2)nc2ccc(Oc3ccc(Cl)cn3)cc21,7.15,EC50,True,409.82900000000006,6,1,4.691200000000003,<rdkit.DataStructs.cDataStructs.ExplicitBitVect object at 0x126cd1770>,29
Cc1cc(C)cc(Oc2ccc3nc(COc4cccc(C(=O)O)c4)n(C)c3n2)c1,7.39,EC50,True,403.4380000000001,6,1,4.654640000000004,<rdkit.DataStructs.cDataStructs.ExplicitBitVect object at 0x126cd17e0>,30
Cn1c(COc2cccc(C(=O)O)c2)nc2ccc(Oc3ncc(Cl)cc3F)cc21,7.62,EC50,True,427.81900000000013,6,1,4.830300000000003,<rdkit.DataStructs.cDataStructs.ExplicitBitVect object at 0x126cd1850>,30
CCCOc1ccc(C[C@@H](CC2CCCCC2)C(=O)O)cc1CNC(=O)c1ccc(C23CC4CC(CC(C4)C2)C3)cc1,7.92,EC50,True,571.8020000000001,3,2,8.086900000000009,<rdkit.DataStructs.cDataStructs.ExplicitBitVect object at 0x126cd18c0>,42
CC(C)OC(Cc1ccc(OCCc2noc(-c3cccc(F)c3)n2)cc1)C(=O)O,8.7,EC50,True,414.43300000000005,6,1,3.917900000000002,<rdkit.DataStructs.cDataStructs.ExplicitBitVect object at 0x126cd1930>,30
C/C(=C/C=C/C(C)=C/C(=O)O)c1cc(-c2cccc(F)c2)cc(C(C)C)c1OCC(F)F,9.1,EC50,True,444.49300000000017,2,1,7.250400000000005,<rdkit.DataStructs.cDataStructs.ExplicitBitVect object at 0x126cd19a0>,32
O=C(O)[C@H](Cc1ccc(Oc2ccccc2)cc1)Oc1ccc(Cl)cc1,7.57,EC50,True,368.81600000000014,3,1,5.207000000000003,<rdkit.DataStructs.cDataStructs.ExplicitBitVect object at 0x126cd1a10>,26
CCCc1cc(Oc2ccccc2)ccc1OCCCOc1ccc2c(c1)OC(C(=O)O)CC2,5.14,EC50,False,462.54200000000026,5,1,6.057500000000006,<rdkit.DataStructs.cDataStructs.ExplicitBitVect object at 0x126cd1a80>,34
Cc1cccc(C(=O)c2ccccc2NC(Cc2ccc(OCCN(C)c3nc4ccccc4o3)cc2)C(=O)O)c1,7.78,EC50,True,549.6270000000004,7,2,5.990220000000005,<rdkit.DataStructs.cDataStructs.ExplicitBitVect object at 0x126cd1af0>,41
CCCc1nc2ccccc2n1Cc1ccc(-c2ccc(C(=O)O)cc2)cc1,5.73,EC50,True,370.45200000000006,3,1,5.402300000000006,<rdkit.DataStructs.cDataStructs.ExplicitBitVect object at 0x126cd1b60>,28
NC(=O)C(Cc1ccc(OCCOc2ccc3ccccc3c2)cc1)C(=O)O,5.52,EC50,True,379.41200000000003,4,2,3.026200000000001,<rdkit.DataStructs.cDataStructs.ExplicitBitVect object at 0x126cd1bd0>,28
CN(CCOc1ccc(CC(Nc2ccccc2C(=O)c2ccc(C(F)(F)F)cc2)C(=O)O)cc1)c1nc2ccccc2o1,7.16,EC50,True,603.5970000000002,7,2,6.700600000000006,<rdkit.DataStructs.cDataStructs.ExplicitBitVect object at 0x126cd1c40>,44
CCCCC(Sc1nc(OCCc2ccccc2)cc(OCCc2ccccc2)n1)C(=O)O,5.08,EC50,False,466.60300000000024,6,1,5.455100000000005,<rdkit.DataStructs.cDataStructs.ExplicitBitVect object at 0x126cd1cb0>,33
CCCc1c(OCCCn2ccc3cc(OC(C)(C)C(=O)O)ccc32)ccc2c(C(=O)c3ccccc3)cccc12,5.46,EC50,False,549.6670000000003,5,1,7.689100000000008,<rdkit.DataStructs.cDataStructs.ExplicitBitVect object at 0x126cd1d20>,41
Cn1c(COc2cccc(C(=O)O)c2)nc2ccc(Oc3cccc(Cl)n3)cc21,6.13,EC50,True,409.82900000000006,6,1,4.691200000000002,<rdkit.DataStructs.cDataStructs.ExplicitBitVect object at 0x126cd1d90>,29
CC(C)(C)N.CCO/C=C/C(=O)N1Cc2cc(OCCc3nc(/C=C/CCC(C)C)oc3C)ccc2C[C@H]1C(=O)O,7.7,EC50,True,569.7430000000005,7,2,5.6856200000000054,<rdkit.DataStructs.cDataStructs.ExplicitBitVect object at 0x126cd1e00>,41
COc1ccc2c(-n3c(=O)n(Cc4cc([C@@]5(C)OC(=O)NC5=O)ccc4Cl)c4ccccc43)noc2c1,5.74,EC50,True,518.9130000000001,9,1,4.125300000000003,<rdkit.DataStructs.cDataStructs.ExplicitBitVect object at 0x126cd1e70>,37
CCOc1cc(Oc2ccc3nc(COc4cccc(C(=O)O)c4)n(C)c3c2)ccn1,6.74,EC50,True,419.4370000000001,7,1,4.436500000000003,<rdkit.DataStructs.cDataStructs.ExplicitBitVect object at 0x126cd1ee0>,31
CSc1nc(Sc2nnc(-c3cc(C(F)(F)F)cc(C(F)(F)F)c3)[nH]2)cc(Sc2nnc(-c3cc(C(F)(F)F)cc(C(F)(F)F)c3)[nH]2)n1,5.27,EC50,False,748.6040000000002,9,2,9.1463,<rdkit.DataStructs.cDataStructs.ExplicitBitVect object at 0x126cd1f50>,48
Cc1c(Oc2cc(Cl)cc(O[C@@H](C)C(=O)O)c2)c2cc(OC(F)(F)F)ccc2n1-c1noc2cc(Cl)ccc12,6.94,EC50,True,581.3300000000002,7,1,7.929720000000002,<rdkit.DataStructs.cDataStructs.ExplicitBitVect object at 0x126cd1fc0>,39
CCCc1nc2c(C)cc(-c3nc4ccccc4n3C)cc2n1Cc1ccc(-c2ccccc2C(N)=O)cc1,5.04,EC50,False,513.6450000000003,5,1,6.665120000000006,<rdkit.DataStructs.cDataStructs.ExplicitBitVect object at 0x126cd2030>,39
C/C(=N\OCC1CC1)C(Cc1ccc(OCCc2nc(-c3ccccc3)oc2C)cc1)C(=O)O,9.44,EC50,True,462.54600000000016,6,1,5.317320000000005,<rdkit.DataStructs.cDataStructs.ExplicitBitVect object at 0x126cd20a0>,34
CCCc1c(OCCCOc2cccc3c2ccn3CC(=O)O)ccc2cc(C(=O)c3ccccc3)ccc12,5.64,EC50,True,521.6130000000003,5,1,6.910500000000006,<rdkit.DataStructs.cDataStructs.ExplicitBitVect object at 0x126cd2110>,39
CCOc1cc(N2C(=O)c3ccccc3C2=O)ccc1CCc1ccc(CC(CC)C(=O)O)cc1,5.03,EC50,False,471.55300000000034,4,1,5.324400000000004,<rdkit.DataStructs.cDataStructs.ExplicitBitVect object at 0x126cd2180>,35
CCCCc1nc(C)c(CC(=O)OC)c(=O)n1Cc1ccc(-c2ccccc2-c2noc(=O)[nH]2)cc1,5.13,EC50,False,488.54400000000015,8,1,3.668420000000002,<rdkit.DataStructs.cDataStructs.ExplicitBitVect object at 0x126cd21f0>,36
CC(C)(C)c1ccc(-n2c(C(=O)O)c(Oc3cccc(C(F)(F)F)c3)c3cc(Cl)ccc32)cc1,6.87,EC50,True,487.90500000000014,3,1,8.090700000000004,<rdkit.DataStructs.cDataStructs.ExplicitBitVect object at 0x126cd2260>,34
CCOC(Cc1ccc2c(ccn2Cc2nc(-c3ccc(F)cc3)oc2C)c1)C(=O)O,6.11,EC50,True,422.45600000000013,5,1,4.824320000000005,<rdkit.DataStructs.cDataStructs.ExplicitBitVect object at 0x126cd22d0>,31
CCCc1cc2c(=O)n(C(C)C)oc2c(CCC)c1O[C@H](C(=O)O)c1ccc(C(C)C)cc1,6.37,EC50,True,453.5790000000002,5,1,6.408500000000007,<rdkit.DataStructs.cDataStructs.ExplicitBitVect object at 0x126cd2340>,33
CCOC(Cc1ccc(OC(=O)Cc2ccc(NC(=O)OC(C)(C)C)cc2)c(Cc2ccccc2)c1)C(=O)O,8.28,EC50,True,533.6210000000003,6,2,5.804700000000005,<rdkit.DataStructs.cDataStructs.ExplicitBitVect object at 0x126cd23b0>,39
CCOC(Cc1ccc(OC(=O)Cc2nc(-c3ccccc3)oc2C)c(C)c1)C(=O)O,7.37,EC50,True,423.46500000000015,6,1,4.138740000000003,<rdkit.DataStructs.cDataStructs.ExplicitBitVect object at 0x126cd2420>,31
O=C(Cc1cccc(SCc2ccccc2C(=O)O)c1)OCc1ccc(C(F)(F)F)cc1,5.6,EC50,True,460.47300000000007,4,1,5.981800000000003,<rdkit.DataStructs.cDataStructs.ExplicitBitVect object at 0x126cd2490>,32
COC(=O)C(c1ccccc1)(c1ccc(SCc2ccccc2C(=O)O)cc1)c1ncco1,4.75,EC50,False,459.5230000000002,6,1,5.172500000000005,<rdkit.DataStructs.cDataStructs.ExplicitBitVect object at 0x126cd2500>,33
O=C(Cc1ccc(CC(SCCc2ccc(F)cc2)C(=O)O)cc1)OCc1ccc(C(F)(F)F)cc1,5.77,EC50,True,520.5440000000002,4,1,6.102000000000005,<rdkit.DataStructs.cDataStructs.ExplicitBitVect object at 0x126cd2570>,36
COc1ccc2c(-n3c(=O)n(Cc4ccc(Cl)c(O[C@H](C)C(=O)O)c4)c4ccc(C(F)(F)F)cc43)noc2c1,7.08,EC50,True,561.9000000000002,8,1,5.514400000000004,<rdkit.DataStructs.cDataStructs.ExplicitBitVect object at 0x126cd25e0>,39
Cc1cccc(Nc2cc(Cl)nc(OCCC(=O)O)n2)c1C,4.85,EC50,False,321.764,5,2,3.343940000000001,<rdkit.DataStructs.cDataStructs.ExplicitBitVect object at 0x126cd2650>,22
CCOc1cc(CNC(=O)c2c(OC)cc(O)c3c2OC2=CC(O)=C(C(C)=O)C(=O)[C@]23C)c2ccccc2c1,6.62,EC50,True,529.5450000000003,8,3,4.400500000000003,<rdkit.DataStructs.cDataStructs.ExplicitBitVect object at 0x126cd26c0>,39
CCOc1ccc2c(c1)O/C(=C\c1cc(C)c(OC(C)(C)C(=O)O)c(C)c1)C2=O,6.54,EC50,True,396.43900000000014,5,1,4.560340000000003,<rdkit.DataStructs.cDataStructs.ExplicitBitVect object at 0x126cd2730>,29
O=C(Cc1ccc(C(F)(F)F)cc1)OCc1ccc(SCc2ccccc2C(=O)O)cc1,6.12,EC50,True,460.4730000000002,4,1,5.981800000000004,<rdkit.DataStructs.cDataStructs.ExplicitBitVect object at 0x126cd27a0>,32
O=C(Cc1cccc(SCc2ccccc2C(=O)O)c1)OCc1ccc(-n2cccn2)cc1,5.38,EC50,False,458.5390000000001,6,1,5.148700000000004,<rdkit.DataStructs.cDataStructs.ExplicitBitVect object at 0x126cd2810>,33
CCOC(=O)C(C)(C)Oc1ccc(C(=O)c2cc3ccccc3oc2=O)cc1,5.29,EC50,False,380.3960000000001,6,0,3.744500000000003,<rdkit.DataStructs.cDataStructs.ExplicitBitVect object at 0x126cd2880>,28
Cc1cc(OCc2sc(-c3ccc(C(F)(F)F)cc3)nc2C)ccc1CCC(=O)O,5.38,EC50,False,435.4670000000002,4,1,6.041940000000005,<rdkit.DataStructs.cDataStructs.ExplicitBitVect object at 0x126cd28f0>,30
CCc1nc2c(C)cc(C)nc2n1Cc1ccc2c(c1)CCc1ccccc1C2C(C)c1nn[nH]n1,6.71,EC50,True,477.61600000000016,6,1,5.206140000000004,<rdkit.DataStructs.cDataStructs.ExplicitBitVect object at 0x126cd2960>,36
CCc1nc2c(C)cc(C)nc2n1Cc1ccc2c(c1)CCc1ccccc1/C2=C(\C)c1noc(=O)[nH]1,6.75,EC50,True,491.59500000000025,6,1,5.412740000000005,<rdkit.DataStructs.cDataStructs.ExplicitBitVect object at 0x126cd29d0>,37
CCCc1nc(-c2ccncc2)cn1Cc1ccc2c(c1)COc1ccccc1/C2=C(\C)c1noc(=O)[nH]1,6.23,EC50,True,505.5780000000003,7,1,5.493600000000005,<rdkit.DataStructs.cDataStructs.ExplicitBitVect object at 0x126cd2a40>,38
CCCCCS(=O)(=O)NC(=O)c1ccc2nc(C)n(Cc3ccc(Cl)cc3Cl)c2c1,6.79,EC50,True,468.40600000000023,5,1,4.949620000000005,<rdkit.DataStructs.cDataStructs.ExplicitBitVect object at 0x126cd2ab0>,30
Cc1cc(OC(Cc2ccccc2)C(=O)O)cc(C)c1-c1ccccc1,5.69,EC50,True,346.42600000000004,2,1,5.045140000000004,<rdkit.DataStructs.cDataStructs.ExplicitBitVect object at 0x126cd2b20>,26
COCn1c(-c2ccccc2)nc(C)c1CCOc1ccc(C[C@H](Nc2ccccc2C(=O)c2ccccc2)C(=O)O)cc1,7.09,EC50,True,589.6920000000002,7,2,6.422720000000006,<rdkit.DataStructs.cDataStructs.ExplicitBitVect object at 0x126cd2b90>,44
Cc1nc(-c2ccc(C(F)(F)F)cc2)sc1CCc1ccc(OC(C)(C)C(=O)O)cc1,5.73,EC50,True,449.4940000000002,4,1,6.164520000000005,<rdkit.DataStructs.cDataStructs.ExplicitBitVect object at 0x126cd2c00>,31
CN(CCOc1ccc(C[C@H](Nc2ccccc2C(=O)c2ccccc2)C(=O)O)cc1)c1ccccn1,7.92,EC50,True,495.5790000000002,6,2,4.9356000000000035,<rdkit.DataStructs.cDataStructs.ExplicitBitVect object at 0x126cd2c70>,37
CCC(Cc1ccc(OC)c(CNC(=O)c2ccc(C34CC5CC(CC(C5)C3)C4)cc2F)c1)C(=O)O,6.85,EC50,True,493.61900000000037,3,2,5.885400000000006,<rdkit.DataStructs.cDataStructs.ExplicitBitVect object at 0x126cd2ce0>,36
CCCc1cc(C(=O)c2ccc3ccccc3c2)ccc1OCCCn1ccc2c(OC(C)(C)C(=O)O)cccc21,5.55,EC50,True,549.6670000000004,5,1,7.689100000000009,<rdkit.DataStructs.cDataStructs.ExplicitBitVect object at 0x126cd2d50>,41
CCCC(C(=O)O)C1CCc2cc(OCCc3nc(-c4ccccc4)oc3C)ccc21,7.28,EC50,True,419.5210000000001,4,1,5.8022200000000055,<rdkit.DataStructs.cDataStructs.ExplicitBitVect object at 0x126cd2dc0>,31
CCOC(Cc1cccc2c1ccn2CCCc1nc(-c2ccccc2)oc1C)C(=O)O,7.05,EC50,True,432.52000000000015,5,1,5.269720000000005,<rdkit.DataStructs.cDataStructs.ExplicitBitVect object at 0x126cd2e30>,32
CCOC(Cc1ccc2c(ccn2Cc2nc(-c3ccccc3OC)oc2C)c1)C(=O)O,5.96,EC50,True,434.4920000000002,6,1,4.693820000000004,<rdkit.DataStructs.cDataStructs.ExplicitBitVect object at 0x126cd2ea0>,32
CCOC(Cc1ccc2c(ccn2Cc2nc(-c3ccc(C(C)C)cc3)oc2C)c1)C(=O)O,6.92,EC50,True,446.5470000000002,5,1,5.808620000000006,<rdkit.DataStructs.cDataStructs.ExplicitBitVect object at 0x126cd2f10>,33
CCOC(Cc1ccc2c(ccn2Cc2nc(-c3ccc(F)c(C)c3)oc2C)c1)C(=O)O,6.85,EC50,True,436.4830000000002,5,1,5.132740000000005,<rdkit.DataStructs.cDataStructs.ExplicitBitVect object at 0x126cd2f80>,32
COC(Cc1ccc2c(ccn2Cc2nc(-c3ccccc3)oc2C)c1)C(=O)O,5.96,EC50,True,390.43900000000014,5,1,4.295120000000003,<rdkit.DataStructs.cDataStructs.ExplicitBitVect object at 0x126cd2ff0>,29
Cc1oc(-c2ccccc2)nc1CCOc1ccc(CC2(C(=O)O)CCCO2)cn1,7.92,EC50,True,408.45400000000024,6,1,3.8428200000000015,<rdkit.DataStructs.cDataStructs.ExplicitBitVect object at 0x126cd3060>,30
CCOC(CC)(Cc1ccc(OCCc2nc(-c3ccccc3)oc2C)nc1)C(=O)O,5.55,EC50,True,424.4970000000001,6,1,4.478920000000003,<rdkit.DataStructs.cDataStructs.ExplicitBitVect object at 0x126cd30d0>,31
Cc1ccc(OC(=O)N(CC(=O)O)Cc2cccc(OCc3nc(-c4cccc(Cl)c4)oc3C)c2)cc1,6.28,EC50,True,520.9690000000003,6,1,6.276440000000005,<rdkit.DataStructs.cDataStructs.ExplicitBitVect object at 0x126cd3140>,37
CC(C)(Oc1cccc(CCN(CCOc2ccccc2)c2nc3ccccc3o2)c1)C(=O)O,5.96,EC50,True,460.53000000000014,6,1,5.197900000000005,<rdkit.DataStructs.cDataStructs.ExplicitBitVect object at 0x126cd31b0>,34
CCOC(=O)C1=C(c2ccccc2)c2ccc(OC)cc2/C1=N\OC,5.82,EC50,True,337.3750000000001,5,0,3.4243000000000023,<rdkit.DataStructs.cDataStructs.ExplicitBitVect object at 0x126cd3220>,25
CC(C)OC(=O)C1=C(c2ccccc2)c2ccc(OCCN3CCOCC3)cc2/C1=[N+](/C)[O-],7.6,EC50,True,450.5350000000004,6,0,3.0939000000000014,<rdkit.DataStructs.cDataStructs.ExplicitBitVect object at 0x126cd3290>,33
CCOC(=O)C1=C(c2ccc(C)cc2)c2ccc(OCCCc3ccccc3)cc2/C1=[N+](/C)[O-],6.18,EC50,True,455.55400000000026,4,0,5.3144200000000055,<rdkit.DataStructs.cDataStructs.ExplicitBitVect object at 0x126cd3300>,34
CCC#CCOc1cc(COc2ccc(C(F)(F)F)cc2)ccc1Sc1ccc(OCC(=O)O)c2c1CCCC2,6.8,EC50,True,570.6289999999999,5,1,7.5700000000000065,<rdkit.DataStructs.cDataStructs.ExplicitBitVect object at 0x126cd3370>,40
C#CCOc1cc(COc2ccc(C(F)(F)F)cc2)ccc1Sc1ccc(OCC(=O)O)c2c1CCCC2,5.31,EC50,False,542.575,5,1,6.789800000000005,<rdkit.DataStructs.cDataStructs.ExplicitBitVect object at 0x126cd33e0>,38
CCO[C@@H](Cc1ccc(OC/C=C(\c2ccccc2)c2ccc(Br)cc2)cc1)C(=O)O,5.37,EC50,False,481.38600000000014,3,1,5.992000000000005,<rdkit.DataStructs.cDataStructs.ExplicitBitVect object at 0x126cd3450>,31
CCCC(Sc1nc(Cl)cc(Nc2cccc(C)c2C)n1)C(=O)O,5.26,EC50,False,365.88600000000014,5,2,4.835840000000004,<rdkit.DataStructs.cDataStructs.ExplicitBitVect object at 0x126cd34c0>,24
CCCCC(Sc1nc(Cl)cc(Nc2cccc(C)c2C)n1)C(=O)O,5.52,EC50,True,379.9130000000002,5,2,5.225940000000004,<rdkit.DataStructs.cDataStructs.ExplicitBitVect object at 0x126cd3530>,25
Cc1cc(OCc2cc(-c3ccccc3)cc(-c3ccccc3)c2)ccc1OCC(=O)O,6.13,EC50,True,424.4960000000002,3,1,6.371420000000006,<rdkit.DataStructs.cDataStructs.ExplicitBitVect object at 0x126cd35a0>,32
CC(C)(C)c1ccc(-n2c(C(=O)O)c(Oc3cccc(C(F)(F)F)c3)c3cccnc32)cc1,6.33,EC50,True,454.4480000000001,4,1,6.8323000000000045,<rdkit.DataStructs.cDataStructs.ExplicitBitVect object at 0x126cd3610>,33
Cc1ccccc1-c1ccc(O[C@@H](Cc2ccccc2)C(=O)O)cc1,5.87,EC50,True,332.39900000000006,2,1,4.736720000000004,<rdkit.DataStructs.cDataStructs.ExplicitBitVect object at 0x126cd3680>,25
CCCCc1nc(C(C)C)c(CC(=S)N2CCCC2)c(=O)n1Cc1ccc(-c2ccccc2-c2noc(=O)[nH]2)cc1,5.51,EC50,True,571.7470000000003,7,1,5.733600000000006,<rdkit.DataStructs.cDataStructs.ExplicitBitVect object at 0x126cd36f0>,41
CCC#CCOc1cc(COCC2CC2)ccc1Sc1ccc(OCC(=O)O)c2c1CCCC2,6.41,EC50,True,480.6260000000003,5,1,5.898800000000006,<rdkit.DataStructs.cDataStructs.ExplicitBitVect object at 0x126cd3760>,34
Cc1cc(CCc2cc(-c3ccc(Br)cc3)on2)cc(C)c1OC(C)(C)C(=O)O,6.34,EC50,True,458.35200000000026,4,1,5.748140000000005,<rdkit.DataStructs.cDataStructs.ExplicitBitVect object at 0x126cd37d0>,29
COCc1nc2cc(Cl)ccn2c1Cc1ccc2c(c1)COc1cc(F)ccc1/C2=C(\C)c1noc(=O)[nH]1,9.0,EC50,True,532.9590000000003,7,1,5.411700000000004,<rdkit.DataStructs.cDataStructs.ExplicitBitVect object at 0x126cd3840>,38
CCC(Oc1cccc(Cc2c(C)n(C(=O)c3ccc(OC)cc3)c3ccc(OC(F)(F)F)cc23)c1)C(=O)O,8.52,EC50,True,541.5220000000002,6,1,6.378220000000005,<rdkit.DataStructs.cDataStructs.ExplicitBitVect object at 0x126cd38b0>,39
CCO[C@@H](Cc1ccc(OC/C=C/c2cc(C#Cc3ccccc3)cc(C#Cc3ccccc3)c2)cc1)C(=O)O,5.51,EC50,True,526.6320000000002,3,1,6.610600000000007,<rdkit.DataStructs.cDataStructs.ExplicitBitVect object at 0x126cd3920>,40
COc1cccc([C@H](O)COc2ccc(CC3SC(=O)NC3=O)cc2)c1,6.76,EC50,True,373.43000000000006,6,2,2.7017000000000007,<rdkit.DataStructs.cDataStructs.ExplicitBitVect object at 0x126cd3990>,26
COC(=O)C1Cc2ccc(OCCc3nc(-c4ccc(-c5ccccc5)cc4)oc3C)cc2OC1=O,5.95,EC50,True,483.5200000000002,7,0,5.189220000000004,<rdkit.DataStructs.cDataStructs.ExplicitBitVect object at 0x126cd3a00>,36
COC(=O)c1cc2ccc(OCCc3nc(-c4cccc(OC)c4)oc3C)cc2oc1=O,6.46,EC50,True,435.4320000000002,8,0,4.173120000000003,<rdkit.DataStructs.cDataStructs.ExplicitBitVect object at 0x126cd3a70>,32
CCc1ccc(CCOc2ccc(CC3SC(=O)NC3=O)cc2)nc1,6.62,EC50,True,356.44700000000006,5,1,3.159600000000001,<rdkit.DataStructs.cDataStructs.ExplicitBitVect object at 0x126cd3ae0>,25
CCO[C@@H](Cc1ccc(OCCc2nc(-c3ccc(C(F)(F)F)cc3)oc2C)c2ccccc12)C(=O)O,7.68,EC50,True,513.5120000000002,5,1,6.475720000000006,<rdkit.DataStructs.cDataStructs.ExplicitBitVect object at 0x126cd3b50>,37
CCOC(=O)C(Cc1ccc(OCCn2c(=O)sc3cc(/C=C/c4cc(O)cc(O)c4)ccc32)cc1)OCC(F)(F)F,7.1,EC50,True,603.6150000000002,9,2,5.776700000000006,<rdkit.DataStructs.cDataStructs.ExplicitBitVect object at 0x126cd3bc0>,42
CCOC(Cc1ccc(OCCn2c(=O)sc3cc(/C=C/c4cc(O)cc(O)c4)ccc32)cc1)C(=O)O,6.0,EC50,True,521.5910000000002,8,3,4.755800000000004,<rdkit.DataStructs.cDataStructs.ExplicitBitVect object at 0x126cd3c30>,37
CCCC(CCOc1ccc(CCC(=O)O)c(C)c1)Oc1ccc(CC)cc1C(=O)c1ccccc1,6.01,EC50,True,488.62400000000025,4,1,6.822220000000007,<rdkit.DataStructs.cDataStructs.ExplicitBitVect object at 0x126cd3ca0>,36
CCCCCCC(Sc1nc2ccc(NS(=O)(=O)c3ccc(Cl)cc3Cl)cc2s1)C(=O)O,6.97,EC50,True,533.5240000000003,6,2,6.919600000000004,<rdkit.DataStructs.cDataStructs.ExplicitBitVect object at 0x126cd3d10>,32
CCCCCS(=O)(=O)NC(=O)/C=C/c1ccc(OCCOC2CC2)cc1Oc1ncc(C(F)(F)F)cc1Cl,8.21,EC50,True,577.0210000000003,7,1,5.753300000000006,<rdkit.DataStructs.cDataStructs.ExplicitBitVect object at 0x126cd3d80>,38
CCc1oc(-c2ccccc2)nc1CCOc1ccc2c(c1)CC[C@H]2CC(=O)O,8.15,EC50,True,391.4670000000002,4,1,5.030000000000005,<rdkit.DataStructs.cDataStructs.ExplicitBitVect object at 0x126cd3df0>,29
Cc1sc(-c2ccc(Cl)cc2)nc1CCOc1ccc2c(c1)CC[C@H]2CC(=O)O,8.82,EC50,True,427.9530000000002,4,1,5.897920000000005,<rdkit.DataStructs.cDataStructs.ExplicitBitVect object at 0x126cd3e60>,29
COc1ccc(-c2nc(C)c(CCOc3ccc4c(c3)CC[C@H]4CC(=O)O)n2C)cc1,7.07,EC50,True,420.5090000000002,5,1,4.530120000000004,<rdkit.DataStructs.cDataStructs.ExplicitBitVect object at 0x126cd3ed0>,31
CCOC(=O)C1=C(c2ccccc2)c2ccc(OCCCCc3ccccc3)cc2/C1=[N+](/C)[O-],6.82,EC50,True,455.55400000000026,4,0,5.396100000000006,<rdkit.DataStructs.cDataStructs.ExplicitBitVect object at 0x126cd3f40>,34
CCOC(=O)C1=C(c2ccccc2)c2ccc(OCCc3ccccc3)cc2/C1=[N+](/C)[O-],6.7,EC50,True,427.50000000000017,4,0,4.615900000000004,<rdkit.DataStructs.cDataStructs.ExplicitBitVect object at 0x126cd8040>,32
CC[C@]1(C(=O)O)CCc2ccc(OCCCOc3ccc(OC(F)(F)F)cc3Cl)cc2O1,6.3,EC50,True,474.8590000000001,5,1,5.644900000000005,<rdkit.DataStructs.cDataStructs.ExplicitBitVect object at 0x126cd80b0>,32
CC[C@]1(C(=O)O)CCc2ccc(OCCCOc3ccc(CC(C)C)cc3Cl)cc2O1,6.22,EC50,True,446.9710000000002,4,1,5.944800000000006,<rdkit.DataStructs.cDataStructs.ExplicitBitVect object at 0x126cd8120>,31
O=S(=O)(Nc1cc(Cl)c(Oc2ccc3ncccc3c2)c(Cl)c1)c1ccc(Cl)cc1Cl,7.16,EC50,True,514.2170000000001,4,1,7.441500000000001,<rdkit.DataStructs.cDataStructs.ExplicitBitVect object at 0x126cd8190>,31
CC(C)(Oc1ccc(CCCOc2ccc(Oc3ccccc3)cc2)cc1)C(=O)O,4.12,EC50,False,406.47800000000007,4,1,5.732500000000006,<rdkit.DataStructs.cDataStructs.ExplicitBitVect object at 0x126cd8200>,30
CC[C@@H](Oc1cccc(CN(CCCOc2ccccc2)c2nc3ccccc3o2)c1)C(=O)O,6.04,EC50,True,460.5300000000001,6,1,5.545500000000006,<rdkit.DataStructs.cDataStructs.ExplicitBitVect object at 0x126cd8270>,34
CCC(Oc1cccc(CN(CCCOc2ccccc2)c2nc3ccc(F)cc3o2)c1)C(=O)O,5.96,EC50,True,478.5200000000001,6,1,5.684600000000006,<rdkit.DataStructs.cDataStructs.ExplicitBitVect object at 0x126cd82e0>,35
CC(C)OC(Cc1ccc(OCc2noc(-c3cc(C(F)(F)F)cc(C(F)(F)F)c3)n2)cc1)C(=O)O,7.5,EC50,True,518.4100000000001,6,1,5.773900000000004,<rdkit.DataStructs.cDataStructs.ExplicitBitVect object at 0x126cd8350>,36
CCC(C(=O)O)C1CCc2cc(OCCc3nc(-c4ccc5c(c4)OCC5)oc3C)ccc21,8.22,EC50,True,447.53100000000023,5,1,5.347020000000005,<rdkit.DataStructs.cDataStructs.ExplicitBitVect object at 0x126cd83c0>,33
CCC(C(=O)O)C1CCc2cc(OCCc3nc(-c4ccc(C)c(F)c4)oc3C)ccc21,7.37,EC50,True,437.51100000000014,4,1,5.859640000000006,<rdkit.DataStructs.cDataStructs.ExplicitBitVect object at 0x126cd8430>,32
O=S(=O)(Nc1ccc(Oc2cncc(Cl)c2)c(F)c1)c1ccc(Cl)cc1Cl,6.0,EC50,True,447.7020000000001,4,1,5.774000000000002,<rdkit.DataStructs.cDataStructs.ExplicitBitVect object at 0x126cd84a0>,27
O=S(=O)(Nc1cc(C(F)(F)F)c(Oc2cncc(Cl)c2)c(C(F)(F)F)c1)c1ccc(Cl)cc1Cl,7.0,EC50,True,565.706,4,1,7.672500000000002,<rdkit.DataStructs.cDataStructs.ExplicitBitVect object at 0x126cd8510>,34
CCNC(=O)c1cc(NS(=O)(=O)c2ccc(C(F)(F)F)cc2Cl)ccc1Oc1cncc(Cl)c1,7.52,EC50,True,534.3430000000001,5,2,5.7500000000000036,<rdkit.DataStructs.cDataStructs.ExplicitBitVect object at 0x126cd8580>,34
O=S(=O)(Nc1cc(Cl)c(Oc2cncc(Cl)c2)c(Cl)c1)c1ccc(Cl)cc1Cl,8.22,EC50,True,498.6020000000001,4,1,6.941700000000002,<rdkit.DataStructs.cDataStructs.ExplicitBitVect object at 0x126cd85f0>,28
CN(CCOc1ccc(CC(Oc2ccccc2C(=O)c2ccccc2)C(=O)O)cc1)c1nc2ccccc2o1,6.03,EC50,True,536.5840000000002,7,1,5.648700000000006,<rdkit.DataStructs.cDataStructs.ExplicitBitVect object at 0x126cd8660>,40
CCCOc1ccc(C[C@@H](Cc2ccccc2)C(=O)O)cc1CNC(=O)c1ccc(N2CCCCCCC2)cc1,8.72,EC50,True,542.7200000000004,4,2,6.661900000000006,<rdkit.DataStructs.cDataStructs.ExplicitBitVect object at 0x126cd86d0>,40
CN(CCOc1ccc(C[C@H](Nc2ccccc2C(=O)c2ccccc2)C(=O)O)cc1)c1ccccn1,6.96,EC50,True,495.5790000000002,6,2,4.9356000000000035,<rdkit.DataStructs.cDataStructs.ExplicitBitVect object at 0x126cd8740>,37
CCO[C@@H](Cc1ccc(OC(=O)Cc2ccc(NC(=O)OC(C)(C)C)cc2)cc1)C(=O)O,4.75,EC50,False,443.4960000000002,6,2,4.213900000000002,<rdkit.DataStructs.cDataStructs.ExplicitBitVect object at 0x126cd87b0>,32
CN(CCOc1ccc(CC(Oc2ccccc2C(=O)c2ccccc2)C(=O)O)cc1)c1nc2ccccc2o1,5.94,EC50,True,536.5840000000002,7,1,5.648700000000006,<rdkit.DataStructs.cDataStructs.ExplicitBitVect object at 0x126cd8820>,40
CN(CCOc1ccc(CC(Nc2cccc3c2C(=O)c2ccccc2-3)C(=O)O)cc1)c1nc2ccccc2o1,6.24,EC50,True,533.5840000000002,7,2,5.662200000000006,<rdkit.DataStructs.cDataStructs.ExplicitBitVect object at 0x126cd8890>,40
CCNC(=O)c1cc(NS(=O)(=O)c2ccc(Cl)c(Cl)c2)ccc1Oc1cncc(Cl)c1,7.7,EC50,True,500.79100000000017,5,2,5.384600000000003,<rdkit.DataStructs.cDataStructs.ExplicitBitVect object at 0x126cd8900>,31
C/C(=C\C(=O)c1ccccc1)NC(Cc1ccc(OCCOc2ccc(/C=C/c3ccc(Cl)cc3)cc2)cc1)C(=O)O,7.58,EC50,True,582.0960000000003,5,2,7.340200000000007,<rdkit.DataStructs.cDataStructs.ExplicitBitVect object at 0x126cd8970>,42
CC(=O)/C=C(\C)NC(Cc1ccc(OCCOc2ccc(/C=C/c3ccccc3)cc2)cc1)C(=O)O,6.6,EC50,True,485.5800000000001,5,2,5.3929000000000045,<rdkit.DataStructs.cDataStructs.ExplicitBitVect object at 0x126cd89e0>,36
CCN(CCOc1ccc(/C=C2\SC(=O)NC2=O)cc1)c1nc2ccccc2s1,6.09,EC50,True,425.53500000000014,7,1,4.525500000000004,<rdkit.DataStructs.cDataStructs.ExplicitBitVect object at 0x126cd8a50>,29
CCc1ccc(OC(C)CCOc2ccc(OC(C)(C)C(=O)O)cc2)c(C(=O)c2ccccc2)c1,8.22,EC50,True,476.5690000000002,5,1,5.9584000000000055,<rdkit.DataStructs.cDataStructs.ExplicitBitVect object at 0x126cd8ac0>,35
CCCc1cc2c(oc(=O)n2CC)c(CCC)c1O[C@H](C(=O)O)c1ccc(C(C)C)cc1,6.92,EC50,True,439.55200000000013,5,1,5.8475000000000055,<rdkit.DataStructs.cDataStructs.ExplicitBitVect object at 0x126cd8b30>,32
O=C(O)[C@H](Cc1ccccc1)Oc1ccc2ccccc2c1,5.82,EC50,True,292.33400000000006,2,1,3.914500000000003,<rdkit.DataStructs.cDataStructs.ExplicitBitVect object at 0x126cd8ba0>,22
O=C(O)[C@H](Cc1ccccc1)Oc1ccc2ccccc2c1,5.82,EC50,True,292.33400000000006,2,1,3.914500000000003,<rdkit.DataStructs.cDataStructs.ExplicitBitVect object at 0x126cd8c10>,22
O=C(O)[C@H](Cc1ccc(Oc2ccccc2)cc1)Oc1ccc(Cl)cc1,6.5,EC50,True,368.81600000000014,3,1,5.207000000000003,<rdkit.DataStructs.cDataStructs.ExplicitBitVect object at 0x126cd8c80>,26
O=C(O)[C@H](COc1ccccc1)Oc1ccc(Cl)cc1,5.78,EC50,True,292.718,3,1,3.251000000000002,<rdkit.DataStructs.cDataStructs.ExplicitBitVect object at 0x126cd8cf0>,20
[2H]C([2H])(Cc1cn(S(=O)(=O)c2ccc(OC)cc2)c2ccc(OC)cc12)C(=O)O,6.04,EC50,True,391.4412035560001,6,1,2.912700000000001,<rdkit.DataStructs.cDataStructs.ExplicitBitVect object at 0x126cd8d60>,27
Cc1cc(CN2C(=O)N(c3ccc(C(F)(F)F)cc3)C(=O)C2(C)C)cc(C)c1OC(C)(C)C(=O)O,5.77,EC50,True,492.4940000000003,4,1,5.311640000000006,<rdkit.DataStructs.cDataStructs.ExplicitBitVect object at 0x126cd8dd0>,35
COc1ccc2c(c1)c(Cc1cccc(C(=O)O)c1)c(C)n2C(=O)c1ccc(Cl)cc1,6.55,EC50,True,433.8910000000002,4,1,5.589220000000004,<rdkit.DataStructs.cDataStructs.ExplicitBitVect object at 0x126cd8e40>,31
COc1ccc2c(c1)c(Cc1cccc(OCC(=O)O)c1)c(C)n2C(=O)c1ccc(Cl)cc1,7.11,EC50,True,463.91700000000014,5,1,5.354420000000005,<rdkit.DataStructs.cDataStructs.ExplicitBitVect object at 0x126cd8eb0>,33
CCO[C@@H](Cc1ccc(CCCOC(=S)NCc2ccccc2)cc1)C(=O)O,5.85,EC50,True,401.5280000000001,4,2,3.742700000000002,<rdkit.DataStructs.cDataStructs.ExplicitBitVect object at 0x126cd8f20>,28
CC(F)(F)CCCCN1C(=O)[C@H](CCOc2ccccc2CC(=O)O)Oc2ccccc21,6.0,EC50,True,447.4780000000002,4,1,4.702300000000004,<rdkit.DataStructs.cDataStructs.ExplicitBitVect object at 0x126cd8f90>,32
COc1ccc(C(=O)c2ccccc2NC(Cc2ccc(OCCN(C)c3nc4ccccc4o3)cc2)C(=O)O)cc1,7.02,EC50,True,565.6260000000004,8,2,5.690400000000005,<rdkit.DataStructs.cDataStructs.ExplicitBitVect object at 0x126cd9000>,42
CN(CCCOc1ccc(CC(=O)O)cc1Cl)C(=O)CCCCC1CCSS1,4.91,EC50,False,446.0340000000003,5,1,4.9085000000000045,<rdkit.DataStructs.cDataStructs.ExplicitBitVect object at 0x126cd9070>,28
COC(=O)Cc1ccc(OCCCN(C)C(=O)CCCCC2CCSS2)c(Cl)c1,4.73,EC50,False,460.06100000000015,6,0,4.996900000000005,<rdkit.DataStructs.cDataStructs.ExplicitBitVect object at 0x126cd90e0>,29
CCCOc1ccc(C[C@@H](Cc2ccccc2)C(=O)O)cc1CNC(=O)c1ccc(-c2cnccn2)cc1,6.15,EC50,True,509.6060000000002,5,2,5.348400000000004,<rdkit.DataStructs.cDataStructs.ExplicitBitVect object at 0x126cd9150>,38
CCCOc1ccc(C[C@@H](Cc2ccccc2)C(=O)O)cc1CNC(=O)c1ccc(-c2cccnc2)cc1,6.07,EC50,True,508.6180000000002,4,2,5.953400000000005,<rdkit.DataStructs.cDataStructs.ExplicitBitVect object at 0x126cd91c0>,38
CCCCCCCN(CCc1ccc(O[C@@H](C)C(=O)[O-])cc1)c1nc2ccccc2o1.[Na+],5.64,EC50,True,446.5230000000002,6,0,1.3685,<rdkit.DataStructs.cDataStructs.ExplicitBitVect object at 0x126cd9230>,32
Cc1ccc(Oc2ccc3nc(COc4cccc(C(=O)O)c4)n(C)c3n2)c(C)c1,7.0,EC50,True,403.43800000000016,6,1,4.654640000000003,<rdkit.DataStructs.cDataStructs.ExplicitBitVect object at 0x126cd92a0>,30
Cc1ccc(Oc2ccc3nc(COc4cccc(C(=O)O)c4)n(C)c3n2)cc1,7.35,EC50,True,389.4110000000001,6,1,4.346220000000002,<rdkit.DataStructs.cDataStructs.ExplicitBitVect object at 0x126cd9310>,29
Cc1ccc(Oc2ccc3nc(COc4cccc(C(=O)O)c4)n(C)c3c2)nc1C,6.75,EC50,True,403.43800000000016,6,1,4.654640000000004,<rdkit.DataStructs.cDataStructs.ExplicitBitVect object at 0x126cd9380>,30
Cc1ccc(-c2nc(CCCC[C@H]3CO[C@@](C)(C(=O)O)OC3)c(C)o2)cc1,5.16,EC50,False,373.4490000000001,5,1,4.135040000000004,<rdkit.DataStructs.cDataStructs.ExplicitBitVect object at 0x126cd93f0>,27
CCc1c(C)nc2c(nc(CC)n2[C@H]2CCc3cc(-c4ccccc4-c4nnn[nH]4)ccc32)c1C,5.87,EC50,True,463.5890000000001,6,1,5.555640000000006,<rdkit.DataStructs.cDataStructs.ExplicitBitVect object at 0x126cd9460>,35
CC(=O)c1cncc(Oc2c(Cl)cc(NS(=O)(=O)c3ccc(Cl)cc3Cl)cc2Cl)c1,6.52,EC50,True,506.1940000000002,5,1,6.490900000000002,<rdkit.DataStructs.cDataStructs.ExplicitBitVect object at 0x126cd94d0>,30
CCOC(=O)CN1C(=O)S/C(=C\c2ccc(OC)cc2)C1=O,5.16,EC50,False,321.3540000000001,6,0,2.2946,<rdkit.DataStructs.cDataStructs.ExplicitBitVect object at 0x126cd9540>,22
CCOC(=O)CN1C(=O)SC(Cc2ccc(OCCBr)cc2)C1=O,4.92,EC50,False,416.2930000000001,6,0,2.629900000000001,<rdkit.DataStructs.cDataStructs.ExplicitBitVect object at 0x126cd95b0>,24
COc1cc(OC)c2c(=O)c(OCc3ccccc3)c(-c3ccccc3)oc2c1,4.87,EC50,False,388.4190000000001,5,0,5.056200000000004,<rdkit.DataStructs.cDataStructs.ExplicitBitVect object at 0x126cd9620>,29
CCc1ccc(O[C@H](C)CCOc2ccc(CCC(=O)O)c(C)c2)c(-c2ccco2)c1,5.64,EC50,True,422.52100000000013,4,1,6.071020000000006,<rdkit.DataStructs.cDataStructs.ExplicitBitVect object at 0x126cd9690>,31
CCOC(Cc1ccc2c(ccn2Cc2nc(-c3cc(Cl)cc(Cl)c3)oc2C)c1)C(=O)O,7.16,EC50,True,473.3560000000002,5,1,5.992020000000005,<rdkit.DataStructs.cDataStructs.ExplicitBitVect object at 0x126cd9700>,32
O=C(NCc1ccc(CS(=O)(=O)C2CC2)cc1C(F)(F)F)c1ccc2[nH]ccc2c1,5.83,EC50,True,436.45500000000004,3,2,4.193900000000003,<rdkit.DataStructs.cDataStructs.ExplicitBitVect object at 0x126cd9770>,30
Cn1ccc2cc(C(=O)NCc3ccc(CS(=O)(=O)C4CC4)cc3C(F)(F)F)ccc21,5.94,EC50,True,450.48200000000014,4,1,4.2043000000000035,<rdkit.DataStructs.cDataStructs.ExplicitBitVect object at 0x126cd97e0>,31
CC(C)(C)c1ccc(CNC(=O)c2ccc(NC(=O)c3cccc(CN4C(=O)OC[C@H]4Cc4ccccc4)c3)cc2)cc1,5.89,EC50,True,575.7090000000004,4,2,6.729900000000007,<rdkit.DataStructs.cDataStructs.ExplicitBitVect object at 0x126cd9850>,43
CS(=O)(=O)Cc1ccc(CNC(=O)c2ccc3c(ccn3C(=O)c3cccc(F)c3)c2)c(C(F)(F)F)c1,5.87,EC50,True,532.5150000000002,5,1,4.962300000000004,<rdkit.DataStructs.cDataStructs.ExplicitBitVect object at 0x126cd98c0>,37
COCCn1ccc2cc(C(=O)NCc3ccc(CS(=O)(=O)C4CC4)cc3C(F)(F)F)ccc21,5.37,EC50,False,494.5350000000002,5,1,4.313700000000004,<rdkit.DataStructs.cDataStructs.ExplicitBitVect object at 0x126cd9930>,34
Cc1ccc(-c2nc(CCOc3ccc(CC4(C(=O)O)CCCO4)cn3)c(C)o2)cc1,7.66,EC50,True,422.4810000000002,6,1,4.151240000000003,<rdkit.DataStructs.cDataStructs.ExplicitBitVect object at 0x126cd99a0>,31
COC(C)(Cc1ccc(OCCc2nc(-c3ccccc3)oc2C)nc1)C(=O)O,6.63,EC50,True,396.4430000000001,6,1,3.6987200000000016,<rdkit.DataStructs.cDataStructs.ExplicitBitVect object at 0x126cd9a10>,29
Cc1cc(OCC[C@@H](C)Oc2ccc(Cl)cc2Oc2ccccc2)ccc1CCC(=O)O,7.28,EC50,True,454.9500000000002,4,1,6.694320000000006,<rdkit.DataStructs.cDataStructs.ExplicitBitVect object at 0x126cd9a80>,32
Cc1sc(N2CCN(C)CC2)nc1CCOc1ccc(C[C@@](O)(C(=O)O)c2ccccc2C(=O)c2ccccc2)cc1,8.89,EC50,True,585.7260000000003,8,2,4.570720000000004,<rdkit.DataStructs.cDataStructs.ExplicitBitVect object at 0x126cd9af0>,42
Cc1ccc(-c2nc(CCOc3ccc(C[C@H](Nc4ccccc4C(=O)c4ccccc4)C(=O)O)cc3)c(C)o2)s1,8.75,EC50,True,566.6790000000002,7,2,6.9802400000000056,<rdkit.DataStructs.cDataStructs.ExplicitBitVect object at 0x126cd9b60>,41
Cc1sc(-c2ccccc2)nc1CCOc1ccc(C[C@H](Nc2ccccc2C(=O)c2ccccc2)C(=O)O)cc1,10.0,EC50,True,562.6910000000003,6,2,7.078820000000007,<rdkit.DataStructs.cDataStructs.ExplicitBitVect object at 0x126cd9bd0>,41
Cc1ncsc1CCOc1ccc(C[C@H](Nc2ccccc2C(=O)c2ccccc2)C(=O)O)cc1,6.12,EC50,True,486.5930000000002,6,2,5.411820000000005,<rdkit.DataStructs.cDataStructs.ExplicitBitVect object at 0x126cd9c40>,35
CCCc1cc(Oc2ccc(F)cc2)ccc1OCCCOc1ccc2c(c1)OC(CC)(C(=O)O)CC2,6.12,EC50,True,508.58600000000047,5,1,6.976800000000007,<rdkit.DataStructs.cDataStructs.ExplicitBitVect object at 0x126cd9cb0>,37
C[C@@]1(C(=O)O)CCc2ccc(OCCCOc3ccc(Oc4ccccc4)cc3Cl)cc2O1,5.12,EC50,False,468.93300000000016,5,1,6.148500000000005,<rdkit.DataStructs.cDataStructs.ExplicitBitVect object at 0x126cd9d20>,33
O=C(O)[C@H](Cc1ccc(C(F)(F)F)cc1)Oc1ccc(Cl)cc1,6.38,EC50,True,344.716,2,1,4.433500000000003,<rdkit.DataStructs.cDataStructs.ExplicitBitVect object at 0x126cd9d90>,23
COc1ccc(O[C@@H](Cc2ccccc2)C(=O)O)cc1,4.7,EC50,False,272.3,3,1,2.7699000000000007,<rdkit.DataStructs.cDataStructs.ExplicitBitVect object at 0x126cd9e00>,20
O=C(O)[C@H](Cc1ccc(-c2ccccc2)cc1)Oc1ccc(Cl)cc1,7.31,EC50,True,352.817,2,1,5.081700000000004,<rdkit.DataStructs.cDataStructs.ExplicitBitVect object at 0x126cd9e70>,25
COc1ccc2c(Oc3cccc(C(F)(F)F)c3)c(C(=O)O)n(-c3ccc(C(C)(C)C)cc3)c2n1,6.52,EC50,True,484.4740000000002,5,1,6.840900000000005,<rdkit.DataStructs.cDataStructs.ExplicitBitVect object at 0x126cd9ee0>,35
O=C(c1ccccc1)c1ccccc1N[C@@H](Cc1ccc(OCCOc2ccc(SCl)cc2)cc1)C(=O)O,6.72,EC50,True,548.0600000000003,6,2,6.729100000000004,<rdkit.DataStructs.cDataStructs.ExplicitBitVect object at 0x126cd9f50>,38
CN(CCOc1ccc(CC2SC(=O)NC2=O)cc1)C(=O)CCCCC(S)CCS,7.12,EC50,True,470.68200000000024,7,3,3.5966000000000027,<rdkit.DataStructs.cDataStructs.ExplicitBitVect object at 0x126cd9fc0>,30
Cc1cc(CN2C(=O)CN(c3ccc(C(F)(F)F)c(Cl)c3)C2=O)cc(C)c1OC(C)(C)C(=O)O,6.18,EC50,True,498.8850000000003,4,1,5.186440000000005,<rdkit.DataStructs.cDataStructs.ExplicitBitVect object at 0x126cda030>,34
CCc1nc2ccn(Cc3c(C)noc3C)c(=O)c2n1[C@H]1CCc2cc(-c3ccccc3-c3nnn[nH]3)ccc21,5.35,EC50,False,532.6080000000002,9,1,4.796240000000004,<rdkit.DataStructs.cDataStructs.ExplicitBitVect object at 0x126cda0a0>,40
CN(CCCCC1CCSS1)CCOc1ccc(CC2SC(=O)NC2=O)cc1.Cl,4.96,EC50,False,477.11700000000013,7,1,4.637100000000005,<rdkit.DataStructs.cDataStructs.ExplicitBitVect object at 0x126cda110>,29
COCCCCN1C(=O)[C@@H](CCOc2ccccc2CC(=O)O)Oc2ccccc21,6.56,EC50,True,413.4700000000002,5,1,3.3034000000000017,<rdkit.DataStructs.cDataStructs.ExplicitBitVect object at 0x126cda180>,30
CC(C)(Sc1ccc(CCN(CCCCC2CCCCC2)C(=O)NC2CCCCC2)cc1)C(=O)O,5.96,EC50,True,502.7650000000004,3,2,7.279300000000006,<rdkit.DataStructs.cDataStructs.ExplicitBitVect object at 0x126cda1f0>,35
CCCc1c(OCCCCOc2cccc(OC(C)(C)C(=O)O)c2)ccc2c(-c3ccccc3)noc12,7.0,EC50,True,503.59500000000025,6,1,6.927300000000007,<rdkit.DataStructs.cDataStructs.ExplicitBitVect object at 0x126cda260>,37
CCOC(=O)c1cc(NS(=O)(=O)c2ccc(Cl)cc2)ccc1Oc1cncc(Cl)c1,6.7,EC50,True,467.33000000000015,6,1,5.1582000000000034,<rdkit.DataStructs.cDataStructs.ExplicitBitVect object at 0x126cda2d0>,30
Cc1cc(CN2C(=O)CN(c3ccc(Cl)cc3)C2=O)cc(C)c1OC(C)(C)C(=O)O,5.85,EC50,True,430.88800000000026,4,1,4.167640000000003,<rdkit.DataStructs.cDataStructs.ExplicitBitVect object at 0x126cda340>,30
Cc1cc(N2C(=O)CN(Cc3ccc(C(F)(F)F)cc3)C2=O)cc(C)c1OC(C)(C)C(=O)O,6.17,EC50,True,464.4400000000002,4,1,4.533040000000003,<rdkit.DataStructs.cDataStructs.ExplicitBitVect object at 0x126cda3b0>,33
CC(C)(Oc1c(Cl)cc(CN2C(=O)CN(c3ccc(C(F)(F)F)cc3)C2=O)cc1Cl)C(=O)O,5.31,EC50,False,505.2760000000002,4,1,5.223000000000003,<rdkit.DataStructs.cDataStructs.ExplicitBitVect object at 0x126cda420>,33
Cc1cc(CN2C(=O)CN(c3ccc(C(C)C)cc3)C2=O)cc(C)c1OC(C)(C)C(=O)O,6.01,EC50,True,438.5240000000003,4,1,4.637640000000004,<rdkit.DataStructs.cDataStructs.ExplicitBitVect object at 0x126cda490>,32
CCc1nc2ccn(Cc3cccc(F)c3)c(=O)c2n1[C@H]1CCc2cc(-c3ccccc3-c3nnn[nH]3)ccc21,6.8,EC50,True,531.5950000000003,7,1,5.330500000000005,<rdkit.DataStructs.cDataStructs.ExplicitBitVect object at 0x126cda500>,40
CCc1nc2ccn(Cc3ccccc3C#N)c(=O)c2n1[C@H]1CCc2cc(-c3ccccc3-c3nnn[nH]3)ccc21,6.16,EC50,True,538.6150000000002,8,1,5.063080000000004,<rdkit.DataStructs.cDataStructs.ExplicitBitVect object at 0x126cda570>,41
CCOC(Cc1ccc2c(ccn2Cc2nc(-c3cc(C)cc(C)c3)oc2C)c1)C(=O)O,7.4,EC50,True,432.5200000000002,5,1,5.302060000000005,<rdkit.DataStructs.cDataStructs.ExplicitBitVect object at 0x126cda5e0>,32
Cc1ccc(/N=N/c2ccc(OCCc3ccc(OC(C)(C)C(=O)O)cc3)c(Cl)c2)cc1,5.35,EC50,False,452.9380000000001,5,1,6.927320000000006,<rdkit.DataStructs.cDataStructs.ExplicitBitVect object at 0x126cda650>,32
Cc1c(Oc2ccc(Cl)c(O[C@@H](C)C(=O)O)c2)c2cc(OC(F)(F)F)ccc2n1-c1noc2cc(Cl)ccc12,8.52,EC50,True,581.3300000000002,7,1,7.929720000000003,<rdkit.DataStructs.cDataStructs.ExplicitBitVect object at 0x126cda6c0>,39
Cc1cc(-c2nnco2)ccc1NC(=O)c1cc(C(=O)NCc2ccc(F)c(F)c2)c(F)cc1Cl,7.31,EC50,True,500.86400000000015,5,2,5.298020000000003,<rdkit.DataStructs.cDataStructs.ExplicitBitVect object at 0x126cda730>,35
O=C(O)C(Sc1nc(Cl)cc(Nc2ccc(Cl)cc2)n1)c1cccc2ccccc12,5.05,EC50,False,456.35400000000016,5,2,6.598200000000003,<rdkit.DataStructs.cDataStructs.ExplicitBitVect object at 0x126cda7a0>,30
Cc1cccc(Nc2cc(Cl)nc(SC(C(=O)O)c3ccc(-c4ccccc4)c4ccccc34)n2)c1C,5.35,EC50,False,526.0610000000003,5,2,8.228640000000004,<rdkit.DataStructs.cDataStructs.ExplicitBitVect object at 0x126cda810>,37
CCCCCCCNc1nc(NCc2ccccc2)c(C(=O)O)c(SCc2ccccc2)n1,6.6,EC50,True,464.6350000000002,6,3,6.461500000000006,<rdkit.DataStructs.cDataStructs.ExplicitBitVect object at 0x126cda880>,33
Cc1oc(-c2ccccc2)nc1CCOc1ccc(CC2(C(=O)O)CCCCO2)cn1,6.68,EC50,True,422.4810000000003,6,1,4.232920000000002,<rdkit.DataStructs.cDataStructs.ExplicitBitVect object at 0x126cda8f0>,31
COC(Cc1ccc(OCCc2nc(-c3ccccc3)oc2C)nc1)C(=O)O,7.89,EC50,True,382.4160000000001,6,1,3.3086200000000012,<rdkit.DataStructs.cDataStructs.ExplicitBitVect object at 0x126cda960>,28
Cc1oc(-c2ccccc2)nc1CCOc1ccc(CC(CC(C)C)C(=O)O)cn1,5.78,EC50,True,408.49800000000016,5,1,4.955920000000003,<rdkit.DataStructs.cDataStructs.ExplicitBitVect object at 0x126cda9d0>,30
Cc1oc(-c2ccccc2)nc1CCOc1ccc(CC(C)C(=O)O)cn1,6.57,EC50,True,366.4170000000001,5,1,3.9297200000000014,<rdkit.DataStructs.cDataStructs.ExplicitBitVect object at 0x126cdaa40>,27
CCCCCOc1ccccc1C(O)C/C=C\CCCC(=O)[O-].[Na+],6.47,EC50,True,342.4110000000001,4,1,0.15950000000000086,<rdkit.DataStructs.cDataStructs.ExplicitBitVect object at 0x126cdaab0>,24
Cc1oc(-c2ccc(C#N)cc2)nc1CCOc1ccc(CC2(C(=O)O)CCCO2)cn1,7.55,EC50,True,433.4640000000002,7,1,3.714500000000001,<rdkit.DataStructs.cDataStructs.ExplicitBitVect object at 0x126cdab20>,32
Cc1oc(-c2ccccc2)nc1CCOc1ccc(CC2(C(=O)O)CC2)cn1,6.0,EC50,True,378.42800000000017,5,1,4.073820000000001,<rdkit.DataStructs.cDataStructs.ExplicitBitVect object at 0x126cdab90>,28
CCCCCCCC(=O)/C=C/CCCCCC(=O)O,5.0,EC50,False,268.39699999999993,2,1,4.507300000000003,<rdkit.DataStructs.cDataStructs.ExplicitBitVect object at 0x126cdac00>,19
Cc1oc(-c2ccccc2)nc1CCOc1ccc(CCC(=O)O)c(CNC(=O)OC(C)C)c1,8.1,EC50,True,466.5340000000003,6,2,4.923320000000003,<rdkit.DataStructs.cDataStructs.ExplicitBitVect object at 0x126cdac70>,34
CCCCc1nc(C(C)C)c(Cc2nc(Cc3ccc(F)cc3)no2)c(=O)n1Cc1ccc(-c2ccccc2-c2noc(=O)[nH]2)cc1,5.83,EC50,True,634.7120000000001,9,1,6.471600000000007,<rdkit.DataStructs.cDataStructs.ExplicitBitVect object at 0x126cdace0>,47
CCc1ccc(O[C@H](C)CCOc2ccc(CCC(=O)O)c(C)c2)c(-c2nccs2)c1,5.64,EC50,True,439.5770000000001,5,1,5.934520000000006,<rdkit.DataStructs.cDataStructs.ExplicitBitVect object at 0x126cdad50>,31
CCOC(=O)C1=C(c2ccoc2)c2ccc(OCCCc3ccccc3)cc2/C1=[N+](/C)[O-],7.3,EC50,True,431.4880000000002,5,0,4.599000000000005,<rdkit.DataStructs.cDataStructs.ExplicitBitVect object at 0x126cdadc0>,32
CC(C)(Oc1cccc(CCCN(CCOc2ccccc2)c2nc3ccccc3o2)c1)C(=O)O,7.0,EC50,True,474.55700000000013,6,1,5.588000000000006,<rdkit.DataStructs.cDataStructs.ExplicitBitVect object at 0x126cdae30>,35
CCCc1oc(-c2ccccc2)nc1CCOc1ccc2c(c1)CC[C@H]2CC(=O)O,8.0,EC50,True,405.4940000000002,4,1,5.420100000000005,<rdkit.DataStructs.cDataStructs.ExplicitBitVect object at 0x126cdaea0>,30
Cc1ccc(-c2nc(CCOc3ccc4c(c3)CC[C@H]4CC(=O)O)c(C)o2)cc1,8.4,EC50,True,391.46700000000016,4,1,5.084440000000004,<rdkit.DataStructs.cDataStructs.ExplicitBitVect object at 0x126cdaf10>,29
Cc1oc(-c2ccc(F)cc2)nc1CCOc1ccc2c(c1)CC[C@H]2CC(=O)O,8.15,EC50,True,395.4300000000002,4,1,4.9151200000000035,<rdkit.DataStructs.cDataStructs.ExplicitBitVect object at 0x126cdaf80>,29
CCC(C(=O)O)C1CCc2cc(OCCc3nc(-c4ccccc4)oc3C)ccc21,6.23,EC50,True,405.4940000000001,4,1,5.412120000000005,<rdkit.DataStructs.cDataStructs.ExplicitBitVect object at 0x126cdaff0>,30
CCC(Cc1ccc(CCc2ccc(N3C(=O)c4ccccc4C3=O)cc2O)cc1)C(=O)O,4.77,EC50,False,443.49900000000014,4,2,4.631300000000005,<rdkit.DataStructs.cDataStructs.ExplicitBitVect object at 0x126cdb060>,33
Cc1oc(-c2ccccc2)nc1CCOc1ccc(CC(Nc2ccccc2C(=O)c2cccnc2)C(=O)O)cc1,7.77,EC50,True,547.6110000000002,7,2,6.0053200000000055,<rdkit.DataStructs.cDataStructs.ExplicitBitVect object at 0x126cdb0d0>,41
Cc1oc(-c2ccccc2)nc1CCOc1ccc(CC2C(=O)NOC2=O)cc1,7.08,EC50,True,392.4110000000001,6,1,3.0182200000000003,<rdkit.DataStructs.cDataStructs.ExplicitBitVect object at 0x126cdb140>,29
Cc1cc(OCc2nc(-c3cnc(N4CCOCC4)nc3)c(-c3ccc(OC(F)(F)F)cc3)o2)ccc1OCC(=O)O,5.99,EC50,True,586.5230000000001,10,1,4.884620000000005,<rdkit.DataStructs.cDataStructs.ExplicitBitVect object at 0x126cdb1b0>,42
CCCc1cc(C(=O)CC)cc(CCC)c1OC(C)(C)C(=O)O,5.89,EC50,True,320.42900000000003,3,1,4.426300000000003,<rdkit.DataStructs.cDataStructs.ExplicitBitVect object at 0x126cdb220>,23
Cc1oc(-c2ccccc2)nc1CCOc1ccc(CC(Nc2ccccc2C(=O)c2cccc(C(=O)O)c2)C(=O)O)cc1,6.68,EC50,True,590.6320000000003,7,3,6.308520000000006,<rdkit.DataStructs.cDataStructs.ExplicitBitVect object at 0x126cdb290>,44
CCC(Cc1ccc(OC)c(CNC(=O)c2ccc(C)cc2)c1)C(=O)O,5.02,EC50,False,355.4340000000001,3,2,3.586920000000002,<rdkit.DataStructs.cDataStructs.ExplicitBitVect object at 0x126cdb300>,26
CCc1ccc(CCOc2ccc(CC3SC(=O)NC3=O)cc2)nc1.Cl,5.12,EC50,False,392.9080000000001,5,1,3.5814000000000026,<rdkit.DataStructs.cDataStructs.ExplicitBitVect object at 0x126cdb370>,26
COc1ccc(/C=C/c2cc(OC)cc(OCc3ccc(OC(C)C(=O)O)c(F)c3)c2)cc1,4.74,EC50,False,452.4780000000001,5,1,5.444200000000004,<rdkit.DataStructs.cDataStructs.ExplicitBitVect object at 0x126cdb3e0>,33
COc1ccc(/C=C/c2cc(OC)cc(OCc3ccc(OC(C)(C)C(=O)O)c(F)c3)c2)cc1,4.69,EC50,False,466.50500000000017,5,1,5.834300000000004,<rdkit.DataStructs.cDataStructs.ExplicitBitVect object at 0x126cdb450>,34
Cc1oc(-c2ccncc2)nc1CCOc1ccc(C[C@H](Nc2ccccc2C(=O)c2ccccc2)C(=O)O)cc1,8.04,EC50,True,547.6110000000002,7,2,6.0053200000000055,<rdkit.DataStructs.cDataStructs.ExplicitBitVect object at 0x126cdb4c0>,41
Cc1oc(-c2ccccc2)nc1CCOc1ccc(C[C@H](Nc2ccccc2C(=O)c2ccccc2)C(=O)O)cc1,8.83,EC50,True,546.6230000000003,6,2,6.610320000000006,<rdkit.DataStructs.cDataStructs.ExplicitBitVect object at 0x126cdb530>,41
CCc1ccc(OC(C)CCOc2ccc(CCC(=O)O)c(C)c2)c(C(=O)c2ccccc2)c1,8.05,EC50,True,460.57000000000016,4,1,6.042020000000006,<rdkit.DataStructs.cDataStructs.ExplicitBitVect object at 0x126cdb5a0>,34
CCOC(Cc1ccc2c(ccn2Cc2nc(-c3cc(OC)cc(OC)c3)oc2C)c1)C(=O)O,8.0,EC50,True,464.51800000000026,7,1,4.702420000000004,<rdkit.DataStructs.cDataStructs.ExplicitBitVect object at 0x126cdb610>,34
Cc1cc(Oc2ccc3nc(COc4cccc(C#N)c4)n(C)c3c2)cc(C)c1N.Cl.Cl,7.37,EC50,True,471.3880000000001,6,1,5.858920000000005,<rdkit.DataStructs.cDataStructs.ExplicitBitVect object at 0x126cdb680>,32
Cc1cc(Oc2ccc3nc(COc4ccc(C#N)cc4)n(C)c3c2)cc(C)c1N.Cl.Cl,6.4,EC50,True,471.3880000000001,6,1,5.858920000000005,<rdkit.DataStructs.cDataStructs.ExplicitBitVect object at 0x126cdb6f0>,32
Cn1c(COc2cccc(C(=O)O)c2)nc2ccc(Oc3cc(F)cc(Cl)c3)cc21,7.64,EC50,True,426.8310000000001,5,1,5.4353000000000025,<rdkit.DataStructs.cDataStructs.ExplicitBitVect object at 0x126cdb760>,30
Cn1c(COc2cccc(C(=O)O)c2)nc2ccc(Oc3ccc4c(c3)CCC4)nc21,7.6,EC50,True,415.44900000000024,6,1,4.526500000000003,<rdkit.DataStructs.cDataStructs.ExplicitBitVect object at 0x126cdb7d0>,31
CC[C@@H](Cc1ccc(CCc2ccc(N3C(=O)c4ccccc4C3=O)cc2OC)cc1)C(=O)O,5.15,EC50,False,457.5260000000002,4,1,4.934300000000005,<rdkit.DataStructs.cDataStructs.ExplicitBitVect object at 0x126cdb840>,34
CCc1nc2cc(C(=O)N[C@H](CC)c3ccccc3)ccc2n1Cc1ccc(Cl)c(Cl)c1,6.7,EC50,True,466.41200000000015,3,1,6.834900000000005,<rdkit.DataStructs.cDataStructs.ExplicitBitVect object at 0x126cdb8b0>,32
CN(C)CCCOc1ccc2nc3c(nc2c1)N(CCCN(C)C)CC1c2ccccc2CCN31.Cl.Cl,6.05,EC50,True,547.5750000000004,7,0,4.679400000000006,<rdkit.DataStructs.cDataStructs.ExplicitBitVect object at 0x126cdb920>,37
O=C(O)C(Cc1cccc(F)c1)Oc1ccccc1C(F)(F)F,4.94,EC50,False,328.261,2,1,3.9192000000000027,<rdkit.DataStructs.cDataStructs.ExplicitBitVect object at 0x126cdb990>,23
O=C(O)[C@H](Cc1ccc(Cl)cc1)Oc1ccc(Cl)cc1F,6.3,EC50,True,329.154,2,1,4.207200000000002,<rdkit.DataStructs.cDataStructs.ExplicitBitVect object at 0x126cdba00>,21
O=C(O)[C@H](Cc1ccccc1)Oc1ccc(F)cc1,4.45,EC50,False,260.264,2,1,2.900400000000001,<rdkit.DataStructs.cDataStructs.ExplicitBitVect object at 0x126cdba70>,19
CN(CCOc1ccc(C[C@H](Nc2ccccc2C(=O)c2ccccc2)C(=O)O)cc1)c1ccccn1,7.92,EC50,True,495.5790000000002,6,2,4.9356000000000035,<rdkit.DataStructs.cDataStructs.ExplicitBitVect object at 0x126cdbae0>,37
CCCCCOc1ccccc1C(O)C/C=C\CCCC(=O)OC,7.55,EC50,True,334.45600000000013,4,1,4.578600000000004,<rdkit.DataStructs.cDataStructs.ExplicitBitVect object at 0x126cdbb50>,24
Cc1ccc(CNC(=O)c2ccc(C(F)(F)F)cc2F)cc1Oc1ccc(OC(C)(C)C(=O)O)c(C)c1,7.62,EC50,True,519.4910000000003,4,2,6.425640000000005,<rdkit.DataStructs.cDataStructs.ExplicitBitVect object at 0x126cdbbc0>,37
CCc1ccc(OC(C)CCOc2ccc(CCC(=O)O)c(C)c2)c(Cc2ccccc2)c1,6.64,EC50,True,446.58700000000016,3,1,6.401820000000007,<rdkit.DataStructs.cDataStructs.ExplicitBitVect object at 0x126cdbc30>,33
COc1cc(O)c2c(c1C(=O)NCc1cc(O)cc3ccccc13)OC1=CC(O)=C(C(C)=O)C(=O)[C@]12C,6.89,EC50,True,501.4910000000003,8,4,3.7074000000000016,<rdkit.DataStructs.cDataStructs.ExplicitBitVect object at 0x126cdbca0>,37
CCc1ccc(O[C@H](C)CCOc2ccc(CCC(=O)O)c(C)c2)c(-c2ccccn2)c1,6.74,EC50,True,433.5480000000001,4,1,5.873020000000006,<rdkit.DataStructs.cDataStructs.ExplicitBitVect object at 0x126cdbd10>,32
CCc1nc2ccn(Cc3cccc(C)c3)c(=O)c2n1[C@H]1CCc2cc(-c3ccccc3-c3nnn[nH]3)ccc21,6.97,EC50,True,527.6320000000002,7,1,5.499820000000005,<rdkit.DataStructs.cDataStructs.ExplicitBitVect object at 0x126cdbd80>,40
CCc1nc2ccn(Cc3ccccc3F)c(=O)c2n1[C@H]1CCc2cc(-c3ccccc3-c3nnn[nH]3)ccc21,6.99,EC50,True,531.5950000000003,7,1,5.330500000000005,<rdkit.DataStructs.cDataStructs.ExplicitBitVect object at 0x126cdbdf0>,40
CCc1nc2ccn(CC(=O)OCc3ccccc3)c(=O)c2n1[C@H]1CCc2cc(-c3ccccc3-c3nnn[nH]3)ccc21,5.9,EC50,True,571.6410000000002,9,1,4.886500000000004,<rdkit.DataStructs.cDataStructs.ExplicitBitVect object at 0x126cdbe60>,43
CCOC(=O)C1=C(c2ccccc2)c2ccc(OCc3ccccn3)cc2/C1=[N+](/C)[O-],7.05,EC50,True,414.4610000000001,5,0,3.9684000000000026,<rdkit.DataStructs.cDataStructs.ExplicitBitVect object at 0x126cdbed0>,31
CC[C@H](Oc1cccc(CN(CCCOc2ccccc2)c2nc3ccccc3o2)c1)C(=O)O,6.06,EC50,True,460.5300000000001,6,1,5.545500000000006,<rdkit.DataStructs.cDataStructs.ExplicitBitVect object at 0x126cdbf40>,34
Cc1oc(-c2ccccc2)nc1CCOc1ccc(C[C@]2(C(=O)O)C=CC=CO2)cc1,7.7,EC50,True,417.4610000000001,5,1,4.737520000000003,<rdkit.DataStructs.cDataStructs.ExplicitBitVect object at 0x126ce4040>,31
COc1cc(Oc2ccc3nc(COc4cccc(C(=O)O)c4)n(C)c3c2F)ccn1,7.22,EC50,True,423.4000000000001,7,1,4.185500000000002,<rdkit.DataStructs.cDataStructs.ExplicitBitVect object at 0x126ce40b0>,31
Cc1cc(CC(=O)O)cc(CN2CCN(c3nc4ccc(C(F)(F)F)cc4s3)[C@H](C)C2)c1,5.92,EC50,True,463.5250000000001,5,1,4.961320000000004,<rdkit.DataStructs.cDataStructs.ExplicitBitVect object at 0x126ce4120>,32
CCCCSc1nc(NCc2ccccc2)c(C(=O)O)c(SCc2ccccc2)n1,6.26,EC50,True,439.60600000000017,6,2,5.971400000000005,<rdkit.DataStructs.cDataStructs.ExplicitBitVect object at 0x126ce4190>,30
COCCCCN1C(=O)C(CCOc2ccccc2CC(=O)O)Oc2ccccc21,6.56,EC50,True,413.4700000000002,5,1,3.3034000000000017,<rdkit.DataStructs.cDataStructs.ExplicitBitVect object at 0x126ce4200>,30
CC(C)(Oc1ccc(CCOc2ccc(C(=O)/C=C/c3ccccc3)cc2)cc1)C(=O)O,5.23,EC50,False,430.5000000000001,4,1,5.4462000000000055,<rdkit.DataStructs.cDataStructs.ExplicitBitVect object at 0x126ce4270>,32
CCCOc1ccc(C[C@@H](Cc2ccccc2)C(=O)O)cc1CNC(=O)c1ccc(-c2ccncc2)cc1,5.77,EC50,True,508.6180000000002,4,2,5.953400000000005,<rdkit.DataStructs.cDataStructs.ExplicitBitVect object at 0x126ce42e0>,38
CCCOc1ccc(C[C@@H](Cc2ccccc2)C(=O)O)cc1CNC(=O)c1ccc(-c2cccc(F)c2)cc1,7.54,EC50,True,525.6200000000002,3,2,6.697500000000006,<rdkit.DataStructs.cDataStructs.ExplicitBitVect object at 0x126ce4350>,39
CCCOc1ccc(C[C@@H](Cc2ccccc2)C(=O)O)cc1CNC(=O)c1ccc(-c2ccccc2F)cc1,7.3,EC50,True,525.6200000000002,3,2,6.697500000000006,<rdkit.DataStructs.cDataStructs.ExplicitBitVect object at 0x126ce43c0>,39
CCCCCCC[C@H]1C(=O)C=C(I)[C@@H]1OCCCCCC(=O)O,7.52,EC50,True,436.33000000000027,3,1,4.894900000000004,<rdkit.DataStructs.cDataStructs.ExplicitBitVect object at 0x126ce4430>,23
Cc1ccc2c(-n3c(=O)n(Cc4ccc(Cl)c(O[C@H](C)C(=O)O)c4)c4cc(C(F)(F)F)ccc43)noc2c1,7.11,EC50,True,545.9010000000002,7,1,5.814220000000003,<rdkit.DataStructs.cDataStructs.ExplicitBitVect object at 0x126ce44a0>,38
COc1ccc2c(-n3c(=O)n(Cc4cc(O[C@H](C)C(=O)O)ccc4Cl)c4ccccc43)noc2c1,7.29,EC50,True,493.90300000000013,8,1,4.495600000000003,<rdkit.DataStructs.cDataStructs.ExplicitBitVect object at 0x126ce4510>,35
COc1ccc2c(c1)c(Cc1ccccc1OC(C)C(=O)O)c(C)n2C(=O)c1ccc(Cl)cc1,7.85,EC50,True,477.9440000000002,5,1,5.742920000000004,<rdkit.DataStructs.cDataStructs.ExplicitBitVect object at 0x126ce4580>,34
CCCc1c(Cc2ccc(-c3ccccc3C(=O)O)cc2)c2ccc(C(=O)NC(CC)c3ccccc3)cc2n1C,8.7,EC50,True,544.6950000000002,3,2,7.967900000000007,<rdkit.DataStructs.cDataStructs.ExplicitBitVect object at 0x126ce45f0>,41
CCC(NC(=O)c1ccc2c(c1)c(C)c(C)n2Cc1ccc(-c2ccccc2C(=O)O)cc1)c1ccccc1,9.1,EC50,True,516.6410000000002,3,2,7.552740000000007,<rdkit.DataStructs.cDataStructs.ExplicitBitVect object at 0x126ce4660>,39
Cc1cc(CN2C(=O)CN(c3ccc(OC(F)(F)F)cc3)C2=O)cc(C)c1OC(C)(C)C(=O)O,5.86,EC50,True,480.43900000000025,5,1,4.412840000000004,<rdkit.DataStructs.cDataStructs.ExplicitBitVect object at 0x126ce46d0>,34
Cc1cc(CN2C(=O)CN(c3ccc(F)cc3)C2=O)cc(C)c1OC(C)(C)C(=O)O,5.44,EC50,False,414.4330000000002,4,1,3.653340000000002,<rdkit.DataStructs.cDataStructs.ExplicitBitVect object at 0x126ce4740>,30
CCCCC(Sc1nc(OCCC2CCCC2)cc(OCCC2CCCC2)n1)C(=O)O,4.92,EC50,False,450.64500000000027,6,1,6.130300000000005,<rdkit.DataStructs.cDataStructs.ExplicitBitVect object at 0x126ce47b0>,31
CC[C@]1(C(=O)O)CCc2ccc(OCCCOc3ccc(Cl)cc3Cl)cc2O1,6.0,EC50,True,425.30800000000005,4,1,5.399700000000005,<rdkit.DataStructs.cDataStructs.ExplicitBitVect object at 0x126ce4820>,28
CN(CCOc1ccc(CC(Nc2ccccc2C(=O)c2ccsc2)C(=O)O)cc1)c1nc2ccccc2o1,7.14,EC50,True,541.6290000000002,8,2,5.743300000000005,<rdkit.DataStructs.cDataStructs.ExplicitBitVect object at 0x126ce4890>,39
CCC[C@@H](Oc1ccc2ccccc2c1)C(=O)O,4.9,EC50,False,244.29,2,1,3.4719000000000015,<rdkit.DataStructs.cDataStructs.ExplicitBitVect object at 0x126ce4900>,18
CC(C)(Oc1ccc(COc2ccc(/N=N/c3ccccc3)cc2)cc1)C(=O)O,5.27,EC50,False,390.4390000000001,5,1,5.923000000000005,<rdkit.DataStructs.cDataStructs.ExplicitBitVect object at 0x126ce4970>,29
CC(C)(Oc1ccc(CCOc2ccc(/N=N\c3ccccc3)cc2C(F)(F)F)cc1)C(=O)O,6.11,EC50,True,472.4630000000001,5,1,6.984300000000006,<rdkit.DataStructs.cDataStructs.ExplicitBitVect object at 0x126ce49e0>,34
O=C(NCc1ccccc1)c1cc(Cl)c(Cl)c(C(=O)Nc2ccccc2)c1,8.47,EC50,True,399.2770000000001,2,2,5.1757000000000035,<rdkit.DataStructs.cDataStructs.ExplicitBitVect object at 0x126ce4a50>,27
Cc1cc(Oc2cccc(CNC(=O)c3c(C)c4cc(Cl)ccc4n3C)c2)ccc1CCC(=O)O,7.36,EC50,True,490.9870000000002,4,2,6.188040000000005,<rdkit.DataStructs.cDataStructs.ExplicitBitVect object at 0x126ce4ac0>,35
CC[C@@H](Oc1cccc(CN(CCCOc2ccc(OC)cc2)c2nc3ccccc3o2)c1)C(=O)O,5.96,EC50,True,490.55600000000015,7,1,5.554100000000006,<rdkit.DataStructs.cDataStructs.ExplicitBitVect object at 0x126ce4b30>,36
CCCOc1c(/C(C)=C\C=C\C(C)=C\C(=O)O)cc(C(C)C)cc1C(F)(F)C(F)(F)F,7.54,EC50,True,446.4560000000001,2,1,7.243300000000005,<rdkit.DataStructs.cDataStructs.ExplicitBitVect object at 0x126ce4ba0>,31
CN(CCOc1ccc(CC(Nc2ccccc2C(O)c2ccccc2)C(=O)O)cc1)c1ccccn1,6.35,EC50,True,497.59500000000014,6,3,4.786300000000003,<rdkit.DataStructs.cDataStructs.ExplicitBitVect object at 0x126ce4c10>,37
Cc1cc(CC(=O)O)cc(CN2CCN(c3nc4ccc(C(F)(F)F)cc4s3)C[C@H]2C)c1,5.85,EC50,True,463.5250000000001,5,1,4.961320000000004,<rdkit.DataStructs.cDataStructs.ExplicitBitVect object at 0x126ce4c80>,32
Cc1ccc(CC(=O)O)cc1OCCN1CCN(c2nc3ccc(Cl)cc3s2)C[C@@H]1C,5.96,EC50,True,459.99900000000014,6,1,4.474720000000003,<rdkit.DataStructs.cDataStructs.ExplicitBitVect object at 0x126ce4cf0>,31
CC[C@H]1CN(Cc2cc(C)cc(CC(=O)O)c2)CCN1c1nc2ccc(C(F)(F)F)cc2s1,5.72,EC50,True,477.55200000000013,5,1,5.351420000000005,<rdkit.DataStructs.cDataStructs.ExplicitBitVect object at 0x126ce4d60>,33
CC(/C=C/[C@@H]1C[C@]1(C)c1ccc2c(c1)C(C)(C)CCC2(C)C)=C\C(=O)O,8.07,EC50,True,352.5180000000001,1,1,5.900300000000006,<rdkit.DataStructs.cDataStructs.ExplicitBitVect object at 0x126ce4dd0>,26
CCCCCN1C(=O)C(CCOc2ccccc2CC(=O)O)Oc2ccccc21,6.61,EC50,True,397.4710000000002,4,1,4.067000000000003,<rdkit.DataStructs.cDataStructs.ExplicitBitVect object at 0x126ce4e40>,29
CCCc1c(OCCCSc2ccc(CC(=O)O)cc2Cl)ccc2c(-c3ccccc3)noc12,8.4,EC50,True,496.0280000000002,5,1,7.289000000000006,<rdkit.DataStructs.cDataStructs.ExplicitBitVect object at 0x126ce4eb0>,34
Cc1oc(-c2ccc(C(C)C)cc2)nc1CCOc1ccc(C[C@H](OCC2CC2)C(=O)O)c2sccc12,8.0,EC50,True,519.6630000000002,6,1,7.031920000000007,<rdkit.DataStructs.cDataStructs.ExplicitBitVect object at 0x126ce4f20>,37
CC(C)(O)C#CCOc1cc(COc2ccc(C(F)(F)F)cc2)ccc1Sc1ccc(OCC(=O)O)c2c1CCCC2,5.66,EC50,True,600.6549999999999,6,2,6.930900000000006,<rdkit.DataStructs.cDataStructs.ExplicitBitVect object at 0x126ce4f90>,42
Cc1oc(-c2cccs2)nc1CCOc1ccc(CC(C)(Oc2ccccc2)C(=O)O)cc1,8.22,EC50,True,463.5550000000002,6,1,5.797820000000006,<rdkit.DataStructs.cDataStructs.ExplicitBitVect object at 0x126ce5000>,33
Cc1oc(-c2ccccc2)nc1CCCc1ccc(CC(C(=O)O)c2ccc(-c3ccccc3)cc2)cc1,5.75,EC50,True,501.62600000000015,3,1,7.903220000000006,<rdkit.DataStructs.cDataStructs.ExplicitBitVect object at 0x126ce5070>,38
COC(=O)C(Cc1ccc(OCCOc2ccc3ccccc3c2)cc1)C(=O)O,5.95,EC50,True,394.42300000000006,5,1,3.7139000000000015,<rdkit.DataStructs.cDataStructs.ExplicitBitVect object at 0x126ce50e0>,29
CCO[C@@H](Cc1ccc(OCC=C(c2ccc(C)cc2)c2ccc(C)cc2)cc1)C(=O)O,5.51,EC50,True,430.54400000000015,3,1,5.846340000000006,<rdkit.DataStructs.cDataStructs.ExplicitBitVect object at 0x126ce5150>,32
CCOC(Cc1ccc2c(ccn2Cc2nc(-c3ccccc3C)oc2C)c1)C(=O)O,6.0,EC50,True,418.49300000000017,5,1,4.993640000000004,<rdkit.DataStructs.cDataStructs.ExplicitBitVect object at 0x126ce51c0>,31
CCO[C@@H](Cc1ccc(OC/C=C(\c2ccccc2)c2ccc(-c3ccco3)cc2)cc1)C(=O)O,6.1,EC50,True,468.5490000000002,4,1,6.489500000000007,<rdkit.DataStructs.cDataStructs.ExplicitBitVect object at 0x126ce5230>,35
COc1cccc(C(=O)c2ccccc2NC(Cc2ccc(OCCN(C)c3nc4ccccc4o3)cc2)C(=O)O)c1,6.93,EC50,True,565.6260000000004,8,2,5.690400000000005,<rdkit.DataStructs.cDataStructs.ExplicitBitVect object at 0x126ce52a0>,42
CN(CCOc1ccc(CC(Nc2ccc(Cl)cc2C(=O)c2ccccc2)C(=O)O)cc1)c1nc2ccccc2o1,6.75,EC50,True,570.0450000000003,7,2,6.335200000000006,<rdkit.DataStructs.cDataStructs.ExplicitBitVect object at 0x126ce5310>,41
CSc1nc(NC(Cc2ccc(OCCN(C)c3nc4ccccc4o3)cc2)C(=O)O)c(C(=O)c2ccccc2)s1,5.39,EC50,False,588.7110000000004,10,2,5.860200000000005,<rdkit.DataStructs.cDataStructs.ExplicitBitVect object at 0x126ce5380>,41
C[C@]1(C(=O)O)CCc2ccc(OCCCOc3ccc(OCC(F)(F)F)cc3Cl)cc2O1,5.52,EC50,True,474.8590000000001,5,1,5.297300000000005,<rdkit.DataStructs.cDataStructs.ExplicitBitVect object at 0x126ce53f0>,32
CC[C@]1(C(=O)O)CCc2ccc(OCCCOc3ccc(OCC(F)(F)F)cc3Cl)cc2O1,6.4,EC50,True,488.88600000000014,5,1,5.687400000000006,<rdkit.DataStructs.cDataStructs.ExplicitBitVect object at 0x126ce5460>,33
CCC(Cc1ccc(OC)c(C(=O)NCc2ccccc2)c1)C(=O)O,5.0,EC50,False,341.40700000000004,3,2,3.278500000000001,<rdkit.DataStructs.cDataStructs.ExplicitBitVect object at 0x126ce54d0>,25
CN(CCOc1ccc(CC(Nc2ccccc2C(=O)c2ccc(-c3ccccc3)cc2)C(=O)O)cc1)c1nc2ccccc2o1,7.62,EC50,True,611.6980000000002,7,2,7.348800000000007,<rdkit.DataStructs.cDataStructs.ExplicitBitVect object at 0x126ce5540>,46
CN(CCOc1ccc(CC(Nc2ccccc2C(=O)c2ccc(-c3ccccc3)cc2)C(=O)O)cc1)c1nc2ccccc2o1,6.47,EC50,True,611.6980000000002,7,2,7.348800000000007,<rdkit.DataStructs.cDataStructs.ExplicitBitVect object at 0x126ce55b0>,46
CS(=O)(=O)Nc1ccc(CNC(=O)c2ccc3c(ccn3Cc3cccc(F)c3)c2)c(C(F)(F)F)c1,6.48,EC50,True,519.5200000000002,4,2,5.149000000000004,<rdkit.DataStructs.cDataStructs.ExplicitBitVect object at 0x126ce5620>,36
CCCOC(=O)c1ccccc1NC(Cc1ccc(OCCc2nc(-c3ccccc3)oc2C)cc1)C(=O)O,7.89,EC50,True,528.6050000000004,7,2,5.946120000000006,<rdkit.DataStructs.cDataStructs.ExplicitBitVect object at 0x126ce5690>,39
CCCc1cc2c(oc(=O)n2C)c(CCC)c1O[C@H](C(=O)O)c1ccc(C(C)C)cc1,6.19,EC50,True,425.5250000000001,5,1,5.364600000000005,<rdkit.DataStructs.cDataStructs.ExplicitBitVect object at 0x126ce5700>,31
CCCc1cc2c(oc(=O)n2CC(F)(F)F)c(CCC)c1O[C@H](C(=O)O)c1ccc(C(C)C)cc1,6.85,EC50,True,493.5220000000003,5,1,6.389900000000006,<rdkit.DataStructs.cDataStructs.ExplicitBitVect object at 0x126ce5770>,35
CCCc1cc2c(=O)n(C)oc2c(CCC)c1O[C@H](C(=O)O)c1ccccc1,6.41,EC50,True,383.444,5,1,4.241200000000004,<rdkit.DataStructs.cDataStructs.ExplicitBitVect object at 0x126ce57e0>,28
CCCO/N=C/c1ccc(OC(Cc2ccccc2)C(=O)O)cc1,5.1,EC50,False,327.38000000000005,4,1,3.5218000000000016,<rdkit.DataStructs.cDataStructs.ExplicitBitVect object at 0x126ce5850>,24
CCCc1c(OCCCCOc2ccc(CCC(=O)O)cc2)ccc2c(-c3ccccc3)noc12,6.31,EC50,True,473.56900000000013,5,1,6.702500000000007,<rdkit.DataStructs.cDataStructs.ExplicitBitVect object at 0x126ce58c0>,35
COC(=O)[C@H](Cc1ccc(OCc2ccccc2)cc1)/N=C(C)/C=C(\O)c1ccccc1,6.16,EC50,True,429.51600000000013,5,1,5.409700000000005,<rdkit.DataStructs.cDataStructs.ExplicitBitVect object at 0x126ce5930>,32
Cc1oc(-c2ccccc2)nc1CCOc1ccc([C@@H]2CN(C(=O)Oc3ccccc3)C[C@@H]2CC(=O)O)cc1,5.38,EC50,False,526.5890000000003,6,1,5.960620000000006,<rdkit.DataStructs.cDataStructs.ExplicitBitVect object at 0x126ce59a0>,39
Cc1ccc(C(=O)c2cccn2C/C=C/c2cccc(OCC(=O)O)c2)cc1,5.92,EC50,True,375.42400000000015,4,1,4.204320000000003,<rdkit.DataStructs.cDataStructs.ExplicitBitVect object at 0x126ce5a10>,28
COc1ccc(CNC(=O)c2ccc3c(ccn3Cc3cccc(F)c3)c2)c(C(F)(F)F)c1,6.07,EC50,True,456.4390000000001,3,1,5.786100000000004,<rdkit.DataStructs.cDataStructs.ExplicitBitVect object at 0x126ce5a80>,33
O=C(O)c1ccc(OCc2c(-c3c(Cl)cccc3C(F)(F)F)noc2-c2cn[nH]c2)cc1,5.44,EC50,False,463.7990000000001,5,2,5.6811000000000025,<rdkit.DataStructs.cDataStructs.ExplicitBitVect object at 0x126ce5af0>,32
CCCOc1ccc(C[C@@H](Cc2ccccc2)C(=O)O)cc1CNC(=O)c1ccc(C23CC4CC(CC(C4)C2)C3)cc1,8.44,EC50,True,565.7540000000002,3,2,7.3592000000000075,<rdkit.DataStructs.cDataStructs.ExplicitBitVect object at 0x126ce5b60>,42
CCCOc1ccc(C[C@@H](Cc2ccccc2)C(=O)O)cc1CNC(=O)c1ccc(N2C3CCCC2CCC3)cc1,8.28,EC50,True,554.7310000000002,4,2,6.802800000000007,<rdkit.DataStructs.cDataStructs.ExplicitBitVect object at 0x126ce5bd0>,41
Cc1cccc(-c2nc(COc3ccc(CC(OC(C)C)C(=O)O)cc3)no2)c1,7.3,EC50,True,396.4430000000001,6,1,4.0447200000000025,<rdkit.DataStructs.cDataStructs.ExplicitBitVect object at 0x126ce5c40>,29
COc1ccc(/C(C)=N/OCCCCO/N=C(/CCC(=O)O)c2ccccc2)cc1OC,6.1,EC50,True,442.5120000000001,7,1,4.5103000000000035,<rdkit.DataStructs.cDataStructs.ExplicitBitVect object at 0x126ce5cb0>,32
Cc1oc(-c2ccccc2)nc1CCOc1ccc(C[C@@H](C(=O)O)n2cccc2)cc1,8.33,EC50,True,416.4770000000001,5,1,4.941420000000003,<rdkit.DataStructs.cDataStructs.ExplicitBitVect object at 0x126ce5d20>,31
CCC(NC(=O)c1ccc2c(c1)c(C)c(C)n2Cc1ccc(-c2ccccc2C(=O)O)cc1)c1ccccc1,9.1,EC50,True,516.6410000000002,3,2,7.552740000000007,<rdkit.DataStructs.cDataStructs.ExplicitBitVect object at 0x126ce5d90>,39
CN(CCOc1ccc(CC(Nc2ccccc2C(=O)c2cccc(C(F)(F)F)c2)C(=O)O)cc1)c1nc2ccccc2o1,7.93,EC50,True,603.5970000000002,7,2,6.700600000000006,<rdkit.DataStructs.cDataStructs.ExplicitBitVect object at 0x126ce5e00>,44
CC(C)(Oc1ccc(CCN(CCCCCC2CCCCC2)C(=O)Nc2ccc(F)cc2)cc1)C(=O)O,5.8,EC50,True,512.6660000000003,3,2,7.285000000000008,<rdkit.DataStructs.cDataStructs.ExplicitBitVect object at 0x126ce5e70>,37
Cc1c(C)c2c(c(C)c1O)CCC(C)(COc1ccc(CC3SC(=O)NC3=O)cc1)O2,6.36,EC50,True,441.54900000000015,6,2,4.374260000000002,<rdkit.DataStructs.cDataStructs.ExplicitBitVect object at 0x126ce5ee0>,31
Cc1ccc(-n2cnn(Cc3cc(C)c(OC(C)(C)C(=O)O)c(C)c3)c2=O)cc1,6.02,EC50,True,395.4590000000001,6,1,3.2495600000000016,<rdkit.DataStructs.cDataStructs.ExplicitBitVect object at 0x126ce5f50>,29
Cc1oc(-c2ccccc2)nc1CN(Cc1ccc(OC(C)(C)C(=O)O)cc1)Cc1ccco1,6.17,EC50,True,460.5300000000002,6,1,5.687420000000004,<rdkit.DataStructs.cDataStructs.ExplicitBitVect object at 0x126ce5fc0>,34
C/C(=N\OCCOc1ccc(CC2SC(=O)NC2=O)cc1)c1ccc(-c2ccccc2)cn1,5.96,EC50,True,461.5430000000002,7,1,4.4623000000000035,<rdkit.DataStructs.cDataStructs.ExplicitBitVect object at 0x126ce6030>,33
CCc1ccc(-c2nc3ccc(NC(=O)c4cc([N+](=O)[O-])ccc4Cl)cc3n2C)cc1,7.72,EC50,True,434.8830000000001,5,1,5.616600000000004,<rdkit.DataStructs.cDataStructs.ExplicitBitVect object at 0x126ce60a0>,31
CN(CCOc1ccc(CC(Nc2ccccc2S(=O)(=O)c2ccccc2)C(=O)O)cc1)c1nc2ccccc2o1,5.66,EC50,True,571.6550000000002,8,2,5.283600000000005,<rdkit.DataStructs.cDataStructs.ExplicitBitVect object at 0x126ce6110>,41
CCCCOc1c(/C(C)=C(F)\C=C\C(C)=C\C(=O)O)cc(C(C)C)cc1C(C)C,7.33,EC50,True,402.5500000000001,2,1,7.399900000000007,<rdkit.DataStructs.cDataStructs.ExplicitBitVect object at 0x126ce6180>,29
COC(=O)c1ccccc1N[C@@H](Cc1ccc(OCCc2nc(-c3ccccc3)oc2C)cc1)C(=O)O,9.15,EC50,True,500.5510000000003,7,2,5.165920000000004,<rdkit.DataStructs.cDataStructs.ExplicitBitVect object at 0x126ce61f0>,37
CC(C)O[C@@H](Cc1ccc(OCc2noc(-c3cc(C(F)(F)F)cc(C(F)(F)F)c3)n2)cc1)C(=O)O,7.5,EC50,True,518.4100000000001,6,1,5.773900000000004,<rdkit.DataStructs.cDataStructs.ExplicitBitVect object at 0x126ce6260>,36
CN(CCOc1ccc(C[C@H](OCC(F)(F)F)C(=O)O)cc1)c1nc2ccccc2o1,9.0,EC50,True,438.4020000000001,6,1,3.917600000000003,<rdkit.DataStructs.cDataStructs.ExplicitBitVect object at 0x126ce62d0>,31
CCCc1nc2cc3ccccc3cc2n1Cc1ccc(-c2ccccc2C(=O)O)cc1,6.58,EC50,True,420.5120000000001,3,1,6.555500000000006,<rdkit.DataStructs.cDataStructs.ExplicitBitVect object at 0x126ce6340>,32
CC(C)(C)N.CCCCCC(=O)N1Cc2cc(OCCc3nc(/C=C/CCC(C)C)oc3C)ccc2C[C@H]1C(=O)O,7.7,EC50,True,569.7870000000005,6,2,6.715720000000008,<rdkit.DataStructs.cDataStructs.ExplicitBitVect object at 0x126ce63b0>,41
CCCCCCCCCCCCCCCc1cccc(OC(C)(C)C(=O)O)c1,6.05,EC50,True,390.6080000000001,2,1,7.5623000000000085,<rdkit.DataStructs.cDataStructs.ExplicitBitVect object at 0x126ce6420>,28
CCc1cc(Cn2ncn(-c3ccc(C(F)(F)F)cc3)c2=O)cc(CC)c1OC(C)(C)C(=O)O,5.66,EC50,True,477.4830000000003,6,1,4.467900000000003,<rdkit.DataStructs.cDataStructs.ExplicitBitVect object at 0x126ce6490>,34
CC(C)(Oc1ccc(Cn2ncn(-c3ccc(C(F)(F)F)cc3)c2=O)cc1Cl)C(=O)O,5.56,EC50,True,455.82000000000016,6,1,3.996500000000003,<rdkit.DataStructs.cDataStructs.ExplicitBitVect object at 0x126ce6500>,31
O=C(c1ccccc1)c1ccccc1N[C@@H](Cc1ccc(OCCOc2ccc(SCl)cc2)cc1)C(=O)O,6.12,EC50,True,548.0600000000003,6,2,6.729100000000004,<rdkit.DataStructs.cDataStructs.ExplicitBitVect object at 0x126ce6570>,38
CC(/C=C/[C@@H]1C[C@]1(C)c1ccc2c(c1)C(C)(C)CCC2(C)C)=C\C(=O)O,7.27,EC50,True,352.5180000000001,1,1,5.900300000000006,<rdkit.DataStructs.cDataStructs.ExplicitBitVect object at 0x126ce65e0>,26
CN(CCOc1ccc(CC(Nc2cccc3c2C(=O)c2ccccc2C3=O)C(=O)O)cc1)c1nc2ccccc2o1,8.3,EC50,True,561.5940000000003,8,2,5.226200000000005,<rdkit.DataStructs.cDataStructs.ExplicitBitVect object at 0x126ce6650>,42
Cc1sc(N2CCOCC2)nc1CCOc1ccc(C[C@H](Nc2ccccc2C(=O)c2ccccc2)C(=O)O)cc1,7.81,EC50,True,571.6990000000003,8,2,5.248420000000004,<rdkit.DataStructs.cDataStructs.ExplicitBitVect object at 0x126ce66c0>,41
Cc1sc(N2CCNCC2)nc1CCOc1ccc(C[C@H](Nc2ccccc2C(=O)c2ccccc2)C(=O)O)cc1,6.93,EC50,True,570.7150000000003,8,3,4.821420000000004,<rdkit.DataStructs.cDataStructs.ExplicitBitVect object at 0x126ce6730>,41
CN(CCOc1ccc(CC(Nc2ccccc2C(O)c2ccccc2)C(=O)O)cc1)c1ccccn1,5.88,EC50,True,497.59500000000014,6,3,4.786300000000003,<rdkit.DataStructs.cDataStructs.ExplicitBitVect object at 0x126ce67a0>,37
C[C@@H](Oc1cc(Cn2c(=O)n(-c3ccc(C(C)(C)C)cc3)c3ccc(C(F)(F)F)cc32)ccc1Cl)C(=O)O,6.36,EC50,True,546.9730000000002,5,1,6.662100000000006,<rdkit.DataStructs.cDataStructs.ExplicitBitVect object at 0x126ce6810>,38
Cc1cc([Se]Cc2sc(-c3ccc(C(F)(F)F)cc3)nc2C)ccc1OC(C)(C)C(=O)O,7.0,EC50,True,528.4540000000003,4,1,5.217440000000004,<rdkit.DataStructs.cDataStructs.ExplicitBitVect object at 0x126ce6880>,32
COC(=O)CCCc1cc(CNC(=O)c2c(OC)cc(O)c3c2OC2=CC(O)=C(C(C)=O)C(=O)[C@]23C)c2ccccc2c1,7.38,EC50,True,585.6090000000004,9,3,4.497500000000003,<rdkit.DataStructs.cDataStructs.ExplicitBitVect object at 0x126ce68f0>,43
CSc1nc(NCc2ccccc2)c(C(=O)O)c(SCc2ccccc2)n1,6.75,EC50,True,397.52500000000015,6,2,4.8011000000000035,<rdkit.DataStructs.cDataStructs.ExplicitBitVect object at 0x126ce6960>,27
Cc1oc(-c2ccc(Cl)cc2)nc1COc1cccc(CN(CC(=O)O)C(=O)OC2CCCCC2)c1,6.07,EC50,True,512.9900000000005,6,1,6.238320000000007,<rdkit.DataStructs.cDataStructs.ExplicitBitVect object at 0x126ce69d0>,36
CC[C@@H](NC(=O)c1ccc2c(c1)ncn2Cc1cccnc1)c1ccccc1,6.3,EC50,True,370.456,4,1,4.360700000000003,<rdkit.DataStructs.cDataStructs.ExplicitBitVect object at 0x126ce6a40>,28
Cc1nc2cc(C(=O)NCc3ccccc3)ccc2n1Cc1ccc(Cl)c(Cl)c1,6.4,EC50,True,424.33100000000013,3,1,5.629820000000004,<rdkit.DataStructs.cDataStructs.ExplicitBitVect object at 0x126ce6ab0>,29
CC[C@@H](NC(=O)c1ccc2c(c1)nc(C1CC1)n2Cc1ccc(Cl)c(Cl)c1)c1ccccc1,6.9,EC50,True,478.42300000000006,3,1,7.149900000000006,<rdkit.DataStructs.cDataStructs.ExplicitBitVect object at 0x126ce6b20>,33
Cc1nc2cc(C(=O)N[C@H](C)c3ccccc3)ccc2n1Cc1ccc(Cl)c(Cl)c1,7.3,EC50,True,438.3580000000002,3,1,6.190820000000004,<rdkit.DataStructs.cDataStructs.ExplicitBitVect object at 0x126ce6b90>,30
CSc1nc(Cl)c(C(=O)NCc2ccccc2)c(NCc2ccccc2)n1,5.3,EC50,False,398.9190000000001,5,2,4.394000000000002,<rdkit.DataStructs.cDataStructs.ExplicitBitVect object at 0x126ce6c00>,27
CCCc1oc(-c2ccccc2)nc1CCc1noc2cc(OC(C)(C)C(=O)O)ccc12,4.72,EC50,False,434.4920000000002,6,1,5.462500000000005,<rdkit.DataStructs.cDataStructs.ExplicitBitVect object at 0x126ce6c70>,32
CCCc1oc(-c2ccccc2Cl)nc1CCc1noc2cc(OC(C)(C)C(=O)O)ccc12,4.58,EC50,False,468.93700000000024,6,1,6.115900000000005,<rdkit.DataStructs.cDataStructs.ExplicitBitVect object at 0x126ce6ce0>,33
Cc1nc(-c2ccc(Cl)cc2)sc1C(=O)N[C@H]1CCCN(c2cccc(C(=O)O)c2)C1,5.02,EC50,False,455.96700000000027,5,2,4.868920000000005,<rdkit.DataStructs.cDataStructs.ExplicitBitVect object at 0x126ce6d50>,31
CCCCCc1nc2ccccc2n1Cc1ccc(-c2ccccc2C(=O)O)cc1,6.4,EC50,True,398.50600000000014,3,1,6.182500000000006,<rdkit.DataStructs.cDataStructs.ExplicitBitVect object at 0x126ce6dc0>,30
COc1ccc(-c2nc(CCOc3ccc(CC4(C(=O)O)CCCO4)nc3)c(C)o2)cc1,6.98,EC50,True,438.4800000000002,7,1,3.8514200000000027,<rdkit.DataStructs.cDataStructs.ExplicitBitVect object at 0x126ce6e30>,32
CCCOC(=O)N(CC(=O)O)Cc1cc(OCc2nc(-c3ccc(Cl)cc3)oc2C)ccc1F,5.7,EC50,True,490.9150000000002,6,1,5.4547200000000045,<rdkit.DataStructs.cDataStructs.ExplicitBitVect object at 0x126ce6ea0>,34
COC(=O)N(CC(=O)O)Cc1cc(OCc2nc(-c3ccc(OC(F)(F)F)cc3)oc2C)ccc1F,5.62,EC50,True,512.4120000000001,7,1,4.919720000000003,<rdkit.DataStructs.cDataStructs.ExplicitBitVect object at 0x126ce6f10>,36
O=C(O)Cc1ccc(Cl)c(OCCC2CCN(c3nc4ccc(Cl)cc4s3)CC2)c1,6.01,EC50,True,465.4020000000001,5,1,5.915700000000005,<rdkit.DataStructs.cDataStructs.ExplicitBitVect object at 0x126ce6f80>,30
CCC1(CCOc2cc(CC(=O)O)ccc2Cl)CCN(c2nc3ccc(Cl)cc3s2)CC1,6.11,EC50,True,493.4560000000003,5,1,6.695900000000005,<rdkit.DataStructs.cDataStructs.ExplicitBitVect object at 0x126ce6ff0>,32
CCCCC1(CCOc2cc(CC(=O)O)ccc2Cl)CCN(c2nc3ccc(Cl)cc3s2)CC1,6.18,EC50,True,521.5100000000002,5,1,7.476100000000006,<rdkit.DataStructs.cDataStructs.ExplicitBitVect object at 0x126ce7060>,34
CC(C)CC1(CCOc2cc(Cl)cc(CC(=O)O)c2)CCN(c2nc3ccc(Cl)cc3s2)CC1,6.34,EC50,True,521.5100000000002,5,1,7.332000000000006,<rdkit.DataStructs.cDataStructs.ExplicitBitVect object at 0x126ce70d0>,34
CCO[C@@H](Cc1ccc(OC/C=C/c2cc(-c3ccc(C(C)(C)C)cc3)cc(-c3ccc(C(C)(C)C)cc3)c2)cc1)C(=O)O,6.0,EC50,True,590.8040000000004,3,1,9.740000000000002,<rdkit.DataStructs.cDataStructs.ExplicitBitVect object at 0x126ce7140>,44
COC(=O)C1=C(c2ccccc2)c2ccc(OCCN3CCOCC3)cc2/C1=[N+](/C)[O-],6.85,EC50,True,422.4810000000003,6,0,2.3153000000000006,<rdkit.DataStructs.cDataStructs.ExplicitBitVect object at 0x126ce71b0>,31
Cc1cc2c(CCc3sc(-c4ccc(C(F)(F)F)cc4)nc3C(C)C)noc2cc1OC(C)(C)C(=O)O,6.04,EC50,True,532.5840000000003,6,1,7.429120000000006,<rdkit.DataStructs.cDataStructs.ExplicitBitVect object at 0x126ce7220>,37
Cc1oc(-c2ccccc2)nc1CCOc1ccc(CC(Oc2ccccc2)C(=O)O)cc1,6.41,EC50,True,443.49900000000014,5,1,5.346220000000004,<rdkit.DataStructs.cDataStructs.ExplicitBitVect object at 0x126ce7290>,33
CCc1oc(-c2ccccc2)nc1CCc1noc2cc(OC(C)(C)C(=O)O)ccc12,4.6,EC50,False,420.46500000000015,6,1,5.072400000000004,<rdkit.DataStructs.cDataStructs.ExplicitBitVect object at 0x126ce7300>,31
CCCCCCc1oc(-c2ccccc2Cl)nc1CCc1noc2cc(OC(C)(C)C(=O)O)ccc12,5.23,EC50,False,511.0180000000004,6,1,7.286200000000006,<rdkit.DataStructs.cDataStructs.ExplicitBitVect object at 0x126ce7370>,36
CCCCc1ccc(-c2nc(CCc3noc4cc(OC(C)(C)C(=O)O)ccc34)c(C(C)C)o2)cc1,5.58,EC50,True,490.6000000000002,6,1,6.976000000000007,<rdkit.DataStructs.cDataStructs.ExplicitBitVect object at 0x126ce73e0>,36
O=C(Nn1cc([N+](=O)[O-])cn1)c1cccc(COc2ccc(Br)cc2)c1,5.26,EC50,False,417.21900000000005,6,1,3.516700000000002,<rdkit.DataStructs.cDataStructs.ExplicitBitVect object at 0x126ce7450>,26
CCOC(=O)c1sc(N2C(=O)C(O)=C(C(=O)c3cccs3)C2c2ccc(C)o2)nc1C,5.62,EC50,True,458.51700000000017,9,1,4.3740400000000035,<rdkit.DataStructs.cDataStructs.ExplicitBitVect object at 0x126ce74c0>,31
CC(C)(C)N.CC(C)=C/C=C/C(=O)N1Cc2cc(OCCc3nc(/C=C/CCC(C)C)oc3C)ccc2C[C@H]1C(=O)O,7.52,EC50,True,579.7820000000004,6,2,6.657820000000008,<rdkit.DataStructs.cDataStructs.ExplicitBitVect object at 0x126ce7530>,42
C/C=C/C=C/C(=O)N1Cc2cc(OCCc3nc(CCCCC(C)C)oc3C)ccc2C[C@H]1C(=O)O.CC(C)(C)N,6.96,EC50,True,567.7710000000002,6,2,6.1871200000000055,<rdkit.DataStructs.cDataStructs.ExplicitBitVect object at 0x126ce75a0>,41
C/C=C/C=C/C(=O)N1Cc2cc(OCCc3nc(/C=C/C(C)C)oc3C)ccc2C[C@H]1C(=O)O.CC(C)(C)N,6.17,EC50,True,537.7010000000002,6,2,5.487520000000004,<rdkit.DataStructs.cDataStructs.ExplicitBitVect object at 0x126ce7610>,39
CC[C@H](NC(=O)c1ccc2c(c1)nc(C)n2Cc1ccc(Cl)c(Cl)c1)c1ccccc1,6.6,EC50,True,452.38500000000005,3,1,6.580920000000005,<rdkit.DataStructs.cDataStructs.ExplicitBitVect object at 0x126ce7680>,31
CCC(Sc1nc(OCCc2ccccc2)cc(OCCc2ccccc2)n1)C(=O)O,5.21,EC50,False,438.5490000000002,6,1,4.674900000000004,<rdkit.DataStructs.cDataStructs.ExplicitBitVect object at 0x126ce76f0>,31
CCCCC(Sc1nc(OCCc2ccc(C#N)cc2)cc(OCCc2ccc(C#N)cc2)n1)C(=O)O,5.16,EC50,False,516.6230000000003,8,1,5.198460000000004,<rdkit.DataStructs.cDataStructs.ExplicitBitVect object at 0x126ce7760>,37
CCCCC(Sc1nc(OCCC2CC2)cc(OCCC2CC2)n1)C(=O)O,5.37,EC50,False,394.5370000000002,6,1,4.569900000000003,<rdkit.DataStructs.cDataStructs.ExplicitBitVect object at 0x126ce77d0>,27
CN(CCOc1ccc(CC(Nc2ccccc2C(=O)c2cccs2)C(=O)O)cc1)c1nc2ccccc2o1,7.34,EC50,True,541.6290000000002,8,2,5.743300000000006,<rdkit.DataStructs.cDataStructs.ExplicitBitVect object at 0x126ce7840>,39
CCc1oc(-c2ccc(C)cc2)nc1CCOc1ccc2c(c1)CC[C@H]2CC(=O)O,8.3,EC50,True,405.4940000000002,4,1,5.338420000000005,<rdkit.DataStructs.cDataStructs.ExplicitBitVect object at 0x126ce78b0>,30
Cc1nc(-c2ccc(-c3ccccc3)cc2)n(C)c1CCOc1ccc2c(c1)CC[C@H]2CC(=O)O,7.55,EC50,True,466.58100000000036,4,1,6.188520000000007,<rdkit.DataStructs.cDataStructs.ExplicitBitVect object at 0x126ce7920>,35
Cc1oc(-c2ccccc2)nc1CCOc1ccc2c(c1)OCC2CC(=O)O,5.0,EC50,False,379.41200000000015,5,1,4.222220000000003,<rdkit.DataStructs.cDataStructs.ExplicitBitVect object at 0x126ce7990>,28
CC(C)(CCCCN1C(=O)C(CCOc2ccccc2CC(=O)O)Oc2ccccc21)C(=O)O,6.0,EC50,True,469.5340000000003,5,2,4.157900000000002,<rdkit.DataStructs.cDataStructs.ExplicitBitVect object at 0x126ce7a00>,34
C/C(=N\OCCOc1ccc(CC2SC(=O)NC2=O)cc1)c1ccccc1,5.77,EC50,True,384.4570000000001,6,1,3.4003000000000014,<rdkit.DataStructs.cDataStructs.ExplicitBitVect object at 0x126ce7a70>,27
C/C(=C\C(=O)c1ccccc1)NC(Cc1ccc(OCCOc2ccc(/C=C/c3ccc(C)cc3)cc2)cc1)C(=O)O,7.68,EC50,True,561.6780000000003,5,2,6.995220000000008,<rdkit.DataStructs.cDataStructs.ExplicitBitVect object at 0x126ce7ae0>,42
C/C(=C\C(=O)c1ccccc1)NC(Cc1ccc(OCCOc2ccc(/C=C/c3ccc(C(F)(F)F)cc3)cc2)cc1)C(=O)O,7.08,EC50,True,615.6480000000004,5,2,7.705600000000007,<rdkit.DataStructs.cDataStructs.ExplicitBitVect object at 0x126ce7b50>,45
C/C(=C\C(=O)c1ccccc1)NC(Cc1ccc(OCCOc2ccc(/N=N/c3ccccc3)cc2)cc1)C(=O)O,6.74,EC50,True,549.6270000000003,7,2,6.931800000000007,<rdkit.DataStructs.cDataStructs.ExplicitBitVect object at 0x126ce7bc0>,41
O=C(/C=C/c1ccccc1)NC(Cc1ccc(OCCOc2ccc(/C=C/c3ccccc3)cc2)cc1)C(=O)O,6.19,EC50,True,533.6240000000003,4,2,6.1401000000000066,<rdkit.DataStructs.cDataStructs.ExplicitBitVect object at 0x126ce7c30>,40
CC(C)(C)N.CCC(O)/C=C/C(=O)N1Cc2cc(OCCc3nc(/C=C/CCC(C)C)oc3C)ccc2C[C@H]1C(=O)O,6.62,EC50,True,583.7700000000004,7,3,5.462520000000006,<rdkit.DataStructs.cDataStructs.ExplicitBitVect object at 0x126ce7ca0>,42
C/C=C/C=C/C(=O)N1Cc2cc(OCCc3nc(/C=C/CC(C)(C)C)oc3C)ccc2C[C@H]1C(=O)O.CC(C)(C)N,6.8,EC50,True,565.7550000000002,6,2,6.267720000000006,<rdkit.DataStructs.cDataStructs.ExplicitBitVect object at 0x126ce7d10>,41
COc1cccc(CC(=O)O)c1OCCCc1cc(OC(C)C)nn1Cc1ccc(Cl)cc1Cl,8.64,EC50,True,507.4140000000002,6,1,5.672700000000006,<rdkit.DataStructs.cDataStructs.ExplicitBitVect object at 0x126ce7d80>,34
Cc1cc(SCc2oc(-c3ccc(C(F)(F)F)cc3)nc2C)ccc1OCC(=O)O,5.79,EC50,True,437.4390000000002,5,1,5.732940000000005,<rdkit.DataStructs.cDataStructs.ExplicitBitVect object at 0x126ce7df0>,30
CCOC(Cc1ccc2c(ccn2Cc2nc(-c3ccc(C(F)(F)F)cc3)oc2C)c1)C(=O)O,6.33,EC50,True,472.46300000000014,5,1,5.704020000000004,<rdkit.DataStructs.cDataStructs.ExplicitBitVect object at 0x126ce7e60>,34
Cc1oc(-c2ccccc2)nc1CCOc1ccc(CC2(C(=O)O)CCCO2)nc1,7.39,EC50,True,408.45400000000024,6,1,3.8428200000000015,<rdkit.DataStructs.cDataStructs.ExplicitBitVect object at 0x126ce7ed0>,30
CCCCCOc1nc2ccccc2cc1C(O)C/C=C\CCCC(=O)OC,5.81,EC50,True,385.5040000000003,5,1,5.126800000000005,<rdkit.DataStructs.cDataStructs.ExplicitBitVect object at 0x126ce7f40>,28
C/C(=N\OCCCCO/N=C(/CCC(=O)O)c1ccccc1)c1ccc(C)cc1,5.68,EC50,True,396.4870000000001,5,1,4.8015200000000045,<rdkit.DataStructs.cDataStructs.ExplicitBitVect object at 0x1249ec040>,29
COC(=O)C1Cc2ccc(OCCc3nc(-c4cccc(OC)c4)oc3C)cc2OC1=O,7.0,EC50,True,437.4480000000002,8,0,3.530820000000002,<rdkit.DataStructs.cDataStructs.ExplicitBitVect object at 0x1249ec0b0>,32
COC(=O)c1cc2ccc(OCCc3nc(-c4cccc(F)c4)oc3C)cc2oc1=O,6.02,EC50,True,423.39600000000013,7,0,4.303620000000004,<rdkit.DataStructs.cDataStructs.ExplicitBitVect object at 0x1249ec120>,31
CC(C)OC(Cc1ccc(OCc2noc(-c3ccc(Cl)cc3)n2)cc1)C(=O)O,7.7,EC50,True,416.86100000000005,6,1,4.389700000000005,<rdkit.DataStructs.cDataStructs.ExplicitBitVect object at 0x1249ec190>,29
O=C(O)[C@H](Cc1ccccc1)Oc1ccc(CO)cc1,4.59,EC50,False,272.3,3,2,2.2536000000000005,<rdkit.DataStructs.cDataStructs.ExplicitBitVect object at 0x1249ec200>,20
O=C(O)[C@H](Cc1ccccc1)Oc1ccc(Oc2ccccc2)cc1,5.8,EC50,True,334.37100000000004,3,1,4.553600000000003,<rdkit.DataStructs.cDataStructs.ExplicitBitVect object at 0x1249ec270>,25
O=C(O)[C@H](Cc1ccccc1)Oc1ccc(CCc2ccccc2)cc1,6.4,EC50,True,346.426,2,1,4.546500000000004,<rdkit.DataStructs.cDataStructs.ExplicitBitVect object at 0x1249ec2e0>,26
O=C(O)[C@H](CCc1ccccc1)Oc1ccc(Cl)cc1,5.15,EC50,False,290.74600000000004,2,1,3.804800000000003,<rdkit.DataStructs.cDataStructs.ExplicitBitVect object at 0x1249ec350>,20
CCCCc1nc(C(C)C)c(Cc2nc(Cc3ccccc3)no2)c(=O)n1Cc1ccc(-c2ccccc2-c2noc(=O)[nH]2)cc1,5.94,EC50,True,616.7220000000002,9,1,6.332500000000007,<rdkit.DataStructs.cDataStructs.ExplicitBitVect object at 0x1249ec3c0>,46
O=C(O)COc1ccc(Sc2ccc(COc3ccc(C(F)(F)F)cc3)cc2OCC#CCO)c2c1CCCC2,5.23,EC50,False,572.6009999999999,6,2,6.1523000000000065,<rdkit.DataStructs.cDataStructs.ExplicitBitVect object at 0x1249ec430>,40
CCC(Cc1ccc(OC)c(CNC(=O)c2cccc(Oc3ccccc3)c2)c1)C(=O)O,5.34,EC50,False,433.50400000000013,4,2,5.070800000000004,<rdkit.DataStructs.cDataStructs.ExplicitBitVect object at 0x1249ec4a0>,32
CCCC[C@@H](Sc1ccc(OCCCOc2cccc(C)c2C)cc1)C(=O)O,5.41,EC50,False,402.5560000000001,4,1,5.886840000000006,<rdkit.DataStructs.cDataStructs.ExplicitBitVect object at 0x1249ec510>,28
CC[C@]1(C(=O)O)OC[C@@H](CCCCc2nc(-c3ccccc3)oc2C)CO1,5.0,EC50,False,373.44900000000007,5,1,4.216720000000004,<rdkit.DataStructs.cDataStructs.ExplicitBitVect object at 0x1249ec580>,27
Cc1oc(-c2ccccc2)nc1CCCCC[C@H]1CO[C@@](C)(C(=O)O)OC1,6.52,EC50,True,373.44900000000007,5,1,4.216720000000002,<rdkit.DataStructs.cDataStructs.ExplicitBitVect object at 0x1249ec5f0>,27
CC(C)(Sc1ccc(CCN(CCc2ccc(-c3ccccc3)cc2)C(=O)Nc2cc(Cl)cc(Cl)c2)cc1)C(=O)O,5.7,EC50,True,607.6030000000002,3,2,8.935000000000004,<rdkit.DataStructs.cDataStructs.ExplicitBitVect object at 0x1249ec660>,41
O=C(O)CC1=C/C(=C\c2ccc(SC(F)(F)F)cc2)c2ccc(F)cc21,6.7,EC50,True,380.3620000000001,2,1,5.849900000000003,<rdkit.DataStructs.cDataStructs.ExplicitBitVect object at 0x1249ec6d0>,26
COc1ccc(-c2nc(CCOc3cccc(C[C@@H]4C(=O)N(c5ccc(C(C)(C)C)cc5)[C@@H]4C(=O)O)c3)c(C)o2)cc1,7.4,EC50,True,568.6700000000003,6,1,6.236320000000006,<rdkit.DataStructs.cDataStructs.ExplicitBitVect object at 0x1249ec740>,42
Cc1oc(-c2ccccc2)nc1CCOc1ccc(Cc2nn(-c3ccccc3)nc2CC(=O)O)cc1,7.89,EC50,True,494.5510000000002,7,1,5.070120000000004,<rdkit.DataStructs.cDataStructs.ExplicitBitVect object at 0x1249ec7b0>,37
CN(CCOc1ccc(CC(Nc2ccccc2C(=O)Cc2ccccc2)C(=O)O)cc1)c1nc2ccccc2o1,7.54,EC50,True,549.6270000000003,7,2,5.876200000000006,<rdkit.DataStructs.cDataStructs.ExplicitBitVect object at 0x1249ec820>,41
CN(CCOc1ccc(CC(Nc2ccccc2C(=O)Cc2ccccc2)C(=O)O)cc1)c1nc2ccccc2o1,7.33,EC50,True,549.6270000000003,7,2,5.876200000000006,<rdkit.DataStructs.cDataStructs.ExplicitBitVect object at 0x1249ec890>,41
COc1cc(C)c2c(c1)CC[C@@](C)(CC/C=C(\C)CC/C=C(\C)C(=O)O)O2,6.0,EC50,True,372.5050000000001,3,1,5.624920000000006,<rdkit.DataStructs.cDataStructs.ExplicitBitVect object at 0x1249ec900>,27
CCCc1nc2c(C)cccc2n1Cc1ccc2c(n1)COc1ccccc1/C2=C(\C)c1noc(=O)[nH]1,7.07,EC50,True,493.5670000000003,7,1,5.288220000000004,<rdkit.DataStructs.cDataStructs.ExplicitBitVect object at 0x1249ec970>,37
Cc1ccc(F)c(OC(=O)N(CC(=O)O)[C@@H](C)c2cccc(OCc3coc(-c4ccc(Cl)cc4)n3)c2)c1,6.15,EC50,True,538.9590000000002,6,1,6.668120000000006,<rdkit.DataStructs.cDataStructs.ExplicitBitVect object at 0x1249ec9e0>,38
Cc1cc(CNC(=O)c2cc(-c3ccc(N4CCOCC4)cc3)n(C)n2)ccc1OC(C)(C)C(=O)O,6.96,EC50,True,492.5760000000003,7,2,3.4041200000000016,<rdkit.DataStructs.cDataStructs.ExplicitBitVect object at 0x1249eca50>,36
Cc1cc(-c2ccccc2)ccc1O[C@@H](Cc1ccccc1)C(=O)O,6.16,EC50,True,332.39900000000006,2,1,4.736720000000004,<rdkit.DataStructs.cDataStructs.ExplicitBitVect object at 0x1249ecac0>,25
C[C@@H](Oc1cc(Cn2c(=O)n(-c3ccc(C(C)(C)C)cc3)c3ccc(C(F)(F)F)cc32)ccc1Cl)C(=O)O,6.34,EC50,True,546.9730000000002,5,1,6.662100000000006,<rdkit.DataStructs.cDataStructs.ExplicitBitVect object at 0x1249ecb30>,38
CN(CCOc1ccc(C[C@H](OCC(F)(F)F)C(=O)O)cc1)c1nc2ccccc2o1,8.7,EC50,True,438.4020000000001,6,1,3.917600000000003,<rdkit.DataStructs.cDataStructs.ExplicitBitVect object at 0x1249ecba0>,31
Cc1oc(-c2ccccc2)nc1CCOc1ccc(C[C@@H]2CN(c3ncccn3)C[C@@H]2C(=O)O)cc1,5.97,EC50,True,484.5560000000002,7,1,4.441220000000002,<rdkit.DataStructs.cDataStructs.ExplicitBitVect object at 0x1249ecc10>,36
CC[C@@H](NC(=O)c1ccc2c(c1)ncn2Cc1ccncc1)c1ccccc1,6.1,EC50,True,370.456,4,1,4.360700000000003,<rdkit.DataStructs.cDataStructs.ExplicitBitVect object at 0x1249ecc80>,28
CC(C)c1oc(-c2ccccc2O)nc1CCc1noc2cc(OC(C)(C)C(=O)O)ccc12,4.84,EC50,False,450.4910000000002,7,2,5.339000000000004,<rdkit.DataStructs.cDataStructs.ExplicitBitVect object at 0x1249eccf0>,33
CC(C)c1oc(-c2ccc(C(C)(C)C)cc2)nc1CCc1noc2cc(OC(C)(C)C(=O)O)ccc12,6.0,EC50,True,490.6000000000003,6,1,6.930900000000007,<rdkit.DataStructs.cDataStructs.ExplicitBitVect object at 0x1249ecd60>,36
CC(C)OC(Cc1ccc(OCc2noc(C3CCCCC3)n2)cc1)C(=O)O,6.64,EC50,True,388.46400000000017,6,1,4.117000000000003,<rdkit.DataStructs.cDataStructs.ExplicitBitVect object at 0x1249ecdd0>,28
CC(C)OC(Cc1ccc(OCCc2noc(-c3cccc(C(F)(F)F)c3)n2)cc1)C(=O)O,8.22,EC50,True,464.44000000000005,6,1,4.7976000000000045,<rdkit.DataStructs.cDataStructs.ExplicitBitVect object at 0x1249ece40>,33
COC(=O)c1cc2ccc(OCCc3nc(-c4ccc(-c5ccccc5)cc4)oc3C)cc2oc1=O,5.9,EC50,True,481.5040000000002,7,0,5.831520000000006,<rdkit.DataStructs.cDataStructs.ExplicitBitVect object at 0x1249eceb0>,36
COC(=O)c1cc2ccc(OCCc3nc(-c4ccc(C(C)(C)C)cc4)oc3C)cc2oc1=O,5.76,EC50,True,461.51400000000024,7,0,5.462020000000005,<rdkit.DataStructs.cDataStructs.ExplicitBitVect object at 0x1249ecf20>,34
COC(=O)C1Cc2ccc(OCCc3nc(-c4ccc(C(C)(C)C)cc4)oc3C)cc2OC1=O,6.6,EC50,True,463.53000000000026,7,0,4.819720000000005,<rdkit.DataStructs.cDataStructs.ExplicitBitVect object at 0x1249ecf90>,34
CCn1nc(C(=O)NCc2ccc(OC(C)(C)C(=O)O)c(C)c2)cc1-c1ccc(C(C)(C)C)cc1,7.82,EC50,True,477.60500000000025,5,2,5.347920000000005,<rdkit.DataStructs.cDataStructs.ExplicitBitVect object at 0x1249ed000>,35
Cc1nc(-c2ccccc2)nn1CCOc1ccc(C[C@H](Nc2ccccc2C(=O)c2ccccc2)C(=O)O)cc1,7.49,EC50,True,546.6270000000002,7,2,5.671320000000005,<rdkit.DataStructs.cDataStructs.ExplicitBitVect object at 0x1249ed070>,41
COc1ccc(-c2nc(CCOc3ccc(C[C@H](Nc4ccccc4C(=O)c4ccccc4)C(=O)O)cc3)c(C)o2)cc1,9.22,EC50,True,576.6490000000002,7,2,6.618920000000006,<rdkit.DataStructs.cDataStructs.ExplicitBitVect object at 0x1249ed0e0>,43
CCCc1cc2ccccc2n1Cc1ccc(-c2ccccc2C#N)cc1,5.09,EC50,False,350.46500000000003,2,0,6.180780000000006,<rdkit.DataStructs.cDataStructs.ExplicitBitVect object at 0x1249ed150>,27
CCCCCCc1nc2ccccc2n1Cc1ccc(-c2ccccc2C(N)=O)cc1,5.51,EC50,True,411.5490000000002,3,1,5.973300000000006,<rdkit.DataStructs.cDataStructs.ExplicitBitVect object at 0x1249ed1c0>,31
CCCc1nc2ccccc2n1Cc1ccc(-c2cccc(C(=O)O)c2)cc1,5.21,EC50,False,370.45200000000006,3,1,5.402300000000006,<rdkit.DataStructs.cDataStructs.ExplicitBitVect object at 0x1249ed230>,28
Cc1cc(-c2ccccc2)nn1CCOc1ccc(C[C@H](Nc2ccccc2C(=O)c2ccccc2)C(=O)O)cc1,8.97,EC50,True,545.6390000000002,6,2,6.2763200000000055,<rdkit.DataStructs.cDataStructs.ExplicitBitVect object at 0x1249ed2a0>,41
CCC(Cc1cccc(C(=O)NCc2ccccc2C(F)(F)F)c1)C(=O)O,5.19,EC50,False,379.37800000000004,2,2,4.288700000000003,<rdkit.DataStructs.cDataStructs.ExplicitBitVect object at 0x1249ed310>,27
CCC(Cc1ccc(C(=O)NCc2ccccc2C)cc1)C(=O)O,5.4,EC50,False,325.408,2,2,3.5783200000000015,<rdkit.DataStructs.cDataStructs.ExplicitBitVect object at 0x1249ed380>,24
CCOC(=O)C(CC)Cc1ccc(C(=O)NCc2ccc(F)cc2)cc1,4.96,EC50,False,357.425,3,1,3.887500000000003,<rdkit.DataStructs.cDataStructs.ExplicitBitVect object at 0x1249ed3f0>,26
CN(CCOc1ccc(CC2SC(=O)NC2=O)cc1)c1ccccn1,8.0,EC50,True,357.435,6,1,2.490900000000001,<rdkit.DataStructs.cDataStructs.ExplicitBitVect object at 0x1249ed460>,25
COc1ccc(-c2nc(SCC(=O)O)n(-c3ccccn3)c2-c2ccc(OC)cc2)cc1,6.65,EC50,True,447.51600000000013,7,1,4.795200000000004,<rdkit.DataStructs.cDataStructs.ExplicitBitVect object at 0x1249ed4d0>,32
CCC(Cc1ccc(OC)c(CNC(=O)c2ccc(OCc3ccccc3)cc2)c1)C(=O)O,6.34,EC50,True,447.5310000000002,4,2,4.8575000000000035,<rdkit.DataStructs.cDataStructs.ExplicitBitVect object at 0x1249ed540>,33
COc1ccc2c(-n3c(=O)n(Cc4ccc(Cl)c(O[C@H](C)C(=O)O)c4)c4cc(OC(F)(F)F)ccc43)noc2c1,7.94,EC50,True,577.8990000000001,9,1,5.394200000000003,<rdkit.DataStructs.cDataStructs.ExplicitBitVect object at 0x1249ed5b0>,40
COc1ccc2c(-n3c(=O)n(Cc4ccc(Cl)c(O[C@H](C)C(=O)O)c4)c4ccc(OC(F)(F)F)cc43)noc2c1,7.88,EC50,True,577.8990000000001,9,1,5.394200000000003,<rdkit.DataStructs.cDataStructs.ExplicitBitVect object at 0x1249ed620>,40
COc1ccc2c(-n3c(=O)n(Cc4ccc(Cl)c(O[C@@H](C)C(=O)O)c4)c4cc(C(F)(F)F)ccc43)noc2c1,5.52,EC50,True,561.9000000000002,8,1,5.514400000000004,<rdkit.DataStructs.cDataStructs.ExplicitBitVect object at 0x1249ed690>,39
COc1ccc2c(-n3c(=O)n(Cc4cc([C@@]5(C)OC(=O)NC5=O)ccc4Cl)c4cc(C(F)(F)F)ccc43)noc2c1,7.77,EC50,True,586.91,9,1,5.1441000000000034,<rdkit.DataStructs.cDataStructs.ExplicitBitVect object at 0x1249ed700>,41
C[C@@H](Oc1cc(Cn2c(=O)n(-c3ccc(C(C)(C)C)cc3)c3ccc(C(F)(F)F)cc32)ccc1Cl)C(=O)O,6.32,EC50,True,546.9730000000002,5,1,6.662100000000006,<rdkit.DataStructs.cDataStructs.ExplicitBitVect object at 0x1249ed770>,38
C[C@@H](Oc1cc(Cn2c(=O)n(-c3noc4cc(Cl)ccc34)c3ccc(C(F)(F)F)cc32)ccc1Cl)C(=O)O,5.49,EC50,False,566.3190000000002,7,1,6.159200000000004,<rdkit.DataStructs.cDataStructs.ExplicitBitVect object at 0x1249ed7e0>,38
CN(CCOc1ccc(CC2SC(=O)NC2=O)cc1)c1ccccn1,6.7,EC50,True,357.435,6,1,2.490900000000001,<rdkit.DataStructs.cDataStructs.ExplicitBitVect object at 0x1249ed850>,25
COc1ccc2c(-n3c(=O)n(Cc4cccc([C@@]5(C)OC(=O)NC5=O)c4)c4ccccc43)noc2c1,6.89,EC50,True,484.4680000000002,9,1,3.4719000000000015,<rdkit.DataStructs.cDataStructs.ExplicitBitVect object at 0x1249ed8c0>,36
C/C=C/C=C/C(=O)N1Cc2cc(OCCc3nc(/C=C/CCC(C)C)oc3C)ccc2C[C@H]1C(=O)O.CC(C)(C)N,7.52,EC50,True,565.7550000000002,6,2,6.267720000000006,<rdkit.DataStructs.cDataStructs.ExplicitBitVect object at 0x1249ed930>,41
CN(CCOc1ccc(CC(Nc2ccccc2C(=O)c2ccsc2)C(=O)O)cc1)c1nc2ccccc2o1,7.2,EC50,True,541.6290000000002,8,2,5.743300000000005,<rdkit.DataStructs.cDataStructs.ExplicitBitVect object at 0x1249ed9a0>,39
CN(CCOc1ccc(CC(Nc2ccccc2C(=O)c2cccc(OCc3ccccc3)c2)C(=O)O)cc1)c1nc2ccccc2o1,6.13,EC50,True,641.7240000000002,8,2,7.260800000000007,<rdkit.DataStructs.cDataStructs.ExplicitBitVect object at 0x1249eda10>,48
CCO[C@@H](Cc1ccc(OCC=C(c2ccc(OC)cc2)c2ccc(OC)cc2)cc1)C(=O)O,5.66,EC50,True,462.54200000000014,5,1,5.246700000000004,<rdkit.DataStructs.cDataStructs.ExplicitBitVect object at 0x1249eda80>,34
O=C(O)C(Cc1ccc(OCCOc2ccc3c(c2)CCCC3)cc1)C(=O)O,5.68,EC50,True,384.42800000000017,4,2,3.3511000000000015,<rdkit.DataStructs.cDataStructs.ExplicitBitVect object at 0x1249edaf0>,28
O=C(O)[C@H](Cc1ccccc1)Oc1ccc(Cc2ccccc2)cc1,6.22,EC50,True,332.399,2,1,4.352100000000004,<rdkit.DataStructs.cDataStructs.ExplicitBitVect object at 0x1249edb60>,25
O=C(O)[C@H](Cc1ccccc1)Oc1ccc(Cc2ccccc2)cc1,6.24,EC50,True,332.399,2,1,4.352100000000004,<rdkit.DataStructs.cDataStructs.ExplicitBitVect object at 0x1249edbd0>,25
CCCc1cc(Oc2ccc(F)cc2)ccc1OCCCOc1ccc(C2SC(=O)NC2=O)cc1,7.22,EC50,True,495.5720000000003,6,1,6.442500000000005,<rdkit.DataStructs.cDataStructs.ExplicitBitVect object at 0x1249edc40>,35
CO[C@@H](Cc1ccc(C#CCCCOc2ccc(Oc3ccccc3)cc2)cc1)C(=O)O,6.62,EC50,True,430.50000000000006,4,1,5.331700000000006,<rdkit.DataStructs.cDataStructs.ExplicitBitVect object at 0x1249edcb0>,32
CCCOC(Cc1ccc(OCCc2nc(-c3ccccc3)oc2C)c2ccccc12)C(=O)O,7.8,EC50,True,459.54200000000014,5,1,5.847020000000006,<rdkit.DataStructs.cDataStructs.ExplicitBitVect object at 0x1249edd20>,34
CCCCCS(=O)(=O)NC(=O)CCc1cc(OCc2ccccc2)nn1Cc1ccc(Cl)cc1Cl,7.85,EC50,True,538.4970000000003,6,1,5.3860000000000054,<rdkit.DataStructs.cDataStructs.ExplicitBitVect object at 0x1249edd90>,35
CC(C)(Sc1ccc(CCN(CCc2ccc(-c3ccccc3)cc2)C(=O)NC2CCCCC2)cc1)C(=O)O,5.62,EC50,True,544.7610000000003,3,2,7.438400000000009,<rdkit.DataStructs.cDataStructs.ExplicitBitVect object at 0x1249ede00>,39
CN(CCOc1ccc(CC(Nc2ccccc2C(=O)c2cccc3ccccc23)C(=O)O)cc1)c1nc2ccccc2o1,8.57,EC50,True,585.6600000000003,7,2,6.835000000000006,<rdkit.DataStructs.cDataStructs.ExplicitBitVect object at 0x1249ede70>,44
CCCOc1ccc(CC(Cc2ccccc2)C(=O)O)cc1CNC(=O)c1ccc(-c2ncccn2)cc1,7.46,EC50,True,509.6060000000002,5,2,5.348400000000004,<rdkit.DataStructs.cDataStructs.ExplicitBitVect object at 0x1249edee0>,38
CCCc1cc(Oc2ccc(S(C)(=O)=O)cc2)ccc1OCCCOc1ccc2c(c1)OC(CC)(C(=O)O)CC2,5.55,EC50,True,568.6880000000003,7,1,6.241200000000006,<rdkit.DataStructs.cDataStructs.ExplicitBitVect object at 0x1249edf50>,40
CCO[C@@H](Cc1ccc(OC/C=C/C#Cc2ccccc2)cc1)C(=O)O,5.95,EC50,True,350.41400000000004,3,1,3.7055000000000016,<rdkit.DataStructs.cDataStructs.ExplicitBitVect object at 0x1249edfc0>,26
CCCc1cc(Oc2ccccc2)ccc1OCCCOc1ccc2c(c1)OC(C)(C(=O)O)CC2,6.0,EC50,True,476.5690000000003,5,1,6.447600000000007,<rdkit.DataStructs.cDataStructs.ExplicitBitVect object at 0x1249ee030>,35
CCc1cc(C)c2nc(CC)n([C@H]3CCc4cc(-c5ccccc5-c5nnn[nH]5)ccc43)c2n1,6.31,EC50,True,449.56200000000007,6,1,5.247220000000005,<rdkit.DataStructs.cDataStructs.ExplicitBitVect object at 0x1249ee0a0>,34
CCCc1nc2c(C)cc(C)nc2n1[C@H]1CCc2cc(-c3ccccc3-c3nnn[nH]3)ccc21,5.88,EC50,True,449.5620000000001,6,1,5.383340000000006,<rdkit.DataStructs.cDataStructs.ExplicitBitVect object at 0x1249ee110>,34
CCc1nc2c(C)cc(C)nc2n1[C@@H]1CCc2cc(-c3ccccc3-c3nnn[nH]3)ccc21,5.58,EC50,True,435.5350000000001,6,1,4.993240000000004,<rdkit.DataStructs.cDataStructs.ExplicitBitVect object at 0x1249ee180>,33
CC[C@]1(C(=O)O)CCc2ccc(OCCCOc3ccc(Oc4ccc(F)cc4)cc3Cl)cc2O1,6.77,EC50,True,500.9500000000001,5,1,6.677700000000006,<rdkit.DataStructs.cDataStructs.ExplicitBitVect object at 0x1249ee1f0>,35
Cc1ccccc1-c1nc2cc(NC(=O)c3cc([N+](=O)[O-])ccc3Cl)ccc2o1,8.28,EC50,True,407.81300000000016,5,1,5.617120000000003,<rdkit.DataStructs.cDataStructs.ExplicitBitVect object at 0x1249ee260>,29
O=C(O)Cc1ccc2[nH]c(-c3ccc(F)cc3)c(CCc3ccc(F)cc3)c2c1,6.47,EC50,True,391.41700000000014,1,2,5.525400000000004,<rdkit.DataStructs.cDataStructs.ExplicitBitVect object at 0x1249ee2d0>,29
CCC(C(=O)O)C1CCc2cc(OCCc3nc(-c4cc(C)on4)oc3C)ccc21,6.12,EC50,True,410.47000000000014,6,1,4.708540000000004,<rdkit.DataStructs.cDataStructs.ExplicitBitVect object at 0x1249ee340>,30
CCC(C(=O)O)C1CCc2cc(OCCc3nc(-c4ccc(C)c(C)c4)oc3C)ccc21,7.5,EC50,True,433.5480000000002,4,1,6.028960000000006,<rdkit.DataStructs.cDataStructs.ExplicitBitVect object at 0x1249ee3b0>,32
CCC(C(=O)O)C1CCc2cc(OCCc3nc(-c4ccc(Cl)cc4)oc3C)ccc21,6.69,EC50,True,439.93900000000014,4,1,6.065520000000006,<rdkit.DataStructs.cDataStructs.ExplicitBitVect object at 0x1249ee420>,31
CCCc1cc(Oc2ccc(F)cc2)ccc1OCCCOc1cccc(C2SC(=O)NC2=O)c1,7.07,EC50,True,495.5720000000003,6,1,6.442500000000005,<rdkit.DataStructs.cDataStructs.ExplicitBitVect object at 0x1249ee490>,35
O=C(O)C(Cc1ccccc1)Oc1ccc(CCCc2ccccc2)cc1,6.06,EC50,True,360.45300000000003,2,1,4.936600000000005,<rdkit.DataStructs.cDataStructs.ExplicitBitVect object at 0x1249ee500>,27
O=C(Nc1ccc(OCCc2cccs2)cc1C(=O)[O-])c1ccc(Cl)cc1Cl.[Li+],6.16,EC50,True,442.2490000000002,5,1,1.2962,<rdkit.DataStructs.cDataStructs.ExplicitBitVect object at 0x1249ee570>,29
CCO[C@@H](Cc1ccc(OCCn2c3ccccc3c3cc(Br)ccc32)cc1)C(=O)O,6.48,EC50,True,482.37400000000014,4,1,5.668200000000005,<rdkit.DataStructs.cDataStructs.ExplicitBitVect object at 0x1249ee5e0>,31
Cc1ccsc1-c1nc(CCOc2ccc(C[C@H](Nc3ccccc3C(=O)c3ccccc3)C(=O)O)cc2)c(C)o1,8.3,EC50,True,566.6790000000002,7,2,6.980240000000006,<rdkit.DataStructs.cDataStructs.ExplicitBitVect object at 0x1249ee650>,41
Cc1sc(N(C)C)nc1CCOc1ccc(C[C@H](Nc2ccccc2C(=O)c2ccccc2)C(=O)O)cc1,6.41,EC50,True,529.6620000000001,7,2,5.477820000000005,<rdkit.DataStructs.cDataStructs.ExplicitBitVect object at 0x1249ee6c0>,38
CCOC(=O)N1C[C@@H](Cc2ccc(OCCc3nc(-c4ccccc4)oc3C)cc2)[C@@H](C(=O)O)C1,6.52,EC50,True,478.5450000000002,6,1,4.603120000000004,<rdkit.DataStructs.cDataStructs.ExplicitBitVect object at 0x1249ee730>,35
Cc1oc(-c2ccccc2)nc1CCOc1ccc(C[C@@H]2CN(c3nccc(C(F)(F)F)n3)C[C@@H]2C(=O)O)cc1,7.52,EC50,True,552.5530000000002,7,1,5.4600200000000045,<rdkit.DataStructs.cDataStructs.ExplicitBitVect object at 0x1249ee7a0>,40
Cc1oc(-c2ccccc2)nc1CCOc1cccc(CC[C@@H]2CN(C(=O)Oc3ccccc3)C[C@@H]2C(=O)O)c1,6.2,EC50,True,540.6160000000003,6,1,6.035720000000006,<rdkit.DataStructs.cDataStructs.ExplicitBitVect object at 0x1249ee810>,40
Cc1cccc(Nc2cc(Cl)nc(SC(C)C(=O)O)n2)c1C,4.89,EC50,False,337.8320000000001,5,2,4.055640000000001,<rdkit.DataStructs.cDataStructs.ExplicitBitVect object at 0x1249ee880>,22
CCCCCCC(Sc1nc(Cl)cc(Nc2nc(-c3ccccc3)cs2)n1)C(=O)O,5.24,EC50,False,463.02800000000013,7,2,6.512800000000005,<rdkit.DataStructs.cDataStructs.ExplicitBitVect object at 0x1249ee8f0>,30
Cc1oc(-c2ccccc2)nc1CCOc1cccc([C@@H]2CN(C(=O)Oc3ccccc3)C[C@@H]2CC(=O)O)c1,5.32,EC50,False,526.5890000000003,6,1,5.960620000000006,<rdkit.DataStructs.cDataStructs.ExplicitBitVect object at 0x1249ee960>,39
C=C[C@H]1OCc2cc3cc(OC)c(O)cc3c(C#C[C@@H](O)/C=C\CCCCCCC)c21,5.77,EC50,True,420.54900000000026,4,2,5.940400000000005,<rdkit.DataStructs.cDataStructs.ExplicitBitVect object at 0x1249ee9d0>,31
Cc1nc(-c2ccc(C(F)(F)F)cc2)sc1C(=O)NCc1ccc(NS(=O)(=O)C(F)(F)F)cc1,6.3,EC50,True,523.4800000000001,5,2,5.328820000000003,<rdkit.DataStructs.cDataStructs.ExplicitBitVect object at 0x1249eea40>,34
CCCCCCC(Sc1nc(Cl)cc(Nc2nc(-c3ccc(Br)cc3)c(C)s2)n1)C(=O)O,5.42,EC50,False,555.9510000000002,7,2,7.583720000000007,<rdkit.DataStructs.cDataStructs.ExplicitBitVect object at 0x1249eeab0>,32
CN(CCOc1ccc(CC2SC(=O)NC2=O)cc1)c1ccccn1,6.85,EC50,True,357.435,6,1,2.490900000000001,<rdkit.DataStructs.cDataStructs.ExplicitBitVect object at 0x1249eeb20>,25
CCCCCOc1nc2ccccc2cc1C(O)CC#CCCCC(=O)OC,5.85,EC50,True,383.48800000000034,5,1,4.574000000000003,<rdkit.DataStructs.cDataStructs.ExplicitBitVect object at 0x1249eeb90>,28
CCCCCOc1cc2ccccc2cc1C(O)C/C=C\CCCC(=O)[O-].[Na+],5.82,EC50,True,392.47100000000023,4,1,1.3126999999999995,<rdkit.DataStructs.cDataStructs.ExplicitBitVect object at 0x1249eec00>,28
CS(=O)(=O)Cc1ccc(CNC(=O)c2ccc3c(ccn3Cc3cccc(F)c3)c2)c(C(F)(F)F)c1,5.87,EC50,True,518.5320000000002,4,1,5.322100000000004,<rdkit.DataStructs.cDataStructs.ExplicitBitVect object at 0x1249eec70>,36
O=C(NCc1ccc(CS(=O)(=O)C2CC2)cc1C(F)(F)F)c1ccc2c(ccn2CC(C(F)(F)F)C(F)(F)F)c1,6.09,EC50,True,600.5030000000003,4,1,6.408100000000004,<rdkit.DataStructs.cDataStructs.ExplicitBitVect object at 0x1249eece0>,40
CC(C)OC(Cc1ccc(OCc2noc(-c3cccc(F)c3)n2)cc1)C(=O)O,7.0,EC50,True,400.40600000000006,6,1,3.8754000000000017,<rdkit.DataStructs.cDataStructs.ExplicitBitVect object at 0x1249eed50>,29
Cc1oc(-c2cccc(-c3ccccc3)c2)nc1CCOc1ccc(CC(C)(Oc2ccccc2)C(=O)O)cc1,8.22,EC50,True,533.6240000000004,5,1,7.403320000000007,<rdkit.DataStructs.cDataStructs.ExplicitBitVect object at 0x1249eedc0>,40
Cc1oc(C2CCCCC2)nc1CCOc1ccc(CC(C)(Oc2ccccc2)C(=O)O)cc1,8.05,EC50,True,463.5740000000002,5,1,6.117020000000006,<rdkit.DataStructs.cDataStructs.ExplicitBitVect object at 0x1249eee30>,34
O=C1NC(=S)NC(=O)C1=Cc1ccc(OCc2ccccc2)c(Cl)c1,6.49,EC50,True,372.8330000000001,4,2,2.8333000000000013,<rdkit.DataStructs.cDataStructs.ExplicitBitVect object at 0x1249eeea0>,25
CN(CCOc1ccc(C[C@H](Nc2ccccc2C(=O)c2ccccc2)C(=O)O)cc1)c1ccccn1,7.58,EC50,True,495.5790000000002,6,2,4.9356000000000035,<rdkit.DataStructs.cDataStructs.ExplicitBitVect object at 0x1249eef10>,37
O=C1NC(=S)NC(=O)C1=Cc1ccc(OCc2ccccc2)c(Cl)c1,6.33,EC50,True,372.8330000000001,4,2,2.8333000000000013,<rdkit.DataStructs.cDataStructs.ExplicitBitVect object at 0x1249eef80>,25
Cc1oc(-c2cccs2)nc1CCOc1ccc(C[C@](C)(Oc2ccccc2)C(=O)O)cc1,8.4,EC50,True,463.5550000000002,6,1,5.797820000000006,<rdkit.DataStructs.cDataStructs.ExplicitBitVect object at 0x1249eeff0>,33
CC[C@@H](Cc1ccc(OC)c(CNC(=O)c2ccc(Oc3ccc(Br)cc3)cc2)c1)C(=O)O,6.0,EC50,True,512.4000000000002,4,2,5.833300000000006,<rdkit.DataStructs.cDataStructs.ExplicitBitVect object at 0x1249ef060>,33
CCCCCCC(Sc1nc(Cl)cc(Nc2nc(-c3ccc(C)cc3)cs2)n1)C(=O)O,5.14,EC50,False,477.0550000000002,7,2,6.821220000000006,<rdkit.DataStructs.cDataStructs.ExplicitBitVect object at 0x1249ef0d0>,31
CCCOc1ccc(C[C@@H](Cc2ccccc2)C(=O)O)cc1CNC(=O)c1ccc(-c2ccccc2)cc1,7.07,EC50,True,507.6300000000002,3,2,6.558400000000006,<rdkit.DataStructs.cDataStructs.ExplicitBitVect object at 0x1249ef140>,38
CCCOc1ccc(C[C@@H](Cc2ccccc2)C(=O)O)cc1CNC(=O)c1ccc(-c2cccs2)cc1,7.19,EC50,True,513.6590000000002,4,2,6.619900000000006,<rdkit.DataStructs.cDataStructs.ExplicitBitVect object at 0x1249ef1b0>,37
CCCOc1ccc(C[C@H](Cc2ccccc2)C(=O)O)cc1CNC(=O)c1ccc(C23CC4CC(CC(C4)C2)C3)cc1,8.44,EC50,True,565.7540000000002,3,2,7.3592000000000075,<rdkit.DataStructs.cDataStructs.ExplicitBitVect object at 0x1249ef220>,42
CCCC/C(=C\c1cc(OCc2ccc(F)cc2)ccc1OCc1ccc(C(F)(F)F)cc1)C(=O)O,5.29,EC50,False,502.5040000000002,3,1,7.660700000000007,<rdkit.DataStructs.cDataStructs.ExplicitBitVect object at 0x1249ef290>,36
CCc1nc2ccn(Cc3ccccn3)c(=O)c2n1[C@H]1CCc2cc(-c3ccccc3-c3nnn[nH]3)ccc21,5.45,EC50,False,514.5930000000002,8,1,4.586400000000003,<rdkit.DataStructs.cDataStructs.ExplicitBitVect object at 0x1249ef300>,39
CCc1nc2ccn(Cc3ccccc3)c(=O)c2n1[C@H]1CCc2cc(-c3ccccc3-c3nnn[nH]3)ccc21,6.54,EC50,True,513.6050000000002,7,1,5.191400000000004,<rdkit.DataStructs.cDataStructs.ExplicitBitVect object at 0x1249ef370>,39
CCCCC(Sc1nc(Cl)cc(Nc2nc(-c3ccc(Cl)cc3)cs2)n1)C(=O)O,5.12,EC50,False,469.41900000000015,7,2,6.3860000000000054,<rdkit.DataStructs.cDataStructs.ExplicitBitVect object at 0x1249ef3e0>,29
CCCCCCOC(=O)C1C(c2ccccc2)C(C(=O)O)C1c1ccccc1,5.44,EC50,False,380.48400000000015,3,1,5.008100000000004,<rdkit.DataStructs.cDataStructs.ExplicitBitVect object at 0x1249ef450>,28
CCOC(=O)N1C[C@H](Cc2cccc(OCCc3nc(-c4ccccc4)oc3C)c2)[C@@H](C(=O)O)C1,5.54,EC50,True,478.5450000000002,6,1,4.603120000000003,<rdkit.DataStructs.cDataStructs.ExplicitBitVect object at 0x1249ef4c0>,35
CCOC(=O)N1C[C@@H](CCc2cccc(OCCc3nc(-c4ccccc4)oc3C)c2)[C@@H](C(=O)O)C1,6.15,EC50,True,492.57200000000023,6,1,4.993220000000004,<rdkit.DataStructs.cDataStructs.ExplicitBitVect object at 0x1249ef530>,36
CCCCCCCN(CCc1ccc(O[C@@](C)(CC)C(=O)O)cc1)C(=O)Nc1ccc(F)cc1F,6.61,EC50,True,490.5910000000002,3,2,6.6439000000000075,<rdkit.DataStructs.cDataStructs.ExplicitBitVect object at 0x1249ef5a0>,35
Cc1oc(-c2ccccc2)nc1CCOc1ccc([C@H]2CN(C(=O)Oc3ccccc3)C[C@@H]2C(=O)O)cc1,8.0,EC50,True,512.5620000000002,6,1,5.5705200000000055,<rdkit.DataStructs.cDataStructs.ExplicitBitVect object at 0x1249ef610>,38
Cc1oc(-c2ccccc2)nc1CCOc1ccc([C@@H]2CN(C(=O)Oc3ccccc3)C[C@@H]2C(=O)O)cc1,5.38,EC50,False,512.5620000000002,6,1,5.5705200000000055,<rdkit.DataStructs.cDataStructs.ExplicitBitVect object at 0x1249ef680>,38
CN(CCOc1ccc(CC2SC(=O)NC2=O)cc1)c1ccccn1,6.7,EC50,True,357.435,6,1,2.490900000000001,<rdkit.DataStructs.cDataStructs.ExplicitBitVect object at 0x1249ef6f0>,25
Cc1cccc(Nc2cc(Cl)nc(SCC(=O)O)n2)c1C,4.54,EC50,False,323.80500000000006,5,2,3.6671400000000007,<rdkit.DataStructs.cDataStructs.ExplicitBitVect object at 0x1249ef760>,21
CCO[C@@H](Cc1ccc(OC/C=C/c2cc(OC(C)C)cc(OC(C)C)c2)cc1)C(=O)O,7.1,EC50,True,442.5520000000002,5,1,5.385400000000004,<rdkit.DataStructs.cDataStructs.ExplicitBitVect object at 0x1249ef7d0>,32
O=C(O)[C@H](Cc1ccccc1)Oc1ccc(-c2ccccc2)cc1,6.32,EC50,True,318.372,2,1,4.428300000000003,<rdkit.DataStructs.cDataStructs.ExplicitBitVect object at 0x1249ef840>,24
O=C(O)CCc1cccc(NC(=O)c2ccccc2NC(=O)c2ccc(C(F)(F)F)cc2)c1,5.16,EC50,False,456.4200000000001,3,3,5.227200000000003,<rdkit.DataStructs.cDataStructs.ExplicitBitVect object at 0x1249ef8b0>,33
O=S(=O)(Nc1cc(Cl)c(Oc2cnc3ccccc3c2)c(Cl)c1)c1ccc(Br)cc1OC(F)(F)F,8.4,EC50,True,608.2190000000002,5,1,7.795800000000003,<rdkit.DataStructs.cDataStructs.ExplicitBitVect object at 0x1249ef920>,35
CCc1cc(C)c2nc(C(C)C)n([C@H]3CCc4cc(-c5ccccc5-c5nnn[nH]5)ccc43)c2n1,6.58,EC50,True,463.5890000000001,6,1,5.808220000000006,<rdkit.DataStructs.cDataStructs.ExplicitBitVect object at 0x1249ef990>,35
CCC(Cc1ccc(OC)c(C(=O)NCc2ccc(C(F)(F)F)cc2)c1)C(=O)O,6.4,EC50,True,409.40400000000005,3,2,4.297300000000003,<rdkit.DataStructs.cDataStructs.ExplicitBitVect object at 0x1249efa00>,29
CCO[C@@H](Cc1ccc(OC/C=C/C#Cc2cccc(C#C/C=C/COc3ccc(C[C@H](OCC)C(=O)O)cc3)c2)cc1)C(=O)O,5.78,EC50,True,622.7140000000005,6,2,5.724400000000005,<rdkit.DataStructs.cDataStructs.ExplicitBitVect object at 0x1249efa70>,46
Cc1cc(C)c2nc(C3CC3)n([C@H]3CCc4cc(-c5ccccc5-c5nnn[nH]5)ccc43)c2n1,6.12,EC50,True,447.54600000000005,6,1,5.308240000000005,<rdkit.DataStructs.cDataStructs.ExplicitBitVect object at 0x1249efae0>,34
CCc1nc2c(C)c(C)c(C)nc2n1[C@H]1CCc2cc(-c3ccccc3-c3nnn[nH]3)ccc21,5.74,EC50,True,449.5620000000001,6,1,5.301660000000005,<rdkit.DataStructs.cDataStructs.ExplicitBitVect object at 0x1249efb50>,34
CCCCc1nc2c(C)cc(C)nc2n1C1CCc2cc(-c3ccccc3-c3nn[nH]n3)ccc21,5.66,EC50,True,463.5890000000001,6,1,5.773440000000005,<rdkit.DataStructs.cDataStructs.ExplicitBitVect object at 0x1249efbc0>,35
CCCCN(C)c1nc(NCc2ccccc2)c(C(=O)O)c(SCc2ccccc2)n1,6.38,EC50,True,436.58100000000013,6,2,5.3155000000000046,<rdkit.DataStructs.cDataStructs.ExplicitBitVect object at 0x1249efc30>,31
CCCOc1ccc(C[C@H](CCc2ccccc2)C(=O)O)cc1CNC(=O)c1ccc(C23CC4CC(CC(C4)C2)C3)cc1,8.04,EC50,True,579.7810000000002,3,2,7.749300000000009,<rdkit.DataStructs.cDataStructs.ExplicitBitVect object at 0x1249efca0>,43
CCCOc1ccc(C[C@H](CC)C(=O)O)cc1CNC(=O)c1ccc(C23CC4CC(CC(C4)C2)C3)cc1,7.39,EC50,True,503.68300000000033,3,2,6.526500000000007,<rdkit.DataStructs.cDataStructs.ExplicitBitVect object at 0x1249efd10>,37
CCCCC(Sc1ccc(OCCCOc2ccc3ncccc3c2)cc1)C(=O)O,5.89,EC50,True,425.55000000000007,5,1,5.818200000000005,<rdkit.DataStructs.cDataStructs.ExplicitBitVect object at 0x1249efd80>,30
O=C(O)CCCc1cc2cc(Cl)ccc2n1S(=O)(=O)c1ccc2ncsc2c1,6.14,EC50,True,434.92600000000016,6,1,4.548700000000003,<rdkit.DataStructs.cDataStructs.ExplicitBitVect object at 0x1249efdf0>,28
O=C(O)CCCc1cc2cc(Cl)ccc2n1S(=O)(=O)c1ccc2ncsc2c1,5.83,EC50,True,434.92600000000016,6,1,4.548700000000003,<rdkit.DataStructs.cDataStructs.ExplicitBitVect object at 0x1249efe60>,28
O=C(O)CCCc1cc2cc(Cl)ccc2n1S(=O)(=O)c1ccc2ncsc2c1,5.49,EC50,False,434.92600000000016,6,1,4.548700000000003,<rdkit.DataStructs.cDataStructs.ExplicitBitVect object at 0x1249efed0>,28
CCCCCS(=O)(=O)NC(=O)CCc1ccc(OC(C)C)cc1Oc1ncc(C(F)(F)F)cc1Cl,8.59,EC50,True,537.0000000000002,6,1,5.902100000000006,<rdkit.DataStructs.cDataStructs.ExplicitBitVect object at 0x1249eff40>,35
C/C(=C\C(=O)c1ccccc1)NC(Cc1ccc(OCCCOc2ccc(/N=N/c3ccccc3)cc2)cc1)C(=O)O,5.86,EC50,True,563.6540000000003,7,2,7.321900000000007,<rdkit.DataStructs.cDataStructs.ExplicitBitVect object at 0x1249f0040>,42
O=C(O)C(Cc1ccccc1)Oc1ccc(/C(=N/O)c2ccccc2)cc1,4.91,EC50,False,361.39700000000005,4,2,3.9879000000000024,<rdkit.DataStructs.cDataStructs.ExplicitBitVect object at 0x1249f00b0>,27
O=C(O)C(Cc1ccccc1)Oc1ccc(/C=N/O)cc1,4.37,EC50,False,285.29900000000004,4,2,2.5694,<rdkit.DataStructs.cDataStructs.ExplicitBitVect object at 0x1249f0120>,21
CCCc1cc(C=C2CCCCC2)ccc1OCCCOc1cccc(C2SC(=O)NC2=O)c1,6.68,EC50,True,479.64200000000017,5,1,6.858600000000007,<rdkit.DataStructs.cDataStructs.ExplicitBitVect object at 0x1249f0190>,34
Cc1ccc(C(=O)c2nc3c(n2C/C=C/c2cccc(OC(C)(C)C(=O)O)c2)CCCC3)cc1,5.52,EC50,True,458.5580000000004,5,1,5.256720000000005,<rdkit.DataStructs.cDataStructs.ExplicitBitVect object at 0x1249f0200>,34
CC[C@H](NC(=O)c1ccc2c(c1)c(C)c(C)n2Cc1ccc(-c2ccccc2C(=O)O)cc1)c1ccccc1,7.28,EC50,True,516.6410000000002,3,2,7.552740000000007,<rdkit.DataStructs.cDataStructs.ExplicitBitVect object at 0x1249f0270>,39
CCC(NC(=O)c1ccc2c(c1)c(C)c(C)n2Cc1ccc(-c2ccccc2C(=O)O)cc1)c1ccccc1,7.89,EC50,True,516.6410000000002,3,2,7.552740000000007,<rdkit.DataStructs.cDataStructs.ExplicitBitVect object at 0x1249f02e0>,39
Cc1c(C)n(Cc2ccc(-c3ccccc3C(=O)O)cc2)c2ccc(C(=O)NCc3ccccc3[N+](=O)[O-])cc12,6.08,EC50,True,533.5840000000003,5,2,6.509840000000006,<rdkit.DataStructs.cDataStructs.ExplicitBitVect object at 0x1249f0350>,40
C=C[C@@H](O)C#CC#C[C@H](/C=C\CCCCCCC)O[C@]1(C)CCC[C@]2(C)CC[C@@H](C(C)(C)O)C[C@H]21,5.77,EC50,True,482.74900000000036,3,2,6.978100000000009,<rdkit.DataStructs.cDataStructs.ExplicitBitVect object at 0x1249f03c0>,35
O=C(O)CSc1nc(Cl)cc(Nc2ccc(Nc3ccccc3)cc2)n1,4.91,EC50,False,386.8640000000001,6,3,4.7939000000000025,<rdkit.DataStructs.cDataStructs.ExplicitBitVect object at 0x1249f0430>,26
CC(C)(C)c1ccc(C(=O)Nc2ccccc2C(=O)Nc2ccc(Cl)c(C(=O)O)c2)cc1,5.27,EC50,False,450.9220000000001,3,3,5.8403000000000045,<rdkit.DataStructs.cDataStructs.ExplicitBitVect object at 0x1249f04a0>,32
CC(C)(C)c1ccc(C(=O)Nc2ccccc2C(=O)Nc2cc(C(=O)O)ccc2F)cc1,5.24,EC50,False,434.4670000000001,3,3,5.326000000000003,<rdkit.DataStructs.cDataStructs.ExplicitBitVect object at 0x1249f0510>,32
COc1ccc2c(c1)c(Cc1cccc(OC(C)(C)C(=O)O)c1)c(C)n2C(=O)c1ccc(Cl)cc1,7.72,EC50,True,491.97100000000023,5,1,6.133020000000005,<rdkit.DataStructs.cDataStructs.ExplicitBitVect object at 0x1249f0580>,35
O=C(O)COc1ccc(OCc2cc(-c3ccccc3)cc(-c3ccccc3)c2)cc1,5.92,EC50,True,410.46900000000005,3,1,6.063000000000005,<rdkit.DataStructs.cDataStructs.ExplicitBitVect object at 0x1249f05f0>,31
CCOC(=O)C1=C(c2ccccc2)c2ccc(OCCN(C)C3CCCCC3)cc2/C1=[N+](/C)[O-],7.16,EC50,True,462.5900000000004,5,0,4.637700000000004,<rdkit.DataStructs.cDataStructs.ExplicitBitVect object at 0x1249f0660>,34
CCOC(=O)C1=C(CC)c2ccc(OCCCc3ccccc3)cc2/C1=[N+](/C)[O-],7.1,EC50,True,393.48300000000006,4,0,4.367700000000004,<rdkit.DataStructs.cDataStructs.ExplicitBitVect object at 0x1249f06d0>,29
CCOC(=O)C1=C(c2ccccc2)c2ccc(OC/C=C/c3ccccc3)cc2/C1=[N+](/C)[O-],6.7,EC50,True,439.51100000000014,4,0,5.086600000000006,<rdkit.DataStructs.cDataStructs.ExplicitBitVect object at 0x1249f0740>,33
COC(=O)N(CC(=O)O)Cc1cc(F)cc(OCc2nc(-c3ccc(Cl)cc3)oc2C)c1,5.55,EC50,True,462.8610000000002,6,1,4.674520000000004,<rdkit.DataStructs.cDataStructs.ExplicitBitVect object at 0x1249f07b0>,32
C[C@@H](Oc1cc(Cn2c(=O)n(-c3ccc(C(C)(C)C)cc3)c3ccc(C(F)(F)F)cc32)ccc1Cl)C(=O)O,6.87,EC50,True,546.9730000000002,5,1,6.662100000000006,<rdkit.DataStructs.cDataStructs.ExplicitBitVect object at 0x1249f0820>,38
COc1ccc2c(-n3c(=O)n(Cc4ccc(Cl)c(O[C@H](C)C(=O)O)c4)c4ccccc43)noc2c1,7.55,EC50,True,493.90300000000025,8,1,4.495600000000003,<rdkit.DataStructs.cDataStructs.ExplicitBitVect object at 0x1249f0890>,35
Cc1oc(-c2ccccc2)nc1CCOc1ccc(C[C@H](Nc2ccccc2C(=O)c2ccccc2)C(=O)O)cc1,8.3,EC50,True,546.6230000000003,6,2,6.610320000000006,<rdkit.DataStructs.cDataStructs.ExplicitBitVect object at 0x1249f0900>,41
COc1ccc2c(-n3c(=O)n(Cc4ccc(Cl)c(O[C@H](C)C(=O)O)c4)c4ccccc43)noc2c1,8.7,EC50,True,493.90300000000025,8,1,4.495600000000003,<rdkit.DataStructs.cDataStructs.ExplicitBitVect object at 0x1249f0970>,35
Cc1c(C(=O)c2ccc(Cl)cc2)c2ccc(OC(F)(F)F)cc2n1Cc1cccc(O[C@@H](C(=O)O)C(C)C)c1,8.22,EC50,True,559.9680000000002,5,1,7.269020000000006,<rdkit.DataStructs.cDataStructs.ExplicitBitVect object at 0x1249f09e0>,39
CC(C)OC(Cc1ccc(OCc2noc(-c3ccccc3)n2)cc1)C(=O)O,7.1,EC50,True,382.41600000000005,6,1,3.7363000000000017,<rdkit.DataStructs.cDataStructs.ExplicitBitVect object at 0x1249f0a50>,28
C=CCCCC(=O)N1Cc2cc(OCCc3nc(/C=C/CCC(C)C)oc3C)ccc2C[C@H]1C(=O)O.CC(C)(C)N,7.3,EC50,True,567.7710000000002,6,2,6.491720000000006,<rdkit.DataStructs.cDataStructs.ExplicitBitVect object at 0x1249f0ac0>,41
CCCCCS(=O)(=O)NC(=O)/C=C/c1ccc(OCCOC)cc1Oc1ncc(C(F)(F)F)cc1Cl,7.82,EC50,True,550.9830000000003,7,1,5.220700000000005,<rdkit.DataStructs.cDataStructs.ExplicitBitVect object at 0x1249f0b30>,36
CCCCCS(=O)(=O)NC(=O)C(C)Cc1ccc(OCCOC)cc1Oc1ncc(C(F)(F)F)cc1Cl,8.64,EC50,True,567.0260000000003,7,1,5.386100000000005,<rdkit.DataStructs.cDataStructs.ExplicitBitVect object at 0x1249f0ba0>,37
Cc1nc(-c2cccc(C(F)(F)F)c2)sc1CNCc1ccc(OC(C)(C)C(=O)O)cc1,4.6,EC50,False,464.5090000000002,5,2,5.669120000000005,<rdkit.DataStructs.cDataStructs.ExplicitBitVect object at 0x1249f0c10>,32
CCCCCCCCOc1ccc(C(=O)N[C@H](C(=O)O)C(C)C)cc1,5.83,EC50,True,349.4710000000001,3,2,4.2649000000000035,<rdkit.DataStructs.cDataStructs.ExplicitBitVect object at 0x1249f0c80>,25
CC[C@@H](NC(=O)c1ccc2c(c1)ncn2Cc1ncc(Cl)cc1Cl)c1ccccc1,9.3,EC50,True,439.34600000000006,4,1,5.667500000000005,<rdkit.DataStructs.cDataStructs.ExplicitBitVect object at 0x1249f0cf0>,30
Cc1ccc(C(=O)c2nc3ccccc3n2C/C=C/c2cccc(OC(C)(C)C(=O)O)c2)cc1,5.77,EC50,True,454.52600000000024,5,1,5.531120000000005,<rdkit.DataStructs.cDataStructs.ExplicitBitVect object at 0x1249f0d60>,34
Cc1ccc(C(=O)c2nc3ccccc3n2Cc2cccc(OC(C)(C)C(=O)O)c2)cc1,5.22,EC50,False,428.4880000000002,5,1,4.866020000000003,<rdkit.DataStructs.cDataStructs.ExplicitBitVect object at 0x1249f0dd0>,32
Cc1c(C)n(Cc2ccc(-c3ccccc3C(=O)O)cc2)c2ccc(C(=O)NCC3CCCCC3)cc12,6.75,EC50,True,494.6350000000004,3,2,6.9817400000000065,<rdkit.DataStructs.cDataStructs.ExplicitBitVect object at 0x1249f0e40>,37
CS(=O)(=O)Cc1ccc(CNC(=O)c2ccc3[nH]ccc3c2)c(C(F)(F)F)c1,5.66,EC50,True,410.41700000000003,3,2,3.6613000000000024,<rdkit.DataStructs.cDataStructs.ExplicitBitVect object at 0x1249f0eb0>,28
O=C(NCc1ccccc1C(F)(F)F)c1ccc2c(cnn2Cc2cccc(F)c2)c1,5.8,EC50,True,427.40100000000007,3,1,5.172500000000004,<rdkit.DataStructs.cDataStructs.ExplicitBitVect object at 0x1249f0f20>,31
CCOC(=O)c1sc(N2C(=O)C(O)=C(C(=O)c3cccs3)C2c2ccc(C)o2)nc1C,5.62,EC50,True,458.51700000000017,9,1,4.3740400000000035,<rdkit.DataStructs.cDataStructs.ExplicitBitVect object at 0x1249f0f90>,31
Cc1cc(/C=C2\Oc3cc(OCC4CC4)ccc3C2=O)cc(C)c1OC(C)(C)C(=O)O,6.62,EC50,True,422.4770000000002,5,1,4.950440000000004,<rdkit.DataStructs.cDataStructs.ExplicitBitVect object at 0x1249f1000>,31
O=C(NCc1ccccc1C(F)(F)F)c1ccc2c(c1)[nH]c(=O)n2Cc1ccccc1,6.27,EC50,True,425.4100000000001,3,2,4.326700000000003,<rdkit.DataStructs.cDataStructs.ExplicitBitVect object at 0x1249f1070>,31
O=C(NCc1ccc(NS(=O)(=O)C2CC2)cc1C(F)(F)F)c1ccc2c(ccn2Cc2cccc(F)c2)c1,6.75,EC50,True,545.5580000000002,4,2,5.681600000000005,<rdkit.DataStructs.cDataStructs.ExplicitBitVect object at 0x1249f10e0>,38
COc1ccc2c(-n3c(=O)n(Cc4ccc(Cl)c(O[C@H](C)C(=O)O)c4)c4ccccc43)noc2c1,8.52,EC50,True,493.90300000000025,8,1,4.495600000000003,<rdkit.DataStructs.cDataStructs.ExplicitBitVect object at 0x1249f1150>,35
CCCCCCCCC[C@H]1CC[C@H](O)/C=C/[C@H](O)CC(=O)O1,4.96,EC50,False,312.4500000000001,4,2,3.5008000000000017,<rdkit.DataStructs.cDataStructs.ExplicitBitVect object at 0x1249f11c0>,22
CCCOc1ccc2c(c1)O/C(=C\c1cc(C)c(OC(C)(C)C(=O)O)c(C)c1)C2=O,6.38,EC50,True,410.4660000000002,5,1,4.950440000000004,<rdkit.DataStructs.cDataStructs.ExplicitBitVect object at 0x1249f1230>,30
Cc1c(NC(=O)c2ccccc2NC(=O)c2ccc(C(C)(C)C)cc2)cccc1C(=O)O,4.87,EC50,False,430.5040000000002,3,3,5.495320000000005,<rdkit.DataStructs.cDataStructs.ExplicitBitVect object at 0x1249f12a0>,32
Cc1ccc(C(=O)O)cc1NC(=O)c1ccccc1NC(=O)c1ccc(C(C)(C)C)cc1,5.2,EC50,False,430.5040000000002,3,3,5.495320000000005,<rdkit.DataStructs.cDataStructs.ExplicitBitVect object at 0x1249f1310>,32
O=C(O)Cc1cccc(NC(=O)c2ccccc2NC(=O)c2ccc(C(F)(F)F)cc2)c1,5.03,EC50,False,442.3930000000001,3,3,4.837100000000003,<rdkit.DataStructs.cDataStructs.ExplicitBitVect object at 0x1249f1380>,32
O=C(O)Cc1cccc(NC(=O)c2ccccc2NC(=O)c2ccc(-c3ccccc3)cc2)c1,5.58,EC50,True,450.49400000000014,3,3,5.485300000000004,<rdkit.DataStructs.cDataStructs.ExplicitBitVect object at 0x1249f13f0>,34
O=C(NCc1ccccc1C(F)(F)F)c1ccc2c(c1)[nH]c(=O)n2Cc1ccc(Cl)c(Cl)c1,6.0,EC50,True,494.3000000000002,3,2,5.633500000000003,<rdkit.DataStructs.cDataStructs.ExplicitBitVect object at 0x1249f1460>,33
Cc1oc(-c2cccc(Br)c2)nc1CN(Cc1ccccc1)Cc1ccc(OC(C)(C)C(=O)O)cc1,5.66,EC50,True,549.4650000000004,5,1,6.856920000000007,<rdkit.DataStructs.cDataStructs.ExplicitBitVect object at 0x1249f14d0>,36
Cc1oc(-c2cccc(Br)c2)nc1CCOc1ccc(OC(C)(C)C(=O)O)cc1,6.1,EC50,True,460.32400000000024,5,1,5.276020000000004,<rdkit.DataStructs.cDataStructs.ExplicitBitVect object at 0x1249f1540>,29
Cc1cc(CN(Cc2ccco2)Cc2nc(-c3ccccc3)oc2C)ccc1OC(C)(C)C(=O)O,7.38,EC50,True,474.55700000000024,6,1,5.995840000000006,<rdkit.DataStructs.cDataStructs.ExplicitBitVect object at 0x1249f15b0>,35
Cc1cc(COc2ccc3c(c2)O/C(=C\c2ccc(-c4ccccc4)cc2)C3=O)cc(C)c1OC(C)(C)C(=O)O,6.0,EC50,True,534.6080000000003,5,1,7.407640000000008,<rdkit.DataStructs.cDataStructs.ExplicitBitVect object at 0x1249f1620>,40
CCC(Cc1ccc(OC)c(C(=O)NCc2ccc(C(F)(F)F)c(F)c2)c1)C(=O)O,5.8,EC50,True,427.39400000000006,3,2,4.436400000000003,<rdkit.DataStructs.cDataStructs.ExplicitBitVect object at 0x1249f1690>,30
COc1ccc(CCOC(=O)Cc2cccc(SCc3ccccc3C(=O)O)c2)cc1OC,4.96,EC50,False,466.55500000000023,6,1,5.022700000000004,<rdkit.DataStructs.cDataStructs.ExplicitBitVect object at 0x1249f1700>,33
Cn1c(COc2cccc(C(=O)O)c2)nc2ccc(Oc3ncccc3F)cc21,6.55,EC50,True,393.3740000000001,6,1,4.1769000000000025,<rdkit.DataStructs.cDataStructs.ExplicitBitVect object at 0x1249f1770>,29
Cn1c(COc2cccc(C(=O)O)c2)nc2cnc(Oc3ccc4c(c3)OCC4)cc21,6.47,EC50,True,417.4210000000002,7,1,3.9727000000000023,<rdkit.DataStructs.cDataStructs.ExplicitBitVect object at 0x1249f17e0>,31
Cl.Cl.Cn1c(COc2cccc(C(=O)O)c2)nc2ccc(Oc3ccccc3)nc21,6.26,EC50,True,448.30600000000015,6,1,4.881400000000003,<rdkit.DataStructs.cDataStructs.ExplicitBitVect object at 0x1249f1850>,30
Cc1ccc(C)c(Oc2ccc3nc(COc4cccc(C(=O)O)c4)n(C)c3c2)n1,6.14,EC50,True,403.43800000000016,6,1,4.654640000000004,<rdkit.DataStructs.cDataStructs.ExplicitBitVect object at 0x1249f18c0>,30
CN(CCOc1ccc(CC2SC(=O)NC2=O)cc1)c1ccccn1,6.4,EC50,True,357.435,6,1,2.490900000000001,<rdkit.DataStructs.cDataStructs.ExplicitBitVect object at 0x1249f1930>,25
Cc1cc(Cn2ncn(-c3ccc(C(F)(F)F)cc3)c2=O)cc(C(F)(F)F)c1OC(C)(C)C(=O)O,6.09,EC50,True,503.3990000000002,6,1,4.670320000000003,<rdkit.DataStructs.cDataStructs.ExplicitBitVect object at 0x1249f19a0>,35
COc1ccc2c(-n3c(=O)n(Cc4cc(O[C@H](C)C(=O)O)ccc4Cl)c4ccccc43)noc2c1,7.96,EC50,True,493.90300000000013,8,1,4.495600000000003,<rdkit.DataStructs.cDataStructs.ExplicitBitVect object at 0x1249f1a10>,35
CCCCCOc1ncccc1C(O)CC#CCCCC(=O)OC,6.26,EC50,True,333.42800000000017,5,1,3.4208000000000016,<rdkit.DataStructs.cDataStructs.ExplicitBitVect object at 0x1249f1a80>,24
COc1ccc(-c2cccc(C(=O)O)c2)cc1CNC(=O)c1ccc(Oc2ccccc2)cc1,5.23,EC50,False,453.49400000000014,4,2,5.782700000000005,<rdkit.DataStructs.cDataStructs.ExplicitBitVect object at 0x1249f1af0>,34
Cc1oc(-c2ccccc2)nc1CCOc1ccc2c(c1)CC[C@H]2CC(=O)O,7.85,EC50,True,377.44000000000017,4,1,4.7760200000000035,<rdkit.DataStructs.cDataStructs.ExplicitBitVect object at 0x1249f1b60>,28
CSc1nc(NCc2ccccc2)c(C(=O)O)c(OCc2ccccc2)n1,5.64,EC50,True,381.45700000000016,6,2,4.087800000000002,<rdkit.DataStructs.cDataStructs.ExplicitBitVect object at 0x1249f1bd0>,27
CN(CCOc1ccc(CC2SC(=O)NC2=O)cc1)c1ccccn1,7.0,EC50,True,357.435,6,1,2.490900000000001,<rdkit.DataStructs.cDataStructs.ExplicitBitVect object at 0x1249f1c40>,25
CCOC(Cc1ccc2c(c1)c(C)cn2Cc1nc(-c2ccc(C(F)(F)F)cc2)oc1C)C(=O)O,7.22,EC50,True,486.4900000000002,5,1,6.012440000000004,<rdkit.DataStructs.cDataStructs.ExplicitBitVect object at 0x1249f1cb0>,35
Cc1oc(-c2ccc(-c3ccccc3)cc2)nc1CCOc1ccc(CCC(=O)O)c2c1CCN(C(=O)OCC(C)(C)C)C2,8.05,EC50,True,596.7240000000003,6,1,7.496520000000009,<rdkit.DataStructs.cDataStructs.ExplicitBitVect object at 0x1249f1d20>,44
C#CCOC(=O)N1CCc2c(OCCc3nc(-c4ccccc4)oc3C)ccc(CCC(=O)O)c2C1,7.11,EC50,True,488.5400000000003,6,1,4.4166200000000035,<rdkit.DataStructs.cDataStructs.ExplicitBitVect object at 0x1249f1d90>,36
Cc1oc(-c2ccccc2)nc1CCOc1ccc(CCC(=O)O)c(CNC(=O)OCc2ccccc2)c1,6.94,EC50,True,514.5780000000003,6,2,5.715120000000004,<rdkit.DataStructs.cDataStructs.ExplicitBitVect object at 0x1249f1e00>,38
Cc1oc(-c2ccccc2)nc1CCOc1ccc(CCC(=O)O)c(CNC(=O)CCc2ccccc2)c1,5.99,EC50,True,512.6060000000003,5,2,5.537720000000004,<rdkit.DataStructs.cDataStructs.ExplicitBitVect object at 0x1249f1e70>,38
COC(=O)c1cc2ccc(OCCc3nc(-c4ccc(OC)cc4)oc3C)cc2oc1=O,9.0,EC50,True,435.4320000000002,8,0,4.1731200000000035,<rdkit.DataStructs.cDataStructs.ExplicitBitVect object at 0x1249f1ee0>,32
Cc1oc(-c2ccc(Cl)cc2)nc1COc1ccc(F)c(CN(CC(=O)O)C(=O)OCCCF)c1,5.36,EC50,False,508.9050000000003,6,1,5.404320000000005,<rdkit.DataStructs.cDataStructs.ExplicitBitVect object at 0x1249f1f50>,35
Cc1oc(-c2ccccc2)nc1C/C=C/c1ccc(C[C@@H](C(=O)O)n2cccc2)cc1,6.99,EC50,True,412.4890000000001,4,1,5.575820000000004,<rdkit.DataStructs.cDataStructs.ExplicitBitVect object at 0x1249f1fc0>,31
C/C(=C1/c2ccc(Cn3c(C4CC4)nc4c(Cl)nccc43)cc2COc2cc(F)ccc21)c1noc(=O)[nH]1,7.66,EC50,True,529.9590000000002,7,1,5.697200000000004,<rdkit.DataStructs.cDataStructs.ExplicitBitVect object at 0x1249f2030>,38
C/C(=C1/c2ccc(Cc3c(C4CC4)nc4cc(Cl)ccn34)cc2COc2cc(F)ccc21)c1noc(=O)[nH]1,8.85,EC50,True,528.9710000000002,6,1,6.142700000000005,<rdkit.DataStructs.cDataStructs.ExplicitBitVect object at 0x1249f20a0>,38
CCCc1nc2c(C)cccc2n1Cc1ccc2c(c1)COc1ccccc1/C2=C(\C)c1noc(=O)[nH]1,8.48,EC50,True,492.5790000000003,6,1,5.893220000000006,<rdkit.DataStructs.cDataStructs.ExplicitBitVect object at 0x1249f2110>,37
CCc1ccc(OC(CC)CCOc2ccc(CCC(=O)O)c(C)c2)c(C(=O)c2ccccc2)c1,7.34,EC50,True,474.5970000000002,4,1,6.4321200000000065,<rdkit.DataStructs.cDataStructs.ExplicitBitVect object at 0x1249f2180>,35
Cc1oc(-c2ccccc2)nc1CCOc1ccc(CCC(=O)O)c(CNC(=O)NCc2ccccc2)c1,5.57,EC50,True,513.5940000000003,5,3,5.288120000000003,<rdkit.DataStructs.cDataStructs.ExplicitBitVect object at 0x1249f21f0>,38
Cc1cc(CCc2sc(-c3ccc(C(F)(F)F)cc3)nc2C)ccc1OCC(=O)O,5.0,EC50,False,435.46700000000016,4,1,5.694340000000005,<rdkit.DataStructs.cDataStructs.ExplicitBitVect object at 0x1249f2260>,30
Cc1cc(SCc2sc(-c3ccc(C(F)(F)F)cc3)nc2C)ccc1OCC(=O)O,6.04,EC50,True,453.5070000000002,5,1,6.201440000000006,<rdkit.DataStructs.cDataStructs.ExplicitBitVect object at 0x1249f22d0>,30
COc1cc(CCc2ccccc2)c(C(=O)O)c(O)c1CC=C(C)C,6.34,EC50,True,340.41900000000015,3,2,4.392900000000004,<rdkit.DataStructs.cDataStructs.ExplicitBitVect object at 0x1249f2340>,25
CCCCCCOc1ccc(CC(CC)C(=O)O)cc1CNC(=O)c1ccc(C23CC4CC(CC(C4)C2)C3)cc1,6.21,EC50,True,545.7640000000004,3,2,7.6968000000000085,<rdkit.DataStructs.cDataStructs.ExplicitBitVect object at 0x1249f23b0>,40
Cc1ncsc1CCOc1ccc(C[C@H](Nc2ccccc2C(=O)c2ccccc2)C(=O)O)cc1,6.49,EC50,True,486.5930000000002,6,2,5.411820000000005,<rdkit.DataStructs.cDataStructs.ExplicitBitVect object at 0x1249f2420>,35
CO/N=C(\c1ccccc1)c1ccc2c(c1)C(C)(C)CCN2CCOc1ccc(C[C@H](Nc2ccccc2C(=O)c2ccccc2)C(=O)O)cc1,7.85,EC50,True,681.8330000000004,7,2,7.990900000000009,<rdkit.DataStructs.cDataStructs.ExplicitBitVect object at 0x1249f2490>,51
CCCOC(Cc1ccc2c(ccn2Cc2nc(-c3ccc(C(F)(F)F)cc3)oc2C)c1)C(=O)O,5.7,EC50,True,486.4900000000001,5,1,6.094120000000005,<rdkit.DataStructs.cDataStructs.ExplicitBitVect object at 0x1249f2500>,35
COC(Cc1ccc(OCCc2nc(-c3ccccc3)oc2C)cn1)C(=O)O,6.55,EC50,True,382.4160000000001,6,1,3.3086200000000012,<rdkit.DataStructs.cDataStructs.ExplicitBitVect object at 0x1249f2570>,28
CCCc1c(OCCCOc2ccc3c(ccn3CC(=O)O)c2)ccc2cc(C(=O)c3ccccc3)ccc12,7.16,EC50,True,521.6130000000003,5,1,6.910500000000006,<rdkit.DataStructs.cDataStructs.ExplicitBitVect object at 0x1249f25e0>,39
CCCC/C(=C\c1cc(OCc2ccccc2)ccc1OCc1ccc(C(F)(F)F)cc1)C(=O)O,4.93,EC50,False,484.5140000000002,3,1,7.521600000000007,<rdkit.DataStructs.cDataStructs.ExplicitBitVect object at 0x1249f2650>,35
Cc1oc(-c2ccccc2)nc1CCOc1cccc([C@@H]2CN(C(=O)Oc3ccccc3)C[C@@H]2C(=O)O)c1,5.25,EC50,False,512.5620000000002,6,1,5.5705200000000055,<rdkit.DataStructs.cDataStructs.ExplicitBitVect object at 0x1249f26c0>,38
O=C(OCc1ccc(CC(SCCc2ccc(F)cc2)C(=O)O)cc1)c1nc(-c2ccccc2)oc1C(F)(F)F,7.52,EC50,True,573.5640000000003,6,1,6.828100000000005,<rdkit.DataStructs.cDataStructs.ExplicitBitVect object at 0x1249f2730>,40
CCCCc1cccc(/C(C)=N/OCCCCO/N=C(/CCC(=O)O)c2ccccc2)c1,6.7,EC50,True,438.5680000000001,5,1,5.835700000000006,<rdkit.DataStructs.cDataStructs.ExplicitBitVect object at 0x1249f27a0>,32
C/C(=N\OCCCCO/N=C(/CCC(=O)O)c1ccccc1)c1ccc2c(c1)CCCC2,6.7,EC50,True,436.55200000000025,5,1,5.3719000000000054,<rdkit.DataStructs.cDataStructs.ExplicitBitVect object at 0x1249f2810>,32
CCC(NC(=O)c1ccc2c(c1)c(SC)c(C)n2Cc1ccc(-c2ccccc2C(=O)O)cc1)c1ccccc1,9.0,EC50,True,548.7080000000003,4,2,7.966220000000008,<rdkit.DataStructs.cDataStructs.ExplicitBitVect object at 0x1249f2880>,40
Cc1ccc(OC(=O)N(CC(=O)O)Cc2cccc(OCc3nc(-c4ccccc4)oc3C)c2)cc1,6.15,EC50,True,486.5240000000003,6,1,5.623040000000005,<rdkit.DataStructs.cDataStructs.ExplicitBitVect object at 0x1249f28f0>,36
Cc1ccc(OC(=O)N(CC(=O)O)Cc2cccc(OCc3nc(-c4ccc(F)cc4)oc3C)c2)cc1,6.0,EC50,True,504.5140000000003,6,1,5.762140000000005,<rdkit.DataStructs.cDataStructs.ExplicitBitVect object at 0x1249f2960>,37
CCCOC(=O)N(CC(=O)O)Cc1cccc(OCc2nc(-c3ccc(Cl)cc3)oc2C)c1,5.9,EC50,True,472.9250000000002,6,1,5.3156200000000045,<rdkit.DataStructs.cDataStructs.ExplicitBitVect object at 0x1249f29d0>,33
O=S(=O)(Nc1cc(Cl)c(Oc2cnc3ccccc3c2)c(Cl)c1)c1ccc(Br)c(C(F)(F)F)c1,6.02,EC50,True,592.2200000000003,4,1,7.916000000000003,<rdkit.DataStructs.cDataStructs.ExplicitBitVect object at 0x1249f2a40>,34
Cc1cc(C)c(S(=O)(=O)Nc2cc(Cl)c(Oc3cnc4ccccc4c3)c(Cl)c2)c(C)c1,5.48,EC50,False,487.40800000000024,4,1,7.059960000000006,<rdkit.DataStructs.cDataStructs.ExplicitBitVect object at 0x1249f2ab0>,32
CCCc1ccc(C2=CCN(CCOc3ccc(CC(OCC)C(=O)O)cc3)CC2)cc1,6.76,EC50,True,437.58000000000015,4,1,4.839400000000004,<rdkit.DataStructs.cDataStructs.ExplicitBitVect object at 0x1249f2b20>,32
CCCOC(Cc1ccc(OCCc2nc(-c3ccccc3)oc2C)c2ccsc12)C(=O)O,7.92,EC50,True,465.57100000000014,6,1,5.9085200000000055,<rdkit.DataStructs.cDataStructs.ExplicitBitVect object at 0x1249f2b90>,33
Cc1oc(-c2ccccc2)nc1CCOc1ccc(CC(OCC(C)C)C(=O)O)c2sccc12,8.4,EC50,True,479.59800000000024,6,1,6.154520000000005,<rdkit.DataStructs.cDataStructs.ExplicitBitVect object at 0x1249f2c00>,34
COC(Cc1ccc(OCCc2nc(-c3ccccc3C)oc2C)c2ccccc12)C(=O)O,6.14,EC50,True,445.5150000000002,5,1,5.375240000000006,<rdkit.DataStructs.cDataStructs.ExplicitBitVect object at 0x1249f2c70>,33
COc1ccc(CNC(=O)c2ccc3c(c2)[nH]c(=O)n3Cc2ccccc2)c(C(F)(F)F)c1,6.0,EC50,True,455.43600000000015,4,2,4.335300000000003,<rdkit.DataStructs.cDataStructs.ExplicitBitVect object at 0x1249f2ce0>,33
CSCc1ccc(CNC(=O)c2ccc3c(ccn3Cc3cccc(F)c3)c2)c(C(F)(F)F)c1,5.84,EC50,True,486.5340000000001,3,1,6.640500000000005,<rdkit.DataStructs.cDataStructs.ExplicitBitVect object at 0x1249f2d50>,34
CS(=O)(=O)Cc1ccc(CNC(=O)c2ccc3c(ccn3Cc3cccc(F)c3)c2)c(F)c1,5.79,EC50,True,468.52500000000015,4,1,4.442400000000004,<rdkit.DataStructs.cDataStructs.ExplicitBitVect object at 0x1249f2dc0>,33
CS(=O)(=O)Cc1ccc(CNC(=O)c2ccc3c(ccn3Cc3cccc(F)c3)c2)c(Cl)c1,5.67,EC50,True,484.98000000000013,4,1,4.956700000000005,<rdkit.DataStructs.cDataStructs.ExplicitBitVect object at 0x1249f2e30>,33
O=C(NCc1ccc(CS(=O)(=O)C2CC2)cc1C(F)(F)F)c1ccc2c(ccn2S(=O)(=O)c2cccc(F)c2)c1,5.99,EC50,True,594.6080000000002,6,1,5.0434000000000045,<rdkit.DataStructs.cDataStructs.ExplicitBitVect object at 0x1249f2ea0>,40
CCCCCS(=O)(=O)NC(=O)CCc1ccc(OCC(=O)N(CC)CC)cc1Oc1ncc(C(F)(F)F)cc1Cl,8.16,EC50,True,608.0790000000004,7,1,5.362100000000005,<rdkit.DataStructs.cDataStructs.ExplicitBitVect object at 0x1249f2f10>,40
Cc1cc(CCCN2C(=O)CN(c3ccc(C(F)(F)F)cc3)C2=O)cc(C)c1OC(C)(C)C(=O)O,6.2,EC50,True,492.49400000000026,4,1,4.965640000000004,<rdkit.DataStructs.cDataStructs.ExplicitBitVect object at 0x1249f2f80>,35
CN(CCOc1ccc(C[C@H](Nc2ccccc2C(=O)C2CCCCC2)C(=O)O)cc1)c1nc2ccccc2o1,8.07,EC50,True,541.6480000000004,7,2,6.213800000000006,<rdkit.DataStructs.cDataStructs.ExplicitBitVect object at 0x1249f2ff0>,40
CSc1nc(Nc2ccccc2)c(C(=O)O)c(SCc2ccccc2)n1,5.8,EC50,True,383.4980000000001,6,2,4.932600000000003,<rdkit.DataStructs.cDataStructs.ExplicitBitVect object at 0x1249f3060>,26
CSc1nc(NCCc2ccccc2)c(C(=O)O)c(SCc2ccccc2)n1,6.17,EC50,True,411.55200000000013,6,2,4.843600000000004,<rdkit.DataStructs.cDataStructs.ExplicitBitVect object at 0x1249f30d0>,28
CN(CCOc1ccc(CC(Nc2ccncc2C(=O)c2ccccc2)C(=O)O)cc1)c1nc2ccccc2o1,6.14,EC50,True,536.5880000000002,8,2,5.076800000000004,<rdkit.DataStructs.cDataStructs.ExplicitBitVect object at 0x1249f3140>,40
Cc1oc(-c2ccccc2)nc1CCOc1ccc(CC(Nc2ccccc2C(=O)c2ccc(CO)cc2)C(=O)O)cc1,6.76,EC50,True,576.6490000000003,7,3,6.102620000000006,<rdkit.DataStructs.cDataStructs.ExplicitBitVect object at 0x1249f31b0>,43
CCC(C(=O)O)C1CCc2cc(OCCc3nc(-c4cccc(C(F)(F)F)c4)oc3C)ccc21,7.68,EC50,True,473.4910000000001,4,1,6.430920000000006,<rdkit.DataStructs.cDataStructs.ExplicitBitVect object at 0x1249f3220>,34
Cc1oc(-c2ccccc2)nc1CCOc1ccc(C[C@H](Nc2ccccc2C(=O)C2CCCCC2)C(=O)O)cc1,9.55,EC50,True,552.6710000000004,6,2,7.142320000000006,<rdkit.DataStructs.cDataStructs.ExplicitBitVect object at 0x1249f3290>,41
CCCCc1nc(C2CC2)c(CC(=O)OC)c(=O)n1Cc1ccc(-c2ccccc2-c2noc(=O)[nH]2)cc1,5.63,EC50,True,514.5820000000002,8,1,4.237400000000004,<rdkit.DataStructs.cDataStructs.ExplicitBitVect object at 0x1249f3300>,38
CCCc1cc(Oc2ccc(OC)cc2)ccc1OCCCOc1ccc(C2SC(=O)NC2=O)cc1,7.52,EC50,True,507.6080000000003,7,1,6.312000000000006,<rdkit.DataStructs.cDataStructs.ExplicitBitVect object at 0x1249f3370>,36
Cc1ccc(C(=O)c2ccccc2NC(Cc2ccc(OCCN(C)c3nc4ccccc4o3)cc2)C(=O)O)cc1,8.07,EC50,True,549.6270000000004,7,2,5.990220000000006,<rdkit.DataStructs.cDataStructs.ExplicitBitVect object at 0x1249f33e0>,41
C[C@]1(C(=O)O)CCc2ccc(OCCCOc3ccc(C4CCC5(CC4)CC5)cc3Cl)cc2O1,6.0,EC50,True,485.0200000000004,4,1,6.794000000000007,<rdkit.DataStructs.cDataStructs.ExplicitBitVect object at 0x1249f3450>,34
O=C(O)CCCc1cc2cc(Cl)ccc2n1S(=O)(=O)c1ccccc1,6.55,EC50,True,377.8490000000001,4,1,3.939000000000002,<rdkit.DataStructs.cDataStructs.ExplicitBitVect object at 0x1249f34c0>,25
CCCCCCC(Sc1nc2ccc(NCc3ccc(C(C)(C)C)cc3)cc2s1)C(=O)O,5.43,EC50,False,470.70400000000024,5,2,7.721600000000007,<rdkit.DataStructs.cDataStructs.ExplicitBitVect object at 0x1249f3530>,32
CCc1nc2c(C)cc(C)nc2n1Cc1ccc2c(c1)CCc1ccccc1/C2=C(\C)c1nn[nH]n1,6.6,EC50,True,475.6000000000002,6,1,5.249540000000005,<rdkit.DataStructs.cDataStructs.ExplicitBitVect object at 0x1249f35a0>,36
CCCc1nc2ccccc2n1Cc1ccc2c(c1)COc1ccccc1/C2=C(\C)c1noc(=O)[nH]1,8.57,EC50,True,478.55200000000025,6,1,5.584800000000006,<rdkit.DataStructs.cDataStructs.ExplicitBitVect object at 0x1249f3610>,36
CCCCCCCCCCCCCCCc1cccc(OCC(=O)O)c1,5.43,EC50,False,362.5540000000001,2,1,6.783700000000008,<rdkit.DataStructs.cDataStructs.ExplicitBitVect object at 0x1249f3680>,26
CCCC1(CCOc2cc(CC(=O)O)ccc2Cl)CCN(c2nc3ccc(Cl)cc3s2)CC1,6.06,EC50,True,507.48300000000035,5,1,7.086000000000006,<rdkit.DataStructs.cDataStructs.ExplicitBitVect object at 0x1249f36f0>,33
O=C(O)Cc1cccc(OCCC2CCN(c3nc4ccc(Cl)cc4s3)CC2)c1,5.59,EC50,True,430.95700000000016,5,1,5.262300000000004,<rdkit.DataStructs.cDataStructs.ExplicitBitVect object at 0x1249f3760>,29
Cc1oc(-c2cccc[s+]2)nc1CCOc1ccc(C[C@@](C)(Oc2ccccc2)C(=O)O)cc1,8.4,EC50,True,476.5740000000002,5,1,6.078920000000006,<rdkit.DataStructs.cDataStructs.ExplicitBitVect object at 0x1249f37d0>,34
Cc1sc(-c2ccncc2)nc1CCOc1ccc(C[C@H](Nc2ccccc2C(=O)c2ccccc2)C(=O)O)cc1,8.13,EC50,True,563.6790000000003,7,2,6.473820000000006,<rdkit.DataStructs.cDataStructs.ExplicitBitVect object at 0x1249f3840>,41
Cc1sc(NCCCN(C)C)nc1CCOc1ccc(C[C@H](Nc2ccccc2C(=O)c2ccccc2)C(=O)O)cc1,5.52,EC50,True,586.7580000000003,8,3,5.775420000000006,<rdkit.DataStructs.cDataStructs.ExplicitBitVect object at 0x1249f38b0>,42
CCCOc1ccc(C[C@@H](CC)C(=O)O)cc1CNC(=O)c1ccc(C23CC4CC(CC(C4)C2)C3)cc1,7.08,EC50,True,503.68300000000033,3,2,6.526500000000007,<rdkit.DataStructs.cDataStructs.ExplicitBitVect object at 0x1249f3920>,37
Cc1cc([Se]Cc2sc(-c3ccc(C(F)(F)F)c(F)c3)nc2C)ccc1OC(C)(C)C(=O)O,6.54,EC50,True,546.4440000000003,4,1,5.356540000000004,<rdkit.DataStructs.cDataStructs.ExplicitBitVect object at 0x1249f3990>,33
O=C(c1ccccc1)c1ccccc1N[C@@H](Cc1ccc(OCCOc2ccc(Br)cc2)cc1)C(=O)O,6.57,EC50,True,560.4440000000003,5,2,6.245700000000004,<rdkit.DataStructs.cDataStructs.ExplicitBitVect object at 0x1249f3a00>,37
O=C(c1ccccc1)c1ccccc1N[C@@H](Cc1ccc(OCCOc2ccc(Br)cc2)cc1)C(=O)O,6.34,EC50,True,560.4440000000003,5,2,6.245700000000004,<rdkit.DataStructs.cDataStructs.ExplicitBitVect object at 0x1249f3a70>,37
O=C(O)Cc1ccccc1OCC[C@H]1Oc2ccccc2N(CCCCCCF)C1=O,6.82,EC50,True,429.4880000000003,4,1,4.406700000000004,<rdkit.DataStructs.cDataStructs.ExplicitBitVect object at 0x1249f3ae0>,31
Cc1[nH]c(-c2ccccc2)nc1CCOc1ccc(C[C@H](Nc2ccccc2C(=O)c2ccccc2)C(=O)O)cc1,6.42,EC50,True,545.6390000000002,5,3,6.345420000000006,<rdkit.DataStructs.cDataStructs.ExplicitBitVect object at 0x1249f3b50>,41
CCO[C@@H](Cc1ccc(OCCn2c3ccc(Br)cc3c3cc(Br)ccc32)cc1)C(=O)O,7.36,EC50,True,561.2700000000002,4,1,6.430700000000005,<rdkit.DataStructs.cDataStructs.ExplicitBitVect object at 0x1249f3bc0>,32
CCCn1c(CCCc2ccc(OC(C)(C)C(=O)O)cc2)nn(CC2CCCCC2)c1=O,5.58,EC50,True,443.5880000000003,6,1,4.4524000000000035,<rdkit.DataStructs.cDataStructs.ExplicitBitVect object at 0x1249f3c30>,32
O=C(O)C[C@@H]1CCCN1c1ccc(OCc2ccc(Cl)cc2Cl)cc1,4.77,EC50,False,380.2710000000001,3,1,5.015900000000005,<rdkit.DataStructs.cDataStructs.ExplicitBitVect object at 0x1249f3ca0>,25
Cc1ccc(-c2nc(CCOc3ccc(C[C@H](Nc4ccccc4C(=O)c4ccccc4)C(=O)O)cc3)c(C)o2)s1,9.61,EC50,True,566.6790000000002,7,2,6.9802400000000056,<rdkit.DataStructs.cDataStructs.ExplicitBitVect object at 0x1249f3d10>,41
Cc1cc(SCc2nc(-c3ccc(C(F)(F)F)cc3)ns2)ccc1OC(C)(C)C(=O)O,6.39,EC50,True,468.52200000000016,6,1,6.066620000000004,<rdkit.DataStructs.cDataStructs.ExplicitBitVect object at 0x1249f3d80>,31
O=C(O)C(Sc1nc(Cl)cc(Nc2cccc(Cl)c2)n1)c1cccc2ccccc12,5.14,EC50,False,456.35400000000016,5,2,6.598200000000003,<rdkit.DataStructs.cDataStructs.ExplicitBitVect object at 0x1249f3df0>,30
CC(C)CCNc1cc(Cl)nc(SC(C(=O)O)c2cccc3ccccc23)n1,5.05,EC50,False,415.94600000000014,5,2,5.659200000000004,<rdkit.DataStructs.cDataStructs.ExplicitBitVect object at 0x1249f3e60>,28
CCCO/N=C(\C)C(Cc1ccc(OCc2nc(C(C)C)oc2C)cc1)C(=O)O,8.3,EC50,True,402.49100000000016,6,1,4.731220000000004,<rdkit.DataStructs.cDataStructs.ExplicitBitVect object at 0x1249f3ed0>,29
COc1ccc2c(c1)c(Cc1ccccc1OCC(=O)O)c(C)n2C(=O)c1ccc(Cl)cc1,6.72,EC50,True,463.91700000000014,5,1,5.354420000000005,<rdkit.DataStructs.cDataStructs.ExplicitBitVect object at 0x1249f3f40>,33
CCOC(Cc1ccc(OCc2nc(-c3ccc(OC)cc3)c(-c3ccc(C(F)(F)F)cc3)s2)cc1)C(=O)O,5.88,EC50,True,557.5900000000003,6,1,7.115700000000007,<rdkit.DataStructs.cDataStructs.ExplicitBitVect object at 0x1249f8040>,39
COc1ccc(-c2nc(COc3cccc(CN(CC(=O)O)C(=O)Oc4ccc(C)cc4)c3)c(C)o2)cc1,5.95,EC50,True,516.5500000000003,7,1,5.631640000000005,<rdkit.DataStructs.cDataStructs.ExplicitBitVect object at 0x1249f80b0>,38
Cc1oc(N2CCCCC2)nc1CCOc1ccc(C[C@H](Nc2ccccc2C(=O)c2ccccc2)C(=O)O)cc1,6.26,EC50,True,553.6590000000003,7,2,5.933620000000005,<rdkit.DataStructs.cDataStructs.ExplicitBitVect object at 0x1249f8120>,41
CCCc1cc(Oc2ccccc2)ccc1OCCCOc1ccc(C2SC(=O)NC2=O)cc1CCC,6.7,EC50,True,519.6630000000002,6,1,7.255900000000007,<rdkit.DataStructs.cDataStructs.ExplicitBitVect object at 0x1249f8190>,37
Cc1cc(Cn2ncn(-c3ccc(C(F)(F)F)cc3)c2=O)cc(Cl)c1OC(C)(C)C(=O)O,5.75,EC50,True,469.8470000000002,6,1,4.304920000000004,<rdkit.DataStructs.cDataStructs.ExplicitBitVect object at 0x1249f8200>,32
COc1ccc(/C=C/c2cc(OC)cc(OCCCCCCCC(=O)O)c2)cc1,4.59,EC50,False,398.4990000000002,4,1,5.678200000000005,<rdkit.DataStructs.cDataStructs.ExplicitBitVect object at 0x1249f8270>,29
COc1ccc(/C=C/c2cc(OC)cc(OCc3ccc(OCC(=O)O)c(C)c3)c2)cc1,4.68,EC50,False,434.48800000000017,5,1,5.225020000000004,<rdkit.DataStructs.cDataStructs.ExplicitBitVect object at 0x1249f82e0>,32
COc1cc([C@H]2OC[C@H]3[C@@H]2CO[C@H]3c2ccc3c(c2)OCO3)cc(OC)c1O,4.65,EC50,False,386.40000000000015,7,1,3.2133000000000016,<rdkit.DataStructs.cDataStructs.ExplicitBitVect object at 0x1249f8350>,28
CC(C)(C)c1ccc(-n2c(C(=O)O)c(Oc3cccc(O)c3)c3ccccc32)cc1,6.79,EC50,True,401.4620000000001,4,2,6.124100000000005,<rdkit.DataStructs.cDataStructs.ExplicitBitVect object at 0x1249f83c0>,30
CCOc1ccc2c(c1)c(Oc1cccc(C(F)(F)F)c1)c(C(=O)O)n2-c1ccc(C(C)(C)C)cc1,7.47,EC50,True,497.5130000000002,4,1,7.8360000000000065,<rdkit.DataStructs.cDataStructs.ExplicitBitVect object at 0x1249f8430>,36
CCCCc1nc(C)c(Cc2nc(Cc3cc(F)cc(F)c3)no2)c(=O)n1Cc1ccc(-c2ccccc2-c2noc(=O)[nH]2)cc1,5.86,EC50,True,624.6480000000001,9,1,5.7957200000000055,<rdkit.DataStructs.cDataStructs.ExplicitBitVect object at 0x1249f84a0>,46
CN(CCOc1ccc(CC2SC(=O)NC2=O)cc1)c1ccccn1,7.41,EC50,True,357.435,6,1,2.490900000000001,<rdkit.DataStructs.cDataStructs.ExplicitBitVect object at 0x1249f8510>,25
CO/N=C(\C)C(Cc1ccc(OCCc2nc(-c3ccccc3)oc2C)cc1)C(=O)O,8.68,EC50,True,422.4810000000001,6,1,4.537120000000003,<rdkit.DataStructs.cDataStructs.ExplicitBitVect object at 0x1249f8580>,31
Cc1nc(-c2ccc(C(F)(F)F)cc2)oc1COc1ccc(CCC(=O)O)cc1,5.48,EC50,False,405.3720000000001,4,1,5.265020000000004,<rdkit.DataStructs.cDataStructs.ExplicitBitVect object at 0x1249f85f0>,29
Cc1cc(CC(=O)O)cc(OCCC2CCN(c3nc4ccc(Cl)cc4s3)CC2)c1,5.97,EC50,True,444.9840000000001,5,1,5.570720000000005,<rdkit.DataStructs.cDataStructs.ExplicitBitVect object at 0x1249f8660>,30
Cc1ccc(OCCC2CCN(c3nc4ccc(Cl)cc4s3)CC2)cc1CC(=O)O,6.01,EC50,True,444.98400000000026,5,1,5.570720000000005,<rdkit.DataStructs.cDataStructs.ExplicitBitVect object at 0x1249f86d0>,30
CCCCc1nc(C)c(CC(=O)OCC2CCCCC2)c(=O)n1Cc1ccc(-c2ccccc2-c2noc(=O)[nH]2)cc1,5.88,EC50,True,570.6900000000003,8,1,5.618920000000006,<rdkit.DataStructs.cDataStructs.ExplicitBitVect object at 0x1249f8740>,42
CCCCCS(=O)(=O)NC(=O)/C(C)=C/c1ccc(OCCOC)cc1Oc1ncc(C(F)(F)F)cc1Cl,8.28,EC50,True,565.0100000000002,7,1,5.610800000000006,<rdkit.DataStructs.cDataStructs.ExplicitBitVect object at 0x1249f87b0>,37
CCCCCS(=O)(=O)NC(=O)C(Cc1ccc(OCCOC)cc1Oc1ncc(C(F)(F)F)cc1Cl)OC,8.17,EC50,True,583.0250000000002,8,1,4.765000000000004,<rdkit.DataStructs.cDataStructs.ExplicitBitVect object at 0x1249f8820>,38
CCCCCS(=O)(=O)NC(=O)/C=C/c1ccc(OCCCS(C)(=O)=O)cc1Oc1ncc(C(F)(F)F)cc1Cl,6.5,EC50,True,613.0760000000005,8,1,5.009000000000005,<rdkit.DataStructs.cDataStructs.ExplicitBitVect object at 0x1249f8890>,39
CC(SCc1ccccc1)C(NC(=O)c1ccccc1)C(=O)O,5.17,EC50,False,329.42100000000005,3,2,3.1915000000000004,<rdkit.DataStructs.cDataStructs.ExplicitBitVect object at 0x1249f8900>,23
CC(C)(C)OC(=O)NC(CSCc1ccc(C(=O)c2ccccc2)cc1)C(=O)O,4.99,EC50,False,415.5110000000001,5,2,4.128700000000003,<rdkit.DataStructs.cDataStructs.ExplicitBitVect object at 0x1249f8970>,29
CCCCc1nc(C(C)C)c(CC(=O)O)c(=O)n1Cc1ccc(-c2ccccc2-c2noc(=O)[nH]2)cc1,4.99,EC50,False,502.5710000000002,7,2,4.395000000000003,<rdkit.DataStructs.cDataStructs.ExplicitBitVect object at 0x1249f89e0>,37
C/C(=N\OCCOc1ccc(CC2SC(=O)NC2=O)cc1)c1ccc(-c2ccccc2)nc1,6.72,EC50,True,461.5430000000002,7,1,4.4623000000000035,<rdkit.DataStructs.cDataStructs.ExplicitBitVect object at 0x1249f8a50>,33
CCCCCCCN(CCc1ccc(O[C@@](C)(CC)C(=O)O)cc1)c1nc2ccccc2o1,6.23,EC50,True,452.5950000000002,5,1,6.479400000000007,<rdkit.DataStructs.cDataStructs.ExplicitBitVect object at 0x1249f8ac0>,33
CCCCOC(=O)Cc1c(C)nc(CCCC)n(Cc2ccc(-c3ccccc3-c3noc(=O)[nH]3)cc2)c1=O,5.65,EC50,True,530.6250000000002,8,1,4.838720000000004,<rdkit.DataStructs.cDataStructs.ExplicitBitVect object at 0x1249f8b30>,39
CC(C)(C)c1cccc(OCCCOc2ccc3c(c2)OCC3CC(=O)O)c1,5.76,EC50,True,384.4720000000001,4,1,4.782700000000004,<rdkit.DataStructs.cDataStructs.ExplicitBitVect object at 0x1249f8ba0>,28
Cc1ccccc1[C@H](C)NC(=O)c1ccc2c(c1)c(C)c(C)n2Cc1ccc(-c2ccccc2C(=O)O)cc1,6.83,EC50,True,516.6410000000003,3,2,7.471060000000008,<rdkit.DataStructs.cDataStructs.ExplicitBitVect object at 0x1249f8c10>,39
CCc1ccccc1[C@H](C)NC(=O)c1ccc2c(c1)c(C)c(C)n2Cc1ccc(-c2ccccc2C(=O)O)cc1,6.48,EC50,True,530.6680000000003,3,2,7.725040000000008,<rdkit.DataStructs.cDataStructs.ExplicitBitVect object at 0x1249f8c80>,40
CCOc1ccc([C@H](C)NC(=O)c2ccc3c(c2)c(C)c(C)n3Cc2ccc(-c3ccccc3C(=O)O)cc2)cc1,7.07,EC50,True,546.6670000000003,4,2,7.5613400000000075,<rdkit.DataStructs.cDataStructs.ExplicitBitVect object at 0x1249f8cf0>,41
Cc1c(C)n(Cc2ccc(-c3ccccc3C(=O)O)cc2)c2ccc(C(=O)N[C@@H](c3cccc(C(C)C)c3)C(F)(F)F)cc12,7.0,EC50,True,598.6650000000003,3,2,8.82844,<rdkit.DataStructs.cDataStructs.ExplicitBitVect object at 0x1249f8d60>,44
Cc1cc(OCCCOc2cccc(Cl)c2)ccc1OCC(=O)O,5.81,EC50,True,350.7980000000002,4,1,3.9597200000000026,<rdkit.DataStructs.cDataStructs.ExplicitBitVect object at 0x1249f8dd0>,24
CN(CCOc1ccc(CC2SC(=O)NC2=O)cc1)c1ccccn1,6.62,EC50,True,357.435,6,1,2.490900000000001,<rdkit.DataStructs.cDataStructs.ExplicitBitVect object at 0x1249f8e40>,25
Cc1ccccc1Oc1ccc(N2CCC[C@H]2CC(=O)O)cc1,4.5,EC50,False,311.381,3,1,4.230820000000003,<rdkit.DataStructs.cDataStructs.ExplicitBitVect object at 0x1249f8eb0>,23
O=C(COc1ccc2cc(/C=C3/SC(=O)NC3=O)ccc2c1)Nc1ccc(Br)cc1F,6.1,EC50,True,501.3330000000001,5,2,5.082800000000002,<rdkit.DataStructs.cDataStructs.ExplicitBitVect object at 0x1249f8f20>,31
CC1=C(CC(=O)O)c2cc(F)ccc2/C1=C\c1cccc(O)c1,5.2,EC50,False,310.324,2,2,4.333700000000003,<rdkit.DataStructs.cDataStructs.ExplicitBitVect object at 0x1249f8f90>,23
CCCCc1nc(C)c(Cc2nc(C(C)(C)C)no2)c(=O)n1Cc1ccc(-c2ccccc2-c2noc(=O)[nH]2)cc1,6.55,EC50,True,554.6510000000003,9,1,5.224220000000005,<rdkit.DataStructs.cDataStructs.ExplicitBitVect object at 0x1249f9000>,41
C/C=C/C=C/C(=O)N1Cc2cc(OCCc3nc(/C(=C/C)CC)oc3C)ccc2C[C@H]1C(=O)O.CC(C)(C)N,6.46,EC50,True,537.7010000000002,6,2,5.631620000000004,<rdkit.DataStructs.cDataStructs.ExplicitBitVect object at 0x1249f9070>,39
COC(=O)CN1C(=O)S/C(=C\c2ccc(O)cc2)C1=O,5.0,EC50,False,293.30000000000007,6,1,1.6014999999999997,<rdkit.DataStructs.cDataStructs.ExplicitBitVect object at 0x1249f90e0>,20
CCOC(=O)CN1C(=O)S/C(=C\c2ccc(C)cc2)C1=O,5.05,EC50,False,305.3550000000001,5,0,2.5944200000000004,<rdkit.DataStructs.cDataStructs.ExplicitBitVect object at 0x1249f9150>,21
N#Cc1cncc(Oc2c(Cl)cc(NS(=O)(=O)c3ccc(Cl)cc3Cl)cc2Cl)c1,7.1,EC50,True,489.16700000000014,5,1,6.159980000000001,<rdkit.DataStructs.cDataStructs.ExplicitBitVect object at 0x1249f91c0>,29
O=C(O)c1cccc(NC(=O)c2cc(Cl)ccc2NC(=O)c2ccc(C(F)(F)F)cc2)c1,5.33,EC50,False,462.8110000000001,3,3,5.561600000000002,<rdkit.DataStructs.cDataStructs.ExplicitBitVect object at 0x1249f9230>,32
O=C(O)CCCc1cc2cc(C(F)(F)F)ccc2n1S(=O)(=O)c1ccc(OC(F)(F)F)cc1,6.24,EC50,True,495.39700000000016,5,1,5.203000000000003,<rdkit.DataStructs.cDataStructs.ExplicitBitVect object at 0x1249f92a0>,33
COc1cccc(S(=O)(=O)n2c(CCCC(=O)O)cc3cc(Cl)ccc32)c1,7.26,EC50,True,407.87500000000006,5,1,3.947600000000003,<rdkit.DataStructs.cDataStructs.ExplicitBitVect object at 0x1249f9310>,27
CN1CCOc2ccc(S(=O)(=O)n3c(CCCC(=O)O)cc4cc(Cl)ccc43)cc21,7.8,EC50,True,448.9280000000001,6,1,3.7676000000000016,<rdkit.DataStructs.cDataStructs.ExplicitBitVect object at 0x1249f9380>,30
O=C(O)CCCc1cc2cc(C(F)(F)F)ccc2n1S(=O)(=O)c1ccc2scnc2c1,6.83,EC50,True,468.4780000000002,6,1,4.914100000000003,<rdkit.DataStructs.cDataStructs.ExplicitBitVect object at 0x1249f93f0>,31
C[C@H](Oc1ccc(Cc2ccc(OCc3coc(-c4ccccc4)n3)cc2)cc1)C(=O)O,6.52,EC50,True,429.47200000000004,5,1,5.363300000000006,<rdkit.DataStructs.cDataStructs.ExplicitBitVect object at 0x1249f9460>,32
CCCO/N=C/c1ccc(O[C@@H](Cc2ccccc2)C(=O)O)cc1,5.42,EC50,False,327.38000000000005,4,1,3.5218000000000016,<rdkit.DataStructs.cDataStructs.ExplicitBitVect object at 0x1249f94d0>,24
CCCCc1nc(C)c(Cc2nc(CCOC)no2)c(=O)n1Cc1ccc(-c2ccccc2-c2noc(=O)[nH]2)cc1,5.38,EC50,False,556.6230000000003,10,1,4.115620000000003,<rdkit.DataStructs.cDataStructs.ExplicitBitVect object at 0x1249f9540>,41
O=S(=O)(Nc1cc(Cl)c(Oc2cnc3ccccc3c2)c(Cl)c1)c1ccc(Br)cc1F,8.7,EC50,True,542.2130000000001,4,1,7.036300000000002,<rdkit.DataStructs.cDataStructs.ExplicitBitVect object at 0x1249f95b0>,31
CCC(C(=O)O)C1CCc2cc(OCCc3nc(C4CCCC4)oc3C)ccc21,6.67,EC50,True,397.5150000000002,4,1,5.402720000000006,<rdkit.DataStructs.cDataStructs.ExplicitBitVect object at 0x1249f9620>,29
CCC(C(=O)O)C1CCc2cc(OCCc3nc(Cc4ccc(F)cc4)oc3C)ccc21,6.28,EC50,True,437.51100000000014,4,1,5.475020000000005,<rdkit.DataStructs.cDataStructs.ExplicitBitVect object at 0x1249f9690>,32
CCOC(=O)C(C)(C)Oc1ccc(C(=O)c2cc3cc([N+](=O)[O-])ccc3oc2=O)cc1,6.04,EC50,True,425.39300000000014,8,0,3.652700000000002,<rdkit.DataStructs.cDataStructs.ExplicitBitVect object at 0x1249f9700>,31
CCCc1nc2ccc(C(=O)NC(CC)c3ccccc3)cc2n1Cc1ccc(-c2ccccc2C(=O)O)cc1,6.05,EC50,True,531.6560000000003,4,2,7.283400000000007,<rdkit.DataStructs.cDataStructs.ExplicitBitVect object at 0x1249f9770>,40
Cc1cc(C2CC2C(OCCC2CCCCC2)c2ccc(OC(F)(F)F)cc2)cc(C)c1OC(C)(C)C(=O)O,7.47,EC50,True,548.6420000000002,4,1,8.275840000000008,<rdkit.DataStructs.cDataStructs.ExplicitBitVect object at 0x1249f97e0>,39
O=C(O)c1cccc(NC(=O)c2ccccc2NC(=O)c2ccc3ccccc3c2)c1,5.26,EC50,False,410.42900000000014,3,3,5.042600000000003,<rdkit.DataStructs.cDataStructs.ExplicitBitVect object at 0x1249f9850>,31
CCCCc1nc(C)c(CC(=O)OC2CC2)c(=O)n1Cc1ccc(-c2ccccc2-c2noc(=O)[nH]2)cc1,5.48,EC50,False,514.5820000000002,8,1,4.201020000000003,<rdkit.DataStructs.cDataStructs.ExplicitBitVect object at 0x1249f98c0>,38
CCCCc1nc(C)c(CC(=O)OC(C)C)c(=O)n1Cc1ccc(-c2ccccc2-c2noc(=O)[nH]2)cc1,5.78,EC50,True,516.5980000000003,8,1,4.447020000000004,<rdkit.DataStructs.cDataStructs.ExplicitBitVect object at 0x1249f9930>,38
CCCCc1nc(C(C)C)c(CC(=O)OC2CCCCC2)c(=O)n1Cc1ccc(-c2ccccc2-c2noc(=O)[nH]2)cc1,6.14,EC50,True,584.7170000000003,8,1,6.186300000000006,<rdkit.DataStructs.cDataStructs.ExplicitBitVect object at 0x1249f99a0>,43
CCCCc1nc(C)c(Cc2nc(C(C)C)no2)c(=O)n1Cc1ccc(-c2ccccc2-c2noc(=O)[nH]2)cc1,5.88,EC50,True,540.6240000000004,9,1,5.050120000000005,<rdkit.DataStructs.cDataStructs.ExplicitBitVect object at 0x1249f9a10>,40
CCOC(=O)CN1C(=O)S/C(=C\c2ccc(C(F)(F)F)cc2)C1=O,5.0,EC50,False,359.32500000000005,5,0,3.304800000000003,<rdkit.DataStructs.cDataStructs.ExplicitBitVect object at 0x1249f9a80>,24
C/C=C/C=C/C(=O)N1Cc2cc(OCCc3nc(/C=C/C(C)CCC)oc3C)ccc2C[C@H]1C(=O)O.CC(C)(C)N,6.51,EC50,True,565.7550000000002,6,2,6.267720000000006,<rdkit.DataStructs.cDataStructs.ExplicitBitVect object at 0x1249f9af0>,41
O=C(O)CCCc1cc2cc(C(F)(F)F)ccc2n1S(=O)(=O)c1ccc(Cl)cc1,6.2,EC50,True,445.8460000000001,4,1,4.957800000000003,<rdkit.DataStructs.cDataStructs.ExplicitBitVect object at 0x1249f9b60>,29
O=C(NCCSSCCNC(=O)/C(Cc1ccc(O)c(Br)c1)=N/O)/C(Cc1ccc(O)c(Br)c1)=N/O,5.24,EC50,False,664.3980000000001,10,6,3.682200000000001,<rdkit.DataStructs.cDataStructs.ExplicitBitVect object at 0x1249f9bd0>,36
COc1ccc(C(=O)n2c(C)c(Cc3ccccc3OC(C)C(=O)O)c3cc(OC(F)(F)F)ccc32)cc1,8.52,EC50,True,527.4950000000002,6,1,5.988120000000005,<rdkit.DataStructs.cDataStructs.ExplicitBitVect object at 0x1249f9c40>,38
CCOC(=O)CC1=C(c2ccccc2)c2ccc(OC)cc2C1=O,6.52,EC50,True,322.3600000000001,4,0,3.646600000000003,<rdkit.DataStructs.cDataStructs.ExplicitBitVect object at 0x1249f9cb0>,24
CCOC(=O)C1=C(c2ccoc2)c2ccc(OC)cc2C1=O,6.0,EC50,True,298.29400000000004,5,0,2.849500000000001,<rdkit.DataStructs.cDataStructs.ExplicitBitVect object at 0x1249f9d20>,22
CCCCCC1=CC(=O)C2=C(OC(C)(CCC=C(C)C)C=C2)C1=O,4.83,EC50,False,328.45200000000006,3,0,4.990500000000005,<rdkit.DataStructs.cDataStructs.ExplicitBitVect object at 0x1249f9d90>,24
CCC(C(=O)O)C1CCc2cc(OCCc3nc(-c4ccc(C)cc4)oc3C)ccc21,7.35,EC50,True,419.52100000000013,4,1,5.720540000000006,<rdkit.DataStructs.cDataStructs.ExplicitBitVect object at 0x1249f9e00>,31
CCCCc1nc(C(C)C)c(Cc2nc(C(C)(C)C)no2)c(=O)n1Cc1ccc(-c2ccccc2-c2noc(=O)[nH]2)cc1,6.23,EC50,True,582.7050000000003,9,1,6.039200000000006,<rdkit.DataStructs.cDataStructs.ExplicitBitVect object at 0x1249f9e70>,43
O=C(O)[C@H](Cc1ccccc1)Oc1ccc(-c2ccc(Cl)cc2)cc1,5.05,EC50,False,352.817,2,1,5.081700000000004,<rdkit.DataStructs.cDataStructs.ExplicitBitVect object at 0x1249f9ee0>,25
O=C(O)[C@H](CCCc1ccccc1)Oc1ccc(Cl)cc1,6.04,EC50,True,304.773,2,1,4.194900000000003,<rdkit.DataStructs.cDataStructs.ExplicitBitVect object at 0x1249f9f50>,21
CC(/C=C/C(F)=C(/C)c1cc(C(C)(C)C)cc(C(C)(C)C)c1OCC(F)(F)F)=C\C(=O)O,7.52,EC50,True,456.52000000000015,2,1,7.510300000000006,<rdkit.DataStructs.cDataStructs.ExplicitBitVect object at 0x1249f9fc0>,32
CC(/C=C/C(F)=C(/C)c1cc(C(C)(C)C)cc(C(C)(C)C)c1OCC(F)F)=C\C(=O)O,7.2,EC50,True,438.53000000000014,2,1,7.213100000000007,<rdkit.DataStructs.cDataStructs.ExplicitBitVect object at 0x1249fa030>,31
CC(C)(Oc1ccc(CCOc2ccc(/N=N/c3ccccc3)cc2C(F)(F)F)cc1)C(=O)O,6.22,EC50,True,472.4630000000001,5,1,6.984300000000006,<rdkit.DataStructs.cDataStructs.ExplicitBitVect object at 0x1249fa0a0>,34
O=C(O)CCCc1cc2cc(Cl)ccc2n1S(=O)(=O)c1ccc2ncsc2c1,5.94,EC50,True,434.92600000000016,6,1,4.548700000000003,<rdkit.DataStructs.cDataStructs.ExplicitBitVect object at 0x1249fa110>,28
O=C(O)CCCc1cc2cc(Cl)ccc2n1S(=O)(=O)c1ccc2ncsc2c1,5.49,EC50,False,434.92600000000016,6,1,4.548700000000003,<rdkit.DataStructs.cDataStructs.ExplicitBitVect object at 0x1249fa180>,28
CCC1=C[C@@](CC)(C[C@H](/C=C/[C@H](C)O)CC)O/C1=C\C(=O)OC,5.0,EC50,False,322.44500000000005,4,1,3.9120000000000035,<rdkit.DataStructs.cDataStructs.ExplicitBitVect object at 0x1249fa1f0>,23
CCC1=C[C@@](CC)(C[C@H](/C=C/C(C)=O)CC)O/C1=C\C(=O)OC,5.3,EC50,False,320.42900000000003,4,0,4.120200000000004,<rdkit.DataStructs.cDataStructs.ExplicitBitVect object at 0x1249fa260>,23
CCCc1nc2c(C)cc(-c3nc4ccccc4n3C)cc2n1Cc1ccc(-c2ccccc2C(=O)O)cc1,5.35,EC50,False,514.6290000000004,5,1,7.2644200000000065,<rdkit.DataStructs.cDataStructs.ExplicitBitVect object at 0x1249fa2d0>,39
COc1ccc(C(=O)n2c(C)c(Cc3ccccc3O[C@H](C)C(=O)O)c3cc(OC(F)(F)F)ccc32)cc1,8.7,EC50,True,527.4950000000002,6,1,5.988120000000005,<rdkit.DataStructs.cDataStructs.ExplicitBitVect object at 0x1249fa340>,38
Cc1c(C)n(Cc2ccc(-c3ccccc3C(=O)O)cc2)c2ccc(C(=O)NCc3cccs3)cc12,6.71,EC50,True,494.6160000000002,4,2,6.663140000000006,<rdkit.DataStructs.cDataStructs.ExplicitBitVect object at 0x1249fa3b0>,36
CCCC/C(=C\c1cc(OCc2cccnc2)ccc1OCc1ccc(C(F)(F)F)cc1)C(=O)O,5.59,EC50,True,485.5020000000002,4,1,6.916600000000004,<rdkit.DataStructs.cDataStructs.ExplicitBitVect object at 0x1249fa420>,35
CCCC/C(=C\c1cc(OCc2ccc(OCCN3CCOCC3)cc2)ccc1OCc1ccc(C(F)(F)F)cc1)C(=O)O,5.42,EC50,False,613.6730000000005,6,1,7.232600000000007,<rdkit.DataStructs.cDataStructs.ExplicitBitVect object at 0x1249fa490>,44
Cc1cc(Oc2cccc(CNC(=O)c3cc4cccc(Br)c4[nH]3)c2)ccc1CCC(=O)O,6.8,EC50,True,507.3840000000002,3,3,5.978320000000004,<rdkit.DataStructs.cDataStructs.ExplicitBitVect object at 0x1249fa500>,33
Cc1ccnc(Oc2ccc3nc(COc4cccc(C(=O)O)c4)n(C)c3c2)c1,6.34,EC50,True,389.4110000000001,6,1,4.346220000000002,<rdkit.DataStructs.cDataStructs.ExplicitBitVect object at 0x1249fa570>,29
Cn1c(COc2cccc(C(=O)O)c2)nc2cnc(Oc3ccc4c(c3)CCC4)cc21,7.7,EC50,True,415.44900000000024,6,1,4.526500000000003,<rdkit.DataStructs.cDataStructs.ExplicitBitVect object at 0x1249fa5e0>,31
Cc1ccc(Oc2cc3c(cn2)nc(COc2cccc(C(=O)O)c2)n3C)cc1,6.13,EC50,True,389.4110000000001,6,1,4.346220000000003,<rdkit.DataStructs.cDataStructs.ExplicitBitVect object at 0x1249fa650>,29
CCCc1c(OCCCOc2ccc3c(ccn3CC(=O)O)c2)ccc2cc(C(=O)c3ccccc3)ccc12,7.16,EC50,True,521.6130000000003,5,1,6.910500000000006,<rdkit.DataStructs.cDataStructs.ExplicitBitVect object at 0x1249fa6c0>,39
Cc1ccccc1OC(=O)C1C(c2ccccc2)C(C(=O)O)C1c1ccccc1,5.0,EC50,False,386.4470000000001,3,1,4.798620000000003,<rdkit.DataStructs.cDataStructs.ExplicitBitVect object at 0x1249fa730>,29
Cc1oc(-c2ccccc2)nc1CCOc1ccc(C[C@@](C)(Oc2ccccc2)C(=O)O)cc1,6.42,EC50,True,457.5260000000002,5,1,5.736320000000005,<rdkit.DataStructs.cDataStructs.ExplicitBitVect object at 0x1249fa7a0>,34
CCCCCCCN(CCc1ccc(SC(C)(C)C(=O)O)cc1)C(=O)Nc1ccc(F)cc1F,6.0,EC50,True,492.6320000000002,3,2,6.9671000000000065,<rdkit.DataStructs.cDataStructs.ExplicitBitVect object at 0x1249fa810>,34
CCCCCS(=O)(=O)[N-]C(=O)C(C)(C)Cc1ccc(OCCOC)cc1Oc1ncc(C(F)(F)F)cc1Cl.[Na+],8.51,EC50,True,603.0350000000002,7,0,3.564300000000003,<rdkit.DataStructs.cDataStructs.ExplicitBitVect object at 0x1249fa880>,39
CCO[C@@H](Cc1ccc(OCCc2ccc(OS(C)(=O)=O)cc2)cc1)C(=O)O,5.45,EC50,False,408.4720000000001,6,1,2.6787,<rdkit.DataStructs.cDataStructs.ExplicitBitVect object at 0x1249fa8f0>,28
Cc1c(Oc2cc(O[C@@H](C)C(=O)O)ccc2Cl)c2cc(OC(F)(F)F)ccc2n1-c1noc2cc(Cl)ccc12,8.52,EC50,True,581.3300000000002,7,1,7.929720000000003,<rdkit.DataStructs.cDataStructs.ExplicitBitVect object at 0x1249fa960>,39
CC(C)OC(Cc1ccc(OCc2noc(-c3ccc(F)cc3)n2)cc1)C(=O)O,6.7,EC50,True,400.40600000000006,6,1,3.8754000000000017,<rdkit.DataStructs.cDataStructs.ExplicitBitVect object at 0x1249fa9d0>,29
CC(C)OC(Cc1ccc(OCc2noc(-c3ccc(C(F)(F)F)cc3)n2)cc1)C(=O)O,7.6,EC50,True,450.41300000000007,6,1,4.755100000000004,<rdkit.DataStructs.cDataStructs.ExplicitBitVect object at 0x1249faa40>,32
CCCOc1ccc(C[C@@H](Cc2ccccc2)C(=O)O)cc1CNC(=O)c1ccc(C23CC4CC(CC(C4)C2)C3)cc1,8.44,EC50,True,565.7540000000002,3,2,7.3592000000000075,<rdkit.DataStructs.cDataStructs.ExplicitBitVect object at 0x1249faab0>,42
Cc1cc(OCc2nc(-c3ccc(C(=O)N(C)C(C)C)cc3)c(-c3ccc(OC(F)(F)F)cc3)o2)ccc1OCC(=O)O,6.22,EC50,True,598.5740000000002,7,1,6.738420000000006,<rdkit.DataStructs.cDataStructs.ExplicitBitVect object at 0x1249fab20>,43
CN(CCOc1ccc(CC2SC(=O)NC2=O)cc1)c1ccccn1,6.66,EC50,True,357.435,6,1,2.490900000000001,<rdkit.DataStructs.cDataStructs.ExplicitBitVect object at 0x1249fab90>,25
Cc1cc(CNC(=O)c2cc(-c3ccc(C(C)(C)C)cc3)n(Cc3ccccc3)n2)ccc1OC(C)(C)C(=O)O,5.77,EC50,True,539.6760000000003,5,2,6.376320000000006,<rdkit.DataStructs.cDataStructs.ExplicitBitVect object at 0x1249fac00>,40
CCCCCOc1cc2ccccc2cc1C(O)CCCCCCCC(=O)OC,5.87,EC50,True,400.55900000000037,4,1,6.345900000000007,<rdkit.DataStructs.cDataStructs.ExplicitBitVect object at 0x1249fac70>,29
CCCc1c(OCCCCOc2cccc3c2ccn3CC(=O)O)ccc2c(C(F)(F)F)noc12,5.7,EC50,True,490.4780000000002,6,1,6.076400000000004,<rdkit.DataStructs.cDataStructs.ExplicitBitVect object at 0x1249face0>,35
CCCc1c(OCC(C)COc2cccc3c2ccn3CC(=O)O)ccc2c(C(F)(F)F)noc12,5.52,EC50,True,490.4780000000002,6,1,5.932300000000004,<rdkit.DataStructs.cDataStructs.ExplicitBitVect object at 0x1249fad50>,35
COC(Cc1ccc(OCCc2ccc(Oc3cccc(Cl)c3)cc2C)nc1)C(=O)O,7.3,EC50,True,441.9110000000001,5,1,5.099320000000005,<rdkit.DataStructs.cDataStructs.ExplicitBitVect object at 0x1249fadc0>,31
Cc1oc(-c2ccccc2)nc1CCOc1ccc(C[C@]2(C(=O)O)CCCO2)cn1,7.85,EC50,True,408.45400000000024,6,1,3.8428200000000015,<rdkit.DataStructs.cDataStructs.ExplicitBitVect object at 0x1249fae30>,30
CC[C@@](C)(Oc1cccc(Cn2c(C)c(C(=O)c3ccc(Cl)cc3)c3ccc(OC(F)(F)F)cc32)c1)C(=O)O,8.7,EC50,True,559.9680000000002,5,1,7.413120000000006,<rdkit.DataStructs.cDataStructs.ExplicitBitVect object at 0x1249faea0>,39
C[C@@H](Oc1ccc(Cc2ccc(OCc3coc(-c4ccccc4)n3)cc2)cc1)C(=O)O,6.55,EC50,True,429.47200000000004,5,1,5.363300000000006,<rdkit.DataStructs.cDataStructs.ExplicitBitVect object at 0x1249faf10>,32
CCCc1nc2cc(-c3cccc(O)c3)ccc2n1Cc1ccc(-c2ccccc2C(=O)O)cc1,5.9,EC50,True,462.54900000000026,4,2,6.774900000000007,<rdkit.DataStructs.cDataStructs.ExplicitBitVect object at 0x1249faf80>,35
CCCc1nc2ccc(-c3cccc(OC)c3)cc2n1Cc1ccc(-c2ccccc2C(=O)O)cc1,5.87,EC50,True,476.5760000000002,4,1,7.077900000000007,<rdkit.DataStructs.cDataStructs.ExplicitBitVect object at 0x1249faff0>,36
O=C(O)CCCNC(=O)c1ccccc1NC(=O)c1ccc(-c2ccccc2)cc1,4.89,EC50,False,402.45000000000016,3,3,4.200500000000003,<rdkit.DataStructs.cDataStructs.ExplicitBitVect object at 0x1249fb060>,30
CCCc1c(OCCCCOc2ccc(/C=C/C(=O)O)cc2)ccc2c(-c3ccccc3)noc12,7.54,EC50,True,471.55300000000017,5,1,6.783100000000006,<rdkit.DataStructs.cDataStructs.ExplicitBitVect object at 0x1249fb0d0>,35
CCO[C@@H](Cc1ccc(OCCc2ccc(OS(C)(=O)=O)cc2)cc1)C(=O)O,7.89,EC50,True,408.4720000000001,6,1,2.6787,<rdkit.DataStructs.cDataStructs.ExplicitBitVect object at 0x1249fb140>,28
CCCCS(=O)(=O)Nc1ccc(CNC(=O)c2sc(-c3ccc(C(F)(F)F)cc3)nc2C)cc1,5.26,EC50,False,511.5910000000001,5,2,5.609120000000005,<rdkit.DataStructs.cDataStructs.ExplicitBitVect object at 0x1249fb1b0>,34
O=C(O)Cc1cccc2c(NCc3cccc(-c4c(Cc5ccccc5)cnc5c(C(F)(F)F)cccc45)c3)cccc12,7.08,EC50,True,576.6180000000002,3,2,8.903799999999999,<rdkit.DataStructs.cDataStructs.ExplicitBitVect object at 0x1249fb220>,43
CC[C@H](C(=O)O)[C@H]1CCc2cc(OCCc3nc(-c4ccc(C)cc4)oc3C)ccc21,7.08,EC50,True,419.52100000000013,4,1,5.720540000000006,<rdkit.DataStructs.cDataStructs.ExplicitBitVect object at 0x1249fb290>,31
Cc1cc(Oc2ccc3nc(COc4cccc(C(=O)O)c4)n(C)c3c2)ccn1,5.23,EC50,False,389.41100000000006,6,1,4.346220000000002,<rdkit.DataStructs.cDataStructs.ExplicitBitVect object at 0x1249fb300>,29
COc1cc(Oc2ccc3nc(COc4cccc(C(=O)O)c4)n(C)c3c2)ccn1,6.73,EC50,True,405.4100000000001,7,1,4.046400000000002,<rdkit.DataStructs.cDataStructs.ExplicitBitVect object at 0x1249fb370>,30
CC(=O)c1cc(NS(=O)(=O)c2ccc(Cl)cc2Cl)ccc1Oc1cncc(Cl)c1,8.0,EC50,True,471.74900000000014,5,1,5.837500000000003,<rdkit.DataStructs.cDataStructs.ExplicitBitVect object at 0x1249fb3e0>,29
CC1=C(CC(=O)O)c2cc(F)ccc2/C1=C\c1cccc(F)c1,5.74,EC50,True,312.315,1,1,4.7672000000000025,<rdkit.DataStructs.cDataStructs.ExplicitBitVect object at 0x1249fb450>,23
O=C1NC(=O)C(Cc2ccc(OCCn3ccc4ccccc43)cc2)S1,5.41,EC50,False,366.442,5,1,3.6144000000000025,<rdkit.DataStructs.cDataStructs.ExplicitBitVect object at 0x1249fb4c0>,26
O=C(O)[C@H](Cc1ccccc1)Oc1ccc(-c2ccccc2F)cc1,6.16,EC50,True,336.362,2,1,4.567400000000004,<rdkit.DataStructs.cDataStructs.ExplicitBitVect object at 0x1249fb530>,25
CC(C)OC(=O)C(C)(C)Oc1ccc(C(=O)c2ccc(Cl)cc2)cc1,6.24,EC50,True,360.837,4,0,4.680000000000004,<rdkit.DataStructs.cDataStructs.ExplicitBitVect object at 0x1249fb5a0>,25
Cc1ccc(Oc2ccc3nc(COc4cccc(C(=O)O)c4)n(C)c3c2)nc1,6.89,EC50,True,389.4110000000001,6,1,4.346220000000003,<rdkit.DataStructs.cDataStructs.ExplicitBitVect object at 0x1249fb610>,29
CCc1ccc(CCOc2ccc(CC3SC(=O)NC3=O)cc2)nc1,5.69,EC50,True,356.44700000000006,5,1,3.159600000000001,<rdkit.DataStructs.cDataStructs.ExplicitBitVect object at 0x1249fb680>,25
CC[C@@H](C(=O)O)[C@H]1CCc2cc(OCCc3nc(-c4ccc(Cl)c(Cl)c4)oc3C)ccc21,6.65,EC50,True,474.3840000000002,4,1,6.718920000000005,<rdkit.DataStructs.cDataStructs.ExplicitBitVect object at 0x1249fb6f0>,32
COc1ccc(OC(=O)N(CC(=O)O)Cc2ccc(OCCc3nc(-c4ccccc4)oc3C)cc2)cc1,6.92,EC50,True,516.5500000000003,7,1,5.365720000000005,<rdkit.DataStructs.cDataStructs.ExplicitBitVect object at 0x1249fb760>,38
CCC(C(=O)O)C1CCc2cc(OCCc3nc(-c4ccc5c(c4)OCO5)oc3C)ccc21,7.85,EC50,True,449.5030000000002,6,1,5.140820000000005,<rdkit.DataStructs.cDataStructs.ExplicitBitVect object at 0x1249fb7d0>,33
CCO[C@@H](Cc1ccc(OCCN2c3ccccc3Oc3ccccc32)cc1)C(=O)O,6.24,EC50,True,419.47700000000015,5,1,5.041600000000004,<rdkit.DataStructs.cDataStructs.ExplicitBitVect object at 0x1249fb840>,31
CCO[C@@H](Cc1ccc(OCCn2c3ccccc3c3ccccc32)cc1)C(=O)O,6.77,EC50,True,403.4780000000001,4,1,4.905700000000005,<rdkit.DataStructs.cDataStructs.ExplicitBitVect object at 0x1249fb8b0>,30
CC1=C(CC(=O)O)c2cc(F)ccc2/C1=C\c1ccc(F)cc1,4.93,EC50,False,312.315,1,1,4.7672000000000025,<rdkit.DataStructs.cDataStructs.ExplicitBitVect object at 0x1249fb920>,23
CC1=C(CC(=O)O)c2cc(F)ccc2/C1=C\c1cccc(C(C)C)c1,5.19,EC50,False,336.40600000000006,1,1,5.7515000000000045,<rdkit.DataStructs.cDataStructs.ExplicitBitVect object at 0x1249fb990>,25
CC(C)(C)c1ccc(-n2c(C(=O)O)c(Oc3cccc(C(F)(F)F)c3)c3ccc(Cl)nc32)cc1,6.75,EC50,True,488.89300000000014,4,1,7.485700000000004,<rdkit.DataStructs.cDataStructs.ExplicitBitVect object at 0x1249fba00>,34
CN(CCOc1ccc(CC2SC(=O)NC2=O)cc1)c1ccccn1,8.0,EC50,True,357.435,6,1,2.490900000000001,<rdkit.DataStructs.cDataStructs.ExplicitBitVect object at 0x1249fba70>,25
CCOC(=O)CN1C(=O)SC(Cc2ccc(C(F)(F)F)cc2)C1=O,5.05,EC50,False,361.34100000000007,5,0,2.875000000000001,<rdkit.DataStructs.cDataStructs.ExplicitBitVect object at 0x1249fbae0>,24
CCCc1cc(Oc2ccc(S(C)(=O)=O)cc2)ccc1OCCCOc1ccc(C2SC(=O)NC2=O)cc1,6.92,EC50,True,555.6740000000003,8,1,5.706900000000005,<rdkit.DataStructs.cDataStructs.ExplicitBitVect object at 0x1249fbb50>,38
CC[C@@H](Cc1ccc(OC)c(CNC(=O)c2ccc(C(F)(F)F)cc2F)c1)C(=O)O,5.72,EC50,True,427.39400000000006,3,2,4.436400000000003,<rdkit.DataStructs.cDataStructs.ExplicitBitVect object at 0x1249fbbc0>,30
Cc1cccc(Nc2cc(Cl)nc(SCC(=O)O)n2)c1C,4.22,EC50,False,323.80500000000006,5,2,3.6671400000000007,<rdkit.DataStructs.cDataStructs.ExplicitBitVect object at 0x1249fbc30>,21
CCCCCCn1c(CCc2ccc(OC(C)(C)C(=O)O)cc2)nn(Cc2cccc(OC)c2)c1=O,5.58,EC50,True,495.62000000000023,7,1,4.709200000000004,<rdkit.DataStructs.cDataStructs.ExplicitBitVect object at 0x1249fbca0>,36
CCc1nc2ccn(Cc3cccnc3)c(=O)c2n1[C@H]1CCc2cc(-c3ccccc3-c3nnn[nH]3)ccc21,5.44,EC50,False,514.5930000000002,8,1,4.586400000000003,<rdkit.DataStructs.cDataStructs.ExplicitBitVect object at 0x1249fbd10>,39
CCc1nc2ccn(Cc3cccc(C(F)(F)F)c3)c(=O)c2n1[C@H]1CCc2cc(-c3ccccc3-c3nnn[nH]3)ccc21,6.35,EC50,True,581.6020000000002,7,1,6.210200000000006,<rdkit.DataStructs.cDataStructs.ExplicitBitVect object at 0x1249fbd80>,43
Cc1cc(SCc2sc(-c3ccc(C(F)(F)F)cc3)nc2C)ccc1OCC(=O)O,5.39,EC50,False,453.5070000000002,5,1,6.201440000000006,<rdkit.DataStructs.cDataStructs.ExplicitBitVect object at 0x1249fbdf0>,30
Cc1oc(-c2ccccc2)nc1CCOc1ccc(C[C@@]2(C(=O)O)CCOCCO2)cc1,7.62,EC50,True,437.4920000000003,6,1,4.074320000000002,<rdkit.DataStructs.cDataStructs.ExplicitBitVect object at 0x1249fbe60>,32
Cc1sc(N2CCN(C)CC2)nc1CCOc1ccc(C[C@@](O)(C(=O)O)c2ccccc2C(=O)c2ccccc2)cc1,8.89,EC50,True,585.7260000000003,8,2,4.570720000000004,<rdkit.DataStructs.cDataStructs.ExplicitBitVect object at 0x1249fbed0>,42
Cc1oc(-c2ccccc2)nc1CCOc1ccc(C[C@@]2(C(=O)O)CCOCCO2)cc1,7.62,EC50,True,437.4920000000003,6,1,4.074320000000002,<rdkit.DataStructs.cDataStructs.ExplicitBitVect object at 0x1249fbf40>,32
Cc1sc(-c2ccccc2)nc1CCOc1ccc(C[C@@](O)(C(=O)O)c2ccccc2C(=O)c2ccccc2)cc1,10.0,EC50,True,563.6750000000003,6,2,6.485920000000007,<rdkit.DataStructs.cDataStructs.ExplicitBitVect object at 0x1249ac040>,41
CCOC(Cc1ccc(OCC=C2c3ccccc3OCOc3ccccc32)cc1)C(=O)O,5.47,EC50,False,446.4990000000002,5,1,4.958200000000004,<rdkit.DataStructs.cDataStructs.ExplicitBitVect object at 0x1249ac0b0>,33
COc1ccc(S(=O)(=O)n2c(CCCC(=O)O)cc3cc(C(F)(F)F)ccc32)cc1,7.09,EC50,True,441.427,5,1,4.313000000000003,<rdkit.DataStructs.cDataStructs.ExplicitBitVect object at 0x1249ac120>,30
O=C(O)C(Sc1nc(Cl)cc(Nc2ccc3c(c2)CCC3)n1)c1cccc2ccccc12,5.17,EC50,False,461.9740000000003,5,2,6.433500000000005,<rdkit.DataStructs.cDataStructs.ExplicitBitVect object at 0x1249ac190>,32
CCCc1ccccc1OCCCOc1cccc(C2OC(=O)NC2=O)c1,7.09,EC50,True,369.41700000000003,5,1,3.794500000000002,<rdkit.DataStructs.cDataStructs.ExplicitBitVect object at 0x1249ac200>,27
CCOC(Cc1ccc(OCC=C2c3ccccc3CCc3ccccc32)cc1)C(=O)O,4.9,EC50,False,428.5280000000002,3,1,5.328100000000005,<rdkit.DataStructs.cDataStructs.ExplicitBitVect object at 0x1249ac270>,32
CCCCC(Sc1ccc(OCCCOc2ccccc2C)cc1)C(=O)O,5.64,EC50,True,388.52900000000005,4,1,5.578420000000006,<rdkit.DataStructs.cDataStructs.ExplicitBitVect object at 0x1249ac2e0>,27
CCCCC(Sc1ccc(OCCCOc2cccc(C(F)(F)F)c2)cc1)C(=O)O,5.34,EC50,False,442.499,4,1,6.288800000000005,<rdkit.DataStructs.cDataStructs.ExplicitBitVect object at 0x1249ac350>,30
COc1ccc(-c2nc(SCCCOc3ccc(OCC(=O)O)c(C)c3)sc2-c2ccc(OC)cc2)cc1,5.16,EC50,False,551.6860000000004,8,1,6.8273200000000065,<rdkit.DataStructs.cDataStructs.ExplicitBitVect object at 0x1249ac3c0>,38
CC[C@@H](Cc1ccc(OC)c(C(=O)NCc2ccc(C(F)(F)F)cc2)c1)C(=O)O,4.85,EC50,False,409.40400000000005,3,2,4.297300000000003,<rdkit.DataStructs.cDataStructs.ExplicitBitVect object at 0x1249ac430>,29
CCc1ccc(CCOc2ccc(CC3SC(=O)NC3=O)cc2)nc1,6.24,EC50,True,356.44700000000006,5,1,3.159600000000001,<rdkit.DataStructs.cDataStructs.ExplicitBitVect object at 0x1249ac4a0>,25
CCCc1cc2ccccc2n1Cc1ccc(-c2ccccc2C(=O)O)cc1,5.73,EC50,True,369.46400000000006,2,1,6.007300000000005,<rdkit.DataStructs.cDataStructs.ExplicitBitVect object at 0x1249ac510>,28
O=C(O)C(Cc1ccccc1Br)Oc1ccc(Cl)cc1,5.61,EC50,True,355.615,2,1,4.177200000000003,<rdkit.DataStructs.cDataStructs.ExplicitBitVect object at 0x1249ac580>,20
Cc1nc(-c2ccc(C(F)(F)F)cc2)sc1C(=O)NCc1ccc(OC(C)(C)C(=O)O)cc1,5.01,EC50,False,478.4920000000002,5,2,5.309320000000004,<rdkit.DataStructs.cDataStructs.ExplicitBitVect object at 0x1249ac5f0>,33
O=C(O)Cn1ccc2cc(OCCCOc3ccc(C(=O)c4ccc(F)cc4)cc3)ccc21,5.67,EC50,True,447.4620000000001,5,1,4.943900000000004,<rdkit.DataStructs.cDataStructs.ExplicitBitVect object at 0x1249ac660>,33
Cc1oc(-c2ccccc2)nc1CCOc1ccc2c(c1)CCC2CC(=O)O,7.57,EC50,True,377.44000000000017,4,1,4.7760200000000035,<rdkit.DataStructs.cDataStructs.ExplicitBitVect object at 0x1249ac6d0>,28
CC[C@H](C(=O)O)[C@@H]1CCc2cc(OCCc3nc(-c4ccccc4)oc3C)ccc21,8.22,EC50,True,405.4940000000001,4,1,5.412120000000005,<rdkit.DataStructs.cDataStructs.ExplicitBitVect object at 0x1249ac740>,30
CCC(Oc1cccc(CN(CCCOc2ccccc2)c2nc3cc(C(F)(F)F)ccc3o2)c1)C(=O)O,6.4,EC50,True,528.5270000000002,6,1,6.564300000000006,<rdkit.DataStructs.cDataStructs.ExplicitBitVect object at 0x1249ac7b0>,38
CC(C)(Oc1ccc(COc2ccc(C(=O)c3ccccc3)cc2)cc1)C(=O)O,5.27,EC50,False,390.43500000000006,4,1,4.738600000000004,<rdkit.DataStructs.cDataStructs.ExplicitBitVect object at 0x1249ac820>,29
Cc1c(Oc2ccc(Cl)cc2)c2ccc(C(F)(F)F)nc2n1Cc1ccc(Cl)c(O[C@@H](C)C(=O)O)c1,7.64,EC50,True,539.3370000000002,5,1,7.3628200000000055,<rdkit.DataStructs.cDataStructs.ExplicitBitVect object at 0x1249ac890>,36
CSc1ccc(-c2ccc(/C=C3\C=C(CC(=O)O)c4cc(F)ccc43)cc2)cc1,5.82,EC50,True,402.49000000000007,2,1,6.626900000000005,<rdkit.DataStructs.cDataStructs.ExplicitBitVect object at 0x1249ac900>,29
Cc1oc(-c2ccccc2)nc1CCOc1ncc(CC2(C(=O)O)CCCO2)cn1,5.6,EC50,True,409.44200000000023,7,1,3.23782,<rdkit.DataStructs.cDataStructs.ExplicitBitVect object at 0x1249ac970>,30
Cc1cccc(-c2nc(CCOc3ccc(CC4(C(=O)O)CCCO4)cn3)c(C)o2)c1,8.3,EC50,True,422.4810000000002,6,1,4.151240000000002,<rdkit.DataStructs.cDataStructs.ExplicitBitVect object at 0x1249ac9e0>,31
Cc1oc(-c2ccccc2)nc1CCOc1ccc(CC(C(=O)O)C(C)C)cn1,5.89,EC50,True,394.4710000000001,5,1,4.565820000000002,<rdkit.DataStructs.cDataStructs.ExplicitBitVect object at 0x1249aca50>,29
COc1ccc(C(=O)c2c(C)n(Cc3cc(O[C@@H](C)C(=O)O)ccc3F)c3nc(C)ccc23)cc1,8.7,EC50,True,476.50400000000013,6,1,4.932040000000004,<rdkit.DataStructs.cDataStructs.ExplicitBitVect object at 0x1249acac0>,35
Cc1c(Oc2ccc(Cl)cc2)c2cccnc2n1Cc1cc(O[C@@H](C)C(=O)O)ccc1Cl,7.44,EC50,True,471.34000000000026,5,1,6.344020000000006,<rdkit.DataStructs.cDataStructs.ExplicitBitVect object at 0x1249acb30>,32
CC(C)(Oc1ccc(CCCOc2ccc(/N=N/c3ccccc3)cc2)cc1)C(=O)O,5.0,EC50,False,418.4930000000001,5,1,6.355600000000006,<rdkit.DataStructs.cDataStructs.ExplicitBitVect object at 0x1249acba0>,31
CC(C)(Oc1ccc(CCCOc2ccc(C(=O)c3ccccc3)cc2)cc1)C(=O)O,5.24,EC50,False,418.4890000000001,4,1,5.171200000000005,<rdkit.DataStructs.cDataStructs.ExplicitBitVect object at 0x1249acc10>,31
CC1=C(CC(=O)O)c2cc(F)ccc2/C1=C\c1ccccc1,5.56,EC50,True,294.325,1,1,4.628100000000003,<rdkit.DataStructs.cDataStructs.ExplicitBitVect object at 0x1249acc80>,22
CC(C)(Oc1ccc(Cn2ncn(-c3ccc(OC(F)(F)F)cc3)c2=O)cc1C(F)(F)F)C(=O)O,5.78,EC50,True,505.3710000000001,7,1,4.2417000000000025,<rdkit.DataStructs.cDataStructs.ExplicitBitVect object at 0x1249accf0>,35
Cc1cc(Cn2ncn(-c3ccc(OC(F)(F)F)cc3)c2=O)cc(C(F)(F)F)c1OC(C)(C)C(=O)O,5.78,EC50,True,519.3980000000003,7,1,4.550120000000003,<rdkit.DataStructs.cDataStructs.ExplicitBitVect object at 0x1249acd60>,36
CC(C)(Oc1ccc(Cn2ncn(-c3ccc(OC(F)(F)F)cc3)c2=O)cc1OC(F)(F)F)C(=O)O,5.33,EC50,False,521.3700000000001,8,1,4.121500000000002,<rdkit.DataStructs.cDataStructs.ExplicitBitVect object at 0x1249acdd0>,36
CC(C)(Oc1ccc(Cn2ncn(-c3ccc(OC(F)(F)F)cc3)c2=O)cc1Cl)C(=O)O,5.31,EC50,False,471.8190000000001,7,1,3.8763000000000023,<rdkit.DataStructs.cDataStructs.ExplicitBitVect object at 0x1249ace40>,32
CCc1ccc(O[C@H](C)CCOc2ccc(CCC(=O)O)c(C)c2)c(-c2cscn2)c1,6.08,EC50,True,439.5770000000001,5,1,5.934520000000006,<rdkit.DataStructs.cDataStructs.ExplicitBitVect object at 0x1249aceb0>,31
CCc1ccc(O[C@H](C)CCOc2ccc(CCC(=O)O)c(C)c2)c(-c2ccncc2)c1,6.24,EC50,True,433.5480000000001,4,1,5.873020000000006,<rdkit.DataStructs.cDataStructs.ExplicitBitVect object at 0x1249acf20>,32
CC[C@@H](Cc1ccc(C(=O)NCc2ccc(OC)cc2C(F)(F)F)cc1)C(=O)O,5.28,EC50,False,409.40400000000005,3,2,4.297300000000003,<rdkit.DataStructs.cDataStructs.ExplicitBitVect object at 0x1249acf90>,29
O=C(NCc1ccccc1C(F)(F)F)c1ccc2c(c1)[nH]c(=O)n2CC1CCCCC1,6.16,EC50,True,431.45800000000025,3,2,4.858700000000004,<rdkit.DataStructs.cDataStructs.ExplicitBitVect object at 0x1249ad000>,31
O=C(NCc1ccccc1C(F)(F)F)c1ccc2c(c1)[nH]c(=O)n2Cc1ccccc1Cl,5.48,EC50,False,459.85500000000013,3,2,4.980100000000003,<rdkit.DataStructs.cDataStructs.ExplicitBitVect object at 0x1249ad070>,32
Cl.Cn1c(COc2cccc(C(=O)O)c2)nc2ccc(Oc3ccc(F)c(F)c3)cc21,6.93,EC50,True,446.83700000000016,5,1,5.342800000000003,<rdkit.DataStructs.cDataStructs.ExplicitBitVect object at 0x1249ad0e0>,31
Cc1cc(Oc2ccc3nc(COc4ccccc4C#N)n(C)c3c2)cc(C)c1N.Cl.Cl,6.41,EC50,True,471.3880000000001,6,1,5.858920000000005,<rdkit.DataStructs.cDataStructs.ExplicitBitVect object at 0x1249ad150>,32
CN(CCOc1ccc(CC2SC(=O)NC2=O)cc1)c1ccccn1,8.4,EC50,True,357.435,6,1,2.490900000000001,<rdkit.DataStructs.cDataStructs.ExplicitBitVect object at 0x1249ad1c0>,25
CCc1ccc(-n2cnn(Cc3cc(C)c(OC(C)(C)C(=O)O)c(C)c3)c2=O)cc1,5.93,EC50,True,409.4860000000001,6,1,3.503540000000002,<rdkit.DataStructs.cDataStructs.ExplicitBitVect object at 0x1249ad230>,30
CC(C)(Oc1ccc(Cn2ncn(-c3ccc(C(F)(F)F)cc3)c2=O)cc1OC(F)(F)F)C(=O)O,5.84,EC50,True,505.37100000000015,7,1,4.2417000000000025,<rdkit.DataStructs.cDataStructs.ExplicitBitVect object at 0x1249ad2a0>,35
O=C(Cc1ccc(SCc2ccccc2C(=O)O)cc1)OCCc1ccccc1C(F)(F)F,5.09,EC50,False,474.50000000000017,4,1,6.024300000000004,<rdkit.DataStructs.cDataStructs.ExplicitBitVect object at 0x1249ad310>,33
CC(C(=O)OCc1ccc(CC(SCCc2ccc(F)cc2)C(=O)O)cc1)c1ccccc1,5.77,EC50,True,466.57400000000007,4,1,5.644200000000005,<rdkit.DataStructs.cDataStructs.ExplicitBitVect object at 0x1249ad380>,33
CC(C)Cc1ccc(C(C)C(=O)OCc2ccc(CC(SCCc3ccc(F)cc3)C(=O)O)cc2)cc1,6.03,EC50,True,522.6820000000002,4,1,6.842700000000008,<rdkit.DataStructs.cDataStructs.ExplicitBitVect object at 0x1249ad3f0>,37
Cc1cc(CN2CCc3ccccc3C2C(=O)Nc2ccc(Cl)cc2Cl)ccc1OCC(=O)O,5.57,EC50,True,499.3940000000003,4,2,5.503320000000005,<rdkit.DataStructs.cDataStructs.ExplicitBitVect object at 0x1249ad460>,34
Cn1c(COc2cccc(C(=O)O)c2)nc2ccc(Oc3ccccc3F)cc21,5.84,EC50,True,392.3860000000001,5,1,4.781900000000003,<rdkit.DataStructs.cDataStructs.ExplicitBitVect object at 0x1249ad4d0>,29
Cc1ccc(F)c(Oc2ccc3nc(COc4cccc(C(=O)O)c4)n(C)c3c2)c1,6.86,EC50,True,406.4130000000001,5,1,5.090320000000005,<rdkit.DataStructs.cDataStructs.ExplicitBitVect object at 0x1249ad540>,30
CCCc1nc2c(C)cccc2n1Cc1ccc2c(c1)OCc1ncccc1/C2=C(\C)c1noc(=O)[nH]1,5.66,EC50,True,493.5670000000003,7,1,5.288220000000004,<rdkit.DataStructs.cDataStructs.ExplicitBitVect object at 0x1249ad5b0>,37
Cc1oc(-c2ccccc2)nc1CCOc1ccc(C[C@@H](C(=O)O)n2cccc2)cc1,7.58,EC50,True,416.4770000000001,5,1,4.941420000000003,<rdkit.DataStructs.cDataStructs.ExplicitBitVect object at 0x1249ad620>,31
O=S(=O)(c1ccc(Cl)cc1)c1cnn(S(=O)(=O)c2ccc(Cl)cc2Cl)c1-c1ccc(Cl)cc1,5.68,EC50,True,562.2830000000002,6,0,6.233500000000003,<rdkit.DataStructs.cDataStructs.ExplicitBitVect object at 0x1249ad690>,33
CCCc1nc2cc(-c3cccc(OC)c3)ccc2n1Cc1ccc(-c2ccccc2C(=O)O)cc1,6.54,EC50,True,476.57600000000025,4,1,7.077900000000007,<rdkit.DataStructs.cDataStructs.ExplicitBitVect object at 0x1249ad700>,36
CCCc1nc2cc(-c3ccc(O)cc3)ccc2n1Cc1ccc(-c2ccccc2C(=O)O)cc1,6.0,EC50,True,462.54900000000026,4,2,6.774900000000007,<rdkit.DataStructs.cDataStructs.ExplicitBitVect object at 0x1249ad770>,35
CCCc1nc2cc(-c3ccc(Cl)cc3)ccc2n1Cc1ccc(-c2ccccc2C(=O)O)cc1,6.72,EC50,True,480.99500000000023,3,1,7.722700000000007,<rdkit.DataStructs.cDataStructs.ExplicitBitVect object at 0x1249ad7e0>,35
COc1cc(CCC[C@H]2OC(=O)NC2=O)ccc1OCc1nc(-c2ccco2)oc1C,8.05,EC50,True,426.42500000000024,8,1,3.7883200000000024,<rdkit.DataStructs.cDataStructs.ExplicitBitVect object at 0x1249ad850>,31
O=S(=O)(Nc1cc(Cl)c(Oc2cnc3ccccc3c2)c(Cl)c1)c1cc(F)c(Br)cc1F,6.88,EC50,True,560.2030000000001,4,1,7.175400000000002,<rdkit.DataStructs.cDataStructs.ExplicitBitVect object at 0x1249ad8c0>,32
CC(C)(C)N.Cc1oc(/C=C/CCC(C)C)nc1CCOc1ccc2c(c1)CN(C(=O)/C=C/C1CC1)[C@H](C(=O)O)C2,7.16,EC50,True,565.7550000000003,6,2,6.101620000000007,<rdkit.DataStructs.cDataStructs.ExplicitBitVect object at 0x1249ad930>,41
CCCOc1ccc(C[C@@H](CC)C(=O)O)cc1CNC(=O)c1ccc(C23CC4CC(CC(C4)C2)C3)cc1,7.08,EC50,True,503.68300000000033,3,2,6.526500000000007,<rdkit.DataStructs.cDataStructs.ExplicitBitVect object at 0x1249ad9a0>,37
CCC(C)C1(CCOc2cc(Cl)cc(CC(=O)O)c2)CCN(c2nc3ccc(Cl)cc3s2)CC1,6.64,EC50,True,521.5100000000002,5,1,7.332000000000006,<rdkit.DataStructs.cDataStructs.ExplicitBitVect object at 0x1249ada10>,34
Cc1cccc(Nc2cc(Cl)nc(SC(C)(C)C(=O)O)n2)c1C,4.89,EC50,False,351.8590000000001,5,2,4.4457400000000025,<rdkit.DataStructs.cDataStructs.ExplicitBitVect object at 0x1249ada80>,23
CCc1ccc(CCOc2ccc(CC3SC(=O)NC3=O)cc2)nc1,6.41,EC50,True,356.44700000000006,5,1,3.159600000000001,<rdkit.DataStructs.cDataStructs.ExplicitBitVect object at 0x1249adaf0>,25
CCCc1nc2ccccc2n1Cc1ccc2c(c1)COc1ccc(F)cc1/C2=C(\C)c1noc(=O)[nH]1,7.92,EC50,True,496.54200000000026,6,1,5.723900000000005,<rdkit.DataStructs.cDataStructs.ExplicitBitVect object at 0x1249adb60>,37
O=C(O)Cc1cc(Cl)cc(OCCC2(N3CCCC3)CCN(c3nc4ccc(C(F)(F)F)nc4s3)CC2)c1,5.46,EC50,False,569.0490000000001,7,1,5.894500000000006,<rdkit.DataStructs.cDataStructs.ExplicitBitVect object at 0x1249adbd0>,38
O=S(=O)(Nc1cc(Cl)c(Oc2cnc3ccccc3c2)c(Cl)c1)c1ccc(Cl)cc1Cl,6.77,EC50,True,514.2170000000001,4,1,7.441500000000001,<rdkit.DataStructs.cDataStructs.ExplicitBitVect object at 0x1249adc40>,31
O=S(=O)(Nc1cc(Cl)c(Oc2cnc3ccccc3c2)c(Cl)c1)c1ccc(Br)cc1,6.82,EC50,True,524.2230000000001,4,1,6.897200000000002,<rdkit.DataStructs.cDataStructs.ExplicitBitVect object at 0x1249adcb0>,30
O=S(=O)(Nc1cc(Cl)c(Oc2cnc3ccccc3c2)c(Cl)c1)c1ccccc1Cl,5.24,EC50,False,479.77200000000005,4,1,6.788100000000002,<rdkit.DataStructs.cDataStructs.ExplicitBitVect object at 0x1249add20>,30
Cc1ccc(C(=O)c2ccc(CSCC(NC(=O)OC(C)(C)C)C(=O)O)cc2)cc1,5.34,EC50,False,429.5380000000002,5,2,4.437120000000003,<rdkit.DataStructs.cDataStructs.ExplicitBitVect object at 0x1249add90>,30
O=C(Cc1ccccc1)NC(CSCc1ccccc1)C(=O)O,4.96,EC50,False,329.421,3,2,2.7319000000000004,<rdkit.DataStructs.cDataStructs.ExplicitBitVect object at 0x1249ade00>,23
Cc1oc(-c2ccccc2)nc1CCOc1ccc(OC(C)C(=O)O)cc1,5.56,EC50,True,367.40100000000007,5,1,4.123420000000001,<rdkit.DataStructs.cDataStructs.ExplicitBitVect object at 0x1249ade70>,27
CN(CCOc1ccc(CC(Nc2ccccc2C(=O)c2ccccc2C(F)(F)F)C(=O)O)cc1)c1nc2ccccc2o1,7.4,EC50,True,603.5970000000002,7,2,6.700600000000006,<rdkit.DataStructs.cDataStructs.ExplicitBitVect object at 0x1249adee0>,44
Cc1ccc(C(=O)c2ccccc2NC(Cc2ccc(OCCN(C)c3nc4ccccc4o3)cc2)C(=O)O)cc1,7.91,EC50,True,549.6270000000004,7,2,5.990220000000006,<rdkit.DataStructs.cDataStructs.ExplicitBitVect object at 0x1249adf50>,41
COc1ccc(/C=C2\C=C(CC(=O)O)c3cc(F)ccc32)cc1,5.89,EC50,True,310.32399999999996,2,1,4.2466000000000035,<rdkit.DataStructs.cDataStructs.ExplicitBitVect object at 0x1249adfc0>,23
CN(CCOc1ccc(CC2SC(=O)NC2=O)cc1)c1ccccn1,7.37,EC50,True,357.435,6,1,2.490900000000001,<rdkit.DataStructs.cDataStructs.ExplicitBitVect object at 0x1249ae030>,25
CC(C)OC(Cc1ccc(OCc2noc(-c3ccc(OC(F)(F)F)cc3)n2)cc1)C(=O)O,7.2,EC50,True,466.4120000000001,7,1,4.634900000000004,<rdkit.DataStructs.cDataStructs.ExplicitBitVect object at 0x1249ae0a0>,33
CC(C)OC(Cc1ccc(OCc2noc(-c3cc(F)cc(F)c3)n2)cc1)C(=O)O,7.0,EC50,True,418.3960000000001,6,1,4.014500000000003,<rdkit.DataStructs.cDataStructs.ExplicitBitVect object at 0x1249ae110>,30
C[C@H](O)C#CCOc1cc(COc2ccc(C(F)(F)F)cc2)ccc1Sc1ccc(OCC(=O)O)c2c1CCCC2,5.48,EC50,False,586.6279999999998,6,2,6.540800000000005,<rdkit.DataStructs.cDataStructs.ExplicitBitVect object at 0x1249ae180>,41
Cc1cccc(C)c1COC(=O)Cc1cccc(SCc2ccccc2C(=O)O)c1,5.42,EC50,False,420.53000000000014,4,1,5.579840000000006,<rdkit.DataStructs.cDataStructs.ExplicitBitVect object at 0x1249ae1f0>,30
CC(Oc1cccc(CCN(CCCOc2ccccc2)c2nc3ccccc3o2)c1)C(=O)O,5.75,EC50,True,460.5300000000001,6,1,5.197900000000005,<rdkit.DataStructs.cDataStructs.ExplicitBitVect object at 0x1249ae260>,34
CC(C)(Oc1cccc(CN(CCCOc2ccccc2)c2nc3ccccc3o2)c1)C(=O)O,5.3,EC50,False,460.53000000000014,6,1,5.545500000000006,<rdkit.DataStructs.cDataStructs.ExplicitBitVect object at 0x1249ae2d0>,34
O=C(O)Cc1ccc(COc2cccc(-c3c(Cc4ccccc4)cnc4c(C(F)(F)F)cccc34)c2)cc1,6.2,EC50,True,527.5420000000001,3,1,7.717500000000006,<rdkit.DataStructs.cDataStructs.ExplicitBitVect object at 0x1249ae340>,39
Cc1cc2c(cc1C1(c3ccc(C(=O)O)cn3)CC1)C(C)(C)CCC2(C)C,6.79,EC50,True,363.5010000000002,2,1,5.517120000000006,<rdkit.DataStructs.cDataStructs.ExplicitBitVect object at 0x1249ae3b0>,27
CCc1ccc(-c2nc(CCOc3ccc4c(c3)CC[C@H]4CC(=O)O)c(CC)o2)cc1,7.96,EC50,True,419.5210000000002,4,1,5.592400000000005,<rdkit.DataStructs.cDataStructs.ExplicitBitVect object at 0x1249ae420>,31
Cc1c(CCOc2ccc3c(c2)CC[C@H]3CC(=O)O)nc(-c2ccc(-c3ccccc3)cc2)n1C,6.51,EC50,True,466.58100000000013,4,1,6.188520000000007,<rdkit.DataStructs.cDataStructs.ExplicitBitVect object at 0x1249ae490>,35
Cc1sc(-c2cccc(C(F)(F)F)c2)nc1CCOc1ccc2c(c1)CC[C@H]2CC(=O)O,7.52,EC50,True,461.5050000000003,4,1,6.263320000000005,<rdkit.DataStructs.cDataStructs.ExplicitBitVect object at 0x1249ae500>,32
Cc1oc(-c2ccc(-c3ccccc3)cc2)nc1CCOc1ccc2c(c1)CC[C@H]2CC(=O)O,8.22,EC50,True,453.53800000000035,4,1,6.443020000000006,<rdkit.DataStructs.cDataStructs.ExplicitBitVect object at 0x1249ae570>,34
COc1cccc(-c2nc(CCOc3ccc4c(c3)CC[C@H]4CC(=O)O)c(C)o2)c1,7.75,EC50,True,407.46600000000024,5,1,4.784620000000004,<rdkit.DataStructs.cDataStructs.ExplicitBitVect object at 0x1249ae5e0>,30
O=C1NC(=O)C(Cc2ccc(/N=N\c3ccc(Cl)cc3)cc2)S1,5.16,EC50,False,345.81100000000004,5,1,4.649500000000002,<rdkit.DataStructs.cDataStructs.ExplicitBitVect object at 0x1249ae650>,23
O=C(O)CSc1nc(OCCc2ccccc2)cc(OCCc2ccccc2)n1,5.43,EC50,False,410.4950000000002,6,1,3.8963000000000028,<rdkit.DataStructs.cDataStructs.ExplicitBitVect object at 0x1249ae6c0>,29
CCCCc1nc(C(C)C)c(CC(=O)OCC(C)C)c(=O)n1Cc1ccc(-c2ccccc2-c2noc(=O)[nH]2)cc1,5.91,EC50,True,558.6790000000002,8,1,5.509600000000006,<rdkit.DataStructs.cDataStructs.ExplicitBitVect object at 0x1249ae730>,41
CCc1ccc(CCOc2ccc(CC3SC(=O)NC3=O)cc2)nc1,5.8,EC50,True,356.44700000000006,5,1,3.159600000000001,<rdkit.DataStructs.cDataStructs.ExplicitBitVect object at 0x1249ae7a0>,25
CCCCC(Sc1ccc(OCCCOc2ccc(C)cc2)cc1)C(=O)O,6.03,EC50,True,388.52900000000005,4,1,5.578420000000006,<rdkit.DataStructs.cDataStructs.ExplicitBitVect object at 0x1249ae810>,27
O=S(=O)(Nc1ccc(Oc2cncc(Cl)c2)c(C(F)(F)F)c1)c1ccc(Cl)cc1Cl,6.52,EC50,True,497.7090000000002,4,1,6.6537000000000015,<rdkit.DataStructs.cDataStructs.ExplicitBitVect object at 0x1249ae880>,30
[2H]C([2H])(Cc1cn(S(=O)(=O)c2ccc(OC)cc2)c2ccc(C3CC3)cc12)C(=O)O,5.74,EC50,True,401.48020355600016,5,1,3.781500000000002,<rdkit.DataStructs.cDataStructs.ExplicitBitVect object at 0x1249ae8f0>,28
COc1ccc2c(-c3c(C)n(Cc4cc(O[C@@H](C)C(=O)O)ccc4Cl)c4cc(OC(F)(F)F)ccc34)noc2c1,8.52,EC50,True,574.939,7,1,7.218720000000004,<rdkit.DataStructs.cDataStructs.ExplicitBitVect object at 0x1249ae960>,40
Cc1c(Oc2ccc(Cl)cc2)c2ccc(OC(F)(F)F)cc2n1Cc1ccc(Cl)c(O[C@@H](C)C(=O)O)c1,8.52,EC50,True,554.3480000000003,5,1,7.847620000000006,<rdkit.DataStructs.cDataStructs.ExplicitBitVect object at 0x1249ae9d0>,37
CC[C@@H](Oc1cccc(-n2c(C)c(C(=O)c3ccc(OC)cc3)c3ccc(OC(F)(F)F)cc32)c1)C(=O)O,8.7,EC50,True,527.4950000000002,6,1,6.319120000000004,<rdkit.DataStructs.cDataStructs.ExplicitBitVect object at 0x1249aea40>,38
CCO[C@@H](Cc1ccc(OCCn2c3ccccc3c3cc(Br)ccc32)cc1)C(=O)O,6.48,EC50,True,482.37400000000014,4,1,5.668200000000005,<rdkit.DataStructs.cDataStructs.ExplicitBitVect object at 0x1249aeab0>,31
Cc1oc(-c2ccccc2)nc1CCCc1ccc(CC(C(=O)O)c2ccccc2)cc1,5.41,EC50,False,425.5280000000001,3,1,6.236220000000005,<rdkit.DataStructs.cDataStructs.ExplicitBitVect object at 0x1249aeb20>,32
CCOC(=O)C1=C(c2ccccc2)c2ccc(OCCCc3ccccc3)cc2/C1=[N+](/C)[O-],7.3,EC50,True,441.5270000000002,4,0,5.006000000000006,<rdkit.DataStructs.cDataStructs.ExplicitBitVect object at 0x1249aeb90>,33
CCOC(=O)C1=C(c2ccc3c(c2)OCO3)c2ccc(OCCCc3ccccc3)cc2/C1=[N+](/C)[O-],6.6,EC50,True,485.5360000000003,6,0,4.734700000000005,<rdkit.DataStructs.cDataStructs.ExplicitBitVect object at 0x1249aec00>,36
Cc1cccc(Nc2ccnc(SCC(=O)O)n2)c1C,4.44,EC50,False,289.36,5,2,3.0137400000000003,<rdkit.DataStructs.cDataStructs.ExplicitBitVect object at 0x1249aec70>,20
O=C(O)CSc1nc(Cl)cc(Nc2cccc3c2CCCC3)n1,5.68,EC50,True,349.84300000000025,5,2,3.929100000000002,<rdkit.DataStructs.cDataStructs.ExplicitBitVect object at 0x1249aece0>,23
O=C(Nc1ccc2oc(-c3ccccc3Br)nc2c1)c1cc([N+](=O)[O-])ccc1Cl,8.41,EC50,True,472.68200000000013,5,1,6.071200000000003,<rdkit.DataStructs.cDataStructs.ExplicitBitVect object at 0x1249aed50>,29
COc1cc(OC)cc(-c2coc3cc(O)ccc3c2=O)c1,4.72,EC50,False,298.29400000000004,5,1,3.182800000000002,<rdkit.DataStructs.cDataStructs.ExplicitBitVect object at 0x1249aedc0>,22
COc1ccc(CC2SC(=O)NC2=O)cc1C(=O)NCc1ccc(C(F)(F)F)cc1,6.07,EC50,True,438.4270000000001,5,2,3.538100000000002,<rdkit.DataStructs.cDataStructs.ExplicitBitVect object at 0x1249aee30>,30
CCCc1cc(Oc2ccc(Cl)c(C)c2)ccc1OCCCOc1ccc(C2SC(=O)NC2=O)cc1,7.57,EC50,True,526.0540000000003,6,1,7.265220000000006,<rdkit.DataStructs.cDataStructs.ExplicitBitVect object at 0x1249aeea0>,36
COc1cc(C(=O)NS(=O)(=O)c2ccccc2C)ccc1Cc1cn(C)c2ccc(NC(=O)NC3CCCCC3)cc12,6.17,EC50,True,588.73,6,3,5.659020000000005,<rdkit.DataStructs.cDataStructs.ExplicitBitVect object at 0x1249aef10>,42
CC(C)=CCOc1cc(OCc2ccccc2)c2c(=O)cc(-c3ccccc3)oc2c1,4.71,EC50,False,412.4850000000001,4,0,6.384000000000006,<rdkit.DataStructs.cDataStructs.ExplicitBitVect object at 0x1249aef80>,31
CC[C@H]1CN(c2nc3ccc(C(F)(F)F)cc3s2)CCN1CCOc1cc(CC(=O)O)ccc1Cl,6.43,EC50,True,527.9960000000003,6,1,5.575200000000004,<rdkit.DataStructs.cDataStructs.ExplicitBitVect object at 0x1249aeff0>,35
Cc1cccc(OCCCOc2ccc3c(c2)OCC3CC(=O)O)c1,5.76,EC50,True,342.3910000000001,4,1,3.7936200000000024,<rdkit.DataStructs.cDataStructs.ExplicitBitVect object at 0x1249af060>,25
Cc1ccccc1OCCCOc1ccc2c(c1)OCC2CC(=O)O,5.7,EC50,True,342.39100000000013,4,1,3.7936200000000024,<rdkit.DataStructs.cDataStructs.ExplicitBitVect object at 0x1249af0d0>,25
CCCCc1nc(C)c(Cc2nc(Cc3ccccc3)no2)c(=O)n1Cc1ccc(-c2ccccc2-c2noc(=O)[nH]2)cc1,5.76,EC50,True,588.6680000000002,9,1,5.517520000000005,<rdkit.DataStructs.cDataStructs.ExplicitBitVect object at 0x1249af140>,44
CC(C)=CCC/C(C)=C/Cc1c(O)cc(/C=C/c2ccc(O)cc2)cc1O,5.1,EC50,False,364.48500000000007,3,3,6.209000000000008,<rdkit.DataStructs.cDataStructs.ExplicitBitVect object at 0x1249af1b0>,27
CC(C)=CCC/C(C)=C/Cc1c(O)cc(/C=C/c2ccoc2)cc1O,5.3,EC50,False,338.44700000000006,3,2,6.096400000000006,<rdkit.DataStructs.cDataStructs.ExplicitBitVect object at 0x1249af220>,25
CSc1ccc(/C=C2/C(C)=C(CC(=O)O)c3cc(F)ccc32)cc1,6.1,EC50,True,340.419,2,1,5.350000000000005,<rdkit.DataStructs.cDataStructs.ExplicitBitVect object at 0x1249af290>,24
COCCOc1ccc(CCC(=O)NS(=O)(=O)c2ccccc2)c(Oc2ncc(C(F)(F)F)cc2Cl)c1,7.5,EC50,True,558.9620000000002,7,1,5.009000000000005,<rdkit.DataStructs.cDataStructs.ExplicitBitVect object at 0x1249af300>,37
CCCCCS(=O)(=O)NC(=O)/C=C/c1ccc(OCCC(C)=O)cc1Oc1ncc(C(F)(F)F)cc1Cl,7.23,EC50,True,562.9940000000003,7,1,5.553400000000005,<rdkit.DataStructs.cDataStructs.ExplicitBitVect object at 0x1249af370>,37
CCCCCS(=O)(=O)NCCCc1ccc(OCCOC)cc1Oc1ncc(C(F)(F)F)cc1Cl,7.5,EC50,True,539.0160000000003,6,1,5.6135000000000055,<rdkit.DataStructs.cDataStructs.ExplicitBitVect object at 0x1249af3e0>,35
CCCCCS(=O)(=O)NC(=O)OCCCc1ccc(OCCOC)cc1Oc1ncc(C(F)(F)F)cc1Cl,8.35,EC50,True,583.0250000000002,8,1,5.750100000000006,<rdkit.DataStructs.cDataStructs.ExplicitBitVect object at 0x1249af450>,38
CN(CCOc1ccc(CC2SC(=O)NC2=O)cc1)c1ccccn1,8.42,EC50,True,357.435,6,1,2.490900000000001,<rdkit.DataStructs.cDataStructs.ExplicitBitVect object at 0x1249af4c0>,25
Cc1c(C)n(Cc2ccc(-c3ccccc3C(=O)O)cc2)c2ccc(C(=O)NCc3ccccc3)cc12,6.52,EC50,True,488.5870000000002,3,2,6.601640000000006,<rdkit.DataStructs.cDataStructs.ExplicitBitVect object at 0x1249af530>,37
Cc1c(C)n(Cc2ccc(-c3ccccc3C(=O)O)cc2)c2ccc(C(=O)N[C@@H](C)c3ccc([N+](=O)[O-])cc3)cc12,5.37,EC50,False,547.6110000000002,5,2,7.070840000000007,<rdkit.DataStructs.cDataStructs.ExplicitBitVect object at 0x1249af5a0>,41
CCCCCCCN(CCc1ccc(O[C@](C)(CC)C(=O)O)cc1)c1nc2ccccc2o1,7.32,EC50,True,452.5950000000002,5,1,6.479400000000007,<rdkit.DataStructs.cDataStructs.ExplicitBitVect object at 0x1249af610>,33
CN(CCOc1ccc(CC2SC(=O)NC2=O)cc1)c1ccccn1,6.92,EC50,True,357.435,6,1,2.490900000000001,<rdkit.DataStructs.cDataStructs.ExplicitBitVect object at 0x1249af680>,25
CCCCCCC(Sc1nc2ccc(NCc3cc(Cl)cc(Cl)c3)cc2s1)C(=O)O,5.54,EC50,True,483.48600000000016,5,2,7.730900000000005,<rdkit.DataStructs.cDataStructs.ExplicitBitVect object at 0x1249af6f0>,30
Cc1cc(Cn2ncn(-c3ccc(C(C)C)cc3)c2=O)cc(C)c1OC(C)(C)C(=O)O,5.75,EC50,True,423.51300000000026,6,1,4.064540000000003,<rdkit.DataStructs.cDataStructs.ExplicitBitVect object at 0x1249af760>,31
Cc1cc(CCn2ncn(-c3ccc(C(F)(F)F)cc3)c2=O)cc(C)c1OC(C)(C)C(=O)O,5.69,EC50,True,463.45600000000024,6,1,4.154340000000002,<rdkit.DataStructs.cDataStructs.ExplicitBitVect object at 0x1249af7d0>,33
Cc1cc(SCn2ncn(-c3ccc(C(F)(F)F)cc3)c2=O)cc(C)c1OC(C)(C)C(=O)O,5.55,EC50,True,481.4960000000003,7,1,4.661440000000004,<rdkit.DataStructs.cDataStructs.ExplicitBitVect object at 0x1249af840>,33
CCCc1nc2c(C)cc(-c3nc4ccccc4n3C)cc2n1Cc1ccc(-c2ccccc2C(=O)O)cc1,5.82,EC50,True,514.6290000000004,5,1,7.2644200000000065,<rdkit.DataStructs.cDataStructs.ExplicitBitVect object at 0x1249af8b0>,39
CCOc1nc2cccc(C(=O)OC(C)OC(=O)OC3CCCCC3)c2n1Cc1ccc(-c2ccccc2-c2nn[nH]n2)cc1,5.38,EC50,False,610.6710000000002,11,1,6.319100000000007,<rdkit.DataStructs.cDataStructs.ExplicitBitVect object at 0x1249af920>,45
O=C(Cc1ccc(SCc2ccccc2C(=O)O)cc1)OCc1ccc(C(F)(F)F)cc1,5.77,EC50,True,460.4730000000001,4,1,5.981800000000003,<rdkit.DataStructs.cDataStructs.ExplicitBitVect object at 0x1249af990>,32
CC[C@@H](NC(=O)c1ccc2c(c1)nc(C(C)C)n2Cc1ccc(Cl)c(Cl)c1)c1ccccc1,6.4,EC50,True,480.43900000000014,3,1,7.395900000000006,<rdkit.DataStructs.cDataStructs.ExplicitBitVect object at 0x1249afa00>,33
CC[C@@H](NC(=O)c1ccc2c(c1)nc(C)n2Cc1ccc(Cl)cc1)c1ccccc1,7.5,EC50,True,417.94,3,1,5.927520000000005,<rdkit.DataStructs.cDataStructs.ExplicitBitVect object at 0x1249afa70>,30
CC[C@@H](NC(=O)c1ccc2c(c1)ncn2Cc1ncc(F)cc1F)c1ccccc1,8.0,EC50,True,406.43600000000004,4,1,4.638900000000003,<rdkit.DataStructs.cDataStructs.ExplicitBitVect object at 0x1249afae0>,30
CCOC(Cc1ccc(OC(=O)Cc2ccc(NC(=O)OC(C)(C)C)cc2)c(C)c1)C(=O)O,7.14,EC50,True,457.52300000000025,6,2,4.522320000000003,<rdkit.DataStructs.cDataStructs.ExplicitBitVect object at 0x1249afb50>,33
Cc1oc(-c2ccccc2)nc1CC(=O)OCc1ccc(CC(SCCc2ccc(F)cc2)C(=O)O)cc1,6.08,EC50,True,533.6210000000002,6,1,6.046620000000004,<rdkit.DataStructs.cDataStructs.ExplicitBitVect object at 0x1249afbc0>,38
CCc1ccc([C@@H](O)COc2ccc(CC3SC(=O)NC3=O)cc2)nc1,5.76,EC50,True,372.4460000000001,6,2,2.6505,<rdkit.DataStructs.cDataStructs.ExplicitBitVect object at 0x1249afc30>,26
CN(CCOc1ccc(CC2SC(=O)NC2=O)cc1)c1ccccn1,7.7,EC50,True,357.435,6,1,2.490900000000001,<rdkit.DataStructs.cDataStructs.ExplicitBitVect object at 0x1249afca0>,25
COc1ccc(CCCC(=O)O)cc1C(=O)NCc1ccc(C(F)(F)F)cc1,5.52,EC50,True,395.37700000000007,3,2,4.051300000000002,<rdkit.DataStructs.cDataStructs.ExplicitBitVect object at 0x1249afd10>,28
Cc1cnc(Oc2ccc3nc(COc4cccc(C(=O)O)c4)n(C)c3c2)c(C)c1,7.39,EC50,True,403.4380000000001,6,1,4.654640000000003,<rdkit.DataStructs.cDataStructs.ExplicitBitVect object at 0x1249afd80>,30
Cc1sc(-c2ccncc2)nc1CCOc1ccc(C[C@H](Nc2ccccc2C(=O)c2ccccc2)C(=O)O)cc1,8.68,EC50,True,563.6790000000003,7,2,6.473820000000006,<rdkit.DataStructs.cDataStructs.ExplicitBitVect object at 0x1249afdf0>,41
Cc1sc(N2CCN(C)CC2)nc1CCOc1ccc(C[C@H](Nc2ccccc2C(=O)c2ccccc2)C(=O)O)cc1,8.89,EC50,True,584.7420000000003,8,2,5.163620000000004,<rdkit.DataStructs.cDataStructs.ExplicitBitVect object at 0x1249afe60>,42
CCO[C@@H](Cc1ccc(OCCn2c3ccccc3c3ccncc32)cc1)C(=O)O,7.96,EC50,True,404.4660000000001,5,1,4.300700000000003,<rdkit.DataStructs.cDataStructs.ExplicitBitVect object at 0x1249afed0>,30
Cc1oc(-c2ccccc2)nc1CCOc1ccc(CC(C)(Oc2ccccc2)C(=O)O)cc1,8.1,EC50,True,457.5260000000002,5,1,5.736320000000005,<rdkit.DataStructs.cDataStructs.ExplicitBitVect object at 0x1249aff40>,34
CNC(=O)[C@H]1O[C@@H](n2cnc3c(NCc4cccc(I)c4)nc(Cl)nc32)[C@H](O)[C@@H]1O,5.53,EC50,True,544.7370000000002,9,4,1.061599999999999,<rdkit.DataStructs.cDataStructs.ExplicitBitVect object at 0x1249b4040>,30
COc1ccc(C(=O)Nc2cccc(C(=O)O)c2)c(NC(=O)c2ccc(C(C)(C)C)cc2)c1,5.52,EC50,True,446.5030000000002,4,3,5.195500000000004,<rdkit.DataStructs.cDataStructs.ExplicitBitVect object at 0x1249b40b0>,33
Cn1c(COc2cccc(C(=O)O)c2)nc2ccc(Oc3ccc(Cl)c(F)c3)cc21,7.17,EC50,True,426.8310000000001,5,1,5.435300000000003,<rdkit.DataStructs.cDataStructs.ExplicitBitVect object at 0x1249b4120>,30
CCO[C@@H](Cc1ccc(OC/C=C/C#Cc2ccccc2)cc1)C(=O)O,5.58,EC50,True,350.41400000000004,3,1,3.7055000000000016,<rdkit.DataStructs.cDataStructs.ExplicitBitVect object at 0x1249b4190>,26
CCNC(=O)c1cc(NS(=O)(=O)c2cc(C)c(Cl)cc2Cl)ccc1Oc1cncc(Cl)c1,7.52,EC50,True,514.8180000000001,5,2,5.693020000000003,<rdkit.DataStructs.cDataStructs.ExplicitBitVect object at 0x1249b4200>,32
COC(=O)N(CC(=O)O)[C@@H](C)c1cccc(OCc2nc(-c3ccc(Cl)cc3)oc2C)c1,5.54,EC50,True,458.89800000000014,6,1,5.096420000000005,<rdkit.DataStructs.cDataStructs.ExplicitBitVect object at 0x1249b4270>,32
COC(=O)N(CC(=O)O)Cc1ccc(F)c(OCc2nc(-c3ccc(Cl)cc3)oc2C)c1,5.04,EC50,False,462.8610000000002,6,1,4.674520000000004,<rdkit.DataStructs.cDataStructs.ExplicitBitVect object at 0x1249b42e0>,32
CCC(Cc1ccc(OC)c(CNC(=O)c2ccc(C(F)(F)F)cc2)c1)C(=O)O,5.58,EC50,True,409.40400000000005,3,2,4.297300000000003,<rdkit.DataStructs.cDataStructs.ExplicitBitVect object at 0x1249b4350>,29
CN(CCOc1ccc(CC2SC(=O)NC2=O)cc1)c1ccccn1,7.3,EC50,True,357.435,6,1,2.490900000000001,<rdkit.DataStructs.cDataStructs.ExplicitBitVect object at 0x1249b43c0>,25
Cc1oc(-c2ccccc2)nc1CCOc1cccc(C[C@@H]2CN(C(=O)Oc3ccccc3)C[C@@H]2C(=O)O)c1,5.7,EC50,True,526.5890000000003,6,1,5.645620000000005,<rdkit.DataStructs.cDataStructs.ExplicitBitVect object at 0x1249b4430>,39
COc1ccc(COc2ccc(CNc3cccc(OC(C)(C)C(=O)O)c3)cc2)cc1,4.74,EC50,False,421.49300000000017,5,2,5.128300000000004,<rdkit.DataStructs.cDataStructs.ExplicitBitVect object at 0x1249b44a0>,31
CCOC(=O)N1C[C@@H](Cc2cccc(OCCc3nc(-c4ccccc4)oc3C)c2)[C@@H](C(=O)O)C1,6.12,EC50,True,478.5450000000002,6,1,4.603120000000003,<rdkit.DataStructs.cDataStructs.ExplicitBitVect object at 0x1249b4510>,35
CCCc1c(OCCCCOc2ccc(CC(C)(C)C(=O)O)cc2)ccc2c(-c3ccccc3)noc12,7.7,EC50,True,501.6230000000002,5,1,7.338600000000008,<rdkit.DataStructs.cDataStructs.ExplicitBitVect object at 0x1249b4580>,37
O=C(O)Cc1cc(I)c(Oc2ccc(O)c(I)c2)c(I)c1,6.43,EC50,True,621.9340000000001,3,2,4.625400000000002,<rdkit.DataStructs.cDataStructs.ExplicitBitVect object at 0x1249b45f0>,21
Cc1oc(-c2ccccc2)nc1CCOc1ccc(C[C@](C)(Oc2ccccc2)C(=O)O)cc1,8.52,EC50,True,457.5260000000002,5,1,5.736320000000005,<rdkit.DataStructs.cDataStructs.ExplicitBitVect object at 0x1249b4660>,34
CN(CCOc1ccc(C[C@H](Nc2ccccc2C(=O)c2ccccc2)C(=O)O)cc1)c1nc2ccccc2o1,8.58,EC50,True,535.6000000000003,7,2,5.681800000000005,<rdkit.DataStructs.cDataStructs.ExplicitBitVect object at 0x1249b46d0>,40
CN(CCOc1ccc(C[C@H](Nc2ccccc2C(=O)c2ccccc2)C(=O)O)cc1)c1nc2ccccc2o1,8.36,EC50,True,535.6000000000003,7,2,5.681800000000005,<rdkit.DataStructs.cDataStructs.ExplicitBitVect object at 0x1249b4740>,40
CN(CCOc1ccc(C[C@H](Nc2ccccc2C(=O)c2ccccc2)C(=O)O)cc1)c1ccccn1,7.74,EC50,True,495.5790000000002,6,2,4.9356000000000035,<rdkit.DataStructs.cDataStructs.ExplicitBitVect object at 0x1249b47b0>,37
Cc1oc(-c2ccccc2)nc1CCOc1cccc(C[C@@H]2CN(c3nccc(C(F)(F)F)n3)C[C@@H]2C(=O)O)c1,5.6,EC50,True,552.5530000000002,7,1,5.460020000000004,<rdkit.DataStructs.cDataStructs.ExplicitBitVect object at 0x1249b4820>,40
Cc1oc(-c2ccccc2)nc1CCOc1ccc(C[C@@H]2CN(c3nc4ccccc4o3)C[C@@H]2C(=O)O)cc1,5.68,EC50,True,523.5890000000003,7,1,5.792420000000005,<rdkit.DataStructs.cDataStructs.ExplicitBitVect object at 0x1249b4890>,39
Cc1oc(-c2ccccc2)nc1CCOc1ccc(C[C@H](Nc2ccccc2C(=O)c2ccccc2)C(=O)O)cc1,9.47,EC50,True,546.6230000000003,6,2,6.610320000000006,<rdkit.DataStructs.cDataStructs.ExplicitBitVect object at 0x1249b4900>,41
CC(=O)c1ccc(O[C@@H](Cc2ccccc2)C(=O)O)cc1,4.91,EC50,False,284.311,3,1,2.9639000000000006,<rdkit.DataStructs.cDataStructs.ExplicitBitVect object at 0x1249b4970>,21
CCCOc1ccc(C[C@@H](Cc2ccccc2)C(=O)O)cc1CNC(=O)c1ccc(-c2cncnc2)cc1,5.51,EC50,True,509.6060000000002,5,2,5.348400000000004,<rdkit.DataStructs.cDataStructs.ExplicitBitVect object at 0x1249b49e0>,38
CN(CCOc1ccc(CC2SC(=O)NC2=O)cc1)c1ccccn1,6.53,EC50,True,357.435,6,1,2.490900000000001,<rdkit.DataStructs.cDataStructs.ExplicitBitVect object at 0x1249b4a50>,25
CC(C)(Oc1ccc(CCOc2ccc(/N=N/c3ccccc3)cc2)cc1)C(=O)O,5.57,EC50,True,404.46600000000007,5,1,5.965500000000006,<rdkit.DataStructs.cDataStructs.ExplicitBitVect object at 0x1249b4ac0>,30
CC(C)c1ccc(/N=N/c2ccc(OCCc3ccc(OC(C)(C)C(=O)O)cc3)cc2)cc1,5.68,EC50,True,446.54700000000014,5,1,7.088900000000007,<rdkit.DataStructs.cDataStructs.ExplicitBitVect object at 0x1249b4b30>,33
CCOC(=O)C(CC)Cc1ccc(C(=O)NCc2ccccc2OC(F)(F)F)cc1,5.46,EC50,False,423.43100000000004,4,1,4.647000000000004,<rdkit.DataStructs.cDataStructs.ExplicitBitVect object at 0x1249b4ba0>,30
COC(c1ccc(C(F)(F)F)cc1)C1CC1c1cc(C)c(OC(C)(C)C(=O)O)c(C)c1,7.7,EC50,True,436.47000000000025,3,1,6.055440000000006,<rdkit.DataStructs.cDataStructs.ExplicitBitVect object at 0x1249b4c10>,31
CC(C)(C)Oc1ccc(/C=C2\C=C(CC(=O)O)c3cc(F)ccc32)cc1,5.72,EC50,True,352.40500000000003,2,1,5.415300000000005,<rdkit.DataStructs.cDataStructs.ExplicitBitVect object at 0x1249b4c80>,26
CCc1ccc(C(=O)COc2ccc(CC3SC(=O)NC3=O)cc2)nc1,6.18,EC50,True,370.43000000000006,6,1,2.7998000000000003,<rdkit.DataStructs.cDataStructs.ExplicitBitVect object at 0x1249b4cf0>,26
CCOC(Cc1ccc(OCCCc2nc(-c3ccccc3)oc2C)cn1)C(=O)O,6.05,EC50,True,410.4700000000001,6,1,4.088820000000002,<rdkit.DataStructs.cDataStructs.ExplicitBitVect object at 0x1249b4d60>,30
Cc1c(C)c2c(c(C)c1O)CCC(C)(COc1ccc(CC3SC(=O)NC3=O)cc1)O2,6.67,EC50,True,441.54900000000015,6,2,4.374260000000002,<rdkit.DataStructs.cDataStructs.ExplicitBitVect object at 0x1249b4dd0>,31
COc1ccc(COc2cccc(OCCOc3ccc4c(c3)c(CC(=O)O)cn4Cc3ccccc3)c2)cc1,5.72,EC50,True,537.6120000000003,6,1,6.362100000000005,<rdkit.DataStructs.cDataStructs.ExplicitBitVect object at 0x1249b4e40>,40
CC[C@H](Oc1cccc(CN(CCCOc2ccc(F)cc2)c2nc3ccccc3o2)c1)C(=O)O,5.92,EC50,True,478.5200000000001,6,1,5.684600000000006,<rdkit.DataStructs.cDataStructs.ExplicitBitVect object at 0x1249b4eb0>,35
Cc1sc(-c2ccc3c(c2)OCO3)nc1CCOc1ccc2c(c1)CC[C@H]2CC(=O)O,8.3,EC50,True,437.5170000000002,6,1,4.973220000000004,<rdkit.DataStructs.cDataStructs.ExplicitBitVect object at 0x1249b4f20>,31
CCCCCCC(Sc1nc(Cl)cc(Nc2ccc(Nc3ccccc3)cc2)n1)C(=O)O,6.16,EC50,True,471.0260000000001,6,3,7.132900000000006,<rdkit.DataStructs.cDataStructs.ExplicitBitVect object at 0x1249b4f90>,32
O=C(O)Cc1cc(I)c(Oc2cc(I)c(O)c(I)c2)c(I)c1,7.0,EC50,True,747.83,3,2,5.230000000000002,<rdkit.DataStructs.cDataStructs.ExplicitBitVect object at 0x1249b5000>,22
CCCCCCC(Sc1nc(OCCc2ccccc2)cc(OCCc2ccccc2)n1)C(=O)O,5.06,EC50,False,494.6570000000002,6,1,6.235300000000007,<rdkit.DataStructs.cDataStructs.ExplicitBitVect object at 0x1249b5070>,35
CCCCC(Sc1nc(OCCCc2ccccc2)cc(OCCCc2ccccc2)n1)C(=O)O,5.05,EC50,False,494.65700000000027,6,1,6.235300000000007,<rdkit.DataStructs.cDataStructs.ExplicitBitVect object at 0x1249b50e0>,35
CCCc1cc(Oc2ccc(-c3ccccc3)cc2)ccc1OCCCOc1ccc(C2SC(=O)NC2=O)cc1,7.7,EC50,True,553.6800000000003,6,1,7.970400000000008,<rdkit.DataStructs.cDataStructs.ExplicitBitVect object at 0x1249b5150>,40
CCC(Cc1ccc(C(=O)NCc2ccc(OC(F)(F)F)cc2)cc1)C(=O)O,5.7,EC50,True,395.377,3,2,4.1685000000000025,<rdkit.DataStructs.cDataStructs.ExplicitBitVect object at 0x1249b51c0>,28
COc1ccc(C(=O)n2c(C)c(Cc3cccc(O[C@@H](C)C(=O)O)c3)c3cc(OC(F)(F)F)ccc32)cc1,8.7,EC50,True,527.4950000000002,6,1,5.988120000000005,<rdkit.DataStructs.cDataStructs.ExplicitBitVect object at 0x1249b5230>,38
CCC(Cc1ccc(OC)c(CNC(=O)c2ccc(C(C)(C)C)cc2)c1)C(=O)O,5.64,EC50,True,397.51500000000016,3,2,4.576000000000003,<rdkit.DataStructs.cDataStructs.ExplicitBitVect object at 0x1249b52a0>,29
COc1ccc([C@@H](C)NC(=O)c2ccc3c(c2)c(C)c(C)n3Cc2ccc(-c3ccccc3C(=O)O)cc2)cc1,7.28,EC50,True,532.6400000000003,4,2,7.171240000000007,<rdkit.DataStructs.cDataStructs.ExplicitBitVect object at 0x1249b5310>,40
Cc1c(C)n(Cc2ccc(-c3ccccc3C(=O)O)cc2)c2ccc(C(=O)N[C@@H](C)c3cccc(C(C)(C)C)c3)cc12,6.3,EC50,True,558.7220000000002,3,2,8.460140000000006,<rdkit.DataStructs.cDataStructs.ExplicitBitVect object at 0x1249b5380>,42
CCCc1c(OCCCSc2ccc(CC(=O)O)cc2Cl)ccc(C(=O)CC)c1O,7.16,EC50,True,450.9840000000002,5,2,5.779100000000005,<rdkit.DataStructs.cDataStructs.ExplicitBitVect object at 0x1249b53f0>,30
CCC(Cc1ccc(OC)c(CNC(=O)c2ccc(C)cc2)c1)C(=O)O,5.03,EC50,False,355.4340000000001,3,2,3.586920000000002,<rdkit.DataStructs.cDataStructs.ExplicitBitVect object at 0x1249b5460>,26
Cc1sc(-c2ccccc2)nc1CCOc1ccc(C[C@H](Nc2ccccc2C(=O)c2ccccc2)C(=O)O)cc1,10.0,EC50,True,562.6910000000003,6,2,7.078820000000007,<rdkit.DataStructs.cDataStructs.ExplicitBitVect object at 0x1249b54d0>,41
O=c1c(-c2ccc(F)cc2)coc2cc(O)ccc12,4.81,EC50,False,256.232,3,1,3.3047000000000013,<rdkit.DataStructs.cDataStructs.ExplicitBitVect object at 0x1249b5540>,19
CN(CCOc1ccc(CC2SC(=O)NC2=O)cc1)c1ccccn1,7.08,EC50,True,357.435,6,1,2.490900000000001,<rdkit.DataStructs.cDataStructs.ExplicitBitVect object at 0x1249b55b0>,25
Cc1c(C)c2c(c(C)c1O)CCC(C)(COc1ccc(CC3SC(=O)NC3=O)cc1)O2,6.26,EC50,True,441.54900000000015,6,2,4.374260000000002,<rdkit.DataStructs.cDataStructs.ExplicitBitVect object at 0x1249b5620>,31
Cc1oc(-c2ccccc2)nc1CCOc1ccc(C[C@@H](C(=O)O)n2cccc2)cc1,7.7,EC50,True,416.4770000000001,5,1,4.941420000000003,<rdkit.DataStructs.cDataStructs.ExplicitBitVect object at 0x1249b5690>,31
O=C(Nc1ccccc1)c1cc([N+](=O)[O-])ccc1Cl,8.7,EC50,True,276.679,3,1,3.5005000000000015,<rdkit.DataStructs.cDataStructs.ExplicitBitVect object at 0x1249b5700>,19
COc1ccc(F)c(-c2ccc(Cc3ccc(N4C[C@H](C(F)(F)F)C[C@@H]4CC(=O)O)cc3)c(C)c2)c1,5.36,EC50,False,501.5200000000002,3,1,6.632420000000006,<rdkit.DataStructs.cDataStructs.ExplicitBitVect object at 0x1249b5770>,36
CCC[C@H](Oc1ccc2ccccc2c1)C(=O)O,5.14,EC50,False,244.29,2,1,3.4719000000000015,<rdkit.DataStructs.cDataStructs.ExplicitBitVect object at 0x1249b57e0>,18
CN(CCOc1ccc(CC2SC(=O)NC2=O)cc1)c1ccccn1,6.46,EC50,True,357.435,6,1,2.490900000000001,<rdkit.DataStructs.cDataStructs.ExplicitBitVect object at 0x1249b5850>,25
CCCOc1ccc(C[C@H](CC2CCCCC2)C(=O)O)cc1CNC(=O)c1ccc(C23CC4CC(CC(C4)C2)C3)cc1,7.66,EC50,True,571.8020000000001,3,2,8.086900000000009,<rdkit.DataStructs.cDataStructs.ExplicitBitVect object at 0x1249b58c0>,42
CN(CCOc1ccc(CC2SC(=O)NC2=O)cc1)c1ccccn1,6.93,EC50,True,357.435,6,1,2.490900000000001,<rdkit.DataStructs.cDataStructs.ExplicitBitVect object at 0x1249b5930>,25
O=C(O)[C@H](Oc1cccc(C(F)(F)F)c1)c1ccc(Cl)cc1,5.12,EC50,False,330.68899999999996,2,1,4.563500000000002,<rdkit.DataStructs.cDataStructs.ExplicitBitVect object at 0x1249b59a0>,22
CN(CCOc1ccc(CC(Nc2cccc3c2C(=O)c2ccccc2-3)C(=O)O)cc1)c1nc2ccccc2o1,6.31,EC50,True,533.5840000000002,7,2,5.662200000000006,<rdkit.DataStructs.cDataStructs.ExplicitBitVect object at 0x1249b5a10>,40
O=C(O)c1ccc(-c2nn(C(=O)c3c(Cl)cccc3C(F)(F)F)c3ccccc23)cc1,5.89,EC50,True,444.79600000000005,4,1,5.762200000000003,<rdkit.DataStructs.cDataStructs.ExplicitBitVect object at 0x1249b5a80>,31
CCc1ccc(-c2nc3cc(NC(=O)c4cc(C#N)ccc4Cl)ccc3o2)cc1,7.06,EC50,True,401.8530000000001,4,1,5.834580000000003,<rdkit.DataStructs.cDataStructs.ExplicitBitVect object at 0x1249b5af0>,29
CCCCCCCN(CCc1ccc(O[C@H](Cc2ccccc2)C(=O)O)cc1)c1nc2ccccc2o1.NC1CCCCC1,5.57,EC50,True,599.8159999999998,6,2,8.199800000000007,<rdkit.DataStructs.cDataStructs.ExplicitBitVect object at 0x1249b5b60>,44
CN(CCOc1ccc(CC2SC(=O)NC2=O)cc1)c1ccccn1,7.0,EC50,True,357.435,6,1,2.490900000000001,<rdkit.DataStructs.cDataStructs.ExplicitBitVect object at 0x1249b5bd0>,25
O=C(O)C(Sc1nc(Cl)cc(NCCCc2ccccc2)n1)c1cccc2ccccc12,5.05,EC50,False,463.9900000000001,5,2,6.245900000000004,<rdkit.DataStructs.cDataStructs.ExplicitBitVect object at 0x1249b5c40>,32
Nc1ccc(CNC(=O)c2ccc3c(ccn3Cc3cccc(F)c3)c2)c(C(F)(F)F)c1,5.78,EC50,True,441.42800000000005,3,2,5.359700000000003,<rdkit.DataStructs.cDataStructs.ExplicitBitVect object at 0x1249b5cb0>,32
O=C(O)C[C@@H]1COc2cc(OCc3ccc4nc(-c5ccc(C(F)(F)F)cc5)cn4c3)ccc21,6.18,EC50,True,468.4310000000001,5,1,5.549800000000005,<rdkit.DataStructs.cDataStructs.ExplicitBitVect object at 0x1249b5d20>,34
O=C(NCc1ccccc1C(F)(F)F)c1ccc(CC(C(=O)O)c2ccccc2)cc1,5.52,EC50,True,427.4220000000001,2,2,5.046300000000004,<rdkit.DataStructs.cDataStructs.ExplicitBitVect object at 0x1249b5d90>,31
CCOC(=O)C(CC)Cc1ccc(C(=O)NCc2ccc(OC(F)(F)F)cc2)cc1,5.52,EC50,True,423.43100000000004,4,1,4.647000000000004,<rdkit.DataStructs.cDataStructs.ExplicitBitVect object at 0x1249b5e00>,30
CCO[C@@H](Cc1ccc(OCCn2c3ccccc3c3ccccc32)cc1)C(=O)O,6.77,EC50,True,403.4780000000001,4,1,4.905700000000005,<rdkit.DataStructs.cDataStructs.ExplicitBitVect object at 0x1249b5e70>,30
CCCCc1nc(C(C)C)c(CC(=O)OCC)c(=O)n1Cc1ccc(-c2ccccc2-c2noc(=O)[nH]2)cc1,5.76,EC50,True,530.6250000000002,8,1,4.873500000000004,<rdkit.DataStructs.cDataStructs.ExplicitBitVect object at 0x1249b5ee0>,39
CCCOc1ccc(C[C@@H](CC)C(=O)O)cc1CNC(=O)c1ccc(C23CC4CC(CC(C4)C2)C3)cc1,7.08,EC50,True,503.68300000000033,3,2,6.526500000000007,<rdkit.DataStructs.cDataStructs.ExplicitBitVect object at 0x1249b5f50>,37
CN(CCOc1ccc(CC2SC(=O)NC2=O)cc1)c1ccccn1,7.52,EC50,True,357.435,6,1,2.490900000000001,<rdkit.DataStructs.cDataStructs.ExplicitBitVect object at 0x1249b5fc0>,25
CCc1cc(OCCc2nc(-c3ccc(-c4nnn[nH]4)cc3)oc2C)ccc1CCC(=O)O,5.17,EC50,False,447.49500000000023,7,2,4.031220000000002,<rdkit.DataStructs.cDataStructs.ExplicitBitVect object at 0x1249b6030>,33
Cc1cccc(CNC(=O)c2ccc3c(c2)c(C)c(C)n3Cc2ccc(-c3ccccc3C(=O)O)cc2)c1,6.44,EC50,True,502.61400000000026,3,2,6.910060000000007,<rdkit.DataStructs.cDataStructs.ExplicitBitVect object at 0x1249b60a0>,38
Cc1c(C)n(Cc2ccc(-c3ccccc3C(=O)O)cc2)c2ccc(C(=O)N[C@@H](C)c3cccc(C4CC4)c3)cc12,5.36,EC50,False,542.6790000000003,3,2,8.040040000000007,<rdkit.DataStructs.cDataStructs.ExplicitBitVect object at 0x1249b6110>,41
CC(C)(C)c1ccc(C(=O)Nc2ccccc2C(=O)Nc2cc(C(=O)O)ccc2Cl)cc1,5.72,EC50,True,450.92200000000014,3,3,5.8403000000000045,<rdkit.DataStructs.cDataStructs.ExplicitBitVect object at 0x1249b6180>,32
Cc1ccc(/N=N/c2ccc(OCCc3ccc(OC(C)(C)C(=O)O)cc3)c(C)c2)cc1,5.64,EC50,True,432.52000000000015,5,1,6.5823400000000065,<rdkit.DataStructs.cDataStructs.ExplicitBitVect object at 0x1249b61f0>,32
Cc1ccc(/N=N\c2ccc(OCCc3ccc(OC(C)(C)C(=O)O)cc3)c(Cl)c2)cc1,5.32,EC50,False,452.9380000000001,5,1,6.927320000000006,<rdkit.DataStructs.cDataStructs.ExplicitBitVect object at 0x1249b6260>,32
Cc1ccc(-c2nc(CCCC[C@H]3CO[C@@](C)(C(=O)O)OC3)c(C)o2)cc1,5.02,EC50,False,373.4490000000001,5,1,4.135040000000004,<rdkit.DataStructs.cDataStructs.ExplicitBitVect object at 0x1249b62d0>,27
CCCCc1nc(C2CC2)c(CC(=O)OC(C)C)c(=O)n1Cc1ccc(-c2ccccc2-c2noc(=O)[nH]2)cc1,5.57,EC50,True,542.6360000000003,8,1,5.0160000000000045,<rdkit.DataStructs.cDataStructs.ExplicitBitVect object at 0x1249b6340>,40
CC#CCOC(=O)Cc1c(C)nc(CCCC)n(Cc2ccc(-c3ccccc3-c3noc(=O)[nH]3)cc2)c1=O,5.6,EC50,True,526.5930000000002,8,1,4.061920000000003,<rdkit.DataStructs.cDataStructs.ExplicitBitVect object at 0x1249b63b0>,39
CCCc1nc2c(C)cc(-c3nc4ccccc4n3C)cc2n1Cc1ccc(-c2ccccc2C(=O)O)cc1,5.7,EC50,True,514.6290000000004,5,1,7.2644200000000065,<rdkit.DataStructs.cDataStructs.ExplicitBitVect object at 0x1249b6420>,39
CC[C@@H](Cc1ccc(C(=O)NCc2ccc(OC)cc2C(F)(F)F)cc1)C(=O)O,5.6,EC50,True,409.40400000000005,3,2,4.297300000000003,<rdkit.DataStructs.cDataStructs.ExplicitBitVect object at 0x1249b6490>,29
COc1cc(CCc2ccccc2)c(C(=O)O)c(O)c1C/C=C(\C)CCC=C(C)C,7.14,EC50,True,408.5380000000003,3,2,6.119400000000007,<rdkit.DataStructs.cDataStructs.ExplicitBitVect object at 0x1249b6500>,30
Cc1cnc(Oc2ccc3nc(COc4cccc(C(=O)O)c4)n(C)c3c2)c(C)c1,7.39,EC50,True,403.4380000000001,6,1,4.654640000000003,<rdkit.DataStructs.cDataStructs.ExplicitBitVect object at 0x1249b6570>,30
COc1ccc([C@H](C)NC(=O)c2ccc3c(c2)c(C)c(C)n3Cc2ccc(-c3ccccc3C(=O)O)cc2)cc1,5.68,EC50,True,532.6400000000003,4,2,7.171240000000007,<rdkit.DataStructs.cDataStructs.ExplicitBitVect object at 0x1249b65e0>,40
Cc1cc2c(cc1C1(c3ccc(C(=O)O)cn3)CC1)C(C)(C)CCC2(C)C,7.73,EC50,True,363.5010000000002,2,1,5.517120000000006,<rdkit.DataStructs.cDataStructs.ExplicitBitVect object at 0x1249b6650>,27
O=C(O)[C@H](Cc1ccc(-c2ccccc2)cc1)Oc1ccc(-c2ccccc2)cc1,6.92,EC50,True,394.4700000000001,2,1,6.095300000000005,<rdkit.DataStructs.cDataStructs.ExplicitBitVect object at 0x1249b66c0>,30
O=C(c1ccccc1)c1ccccc1N[C@@H](Cc1ccc(/N=N/c2ccccc2)cc1)C(=O)O,6.0,EC50,True,449.51000000000016,5,2,6.440800000000005,<rdkit.DataStructs.cDataStructs.ExplicitBitVect object at 0x1249b6730>,34
O=C(O)Cc1ccc(Cl)c(OCCC2(N3CCCC3)CCN(c3nc4ccc(C(F)(F)F)nc4s3)CC2)c1,5.46,EC50,False,569.0490000000001,7,1,5.894500000000006,<rdkit.DataStructs.cDataStructs.ExplicitBitVect object at 0x1249b67a0>,38
CCc1ccc(CC(=O)O)cc1OCCC1CCN(c2nc3ccc(Cl)cc3s2)CC1,6.17,EC50,True,459.01100000000014,5,1,5.824700000000005,<rdkit.DataStructs.cDataStructs.ExplicitBitVect object at 0x1249b6810>,31
CCC(Cc1ccc(C(=O)NCc2ccc(Cl)cc2)cc1)C(=O)O,5.4,EC50,False,345.826,2,2,3.923300000000002,<rdkit.DataStructs.cDataStructs.ExplicitBitVect object at 0x1249b6880>,24
CCCCC(Sc1nc(Cl)cc(Nc2ccc(Nc3ccccc3)cc2)n1)C(=O)O,5.97,EC50,True,442.97200000000015,6,3,6.352700000000005,<rdkit.DataStructs.cDataStructs.ExplicitBitVect object at 0x1249b68f0>,30
CCCc1nc2c(Cl)cccc2n1Cc1ccc(-c2ccccc2C(=O)O)cc1,5.06,EC50,False,404.89700000000016,3,1,6.055700000000005,<rdkit.DataStructs.cDataStructs.ExplicitBitVect object at 0x1249b6960>,29
O=c1c(-c2ccc3c(c2)OCO3)coc2cc(O)ccc12,4.57,EC50,False,282.251,5,1,2.894300000000001,<rdkit.DataStructs.cDataStructs.ExplicitBitVect object at 0x1249b69d0>,21
Cc1c(Oc2ccc(Cl)cc2)c2ccc(Cl)nc2n1Cc1ccc(Cl)c(O[C@@H](C)C(=O)O)c1,8.4,EC50,True,505.7850000000003,5,1,6.997420000000006,<rdkit.DataStructs.cDataStructs.ExplicitBitVect object at 0x1249b6a40>,33
Cc1c(Oc2ccc(Cl)cc2)c2cccnc2n1Cc1ccc(F)c(O[C@@H](C)C(=O)O)c1,6.85,EC50,True,454.8850000000002,5,1,5.829720000000005,<rdkit.DataStructs.cDataStructs.ExplicitBitVect object at 0x1249b6ab0>,32
CCOC(Cc1ccc(OCCN2CC=C(c3ccc(Cl)cc3Cl)CC2)cc1)C(=O)O,6.15,EC50,True,464.38900000000024,4,1,5.193700000000006,<rdkit.DataStructs.cDataStructs.ExplicitBitVect object at 0x1249b6b20>,31
CO[C@H](Cc1ccc(OCCc2nc(-c3ccccc3)oc2C)c2ccccc12)C(=O)O,6.91,EC50,True,431.48800000000017,5,1,5.066820000000005,<rdkit.DataStructs.cDataStructs.ExplicitBitVect object at 0x1249b6b90>,32
Cc1nc(-c2ccc(C(F)(F)F)cc2)sc1C(=O)NCc1ccc(OC(C)(C)C(=O)O)cc1,5.01,EC50,False,478.4920000000002,5,2,5.309320000000004,<rdkit.DataStructs.cDataStructs.ExplicitBitVect object at 0x1249b6c00>,33
CN(CCOc1ccc(CC2SC(=O)NC2=O)cc1)c1ccccn1,7.4,EC50,True,357.435,6,1,2.490900000000001,<rdkit.DataStructs.cDataStructs.ExplicitBitVect object at 0x1249b6c70>,25
Cc1cccc(OC(=O)C2C(c3ccccc3)C(C(=O)O)C2c2ccccc2)c1,5.48,EC50,False,386.4470000000001,3,1,4.798620000000003,<rdkit.DataStructs.cDataStructs.ExplicitBitVect object at 0x1249b6ce0>,29
COc1cc(CCc2ccccc2)c(C(=O)O)c(O)c1C/C=C(\C)CC=C(C)C,7.14,EC50,True,394.51100000000025,3,2,5.729300000000006,<rdkit.DataStructs.cDataStructs.ExplicitBitVect object at 0x1249b6d50>,29
CCc1ccc(CCOc2ccc(CC3SC(=O)NC3=O)cc2)nc1,5.48,EC50,False,356.44700000000006,5,1,3.159600000000001,<rdkit.DataStructs.cDataStructs.ExplicitBitVect object at 0x1249b6dc0>,25
COc1cc2ccc(=O)oc2cc1OC/C=C(\C)CCC=C(C)C,4.59,EC50,False,328.40800000000013,4,0,4.873100000000004,<rdkit.DataStructs.cDataStructs.ExplicitBitVect object at 0x1249b6e30>,24
CCCc1cc(Oc2ccccc2)ccc1OCCCOc1cccc(C2SC(=O)NC2=O)c1,8.0,EC50,True,477.58200000000016,6,1,6.303400000000005,<rdkit.DataStructs.cDataStructs.ExplicitBitVect object at 0x1249b6ea0>,34
O=C(O)c1ccc(/C=C/c2c(-c3c(Cl)cccc3C(F)(F)F)noc2-c2cc[nH]c2)cc1,5.6,EC50,True,458.82300000000004,3,2,6.877500000000004,<rdkit.DataStructs.cDataStructs.ExplicitBitVect object at 0x1249b6f10>,32
O=C(O)Cc1cc(Cl)cc(OCCC2(C3CCCC3)CCN(c3nc4ccc(Cl)cc4s3)CC2)c1,6.66,EC50,True,533.5210000000003,5,1,7.476100000000006,<rdkit.DataStructs.cDataStructs.ExplicitBitVect object at 0x1249b6f80>,35
CCc1ccc2oc(-c3cccc(NC(=O)c4cc([N+](=O)[O-])ccc4Cl)c3)nc2c1,7.27,EC50,True,421.84000000000015,5,1,5.871100000000004,<rdkit.DataStructs.cDataStructs.ExplicitBitVect object at 0x1249b6ff0>,30
Cc1oc(-c2ccccc2)nc1CCOC(=O)c1ccc(CC(SCCc2ccc(F)cc2)C(=O)O)cc1,7.14,EC50,True,533.6210000000002,6,1,6.160220000000005,<rdkit.DataStructs.cDataStructs.ExplicitBitVect object at 0x1249b7060>,38
CC(OC(=O)Cc1cccc(SCc2ccccc2C(=O)O)c1)c1ccc(C(F)(F)F)cc1,5.46,EC50,False,474.5000000000001,4,1,6.542800000000004,<rdkit.DataStructs.cDataStructs.ExplicitBitVect object at 0x1249b70d0>,33
CC=C/C=C\CC/C=C/C=C/C(=O)NCC(C)C,4.28,EC50,False,247.382,1,1,3.7835000000000027,<rdkit.DataStructs.cDataStructs.ExplicitBitVect object at 0x1249b7140>,18
COC(=O)N(CC(=O)O)Cc1cccc(OCc2csc(-c3ccccc3Cl)n2)c1,5.3,EC50,False,446.9120000000001,6,1,4.695500000000004,<rdkit.DataStructs.cDataStructs.ExplicitBitVect object at 0x1249b71b0>,30
C[C@@H](c1cccc(OCc2coc(-c3ccc(Cl)cc3)n2)c1)N(CC(=O)O)C(=O)Oc1ccccc1,5.77,EC50,True,506.94200000000023,6,1,6.220600000000006,<rdkit.DataStructs.cDataStructs.ExplicitBitVect object at 0x1249b7220>,36
Cc1ccccc1-c1ccc(/N=N\c2ccc(CC3SC(=O)NC3=O)cc2)cc1,5.19,EC50,False,401.4910000000001,5,1,5.971520000000004,<rdkit.DataStructs.cDataStructs.ExplicitBitVect object at 0x1249b7290>,29
Cc1nc(-c2ccc(C(F)(F)F)c(F)c2)sc1CSc1ccc(/C=C/C(=O)O)cc1,5.89,EC50,True,453.48200000000014,4,1,6.666520000000005,<rdkit.DataStructs.cDataStructs.ExplicitBitVect object at 0x1249b7300>,30
Cc1ccc(/N=N/c2ccc(OCCc3ccc(OC(C)(C)C(=O)O)cc3)c(C(F)(F)F)c2)cc1,5.92,EC50,True,486.4900000000001,5,1,7.292720000000005,<rdkit.DataStructs.cDataStructs.ExplicitBitVect object at 0x1249b7370>,35
CCCCCCC(Sc1nc2ccc(NS(=O)(=O)c3ccc(C(C)(C)C)cc3)cc2s1)C(=O)O,6.16,EC50,True,520.7420000000003,6,2,6.910300000000006,<rdkit.DataStructs.cDataStructs.ExplicitBitVect object at 0x1249b73e0>,34
COc1ccc(-c2nc3cc(NC(=O)c4cc([N+](=O)[O-])ccc4Cl)ccc3o2)cc1F,8.66,EC50,True,441.8020000000001,6,1,5.456400000000003,<rdkit.DataStructs.cDataStructs.ExplicitBitVect object at 0x1249b7450>,31
Cc1cc(Cn2ncn(-c3ccc(OC(F)(F)F)cc3)c2=O)cc(C)c1OC(C)(C)C(=O)O,5.73,EC50,True,465.4280000000003,7,1,3.8397400000000017,<rdkit.DataStructs.cDataStructs.ExplicitBitVect object at 0x1249b74c0>,33
Cc1cc(CN2C(=O)N(c3ccc(C(F)(F)F)cc3)C(C)(C)C2=O)cc(C)c1OC(C)(C)C(=O)O,5.79,EC50,True,492.4940000000003,4,1,5.311640000000006,<rdkit.DataStructs.cDataStructs.ExplicitBitVect object at 0x1249b7530>,35
CCCCNC(=O)CN1C(=O)S/C(=C/c2ccc(Cl)cc2)C1=O,5.23,EC50,False,352.843,4,1,3.292600000000001,<rdkit.DataStructs.cDataStructs.ExplicitBitVect object at 0x1249b75a0>,23
O=C(O)C(Cc1ccc(OCCn2c(=O)sc3cc(/C=C/c4cc(O)cc(O)c4)ccc32)cc1)OCC(F)(F)F,6.7,EC50,True,575.5610000000004,8,3,5.298200000000005,<rdkit.DataStructs.cDataStructs.ExplicitBitVect object at 0x1249b7610>,40
CCOC(=O)C(Cc1ccc(OCCn2c(=O)sc3cc(C(=O)/C=C/c4cc(O)cc(O)c4)ccc32)cc1)OCC,7.7,EC50,True,577.6550000000002,10,2,4.960000000000004,<rdkit.DataStructs.cDataStructs.ExplicitBitVect object at 0x1249b7680>,41
CCCc1cc(Oc2ccccc2)ccc1OCCCCOc1ccc(C2SC(=O)NC2=O)cc1,6.0,EC50,True,491.6090000000002,6,1,6.693500000000006,<rdkit.DataStructs.cDataStructs.ExplicitBitVect object at 0x1249b76f0>,35
CC/C(=N\OCCOc1ccc(CC2SC(=O)NC2=O)cc1)c1ccc(-c2ccccc2)cc1,5.8,EC50,True,474.58200000000016,6,1,5.457400000000005,<rdkit.DataStructs.cDataStructs.ExplicitBitVect object at 0x1249b7760>,34
O=C1NC(=O)C(Cc2ccc3c(c2)CC[C@H](Cc2ccccc2)O3)S1,6.0,EC50,True,353.443,4,1,3.517000000000002,<rdkit.DataStructs.cDataStructs.ExplicitBitVect object at 0x1249b77d0>,25
C/C(=N\OCCOc1ccc(CC2SC(=O)NC2=O)cc1)c1ccc(-c2cccnc2)cc1,6.1,EC50,True,461.5430000000002,7,1,4.4623000000000035,<rdkit.DataStructs.cDataStructs.ExplicitBitVect object at 0x1249b7840>,33
CCCc1cc(Oc2ccccc2)ccc1OCCCOc1ccc(C2SC(=O)NC2=O)cc1CCC,6.7,EC50,True,519.6630000000002,6,1,7.255900000000007,<rdkit.DataStructs.cDataStructs.ExplicitBitVect object at 0x1249b78b0>,37
CCCc1cc(Oc2ccc(C(C)C)cc2)ccc1OCCCOc1ccc(C2SC(=O)NC2=O)cc1,6.78,EC50,True,519.6630000000004,6,1,7.426800000000006,<rdkit.DataStructs.cDataStructs.ExplicitBitVect object at 0x1249b7920>,37
CCCc1cc(Oc2ccc(C3CCCC3)cc2)ccc1OCCCOc1ccc(C2SC(=O)NC2=O)cc1,6.91,EC50,True,545.7010000000002,6,1,7.9610000000000065,<rdkit.DataStructs.cDataStructs.ExplicitBitVect object at 0x1249b7990>,39
CCCc1cc(Oc2ccc(OC)cc2)ccc1OCCCOc1ccc(C2SC(=O)NC2=O)cc1,7.52,EC50,True,507.6080000000003,7,1,6.312000000000006,<rdkit.DataStructs.cDataStructs.ExplicitBitVect object at 0x1249b7a00>,36
Cc1cccc(Nc2cc(Cl)nc(SCC(=O)O)n2)c1C,4.27,EC50,False,323.80500000000006,5,2,3.6671400000000007,<rdkit.DataStructs.cDataStructs.ExplicitBitVect object at 0x1249b7a70>,21
O=C(NCc1ccccc1C(F)(F)F)c1ccc2c(c1)[nH]c(=O)n2Cc1ccccc1C(F)(F)F,5.43,EC50,False,493.4070000000001,3,2,5.345500000000003,<rdkit.DataStructs.cDataStructs.ExplicitBitVect object at 0x1249b7ae0>,35
O=C(NCc1ccc(NS(=O)(=O)C2CC2)cc1C(F)(F)F)c1ccc2c(ccn2Cc2cccc(F)c2)c1,6.66,EC50,True,545.5580000000002,4,2,5.681600000000005,<rdkit.DataStructs.cDataStructs.ExplicitBitVect object at 0x1249b7b50>,38
CC(c1cccc(F)c1)n1ccc2cc(C(=O)NCc3ccc(CS(C)(=O)=O)cc3C(F)(F)F)ccc21,5.87,EC50,True,532.5590000000002,4,1,5.883100000000004,<rdkit.DataStructs.cDataStructs.ExplicitBitVect object at 0x1249b7bc0>,37
O=C(O)c1ccc(SCc2c(-c3c(Cl)cccc3C(F)(F)F)noc2-c2cc[nH]c2)cc1,4.75,EC50,False,478.8790000000001,4,2,6.999400000000004,<rdkit.DataStructs.cDataStructs.ExplicitBitVect object at 0x1249b7c30>,32
O=C(O)c1ccc(NCc2c(-c3c(Cl)cccc3C(F)(F)F)noc2-c2cc[nH]c2)cc1F,4.82,EC50,False,479.8170000000001,4,3,6.458300000000003,<rdkit.DataStructs.cDataStructs.ExplicitBitVect object at 0x1249b7ca0>,33
CCc1ccc(-c2nc3cc(NC(=O)c4cc([N+](=O)[O-])ccc4Cl)ccc3n2C)cc1,8.43,EC50,True,434.8830000000001,5,1,5.616600000000004,<rdkit.DataStructs.cDataStructs.ExplicitBitVect object at 0x1249b7d10>,31
O=C(O)CCCNC(=O)c1ccccc1NC(=O)c1cccc(-c2ccccc2)c1,4.43,EC50,False,402.45000000000016,3,3,4.200500000000003,<rdkit.DataStructs.cDataStructs.ExplicitBitVect object at 0x1249b7d80>,30
Cc1nc(-c2ccc(Cl)cc2)sc1C(=O)N[C@H]1CCCN(c2cccc(C(=O)O)c2)C1,5.18,EC50,False,455.96700000000027,5,2,4.868920000000005,<rdkit.DataStructs.cDataStructs.ExplicitBitVect object at 0x1249b7df0>,31
Cc1cccc(C)c1COC(=O)Cc1ccc(SCc2ccccc2C(=O)O)cc1,4.75,EC50,False,420.53000000000014,4,1,5.579840000000006,<rdkit.DataStructs.cDataStructs.ExplicitBitVect object at 0x1249b7e60>,30
COc1ccc(CCOC(=O)Cc2ccc(SCc3ccccc3C(=O)O)cc2)cc1OC,5.16,EC50,False,466.55500000000023,6,1,5.022700000000004,<rdkit.DataStructs.cDataStructs.ExplicitBitVect object at 0x1249b7ed0>,33
O=C(NCc1ccccc1Cn1cccc1C(=O)O)NC12C[C@H]3C[C@@H](C1)C[C@@H](C2)C3,5.22,EC50,False,407.51400000000024,3,3,4.002600000000003,<rdkit.DataStructs.cDataStructs.ExplicitBitVect object at 0x1249b7f40>,30
C/C(=N\OCc1nc(-c2ccccc2)oc1C)c1ccc(OCC(=O)O)c(C)c1,6.52,EC50,True,394.4270000000002,6,1,4.362640000000003,<rdkit.DataStructs.cDataStructs.ExplicitBitVect object at 0x1249bc040>,29
O=c1c(-c2ccc3c(c2)OCO3)coc2cc(O)ccc12,4.57,EC50,False,282.251,5,1,2.894300000000001,<rdkit.DataStructs.cDataStructs.ExplicitBitVect object at 0x1249bc0b0>,21
CCCCCCCN(CCc1ccc(OC(C)(C)C(=O)O)cc1)c1nc2ccccc2o1,6.96,EC50,True,438.56800000000015,5,1,6.089300000000006,<rdkit.DataStructs.cDataStructs.ExplicitBitVect object at 0x1249bc120>,32
CC(C)(Oc1c(Br)cc(CN2C(=O)CN(c3ccc(C(F)(F)F)cc3)C2=O)cc1Br)C(=O)O,5.55,EC50,True,594.1780000000001,4,1,5.441200000000003,<rdkit.DataStructs.cDataStructs.ExplicitBitVect object at 0x1249bc190>,33
CCCOc1ccc(C[C@H](Cc2ccccc2)C(=O)O)cc1CNC(=O)c1ccc(C23CC4CC(CC(C4)C2)C3)cc1,7.66,EC50,True,565.7540000000002,3,2,7.3592000000000075,<rdkit.DataStructs.cDataStructs.ExplicitBitVect object at 0x1249bc200>,42
O=C(O)[C@H](Cc1ccccc1)Oc1ccc(-c2ccccc2)cc1,6.25,EC50,True,318.372,2,1,4.428300000000003,<rdkit.DataStructs.cDataStructs.ExplicitBitVect object at 0x1249bc270>,24
Cc1oc(-c2ccccc2)nc1CCOc1ccc(C[C@H](Nc2ccccc2C(=O)c2ccccc2)C(=O)O)cc1,9.47,EC50,True,546.6230000000003,6,2,6.610320000000006,<rdkit.DataStructs.cDataStructs.ExplicitBitVect object at 0x1249bc2e0>,41
Cc1oc(-c2ccc(Cl)cc2)nc1COc1cccc(CN(CC(=O)O)C(=O)OCC2CC2)c1,6.08,EC50,True,484.9360000000003,6,1,5.315620000000006,<rdkit.DataStructs.cDataStructs.ExplicitBitVect object at 0x1249bc350>,34
CCCc1c(OCCCSc2ccc(CC(=O)O)cc2Cl)ccc2c(-c3ccccc3)coc12,8.05,EC50,True,495.0400000000002,4,1,7.894000000000006,<rdkit.DataStructs.cDataStructs.ExplicitBitVect object at 0x1249bc3c0>,34
CCCc1c(OCCCOc2ccc(OCC(=O)O)cc2)ccc(C(C)=O)c1O,5.74,EC50,True,402.4430000000001,6,2,3.858600000000003,<rdkit.DataStructs.cDataStructs.ExplicitBitVect object at 0x1249bc430>,29
CCc1ccc(CCOc2ccc(CC3SC(=O)NC3=O)cc2)nc1,6.01,EC50,True,356.44700000000006,5,1,3.159600000000001,<rdkit.DataStructs.cDataStructs.ExplicitBitVect object at 0x1249bc4a0>,25
Cc1c(C)c2c(c(C)c1O)CCC(C)(COc1ccc(CC3SC(=O)NC3=O)cc1)O2,5.65,EC50,True,441.54900000000015,6,2,4.374260000000002,<rdkit.DataStructs.cDataStructs.ExplicitBitVect object at 0x1249bc510>,31
CC[C@H](OC(=O)N(Cc1ccccc1)C(=O)Nc1cc(OC)cc(OC)c1)c1cc(-c2ccc(OC(C)(C)C(=O)O)cc2)no1,6.74,EC50,True,617.6550000000004,9,2,6.922800000000008,<rdkit.DataStructs.cDataStructs.ExplicitBitVect object at 0x1249bc580>,45
COc1cc([C@H]2OC[C@@H]3[C@H]2CO[C@H]3c2ccc3c(c2)OCO3)ccc1O,4.31,EC50,False,356.3740000000001,6,1,3.204700000000002,<rdkit.DataStructs.cDataStructs.ExplicitBitVect object at 0x1249bc5f0>,26
CN(CCOc1ccc(CC2SC(=O)NC2=O)cc1)c1ccccn1,6.51,EC50,True,357.435,6,1,2.490900000000001,<rdkit.DataStructs.cDataStructs.ExplicitBitVect object at 0x1249bc660>,25
Cc1ccccc1CC(Oc1ccc(Cl)cc1)C(=O)O,5.07,EC50,False,290.74600000000004,2,1,3.7231200000000033,<rdkit.DataStructs.cDataStructs.ExplicitBitVect object at 0x1249bc6d0>,20
O=C(O)C(Cc1ccccc1C(F)(F)F)Oc1ccc(Cl)cc1,5.39,EC50,False,344.716,2,1,4.433500000000003,<rdkit.DataStructs.cDataStructs.ExplicitBitVect object at 0x1249bc740>,23
O=C(O)[C@@H](Cc1ccc(Oc2ccccc2)cc1)Oc1ccc(Cl)cc1,4.95,EC50,False,368.81600000000014,3,1,5.207000000000003,<rdkit.DataStructs.cDataStructs.ExplicitBitVect object at 0x1249bc7b0>,26
O=C(Cc1cccc(SCc2ccccc2C(=O)O)c1)OCCc1ccc(C(F)(F)F)cc1,5.52,EC50,True,474.5000000000001,4,1,6.024300000000004,<rdkit.DataStructs.cDataStructs.ExplicitBitVect object at 0x1249bc820>,33
COC(=O)C(Cc1ccccc1)OC(=O)Cc1ccc(SCc2ccccc2C(=O)O)cc1,5.41,EC50,False,464.53900000000016,6,1,4.547100000000004,<rdkit.DataStructs.cDataStructs.ExplicitBitVect object at 0x1249bc890>,33
CN(CCOc1ccc(C[C@H](Nc2ccccc2C(=O)c2ccccc2)C(=O)O)cc1)c1ccccn1,8.04,EC50,True,495.5790000000002,6,2,4.9356000000000035,<rdkit.DataStructs.cDataStructs.ExplicitBitVect object at 0x1249bc900>,37
CCCc1cc(Oc2ccc(F)cc2)ccc1OCCCOc1ccc(C2SC(=O)NC2=O)cc1,7.22,EC50,True,495.5720000000003,6,1,6.442500000000005,<rdkit.DataStructs.cDataStructs.ExplicitBitVect object at 0x1249bc970>,35
CCOC(Cc1ccc(OCCN2CC=C(c3ccccc3OC)CC2)cc1)C(=O)O,5.41,EC50,False,425.5250000000002,5,1,3.895500000000003,<rdkit.DataStructs.cDataStructs.ExplicitBitVect object at 0x1249bc9e0>,31
Cc1oc(-c2ccccc2)nc1CCOc1ccc(CC2C(=O)NOC2=O)cc1,7.08,EC50,True,392.4110000000001,6,1,3.0182200000000003,<rdkit.DataStructs.cDataStructs.ExplicitBitVect object at 0x1249bca50>,29
CCc1nc2c(C)cc(C)nc2n1Cc1ccc2c(c1)COc1ccccc1/C2=C(\C)c1noc(=O)[nH]1,7.08,EC50,True,493.56700000000023,7,1,5.206540000000004,<rdkit.DataStructs.cDataStructs.ExplicitBitVect object at 0x1249bcac0>,37
CCc1nc2ccccc2n1Cc1ccc2c(c1)COc1ccccc1/C2=C(\C)c1noc(=O)[nH]1,7.77,EC50,True,464.5250000000002,6,1,5.1947000000000045,<rdkit.DataStructs.cDataStructs.ExplicitBitVect object at 0x1249bcb30>,35
CCCc1nc2c(C(C)(C)O)cccc2n1Cc1ccc2c(c1)COc1ccccc1/C2=C(\C)c1noc(=O)[nH]1,7.89,EC50,True,536.6320000000003,7,2,5.812200000000006,<rdkit.DataStructs.cDataStructs.ExplicitBitVect object at 0x1249bcba0>,40
CCCCCCC(Sc1nc(Cl)cc(Nc2ccc(Nc3ccccc3)cc2)n1)C(=O)O,6.16,EC50,True,471.0260000000001,6,3,7.132900000000006,<rdkit.DataStructs.cDataStructs.ExplicitBitVect object at 0x1249bcc10>,32
Cc1cc(/C=C2\Oc3cc(OCCC(C)C)ccc3C2=O)cc(C)c1OC(C)(C)C(=O)O,6.12,EC50,True,438.5200000000002,5,1,5.586540000000006,<rdkit.DataStructs.cDataStructs.ExplicitBitVect object at 0x1249bcc80>,32
CN(CCOc1ccc(CC2SC(=O)NC2=O)cc1)c1ccccn1,7.02,EC50,True,357.435,6,1,2.490900000000001,<rdkit.DataStructs.cDataStructs.ExplicitBitVect object at 0x1249bccf0>,25
COc1cccc(-c2coc3cc(O)ccc3c2=O)c1,4.65,EC50,False,268.268,4,1,3.1742000000000017,<rdkit.DataStructs.cDataStructs.ExplicitBitVect object at 0x1249bcd60>,20
COc1ccc(CC2SC(=O)NC2=O)cc1C(=O)NCc1ccc(C(F)(F)F)cc1,6.1,EC50,True,438.4270000000001,5,2,3.538100000000002,<rdkit.DataStructs.cDataStructs.ExplicitBitVect object at 0x1249bcdd0>,30
CN(CCOc1ccc(CC2SC(=O)NC2=O)cc1)c1ccccn1,6.8,EC50,True,357.435,6,1,2.490900000000001,<rdkit.DataStructs.cDataStructs.ExplicitBitVect object at 0x1249bce40>,25
CCc1ccc(CCOc2ccc(CC3SC(=O)NC3=O)cc2)nc1,6.7,EC50,True,356.44700000000006,5,1,3.159600000000001,<rdkit.DataStructs.cDataStructs.ExplicitBitVect object at 0x1249bceb0>,25
CN(CCOc1ccc(CC2SC(=O)NC2=O)cc1)c1ccccn1,7.0,EC50,True,357.435,6,1,2.490900000000001,<rdkit.DataStructs.cDataStructs.ExplicitBitVect object at 0x1249bcf20>,25
COc1ccc(O[C@@H](Cc2ccccc2)C(=O)O)cc1,4.7,EC50,False,272.3,3,1,2.7699000000000007,<rdkit.DataStructs.cDataStructs.ExplicitBitVect object at 0x1249bcf90>,20
CCCc1c(OCCCSc2ccc(CC(=O)O)cc2Cl)ccc2c(-c3ccccc3)coc12,8.28,EC50,True,495.0400000000002,4,1,7.894000000000006,<rdkit.DataStructs.cDataStructs.ExplicitBitVect object at 0x1249bd000>,34
N[C@@H](Cc1ccc(Oc2cc(I)c(O)c(I)c2)c(I)c1)C(=O)O,5.42,EC50,False,650.9760000000001,4,3,3.952700000000001,<rdkit.DataStructs.cDataStructs.ExplicitBitVect object at 0x1249bd070>,23
CCc1nc2ccn(Cc3ccccc3OC(F)(F)F)c(=O)c2n1[C@H]1CCc2cc(-c3ccccc3-c3nnn[nH]3)ccc21,7.7,EC50,True,597.6010000000001,8,1,6.090000000000005,<rdkit.DataStructs.cDataStructs.ExplicitBitVect object at 0x1249bd0e0>,44
CN(CCOc1ccc(CC2SC(=O)NC2=O)cc1)c1ccccn1,7.7,EC50,True,357.435,6,1,2.490900000000001,<rdkit.DataStructs.cDataStructs.ExplicitBitVect object at 0x1249bd150>,25
CCCCC(Cc1cccc(OCCc2ccccc2)c1OCCc1ccccc1)C(=O)O,5.43,EC50,False,446.5870000000002,3,1,6.363100000000006,<rdkit.DataStructs.cDataStructs.ExplicitBitVect object at 0x1249bd1c0>,33
CCCC/C(=C\c1cc(OCCc2ccc(C(F)(F)F)cc2)ccc1OCCc1ccc(C(F)(F)F)cc1)C(=O)O,5.14,EC50,False,580.5650000000003,3,1,8.625400000000006,<rdkit.DataStructs.cDataStructs.ExplicitBitVect object at 0x1249bd230>,41
CN(CCOc1ccc(C[C@H](Nc2ccccc2C(=O)c2ccccc2)C(=O)O)cc1)c1ccccn1,7.3,EC50,True,495.5790000000002,6,2,4.9356000000000035,<rdkit.DataStructs.cDataStructs.ExplicitBitVect object at 0x1249bd2a0>,37
Cc1cc(Cn2ncn(-c3ccc(C(F)(F)F)cc3)c2=O)cc(C)c1OC(C)(C)C(=O)O,5.84,EC50,True,449.42900000000026,6,1,3.9599400000000013,<rdkit.DataStructs.cDataStructs.ExplicitBitVect object at 0x1249bd310>,32
CCc1cc(Cn2ncn(-c3ccc(OC(F)(F)F)cc3)c2=O)cc(CC)c1OC(C)(C)C(=O)O,5.51,EC50,True,493.4820000000003,7,1,4.347700000000002,<rdkit.DataStructs.cDataStructs.ExplicitBitVect object at 0x1249bd380>,35
CCCCCCC(Sc1nc2ccc(NCc3ccccc3)cc2s1)C(=O)O,5.77,EC50,True,414.5960000000001,5,2,6.424100000000005,<rdkit.DataStructs.cDataStructs.ExplicitBitVect object at 0x1249bd3f0>,28
O=C(COc1ccc2cc(/C=C3/SC(=O)NC3=O)ccc2c1)Nc1c(F)cc(F)cc1Br,6.61,EC50,True,519.3230000000001,5,2,5.221900000000002,<rdkit.DataStructs.cDataStructs.ExplicitBitVect object at 0x1249bd460>,32
Cc1cc(Br)ccc1NC(=O)COc1ccc2cc(/C=C3/SC(=O)NC3=O)ccc2c1,6.45,EC50,True,497.37000000000023,5,2,5.252120000000003,<rdkit.DataStructs.cDataStructs.ExplicitBitVect object at 0x1249bd4d0>,31
O=C(COc1ccc2cc(/C=C3/SC(=O)NC3=O)ccc2c1)Nc1ccc(Br)cc1,6.14,EC50,True,483.3430000000001,5,2,4.943700000000002,<rdkit.DataStructs.cDataStructs.ExplicitBitVect object at 0x1249bd540>,30
O=C(O)CCCc1cc2cc(Cl)ccc2n1S(=O)(=O)c1ccc2ncsc2c1,5.47,EC50,False,434.92600000000016,6,1,4.548700000000003,<rdkit.DataStructs.cDataStructs.ExplicitBitVect object at 0x1249bd5b0>,28
CCCCCCOc1ccc(C(=O)N[C@H](C(=O)O)C(C)C)cc1,5.71,EC50,True,321.41700000000003,3,2,3.484700000000002,<rdkit.DataStructs.cDataStructs.ExplicitBitVect object at 0x1249bd620>,23
CC(C)C[C@H]1CN(c2nc3ccc(Cl)cc3s2)CCC1CCOc1cc(CC(=O)O)ccc1Cl,5.96,EC50,True,521.5100000000004,5,1,7.187900000000007,<rdkit.DataStructs.cDataStructs.ExplicitBitVect object at 0x1249bd690>,34
Cc1c(C)n(Cc2ccc(-c3ccccc3C(=O)O)cc2)c2ccc(C(=O)N[C@@H](C)c3ccc(C(C)C)cc3)cc12,5.94,EC50,True,544.6950000000003,3,2,8.286040000000005,<rdkit.DataStructs.cDataStructs.ExplicitBitVect object at 0x1249bd700>,41
Cc1c(C)n(Cc2ccc(-c3ccccc3C(=O)O)cc2)c2ccc(C(=O)NCc3cccc(C(C)C)c3)cc12,6.88,EC50,True,530.6680000000002,3,2,7.725040000000007,<rdkit.DataStructs.cDataStructs.ExplicitBitVect object at 0x1249bd770>,40
O=C(O)CCCCNC(=O)c1ccccc1NC(=O)c1ccc2ccccc2c1,4.58,EC50,False,390.43900000000014,3,3,4.076800000000002,<rdkit.DataStructs.cDataStructs.ExplicitBitVect object at 0x1249bd7e0>,29
COc1cccc([C@@H](O)COc2ccc(CC3SC(=O)NC3=O)cc2)c1,5.76,EC50,True,373.43000000000006,6,2,2.7017000000000007,<rdkit.DataStructs.cDataStructs.ExplicitBitVect object at 0x1249bd850>,26
COc1cc(C(=O)NS(=O)(=O)c2cccc(F)c2)ccc1Cc1cn(C)c2ccc(NC(=O)NC3CCCCC3)cc12,6.7,EC50,True,592.693,6,3,5.4897000000000045,<rdkit.DataStructs.cDataStructs.ExplicitBitVect object at 0x1249bd8c0>,42
COc1ccc(Oc2ccc3nc(COc4cccc(C(=O)O)c4)n(C)c3c2)c(C)n1,6.59,EC50,True,419.4370000000002,7,1,4.354820000000002,<rdkit.DataStructs.cDataStructs.ExplicitBitVect object at 0x1249bd930>,31
CCCCCCCN(CCc1ccc(O[C@H](C)C(=O)[O-])cc1)c1nc2ccccc2o1.[Na+],6.82,EC50,True,446.5230000000002,6,0,1.3685,<rdkit.DataStructs.cDataStructs.ExplicitBitVect object at 0x1249bd9a0>,32
Cc1oc(-c2ccccc2)nc1CCNc1ccc(OC(C)(C)C(=O)O)cc1,4.8,EC50,False,380.44400000000013,5,2,4.546620000000002,<rdkit.DataStructs.cDataStructs.ExplicitBitVect object at 0x1249bda10>,28
CN(CCOc1ccc(CC2SC(=O)NC2=O)cc1)c1ccccn1,5.54,EC50,True,357.435,6,1,2.490900000000001,<rdkit.DataStructs.cDataStructs.ExplicitBitVect object at 0x1249bda80>,25
CCCCCCCN(CCc1ccc(SC(C)(C)C(=O)O)cc1)C(=O)Nc1ccc(F)cc1F,6.0,EC50,True,492.6320000000002,3,2,6.9671000000000065,<rdkit.DataStructs.cDataStructs.ExplicitBitVect object at 0x1249bdaf0>,34
Cc1oc(-c2ccccc2)nc1CCOc1ccc(C[C@@H](C(=O)O)n2cccc2)cc1,8.33,EC50,True,416.4770000000001,5,1,4.941420000000003,<rdkit.DataStructs.cDataStructs.ExplicitBitVect object at 0x1249bdb60>,31
O=C(O)[C@H](Cc1ccc(-c2ccccc2)cc1)Oc1ccc(-c2ccccc2)cc1,5.01,EC50,False,394.4700000000001,2,1,6.095300000000005,<rdkit.DataStructs.cDataStructs.ExplicitBitVect object at 0x1249bdbd0>,30
CCCOc1ccc(C[C@@H](Cc2ccccc2)C(=O)O)cc1CNC(=O)c1ccc(N2C3CC4CC(C3)CC2C4)cc1,8.66,EC50,True,566.7420000000003,4,2,6.658700000000007,<rdkit.DataStructs.cDataStructs.ExplicitBitVect object at 0x1249bdc40>,42
CCCOc1ccc(C[C@@H](Cc2ccccc2)C(=O)O)cc1CNC(=O)c1ccc(N2CC(C)(C)CC(C)(C)C2)cc1,8.66,EC50,True,570.7740000000002,4,2,7.153900000000007,<rdkit.DataStructs.cDataStructs.ExplicitBitVect object at 0x1249bdcb0>,42
CCC(Cc1ccc(OC)c(CNC(=O)c2ccc(C34CC5CC(CC(C5)C3)C4)cc2)c1)C(=O)O,6.96,EC50,True,475.62900000000036,3,2,5.746300000000005,<rdkit.DataStructs.cDataStructs.ExplicitBitVect object at 0x1249bdd20>,35
Cc1cc(Cc2cc(-c3ccc(Br)cc3)on2)cc(C)c1OC(C)(C)C(=O)O,5.53,EC50,True,444.3250000000002,4,1,5.553740000000005,<rdkit.DataStructs.cDataStructs.ExplicitBitVect object at 0x1249bdd90>,28
Cc1cccc(Nc2cc(Cl)nc(SC(C(=O)O)c3ccccc3)n2)c1C,4.52,EC50,False,399.90300000000013,5,2,5.408440000000003,<rdkit.DataStructs.cDataStructs.ExplicitBitVect object at 0x1249bde00>,27
Cc1cccc(Nc2cc(Br)nc(SCC(=O)O)n2)c1C,4.88,EC50,False,368.25600000000014,5,2,3.7762400000000014,<rdkit.DataStructs.cDataStructs.ExplicitBitVect object at 0x1249bde70>,21
CN(CCOc1ccc(CC2SC(=O)NC2=O)cc1)c1ccccn1,7.12,EC50,True,357.435,6,1,2.490900000000001,<rdkit.DataStructs.cDataStructs.ExplicitBitVect object at 0x1249bdee0>,25
CCO[C@@H](Cc1ccc(OC/C=C/C#Cc2ccccc2)cc1)C(=O)O,5.58,EC50,True,350.41400000000004,3,1,3.7055000000000016,<rdkit.DataStructs.cDataStructs.ExplicitBitVect object at 0x1249bdf50>,26
CCOC(Cc1ccc(Oc2ccc(OCc3ccccc3)cc2)cc1)C(=O)O,4.75,EC50,False,392.4510000000001,4,1,5.090100000000005,<rdkit.DataStructs.cDataStructs.ExplicitBitVect object at 0x1249bdfc0>,29
Cc1cc(CNC(=O)c2ccc(C(F)(F)F)cc2F)cc(Oc2ccc(OC(C)(C)C(=O)O)c(C)c2)c1,7.43,EC50,True,519.4910000000003,4,2,6.425640000000006,<rdkit.DataStructs.cDataStructs.ExplicitBitVect object at 0x1249be030>,37
Cc1oc(-c2cccs2)nc1CCOc1ccc(C[C@](C)(Oc2ccccc2)C(=O)O)cc1,8.4,EC50,True,463.5550000000002,6,1,5.797820000000006,<rdkit.DataStructs.cDataStructs.ExplicitBitVect object at 0x1249be0a0>,33
CCc1ccc(CCOc2ccc(CC3SC(=O)NC3=O)cc2)nc1,6.6,EC50,True,356.44700000000006,5,1,3.159600000000001,<rdkit.DataStructs.cDataStructs.ExplicitBitVect object at 0x1249be110>,25
CC(O)c1ccc(CCOc2ccc(CC3SC(=O)NC3=O)cc2)nc1,6.17,EC50,True,372.4460000000001,6,2,2.650500000000001,<rdkit.DataStructs.cDataStructs.ExplicitBitVect object at 0x1249be180>,26
Cc1oc(-c2ccccc2)nc1CCOc1ccc(C[C@]2(C(=O)O)C=CC=CO2)cc1,7.7,EC50,True,417.4610000000001,5,1,4.737520000000003,<rdkit.DataStructs.cDataStructs.ExplicitBitVect object at 0x1249be1f0>,31
CCO[C@@H](Cc1ccc(OCC=C(c2ccccc2)c2ccccc2)cc1)C(=O)O,5.57,EC50,True,402.4900000000001,3,1,5.229500000000005,<rdkit.DataStructs.cDataStructs.ExplicitBitVect object at 0x1249be260>,30
CCO[C@@H](Cc1ccc(OC/C=C(\c2ccccc2)c2ccc(-c3ccccc3)cc2)cc1)C(=O)O,6.22,EC50,True,478.5880000000002,3,1,6.896500000000007,<rdkit.DataStructs.cDataStructs.ExplicitBitVect object at 0x1249be2d0>,36
CCC(Cc1ccc(OC)c(C(=O)NCc2ccc(C(F)(F)F)cc2F)c1)C(=O)O,6.3,EC50,True,427.39400000000006,3,2,4.436400000000003,<rdkit.DataStructs.cDataStructs.ExplicitBitVect object at 0x1249be340>,30
CCCc1nc2ccccc2n1Cc1ccc2c(c1)COc1c(F)cccc1/C2=C(\C)c1noc(=O)[nH]1,8.36,EC50,True,496.54200000000026,6,1,5.723900000000005,<rdkit.DataStructs.cDataStructs.ExplicitBitVect object at 0x1249be3b0>,37
CCCCC(Sc1nc(OCCc2ccccc2)cc(OCCc2ccccc2)n1)C(=O)O,5.08,EC50,False,466.60300000000024,6,1,5.455100000000005,<rdkit.DataStructs.cDataStructs.ExplicitBitVect object at 0x1249be420>,33
Cc1c(C)n(Cc2ccc(-c3ccccc3C(=O)O)cc2)c2ccc(C(=O)NCc3ccc(C(C)(C)C)cc3)cc12,6.91,EC50,True,544.6950000000003,3,2,7.899140000000008,<rdkit.DataStructs.cDataStructs.ExplicitBitVect object at 0x1249be490>,41
C/C(=N\O)c1ccc(OC(Cc2ccccc2)C(=O)O)cc1,5.03,EC50,False,299.326,4,2,2.959500000000001,<rdkit.DataStructs.cDataStructs.ExplicitBitVect object at 0x1249be500>,22
CCc1ccc(CCOc2ccc(CC3SC(=O)NC3=O)cc2)nc1,6.42,EC50,True,356.44700000000006,5,1,3.159600000000001,<rdkit.DataStructs.cDataStructs.ExplicitBitVect object at 0x1249be570>,25
CCO[C@@H](Cc1ccc(OCCc2nc(-c3ccccc3)oc2C)c2ccsc12)C(=O)O,7.68,EC50,True,451.54400000000015,6,1,5.518420000000004,<rdkit.DataStructs.cDataStructs.ExplicitBitVect object at 0x1249be5e0>,32
CO[C@H](Cc1ccc(OCCc2nc(-c3ccccc3)oc2C)c2ccsc12)C(=O)O,5.92,EC50,True,437.51700000000017,6,1,5.128320000000005,<rdkit.DataStructs.cDataStructs.ExplicitBitVect object at 0x1249be650>,31
CCO[C@@H](Cc1ccc(OCCc2nc(-c3ccccc3)oc2C)c2ccccc12)C(=O)O,7.43,EC50,True,445.51500000000016,5,1,5.4569200000000055,<rdkit.DataStructs.cDataStructs.ExplicitBitVect object at 0x1249be6c0>,33
CN(CCOc1ccc(CC2SC(=O)NC2=O)cc1)c1nc2ccccc2s1,7.24,EC50,True,413.52400000000006,7,1,3.7056000000000022,<rdkit.DataStructs.cDataStructs.ExplicitBitVect object at 0x1249be730>,28
Cc1cc(SCc2sc(-c3ccc(C(F)(F)F)cc3)nc2C)ccc1OCC(=O)O,5.05,EC50,False,453.5070000000002,5,1,6.201440000000006,<rdkit.DataStructs.cDataStructs.ExplicitBitVect object at 0x1249be7a0>,30
C/C(=C1/c2ccc(Cc3c(C4CC4)nc4ccccn34)cc2COc2cc(F)ccc21)c1noc(=O)[nH]1,7.72,EC50,True,494.52600000000024,6,1,5.489300000000005,<rdkit.DataStructs.cDataStructs.ExplicitBitVect object at 0x1249be810>,37
COCc1nc2cc(Cl)ccn2c1Cc1ccc2c(c1)COc1cc(F)ccc1/C2=C(\C)c1noc(=O)[nH]1,8.28,EC50,True,532.9590000000003,7,1,5.411700000000004,<rdkit.DataStructs.cDataStructs.ExplicitBitVect object at 0x1249be880>,38
CCCc1nc2ccccc2n1Cc1ccc2c(c1)COc1c(F)cccc1/C2=C(\C)c1noc(=O)[nH]1,8.42,EC50,True,496.54200000000026,6,1,5.723900000000005,<rdkit.DataStructs.cDataStructs.ExplicitBitVect object at 0x1249be8f0>,37
C/C(=C1/c2ccc(Cc3c(C4CC4)nc4c(Cl)cccn34)cc2COc2cc(F)ccc21)c1noc(=O)[nH]1,8.6,EC50,True,528.9710000000002,6,1,6.142700000000005,<rdkit.DataStructs.cDataStructs.ExplicitBitVect object at 0x1249be960>,38
[2H]C([2H])(Cc1cn(S(=O)(=O)c2ccc3c(c2)CCO3)c2ccc(OC)cc12)C(=O)O,6.17,EC50,True,403.45220355600014,6,1,2.8390000000000004,<rdkit.DataStructs.cDataStructs.ExplicitBitVect object at 0x1249be9d0>,28
CS(=O)(=O)Oc1ccc(CC(=O)OCCCc2ccc(CC(SCCc3ccc(F)cc3)C(=O)O)cc2)cc1,4.75,EC50,False,574.6920000000002,7,1,4.854200000000005,<rdkit.DataStructs.cDataStructs.ExplicitBitVect object at 0x1249bea40>,39
Cc1ccc(OC(=O)N(CC(=O)O)Cc2cccc(OCc3nc(-c4ccc(C(C)(C)C)cc4)oc3C)c2)cc1,7.7,EC50,True,542.6320000000004,6,1,6.920540000000007,<rdkit.DataStructs.cDataStructs.ExplicitBitVect object at 0x1249beab0>,40
Cc1ccc(OC(=O)N(CC(=O)O)Cc2cccc(OCc3nc(-c4ccc(C)cc4)oc3C)c2)cc1,6.17,EC50,True,500.55100000000033,6,1,5.931460000000006,<rdkit.DataStructs.cDataStructs.ExplicitBitVect object at 0x1249beb20>,37
CCCCCCC(Sc1nc(Cl)cc(Nc2cccc(C)c2C)n1)C(=O)O,5.44,EC50,False,407.96700000000016,5,2,6.006140000000005,<rdkit.DataStructs.cDataStructs.ExplicitBitVect object at 0x1249beb90>,27
O=C(Cc1ccccn1)OCc1ccc(CC(SCCc2ccc(F)cc2)C(=O)O)cc1,5.68,EC50,True,453.53500000000014,5,1,4.478200000000003,<rdkit.DataStructs.cDataStructs.ExplicitBitVect object at 0x1249bec00>,32
CCO[C@@H](Cc1ccc(OC/C=C(\c2ccccc2)c2ccc(F)cc2)cc1)C(=O)O,5.07,EC50,False,420.48000000000013,3,1,5.368600000000005,<rdkit.DataStructs.cDataStructs.ExplicitBitVect object at 0x1249bec70>,31
Cc1oc(-c2ccc(-c3ccccc3)cc2)nc1CCOc1ccc(CC(C)(Oc2ccccc2)C(=O)O)cc1,8.15,EC50,True,533.6240000000004,5,1,7.403320000000007,<rdkit.DataStructs.cDataStructs.ExplicitBitVect object at 0x1249bece0>,40
CN(CCOc1ccc(CC2SC(=O)NC2=O)cc1)c1ccccn1,7.41,EC50,True,357.435,6,1,2.490900000000001,<rdkit.DataStructs.cDataStructs.ExplicitBitVect object at 0x1249bed50>,25
CN(CCOc1ccc(CC2SC(=O)NC2=O)cc1)c1ccccn1,7.12,EC50,True,357.435,6,1,2.490900000000001,<rdkit.DataStructs.cDataStructs.ExplicitBitVect object at 0x1249bedc0>,25
Cc1c(C)n(Cc2ccc(-c3ccccc3C(=O)O)cc2)c2ccc(C(=O)NCc3ccc([N+](=O)[O-])cc3)cc12,5.87,EC50,True,533.5840000000003,5,2,6.509840000000006,<rdkit.DataStructs.cDataStructs.ExplicitBitVect object at 0x1249bee30>,40
CC[C@@H](NC(=O)c1ccc2c(c1)c(C)c(C)n2Cc1ccc(-c2ccccc2C(=O)O)cc1)c1ccccc1,8.52,EC50,True,516.6410000000002,3,2,7.552740000000007,<rdkit.DataStructs.cDataStructs.ExplicitBitVect object at 0x1249beea0>,39
Cc1c(C)n(Cc2ccc(-c3ccccc3C(=O)O)cc2)c2ccc(C(=O)N[C@@H](C)c3cccc(C(F)(F)F)c3)cc12,6.73,EC50,True,570.6110000000002,3,2,8.181440000000006,<rdkit.DataStructs.cDataStructs.ExplicitBitVect object at 0x1249bef10>,42
Cc1c(C)n(Cc2ccc(-c3ccccc3C(=O)O)cc2)c2ccc(C(=O)N[C@H](c3cccc(C(C)C)c3)C(C)C)cc12,6.88,EC50,True,572.7490000000001,3,2,8.922140000000002,<rdkit.DataStructs.cDataStructs.ExplicitBitVect object at 0x1249bef80>,43
Cc1c(C)n(Cc2ccc(-c3ccccc3C(=O)O)cc2)c2ccc(C(=O)N[C@@H](CC(C)C)c3cccc(C(C)C)c3)cc12,6.65,EC50,True,586.7760000000002,3,2,9.31224,<rdkit.DataStructs.cDataStructs.ExplicitBitVect object at 0x1249beff0>,44
CCC(C(=O)O)C1CCc2cc(OCCc3nc(Cc4ccccc4)oc3C)ccc21,6.48,EC50,True,419.52100000000013,4,1,5.335920000000005,<rdkit.DataStructs.cDataStructs.ExplicitBitVect object at 0x1249bf060>,31
CCCCO/N=C/c1ccc(OC(Cc2ccccc2)C(=O)O)cc1,5.44,EC50,False,341.40700000000004,4,1,3.911900000000003,<rdkit.DataStructs.cDataStructs.ExplicitBitVect object at 0x1249bf0d0>,25
O=C([O-])C(Cc1ccccc1)Oc1ccc(/C=N/OCCc2ccccc2)cc1.[Na+],5.75,EC50,True,411.43300000000016,5,0,0.023800000000000265,<rdkit.DataStructs.cDataStructs.ExplicitBitVect object at 0x1249bf140>,30
CCCCC(Sc1nc(OCCc2ccc(C(F)(F)F)cc2)cc(OCCc2ccc(C(F)(F)F)cc2)n1)C(=O)O,4.96,EC50,False,602.5970000000002,6,1,7.492700000000007,<rdkit.DataStructs.cDataStructs.ExplicitBitVect object at 0x1249bf1b0>,41
COc1ccc(C(=O)O)cc1NC(=O)c1ccccc1NC(=O)c1ccc(C(C)(C)C)cc1,5.35,EC50,False,446.5030000000002,4,3,5.195500000000004,<rdkit.DataStructs.cDataStructs.ExplicitBitVect object at 0x1249bf220>,33
CC(C)(Oc1ccc(OCCc2ccc(/N=N/c3ccccc3)cc2)cc1)C(=O)O,5.22,EC50,False,404.46600000000007,5,1,5.965500000000006,<rdkit.DataStructs.cDataStructs.ExplicitBitVect object at 0x1249bf290>,30
Cc1cc(COc2ccc3c(c2)O/C(=C\c2ccc(OC(F)(F)F)cc2)C3=O)cc(C)c1OC(C)(C)C(=O)O,5.2,EC50,False,542.5060000000003,6,1,6.6392400000000045,<rdkit.DataStructs.cDataStructs.ExplicitBitVect object at 0x1249bf300>,39
CCOc1ccc2c(c1)O/C(=C\c1cc(C)c(OCC(=O)O)c(C)c1)C2=O,5.88,EC50,True,368.3850000000001,5,1,3.781740000000002,<rdkit.DataStructs.cDataStructs.ExplicitBitVect object at 0x1249bf370>,27
Cc1cc(CNC(=O)c2cc(-c3ccc(C(C)(C)C)cc3)[nH]n2)ccc1OC(C)(C)C(=O)O,6.57,EC50,True,449.55100000000016,4,3,4.854620000000003,<rdkit.DataStructs.cDataStructs.ExplicitBitVect object at 0x1249bf3e0>,33
C=CCOc1ccc(-c2cc(C(=O)NCc3ccc(OC(C)(C)C(=O)O)c(C)c3)nn2C)cc1,7.55,EC50,True,463.5340000000002,6,2,4.132320000000003,<rdkit.DataStructs.cDataStructs.ExplicitBitVect object at 0x1249bf450>,34
CN(CCOc1ccc(CC2SC(=O)NC2=O)cc1)c1ccccn1,7.41,EC50,True,357.435,6,1,2.490900000000001,<rdkit.DataStructs.cDataStructs.ExplicitBitVect object at 0x1249bf4c0>,25
C=C[C@@H](O)C#CC#C[C@H](/C=C\CCCCCCC)OC(=O)/C=C/c1ccc(O)c(OC)c1,5.64,EC50,True,436.5480000000001,5,2,4.796200000000005,<rdkit.DataStructs.cDataStructs.ExplicitBitVect object at 0x1249bf530>,32
COc1ccc(COc2ccc(CNc3cccc(OC(C)(C)C(=O)O)c3)c(OCc3ccc(OC)cc3)c2)cc1,5.25,EC50,False,557.6430000000004,7,2,6.715900000000006,<rdkit.DataStructs.cDataStructs.ExplicitBitVect object at 0x1249bf5a0>,41
CN(CCOc1ccc(CC2SC(=O)NC2=O)cc1)c1ccccn1,7.41,EC50,True,357.435,6,1,2.490900000000001,<rdkit.DataStructs.cDataStructs.ExplicitBitVect object at 0x1249bf610>,25
CN(CCO)C(=O)[C@@H](NC(=O)OCc1ccccc1)c1cccc(NC(=O)CCl)c1,5.05,EC50,False,433.89200000000017,5,3,2.2821,<rdkit.DataStructs.cDataStructs.ExplicitBitVect object at 0x1249bf680>,30
CC(C)(Oc1ccc(OCCCCOc2ccc(Oc3ccc(F)cc3)cc2Cl)cc1)C(=O)O,5.11,EC50,False,488.9390000000001,5,1,6.751400000000006,<rdkit.DataStructs.cDataStructs.ExplicitBitVect object at 0x1249bf6f0>,34
CCCc1c(OCCCOc2ccc3c(ccn3CCC(=O)O)c2)ccc2c(C(F)(F)F)noc12,5.92,EC50,True,490.47800000000024,6,1,6.076400000000004,<rdkit.DataStructs.cDataStructs.ExplicitBitVect object at 0x1249bf760>,35
COc1ccc(OC(=O)N(CC(=O)O)Cc2ccc(OCCc3nc(-c4ccccc4)oc3C)cc2)cc1,7.46,EC50,True,516.5500000000003,7,1,5.365720000000005,<rdkit.DataStructs.cDataStructs.ExplicitBitVect object at 0x1249bf7d0>,38
CCc1ccc(CCOc2ccc(CC3SC(=O)NC3=O)cc2)nc1,6.1,EC50,True,356.44700000000006,5,1,3.159600000000001,<rdkit.DataStructs.cDataStructs.ExplicitBitVect object at 0x1249bf840>,25
CCCOc1ccc(CC(CC)C(=O)O)cc1CNC(=O)c1ccc(C23CC4CC(CC(C4)C2)C3)cc1,7.16,EC50,True,503.68300000000033,3,2,6.526500000000007,<rdkit.DataStructs.cDataStructs.ExplicitBitVect object at 0x1249bf8b0>,37
CCCCC(Sc1nc(OCCC(C)C)cc(OCCC(C)C)n1)C(=O)O,4.96,EC50,False,398.5690000000002,6,1,5.061900000000004,<rdkit.DataStructs.cDataStructs.ExplicitBitVect object at 0x1249bf920>,27
Cc1ccc(CC(=O)O)cc1OCCC1CCN(c2nc3ccc(Cl)cc3s2)CC1,6.27,EC50,True,444.9840000000002,5,1,5.570720000000005,<rdkit.DataStructs.cDataStructs.ExplicitBitVect object at 0x1249bf990>,30
C[C@H]1CN(c2nc3ccc(Cl)cc3s2)CCN1CCOc1cc(CC(=O)O)ccc1Cl,6.1,EC50,True,480.41700000000026,6,1,4.819700000000004,<rdkit.DataStructs.cDataStructs.ExplicitBitVect object at 0x1249bfa00>,31
O=C(O)Cc1ccc(COc2cccc(-c3c(Cc4ccccc4)cnc4c(C(F)(F)F)cccc34)c2)cc1,6.17,EC50,True,527.5420000000001,3,1,7.717500000000006,<rdkit.DataStructs.cDataStructs.ExplicitBitVect object at 0x1249bfa70>,39
Cn1c(COc2ccc(CC3SC(=O)NC3=O)cc2)nc2ccc(Oc3ccc(O)c(C(C)(C)C)c3)cc21,9.39,EC50,True,531.6340000000002,8,2,5.841800000000006,<rdkit.DataStructs.cDataStructs.ExplicitBitVect object at 0x1249bfae0>,38
Cc1oc(-c2ccccc2)nc1CCCc1ccc(C[C@@H](C(=O)O)n2cccn2)cc1,7.19,EC50,True,415.49300000000005,5,1,4.890220000000003,<rdkit.DataStructs.cDataStructs.ExplicitBitVect object at 0x1249bfb50>,31
O=C(O)COc1ccc(COc2cc(/C=C/c3ccc(OCC4CC4)cc3)cc(OCC3CC3)c2)cc1F,4.61,EC50,False,518.5810000000004,5,1,6.6161000000000065,<rdkit.DataStructs.cDataStructs.ExplicitBitVect object at 0x1249bfbc0>,38
CCc1ccc(CCOc2ccc(CC3SC(=O)NC3=O)cc2)nc1,6.68,EC50,True,356.44700000000006,5,1,3.159600000000001,<rdkit.DataStructs.cDataStructs.ExplicitBitVect object at 0x1249bfc30>,25
CCc1ccc(O[C@H](C)CCOc2ccc(CCC(=O)O)c(C)c2)c(Oc2ccccc2)c1,8.1,EC50,True,448.55900000000014,4,1,6.603320000000007,<rdkit.DataStructs.cDataStructs.ExplicitBitVect object at 0x1249bfca0>,33
CCCc1cc(Oc2ccc(CC(C)C)cc2)ccc1OCCCOc1ccc(C2SC(=O)NC2=O)cc1,7.52,EC50,True,533.6900000000004,6,1,7.501900000000008,<rdkit.DataStructs.cDataStructs.ExplicitBitVect object at 0x1249bfd10>,38
COc1ccc(OC(=O)N(CC(=O)O)Cc2ccc(OCCc3nc(-c4ccccc4)oc3C)cc2)cc1,6.96,EC50,True,516.5500000000003,7,1,5.365720000000005,<rdkit.DataStructs.cDataStructs.ExplicitBitVect object at 0x1249bfd80>,38
O=S(=O)(Nc1ccc(Oc2cnc3ccccc3c2)c(Cl)c1)c1ccc(Cl)cc1Cl,7.0,EC50,True,479.77200000000016,4,1,6.788100000000003,<rdkit.DataStructs.cDataStructs.ExplicitBitVect object at 0x1249bfdf0>,30
CC(=O)c1cc(NS(=O)(=O)c2ccc(Cl)cc2Cl)cc(Cl)c1Oc1cncc(Cl)c1,7.52,EC50,True,506.1940000000002,5,1,6.490900000000002,<rdkit.DataStructs.cDataStructs.ExplicitBitVect object at 0x1249bfe60>,30
C/C(=N\OCCOc1ccc(CC2SC(=O)NC2=O)cc1)c1cccc(-c2ccccc2)c1,6.48,EC50,True,460.5550000000002,6,1,5.067300000000004,<rdkit.DataStructs.cDataStructs.ExplicitBitVect object at 0x1249bfed0>,33
CN(CCOc1ccc(CC2SC(=O)NC2=O)cc1)c1ccccn1,6.65,EC50,True,357.435,6,1,2.490900000000001,<rdkit.DataStructs.cDataStructs.ExplicitBitVect object at 0x1249bff40>,25
CCCc1cc(Oc2ccc(O)cc2)ccc1OCCCOc1ccc(C2SC(=O)NC2=O)cc1,7.64,EC50,True,493.58100000000024,7,2,6.009000000000005,<rdkit.DataStructs.cDataStructs.ExplicitBitVect object at 0x1249c4040>,35
CCCCCCC(Sc1nc2ccc(NCc3cccc(Cl)c3)cc2s1)C(=O)O,5.82,EC50,True,449.0410000000001,5,2,7.077500000000006,<rdkit.DataStructs.cDataStructs.ExplicitBitVect object at 0x1249c40b0>,29
CCCCCC[C@H](Sc1nc2ccc(NS(=O)(=O)c3ccc(Cl)cc3Cl)cc2s1)C(=O)O,6.8,EC50,True,533.5240000000003,6,2,6.919600000000004,<rdkit.DataStructs.cDataStructs.ExplicitBitVect object at 0x1249c4120>,32
CCCCCC[C@@H](Sc1nc2ccc(NS(=O)(=O)c3ccc(Cl)cc3Cl)cc2s1)C(=O)O,8.8,EC50,True,533.5240000000003,6,2,6.919600000000004,<rdkit.DataStructs.cDataStructs.ExplicitBitVect object at 0x1249c4190>,32
CCc1ccc(-c2nc3cc(NC(=O)c4cccc([N+](=O)[O-])c4)ccc3o2)cc1,5.09,EC50,False,387.3950000000001,5,1,5.217700000000003,<rdkit.DataStructs.cDataStructs.ExplicitBitVect object at 0x1249c4200>,29
CCc1ccc(-c2nc3cc(NC(=O)c4ccc([N+](=O)[O-])s4)ccc3o2)cc1,5.1,EC50,False,393.4240000000001,6,1,5.279200000000004,<rdkit.DataStructs.cDataStructs.ExplicitBitVect object at 0x1249c4270>,28
CCCc1cc(-c2ccccc2)ccc1OCCCOc1cccc(C2OC(=O)NC2=O)c1,7.05,EC50,True,445.51500000000016,5,1,5.461500000000005,<rdkit.DataStructs.cDataStructs.ExplicitBitVect object at 0x1249c42e0>,33
CCCCC/C(=C\CCCCCCCCCCC(=O)O)[N+](=O)[O-],6.21,EC50,True,327.465,3,1,5.712900000000005,<rdkit.DataStructs.cDataStructs.ExplicitBitVect object at 0x1249c4350>,23
Cc1oc(-c2ccccc2)nc1CCOc1ccc(C[C@@](O)(C(=O)O)c2ccccc2C(=O)c2ccccc2)cc1,9.47,EC50,True,547.6070000000003,6,2,6.017420000000006,<rdkit.DataStructs.cDataStructs.ExplicitBitVect object at 0x1249c43c0>,41
Cc1oc(-c2ccccc2)nc1CCOc1ccc(C[C@](C)(Oc2ccccc2)C(=O)O)cc1,8.52,EC50,True,457.5260000000002,5,1,5.736320000000005,<rdkit.DataStructs.cDataStructs.ExplicitBitVect object at 0x1249c4430>,34
Cc1cc(CN2C(=O)CN(c3ccc(C(F)(F)F)cc3)C2=O)ccc1OC(C)(C)C(=O)O,5.57,EC50,True,450.4130000000002,4,1,4.224620000000003,<rdkit.DataStructs.cDataStructs.ExplicitBitVect object at 0x1249c44a0>,32
Cc1cc(CN2C(=O)CN(Cc3ccc(C(F)(F)F)cc3)C2=O)cc(C)c1OC(C)(C)C(=O)O,5.83,EC50,True,478.46700000000027,4,1,4.528640000000003,<rdkit.DataStructs.cDataStructs.ExplicitBitVect object at 0x1249c4510>,34
Cc1cc(CN2C(=O)CN(c3ccc(C(F)(F)F)cc3)C2=O)cc(C)c1OC(C)(C)C(=O)O,5.78,EC50,True,464.4400000000002,4,1,4.533040000000003,<rdkit.DataStructs.cDataStructs.ExplicitBitVect object at 0x1249c4580>,33
Cc1cc(CN2C(=O)CN(c3ccc(-c4ccccc4)cc3)C2=O)cc(C)c1OC(C)(C)C(=O)O,6.2,EC50,True,472.5410000000003,4,1,5.181240000000004,<rdkit.DataStructs.cDataStructs.ExplicitBitVect object at 0x1249c45f0>,35
C/C(=C1/c2ccc(Cc3c(C4CC4)nc4ccccn34)cc2COc2cc(F)ccc21)c1noc(=O)[nH]1,8.28,EC50,True,494.52600000000024,6,1,5.489300000000005,<rdkit.DataStructs.cDataStructs.ExplicitBitVect object at 0x1249c4660>,37
CCCCCCC(Sc1nc2ccc(NC(=O)c3ccccc3)cc2s1)C(=O)O,5.31,EC50,False,428.5790000000001,5,2,6.064300000000005,<rdkit.DataStructs.cDataStructs.ExplicitBitVect object at 0x1249c46d0>,29
O=C(O)c1ccc(-c2nn(C(=O)c3c(Cl)cccc3C(F)(F)F)c3ccccc23)cc1,5.04,EC50,False,444.79600000000005,4,1,5.762200000000003,<rdkit.DataStructs.cDataStructs.ExplicitBitVect object at 0x1249c4740>,31
CN(CCOc1ccc(C[C@H](Nc2ccccc2C(=O)c2ccccc2)C(=O)O)cc1)c1ccccn1,8.83,EC50,True,495.5790000000002,6,2,4.9356000000000035,<rdkit.DataStructs.cDataStructs.ExplicitBitVect object at 0x1249c47b0>,37
CCO[C@@H](Cc1ccc(OCCc2ccc(OS(C)(=O)=O)cc2)cc1)C(=O)O,6.15,EC50,True,408.4720000000001,6,1,2.6787,<rdkit.DataStructs.cDataStructs.ExplicitBitVect object at 0x1249c4820>,28
Cc1cc(F)ccc1-c1cc2cc(CCC(=O)O)ccc2[nH]1,4.25,EC50,False,297.32899999999995,1,2,4.299620000000003,<rdkit.DataStructs.cDataStructs.ExplicitBitVect object at 0x1249c4890>,22
COC1Oc2cc(O)c3c(c2C(=O)N1C(=O)NCc1cccc(Cl)c1)OC1=CC(O)=C(C(C)=O)C(=O)[C@]13C,5.17,EC50,False,540.9120000000001,9,3,3.237800000000002,<rdkit.DataStructs.cDataStructs.ExplicitBitVect object at 0x1249c4900>,38
COC1Oc2cc(O)c3c(c2C(=O)N1C(=O)NCc1cccnc1)OC1=CC(O)=C(C(C)=O)C(=O)[C@]13C,4.96,EC50,False,507.45500000000027,10,3,1.9793999999999998,<rdkit.DataStructs.cDataStructs.ExplicitBitVect object at 0x1249c4970>,37
COC1Oc2cc(O)c3c(c2C(=O)N1C(=O)NCc1cccs1)OC1=CC(O)=C(C(C)=O)C(=O)[C@]13C,5.92,EC50,True,512.4960000000002,10,3,2.645900000000001,<rdkit.DataStructs.cDataStructs.ExplicitBitVect object at 0x1249c49e0>,36
COC1Oc2cc(O)c3c(c2C(=O)N1C(=O)NCc1cc2ccccc2o1)OC1=CC(O)=C(C(C)=O)C(=O)[C@]13C,5.64,EC50,True,546.4880000000002,10,3,3.3306000000000013,<rdkit.DataStructs.cDataStructs.ExplicitBitVect object at 0x1249c4a50>,40
CCCCOc1ccc(C[C@H](CC)C(=O)O)cc1CNC(=O)c1ccc(C(F)(F)F)cc1F,5.85,EC50,True,469.4750000000001,3,2,5.606700000000005,<rdkit.DataStructs.cDataStructs.ExplicitBitVect object at 0x1249c4ac0>,33
Cc1cc(C(Cc2ccc(CCCc3nc(-c4ccccc4)oc3C)cc2)C(=O)O)no1,5.72,EC50,True,430.50400000000013,5,1,5.532640000000006,<rdkit.DataStructs.cDataStructs.ExplicitBitVect object at 0x1249c4b30>,32
CN(CCOc1ccc(CC2SC(=O)NC2=O)cc1)c1ccccn1,6.66,EC50,True,357.435,6,1,2.490900000000001,<rdkit.DataStructs.cDataStructs.ExplicitBitVect object at 0x1249c4ba0>,25
CCCc1cc2cc(NC(=O)C(CC)c3ccccc3)ccc2n1Cc1ccc(-c2ccccc2C(=O)O)cc1,8.7,EC50,True,530.6680000000002,3,2,8.139600000000007,<rdkit.DataStructs.cDataStructs.ExplicitBitVect object at 0x1249c4c10>,40
Cc1ccc(OC(=O)N(CC(=O)O)Cc2cccc(OCc3sc(-c4ccc(Cl)cc4)nc3C)c2)cc1,5.85,EC50,True,537.0370000000004,6,1,6.744940000000006,<rdkit.DataStructs.cDataStructs.ExplicitBitVect object at 0x1249c4c80>,37
Cc1ccc(OC(=O)N(CC(=O)O)Cc2cccc(OCc3nc(-c4ccc(C(C)C)cc4)oc3C)c2)cc1,6.55,EC50,True,528.6050000000004,6,1,6.746440000000007,<rdkit.DataStructs.cDataStructs.ExplicitBitVect object at 0x1249c4cf0>,39
Cc1ccc(OC(=O)N(CC(=O)O)Cc2cccc(OCc3nc(-c4ccc(C(F)(F)F)cc4)oc3C)c2)cc1,6.15,EC50,True,554.5210000000003,6,1,6.6418400000000055,<rdkit.DataStructs.cDataStructs.ExplicitBitVect object at 0x1249c4d60>,40
Cc1cccc(N2CCN([C@@H](Cc3ccc(OCCc4nc(-c5ccccc5)oc4C)cc3)C(=O)O)CC2)c1,5.94,EC50,True,525.6490000000002,6,1,5.397840000000005,<rdkit.DataStructs.cDataStructs.ExplicitBitVect object at 0x1249c4dd0>,39
O=C(Nc1ccc(Oc2ncccn2)cc1C(=O)O)c1ccc(Cl)cc1Cl,5.89,EC50,True,404.20900000000006,5,2,4.526200000000002,<rdkit.DataStructs.cDataStructs.ExplicitBitVect object at 0x1249c4e40>,27
Cc1c(C)n(Cc2ccc(-c3ccccc3C(=O)O)cc2)c2ccc(C(=O)NCc3ccc(Br)cc3)cc12,6.29,EC50,True,567.4830000000002,3,2,7.364140000000006,<rdkit.DataStructs.cDataStructs.ExplicitBitVect object at 0x1249c4eb0>,38
Cc1c(C)n(Cc2ccc(-c3ccccc3C(=O)O)cc2)c2ccc(C(=O)N[C@@H](C)c3ccc(Br)cc3)cc12,6.29,EC50,True,581.5100000000002,3,2,7.925140000000007,<rdkit.DataStructs.cDataStructs.ExplicitBitVect object at 0x1249c4f20>,39
CCCCCCC(Sc1nc(Cl)cc(Nc2nc(-c3ccc4ccccc4c3)cs2)n1)C(=O)O,5.89,EC50,True,513.0880000000002,7,2,7.666000000000007,<rdkit.DataStructs.cDataStructs.ExplicitBitVect object at 0x1249c4f90>,34
[2H]C([2H])(Cc1cn(S(=O)(=O)c2ccc(OC(F)(F)F)cc2)c2ccc(OC)cc12)C(=O)O,6.02,EC50,True,445.41120355600015,6,1,3.8027000000000024,<rdkit.DataStructs.cDataStructs.ExplicitBitVect object at 0x1249c5000>,30
CN(CCOc1ccc(CC2SC(=O)NC2=O)cc1)c1ccccn1,7.31,EC50,True,357.435,6,1,2.490900000000001,<rdkit.DataStructs.cDataStructs.ExplicitBitVect object at 0x1249c5070>,25
O=C(O)CCCc1cc2cc(Cl)ccc2n1S(=O)(=O)c1ccc2ncsc2c1,6.25,EC50,True,434.92600000000016,6,1,4.548700000000003,<rdkit.DataStructs.cDataStructs.ExplicitBitVect object at 0x1249c50e0>,28
CN(CCOc1ccc(CC2SC(=O)NC2=O)cc1)c1ccccn1,6.58,EC50,True,357.435,6,1,2.490900000000001,<rdkit.DataStructs.cDataStructs.ExplicitBitVect object at 0x1249c5150>,25
CSc1ccc(C(=O)/C=C/c2cc(C)c(OC(C)(C)C(=O)O)c(C)c2)cc1,6.76,EC50,True,384.49700000000007,4,1,5.163440000000004,<rdkit.DataStructs.cDataStructs.ExplicitBitVect object at 0x1249c51c0>,27
CCCc1cc(Oc2ccc(C(C)C)cc2)ccc1OCCCOc1cccc(C2SC(=O)NC2=O)c1,6.78,EC50,True,519.6630000000004,6,1,7.426800000000006,<rdkit.DataStructs.cDataStructs.ExplicitBitVect object at 0x1249c5230>,37
Cc1oc(-c2ccc(-c3ccccc3)cc2)nc1CCOc1ccc(OC(C)(C)C(=O)O)cc1,6.05,EC50,True,457.5260000000003,5,1,6.180520000000006,<rdkit.DataStructs.cDataStructs.ExplicitBitVect object at 0x1249c52a0>,34
CC[C@H](OC(=O)N(Cc1ccccc1)C(=O)Nc1cc(OC)cc(OC)c1)c1cc(-c2ccc(OC(C)(C)C(=O)O)cc2)no1,6.74,EC50,True,617.6550000000004,9,2,6.922800000000008,<rdkit.DataStructs.cDataStructs.ExplicitBitVect object at 0x1249c5310>,45
O=C(NCc1ccc(Cl)cc1)c1ccc(Cl)c(C(=O)Nc2ccccc2)c1,5.14,EC50,False,399.2770000000001,2,2,5.1757000000000035,<rdkit.DataStructs.cDataStructs.ExplicitBitVect object at 0x1249c5380>,27
Cc1ccccc1CNC(=O)c1ccc2c(c1)c(C)c(C)n2Cc1ccc(-c2ccccc2C(=O)O)cc1,6.2,EC50,True,502.61400000000026,3,2,6.910060000000007,<rdkit.DataStructs.cDataStructs.ExplicitBitVect object at 0x1249c53f0>,38
Cc1c(C)n(Cc2ccc(-c3ccccc3C(=O)O)cc2)c2ccc(C(=O)N[C@@H](C)c3ccc(F)cc3)cc12,6.2,EC50,True,520.6040000000002,3,2,7.301740000000007,<rdkit.DataStructs.cDataStructs.ExplicitBitVect object at 0x1249c5460>,39
COc1ccccc1CNC(=O)c1ccc(Cl)c(C(=O)Nc2ccccc2)c1,5.56,EC50,True,394.85800000000006,3,2,4.530900000000003,<rdkit.DataStructs.cDataStructs.ExplicitBitVect object at 0x1249c54d0>,28
COC(=O)C(Cc1ccccc1)OC(=O)Cc1cccc(SCc2ccccc2C(=O)O)c1,5.22,EC50,False,464.53900000000016,6,1,4.547100000000003,<rdkit.DataStructs.cDataStructs.ExplicitBitVect object at 0x1249c5540>,33
Cc1cc(/C=C2\Oc3cc(OCC(C)C)ccc3C2=O)cc(C)c1OCC(=O)O,5.76,EC50,True,396.4390000000002,5,1,4.417840000000003,<rdkit.DataStructs.cDataStructs.ExplicitBitVect object at 0x1249c55b0>,29
Cn1c(COc2cccc(C(=O)O)c2)nc2ccc(Oc3ccccn3)cc21,5.95,EC50,True,375.38400000000007,6,1,4.037800000000002,<rdkit.DataStructs.cDataStructs.ExplicitBitVect object at 0x1249c5620>,28
CCCCCCCOC(=O)C1C(c2ccccc2)C(C(=O)O)C1c1ccccc1,5.07,EC50,False,394.51100000000014,3,1,5.398200000000005,<rdkit.DataStructs.cDataStructs.ExplicitBitVect object at 0x1249c5690>,29
CN(CCOc1ccc(CC2SC(=O)NC2=O)cc1)c1ccccn1,6.8,EC50,True,357.435,6,1,2.490900000000001,<rdkit.DataStructs.cDataStructs.ExplicitBitVect object at 0x1249c5700>,25
Cc1c(C)c2c(c(C)c1O)CCC(C)(COc1ccc(CC3SC(=O)NC3=O)cc1)O2,6.4,EC50,True,441.54900000000015,6,2,4.374260000000002,<rdkit.DataStructs.cDataStructs.ExplicitBitVect object at 0x1249c5770>,31
Cc1ccc(/N=N\c2ccc(OCCc3ccc(OC(C)(C)C(=O)O)cc3)c(C(F)(F)F)c2)cc1,5.89,EC50,True,486.4900000000001,5,1,7.292720000000005,<rdkit.DataStructs.cDataStructs.ExplicitBitVect object at 0x1249c57e0>,35
CSc1ccc(C(=O)/C=C/c2cc(C)c(OC(C)(C)C(=O)O)c(C)c2)cc1,5.55,EC50,True,384.49700000000007,4,1,5.163440000000004,<rdkit.DataStructs.cDataStructs.ExplicitBitVect object at 0x1249c5850>,27
Cc1oc(-c2ccccc2)nc1CCOc1ccc(C[C@H](C(=O)O)n2cccc2)cc1,7.7,EC50,True,416.4770000000001,5,1,4.941420000000003,<rdkit.DataStructs.cDataStructs.ExplicitBitVect object at 0x1249c58c0>,31
Cc1oc(C2CCCCC2)nc1CCOc1ccc(C[C@H](Oc2ccccc2)C(=O)O)cc1,9.0,EC50,True,449.54700000000014,5,1,5.726920000000005,<rdkit.DataStructs.cDataStructs.ExplicitBitVect object at 0x1249c5930>,33
O=C(O)CCCc1cc2cc(Cl)ccc2n1S(=O)(=O)c1ccc2ncsc2c1,6.68,EC50,True,434.92600000000016,6,1,4.548700000000003,<rdkit.DataStructs.cDataStructs.ExplicitBitVect object at 0x1249c59a0>,28
C/C(=N\OCCOc1ccc(CC2SC(=O)NC2=O)cc1)c1ccc(-c2ccncc2)cc1,5.8,EC50,True,461.5430000000002,7,1,4.4623000000000035,<rdkit.DataStructs.cDataStructs.ExplicitBitVect object at 0x1249c5a10>,33
Cc1cc(C2CC2C(OC(=O)c2ccccc2)c2ccc(OC(F)(F)F)cc2)cc(C)c1OC(C)(C)C(=O)O,6.94,EC50,True,542.5500000000003,5,1,7.145840000000006,<rdkit.DataStructs.cDataStructs.ExplicitBitVect object at 0x1249c5a80>,39
CN(CCOc1ccc(CC2SC(=O)NC2=O)cc1)c1ccccn1,6.94,EC50,True,357.435,6,1,2.490900000000001,<rdkit.DataStructs.cDataStructs.ExplicitBitVect object at 0x1249c5af0>,25
CCO[C@@H](Cc1ccc(OCCc2ccc(OS(C)(=O)=O)cc2)cc1)C(=O)O,6.44,EC50,True,408.4720000000001,6,1,2.6787,<rdkit.DataStructs.cDataStructs.ExplicitBitVect object at 0x1249c5b60>,28
CCc1ccc(CCOc2ccc(CC3SC(=O)NC3=O)cc2)nc1,6.52,EC50,True,356.44700000000006,5,1,3.159600000000001,<rdkit.DataStructs.cDataStructs.ExplicitBitVect object at 0x1249c5bd0>,25
Cc1ccccc1CNC(=O)c1ccc(Cl)c(C(=O)Nc2ccccc2)c1,5.75,EC50,True,378.8590000000001,2,2,4.830720000000003,<rdkit.DataStructs.cDataStructs.ExplicitBitVect object at 0x1249c5c40>,27
Cc1cccnc1NC(=O)c1cc(C(=O)NCc2ccc(F)c(F)c2)c(F)cc1Cl,6.3,EC50,True,433.8170000000001,3,2,4.643020000000003,<rdkit.DataStructs.cDataStructs.ExplicitBitVect object at 0x1249c5cb0>,30
CCOC(Cc1ccc(C(=O)OCc2ccc(OS(C)(=O)=O)cc2)cc1)C(=O)O,5.85,EC50,True,422.4550000000001,7,1,2.4142,<rdkit.DataStructs.cDataStructs.ExplicitBitVect object at 0x1249c5d20>,29
CC(O)c1ccc(CCOc2ccc(CC3SC(=O)NC3=O)cc2)nc1,5.68,EC50,True,372.4460000000001,6,2,2.650500000000001,<rdkit.DataStructs.cDataStructs.ExplicitBitVect object at 0x1249c5d90>,26
CC1(COc2ccc(CC3SC(=O)NC3=O)cc2)CCCCC1,4.83,EC50,False,333.4530000000002,4,1,3.9299000000000026,<rdkit.DataStructs.cDataStructs.ExplicitBitVect object at 0x1249c5e00>,23
CN(CCOc1ccc(CC2SC(=O)NC2=O)cc1)c1ccccn1,7.7,EC50,True,357.435,6,1,2.490900000000001,<rdkit.DataStructs.cDataStructs.ExplicitBitVect object at 0x1249c5e70>,25
O=C(O)C(Sc1nc(Cl)cc(Nc2ccc(F)cc2)n1)c1cccc2ccccc12,4.89,EC50,False,439.89900000000017,5,2,6.083900000000003,<rdkit.DataStructs.cDataStructs.ExplicitBitVect object at 0x1249c5ee0>,30
CCC(C(=O)O)C1CCc2cc(OCCc3nc(-c4ccc(-c5ccccc5)cc4)oc3C)ccc21,7.37,EC50,True,481.59200000000016,4,1,7.079120000000006,<rdkit.DataStructs.cDataStructs.ExplicitBitVect object at 0x1249c5f50>,36
CCCCCCc1nc2ccccc2n1Cc1ccc(-c2ccccc2C(=O)O)cc1,6.68,EC50,True,412.5330000000002,3,1,6.572600000000007,<rdkit.DataStructs.cDataStructs.ExplicitBitVect object at 0x1249c5fc0>,31
CN(CCOc1ccc(CC2SC(=O)NC2=O)cc1)c1ccccn1,7.3,EC50,True,357.435,6,1,2.490900000000001,<rdkit.DataStructs.cDataStructs.ExplicitBitVect object at 0x1249c6030>,25
CCC(C(=O)O)C1CCc2cc(OCCc3nc(-c4cc(C(F)(F)F)cc(C(F)(F)F)c4)oc3C)ccc21,6.61,EC50,True,541.488,4,1,7.4497200000000054,<rdkit.DataStructs.cDataStructs.ExplicitBitVect object at 0x1249c60a0>,38
CCc1ccc(-c2nc(CCOc3ccc4c(c3)CCC4C(CC)C(=O)O)c(C)o2)cc1,7.4,EC50,True,433.5480000000002,4,1,5.974520000000005,<rdkit.DataStructs.cDataStructs.ExplicitBitVect object at 0x1249c6110>,32
CCC(C(=O)O)C1CCc2cc(OCCc3nc(-c4ccccc4)oc3C)c(-c3ccccc3)cc21,6.54,EC50,True,481.59200000000016,4,1,7.079120000000008,<rdkit.DataStructs.cDataStructs.ExplicitBitVect object at 0x1249c6180>,36
CCC(C(=O)O)C1CCc2cc(OCc3nc(-c4ccccc4)oc3C)ccc21,6.2,EC50,True,391.46700000000004,4,1,5.369620000000005,<rdkit.DataStructs.cDataStructs.ExplicitBitVect object at 0x1249c61f0>,29
CCCc1cc(C(=O)c2ccc(F)cc2)ccc1OCCCOc1ccc2c(ccn2CC(=O)O)c1,6.8,EC50,True,489.54300000000035,5,1,5.896400000000006,<rdkit.DataStructs.cDataStructs.ExplicitBitVect object at 0x1249c6260>,36
CS(=O)(=O)Nc1ccc(CNC(=O)c2ccc3c(ccn3Cc3cccc(F)c3)c2)c(C(F)(F)F)c1,6.72,EC50,True,519.5200000000002,4,2,5.149000000000004,<rdkit.DataStructs.cDataStructs.ExplicitBitVect object at 0x1249c62d0>,36
COc1cccc(Oc2c(C(=O)O)n(-c3ccc(C(C)(C)C)cc3)c3nc(Cl)ccc23)c1,6.12,EC50,True,450.9220000000002,5,1,6.475500000000005,<rdkit.DataStructs.cDataStructs.ExplicitBitVect object at 0x1249c6340>,32
CCn1ccc2cc(C(=O)NCc3ccc(CS(=O)(=O)C4CC4)cc3C(F)(F)F)ccc21,6.36,EC50,True,464.5090000000002,4,1,4.687200000000004,<rdkit.DataStructs.cDataStructs.ExplicitBitVect object at 0x1249c63b0>,32
CC(C)Cn1ccc2cc(C(=O)NCc3ccc(CS(=O)(=O)C4CC4)cc3C(F)(F)F)ccc21,6.7,EC50,True,492.56300000000016,4,1,5.323300000000005,<rdkit.DataStructs.cDataStructs.ExplicitBitVect object at 0x1249c6420>,34
Cc1cc2cc(C(=O)NCc3ccc(CS(=O)(=O)C4CC4)cc3C(F)(F)F)ccc2n1Cc1cccc(F)c1,6.82,EC50,True,558.5970000000003,4,1,6.1631200000000055,<rdkit.DataStructs.cDataStructs.ExplicitBitVect object at 0x1249c6490>,39
Cc1cc2cc(C(=O)NCc3ccc(CS(=O)(=O)C4CC4)cc3C(F)(F)F)ccc2n1S(=O)(=O)C(C)C,6.2,EC50,True,556.6280000000002,6,1,4.562020000000004,<rdkit.DataStructs.cDataStructs.ExplicitBitVect object at 0x1249c6500>,37
CCO[C@@H](Cc1ccc(OCCn2c3ccccc3c3ccccc32)cc1)C(=O)O,6.77,EC50,True,403.4780000000001,4,1,4.905700000000005,<rdkit.DataStructs.cDataStructs.ExplicitBitVect object at 0x1249c6570>,30
CC[C@@H]1CN(Cc2cc(C)cc(CC(=O)O)c2)CCN1c1nc2ccc(C(F)(F)F)cc2s1,6.37,EC50,True,477.55200000000013,5,1,5.351420000000005,<rdkit.DataStructs.cDataStructs.ExplicitBitVect object at 0x1249c65e0>,33
CCCc1cc(Oc2ccc(Cl)c(Cl)c2)ccc1OCCCOc1cccc(C2SC(=O)NC2=O)c1,7.33,EC50,True,546.4720000000003,6,1,7.610200000000006,<rdkit.DataStructs.cDataStructs.ExplicitBitVect object at 0x1249c6650>,36
CC(C)(Oc1ccc(CCNC(=O)c2ccc(Cl)cc2)cc1)C(=O)O,4.13,EC50,False,361.82500000000005,3,2,3.554500000000001,<rdkit.DataStructs.cDataStructs.ExplicitBitVect object at 0x1249c66c0>,25
CCO[C@@H](Cc1ccc(OC/C=C(\C)c2ccc(-c3ccccc3)cc2)cc1)C(=O)O,5.7,EC50,True,416.51700000000005,3,1,5.868100000000006,<rdkit.DataStructs.cDataStructs.ExplicitBitVect object at 0x1249c6730>,31
CN(CCOc1ccc(CC2SC(=O)NC2=O)cc1)c1ccccn1,6.52,EC50,True,357.435,6,1,2.490900000000001,<rdkit.DataStructs.cDataStructs.ExplicitBitVect object at 0x1249c67a0>,25
O=C(O)c1ccc(/C=C\c2c(-c3c(Cl)cccc3C(F)(F)F)noc2-c2cc[nH]c2)cc1,5.12,EC50,False,458.82300000000004,3,2,6.877500000000004,<rdkit.DataStructs.cDataStructs.ExplicitBitVect object at 0x1249c6810>,32
Cc1oc(-c2ccccc2)nc1CCOc1ccc(CC2SC(=O)NC2=O)cc1,8.1,EC50,True,408.4790000000001,6,1,4.165620000000002,<rdkit.DataStructs.cDataStructs.ExplicitBitVect object at 0x1249c6880>,29
CCCOc1ccc(CC(Cc2ccccc2)C(=O)O)cc1CNC(=O)c1ccc(C23CC4CC(CC(C4)C2)C3)cc1,8.44,EC50,True,565.7540000000002,3,2,7.3592000000000075,<rdkit.DataStructs.cDataStructs.ExplicitBitVect object at 0x1249c68f0>,42
CN(CCOc1ccc(C[C@H](Nc2ccccc2C(=O)c2ccccc2)C(=O)O)cc1)c1ccccn1,6.89,EC50,True,495.5790000000002,6,2,4.9356000000000035,<rdkit.DataStructs.cDataStructs.ExplicitBitVect object at 0x1249c6960>,37
Cc1oc(-c2ccc(-c3ccccc3)cc2)nc1CCOc1ccc(OC(C)(C)C(=O)O)cc1,6.06,EC50,True,457.5260000000003,5,1,6.180520000000006,<rdkit.DataStructs.cDataStructs.ExplicitBitVect object at 0x1249c69d0>,34
CCC(Cc1ccc(C(=O)NCc2ccc(OC)cc2C(F)(F)F)cc1)C(=O)O,6.41,EC50,True,409.40400000000005,3,2,4.297300000000003,<rdkit.DataStructs.cDataStructs.ExplicitBitVect object at 0x1249c6a40>,29
O=C(O)[C@H](Cc1ccccc1)Oc1ccc(C(F)(F)F)cc1,6.05,EC50,True,310.271,2,1,3.7801000000000027,<rdkit.DataStructs.cDataStructs.ExplicitBitVect object at 0x1249c6ab0>,22
Cc1c(C)c2c(c(C)c1O)CCC(C)(COc1ccc(C[C@H](Nc3ccccc3C(=O)c3ccccc3)C(=O)O)cc1)O2,8.04,EC50,True,579.6930000000003,6,3,6.818960000000009,<rdkit.DataStructs.cDataStructs.ExplicitBitVect object at 0x1249c6b20>,43
Cc1oc(-c2ccccc2)nc1CCOc1ccc(OC(C)(Cc2ccccc2)C(=O)O)cc1,5.75,EC50,True,457.5260000000002,5,1,5.736320000000005,<rdkit.DataStructs.cDataStructs.ExplicitBitVect object at 0x1249c6b90>,34
CCc1ccc(CCOc2ccc(C[C@H](Nc3ccccc3C(=O)c3ccccc3)C(=O)O)cc2)nc1,7.3,EC50,True,494.5910000000002,5,2,5.604300000000005,<rdkit.DataStructs.cDataStructs.ExplicitBitVect object at 0x1249c6c00>,37
CN(CCOc1ccc(CC2SC(=O)NC2=O)cc1)c1ccccn1,6.72,EC50,True,357.435,6,1,2.490900000000001,<rdkit.DataStructs.cDataStructs.ExplicitBitVect object at 0x1249c6c70>,25
Cc1cnc(Oc2ccc3nc(COc4cccc(C(=O)O)c4)n(C)c3c2)c(C)c1,7.39,EC50,True,403.4380000000001,6,1,4.654640000000003,<rdkit.DataStructs.cDataStructs.ExplicitBitVect object at 0x1249c6ce0>,30
CC(C)(Oc1ccc(CCOc2ccc(/N=N/c3ccccc3)cc2Cl)cc1)C(=O)O,6.09,EC50,True,438.91100000000006,5,1,6.618900000000005,<rdkit.DataStructs.cDataStructs.ExplicitBitVect object at 0x1249c6d50>,31
CCc1ccc(CCOc2ccc(CC3SC(=O)NC3=O)cc2)nc1,6.41,EC50,True,356.44700000000006,5,1,3.159600000000001,<rdkit.DataStructs.cDataStructs.ExplicitBitVect object at 0x1249c6dc0>,25
CN(CCOc1ccc(CC2SC(=O)NC2=O)cc1)c1ccccn1,7.05,EC50,True,357.435,6,1,2.490900000000001,<rdkit.DataStructs.cDataStructs.ExplicitBitVect object at 0x1249c6e30>,25
CCO[C@@H](Cc1ccc(OCCc2ccc(OS(C)(=O)=O)cc2)cc1)C(=O)O,6.15,EC50,True,408.4720000000001,6,1,2.6787,<rdkit.DataStructs.cDataStructs.ExplicitBitVect object at 0x1249c6ea0>,28
CC(=O)c1cccc(OCc2nc3ccc(Oc4cc(C)c(N)c(C)c4)cc3n2C)c1.Cl.Cl,7.19,EC50,True,488.41500000000013,6,1,6.189840000000006,<rdkit.DataStructs.cDataStructs.ExplicitBitVect object at 0x1249c6f10>,33
Cc1cc(Oc2ccc3nc(COc4ccc(C(=O)O)cc4)n(C)c3c2)cc(C)c1N.Cl.Cl,6.1,EC50,True,490.3870000000001,6,2,5.685440000000004,<rdkit.DataStructs.cDataStructs.ExplicitBitVect object at 0x1249c6f80>,33
Cc1ccccc1Oc1ccc2nc(COc3cccc(C(=O)O)c3)n(C)c2c1,7.25,EC50,True,388.4230000000001,5,1,4.951220000000005,<rdkit.DataStructs.cDataStructs.ExplicitBitVect object at 0x1249c6ff0>,29
Cc1cccc(Oc2ccc3nc(COc4cccc(C(=O)O)c4)n(C)c3c2)c1,7.1,EC50,True,388.4230000000001,5,1,4.951220000000005,<rdkit.DataStructs.cDataStructs.ExplicitBitVect object at 0x1249c7060>,29
COc1cccc(Oc2ccc3nc(COc4cccc(C(=O)O)c4)n(C)c3c2)c1,6.63,EC50,True,404.42200000000014,6,1,4.651400000000003,<rdkit.DataStructs.cDataStructs.ExplicitBitVect object at 0x1249c70d0>,30
Cc1ccc(Oc2ccc3nc(COc4cccc(C(=O)O)c4)n(C)c3c2)c(F)c1,7.04,EC50,True,406.4130000000001,5,1,5.090320000000004,<rdkit.DataStructs.cDataStructs.ExplicitBitVect object at 0x1249c7140>,30
Cc1cc(Cn2ncn(-c3ccccc3C(F)(F)F)c2=O)cc(C)c1OC(C)(C)C(=O)O,5.42,EC50,False,449.4290000000003,6,1,3.9599400000000022,<rdkit.DataStructs.cDataStructs.ExplicitBitVect object at 0x1249c71b0>,32
Cc1cc(CN2C(=O)CN(c3ccc(Br)cc3)C2=O)cc(C)c1OC(C)(C)C(=O)O,5.92,EC50,True,475.3390000000003,4,1,4.276740000000003,<rdkit.DataStructs.cDataStructs.ExplicitBitVect object at 0x1249c7220>,30
CCc1ccc(-c2nc3cc(NC(=O)c4cc([N+](=O)[O-])ccc4Cl)ccc3o2)cn1,8.7,EC50,True,422.8280000000001,6,1,5.266100000000003,<rdkit.DataStructs.cDataStructs.ExplicitBitVect object at 0x1249c7290>,30
Cc1ccc(-n2nc3ccc(NC(=O)c4cc([N+](=O)[O-])ccc4Cl)cc3n2)cc1,8.36,EC50,True,407.8170000000001,6,1,4.5428200000000025,<rdkit.DataStructs.cDataStructs.ExplicitBitVect object at 0x1249c7300>,29
CCc1ccc(-c2nc3cc(NC(=O)c4cc(C(F)(F)F)ccc4Cl)ccc3o2)cc1,8.24,EC50,True,444.8400000000001,3,1,6.981700000000004,<rdkit.DataStructs.cDataStructs.ExplicitBitVect object at 0x1249c7370>,31
CCCCC(Sc1ccc(OCCCOc2cccc(C(C)C)c2)cc1)C(=O)O,5.28,EC50,False,416.5830000000001,4,1,6.393400000000006,<rdkit.DataStructs.cDataStructs.ExplicitBitVect object at 0x1249c73e0>,29
CCOC(=O)N(CC(=O)O)Cc1cc(OCc2nc(-c3ccc(Cl)cc3)oc2C)ccc1F,5.37,EC50,False,476.88800000000015,6,1,5.064620000000004,<rdkit.DataStructs.cDataStructs.ExplicitBitVect object at 0x1249c7450>,33
Cc1c(C(=O)c2ccc(Cl)cc2)c2ccc(OC(F)(F)F)cc2n1Cc1cccc(O[C@@H](C(=O)O)C(C)C)c1,8.3,EC50,True,559.9680000000002,5,1,7.269020000000006,<rdkit.DataStructs.cDataStructs.ExplicitBitVect object at 0x1249c74c0>,39
Cc1cccc(-c2nc3cc(NC(=O)c4cc(C(=O)NCc5ccc(F)c(F)c5)c(F)cc4Cl)ccc3o2)c1,6.64,EC50,True,549.9360000000001,4,2,7.056220000000003,<rdkit.DataStructs.cDataStructs.ExplicitBitVect object at 0x1249c7530>,39
Cc1cc(OC(F)F)ccc1NC(=O)c1cc(C(=O)NCc2ccc(F)cc2)c(F)cc1Cl,7.75,EC50,True,480.84500000000014,3,2,5.710320000000002,<rdkit.DataStructs.cDataStructs.ExplicitBitVect object at 0x1249c75a0>,33
CCO[C@@H](Cc1ccc(OCCN2c3ccccc3Oc3ccccc32)cc1)C(=O)O,6.24,EC50,True,419.47700000000015,5,1,5.041600000000004,<rdkit.DataStructs.cDataStructs.ExplicitBitVect object at 0x1249c7610>,31
CCOc1ccc(F)c(N2CC[C@@H](Oc3ccc(N4C[C@H](OC(F)F)C[C@@H]4CC(=O)O)cc3)[C@H](C)C2)c1,5.42,EC50,False,522.5640000000003,6,1,5.179400000000005,<rdkit.DataStructs.cDataStructs.ExplicitBitVect object at 0x1249c7680>,37
O=C(Cc1ccc(CC(C(=O)O)S(=O)(=O)CCc2ccc(F)cc2)cc1)OCc1ccc(C(F)(F)F)cc1,4.75,EC50,False,552.5420000000001,5,1,4.783600000000004,<rdkit.DataStructs.cDataStructs.ExplicitBitVect object at 0x1249c76f0>,38
O=C(O)[C@H](Cc1ccccc1)Oc1ccc(-c2ccccc2)cc1,6.26,EC50,True,318.372,2,1,4.428300000000003,<rdkit.DataStructs.cDataStructs.ExplicitBitVect object at 0x1249c7760>,24
Cc1cc(OCCCOc2ccc(-c3ccccc3)cc2)ccc1OCC(=O)O,5.34,EC50,False,392.4510000000002,4,1,4.973320000000005,<rdkit.DataStructs.cDataStructs.ExplicitBitVect object at 0x1249c77d0>,29
O=C(O)C[C@@H]1COc2cc(OCCCOc3cccc(Cl)c3)ccc21,5.84,EC50,True,362.809,4,1,4.138600000000004,<rdkit.DataStructs.cDataStructs.ExplicitBitVect object at 0x1249c7840>,25
O=C(O)CC1COc2cc(OCCCOc3cccc(Br)c3)ccc21,5.78,EC50,True,407.26,4,1,4.247700000000004,<rdkit.DataStructs.cDataStructs.ExplicitBitVect object at 0x1249c78b0>,25
COC(C(=O)O)C1CCc2cc(OCCc3nc(-c4ccccc4)oc3C)ccc21,7.35,EC50,True,407.46600000000007,5,1,4.400920000000005,<rdkit.DataStructs.cDataStructs.ExplicitBitVect object at 0x1249c7920>,30
CCO[C@@H](Cc1ccc(OC/C=C(/c2ccccc2)c2ccc(F)cc2)cc1)C(=O)O,5.4,EC50,False,420.48000000000013,3,1,5.368600000000005,<rdkit.DataStructs.cDataStructs.ExplicitBitVect object at 0x1249c7990>,31
CCC(Sc1nc(Cl)cc(Nc2cccc(C)c2C)n1)C(=O)O,4.92,EC50,False,351.85900000000015,5,2,4.445740000000003,<rdkit.DataStructs.cDataStructs.ExplicitBitVect object at 0x1249c7a00>,23
O=C(O)[C@@H](Cc1ccc(-c2ccc(O[C@H](Cc3ccccc3)C(=O)O)cc2)cc1)Oc1ccc(-c2ccccc2)cc1,4.82,EC50,False,558.6300000000002,4,2,7.170000000000007,<rdkit.DataStructs.cDataStructs.ExplicitBitVect object at 0x1249c7a70>,42
CCO[C@@H](Cc1ccc(OCCc2ccc(OS(C)(=O)=O)cc2)cc1)C(=O)O,5.89,EC50,True,408.4720000000001,6,1,2.6787,<rdkit.DataStructs.cDataStructs.ExplicitBitVect object at 0x1249c7ae0>,28
CCO[C@@H](Cc1ccc(OCC=C(c2ccc(Br)cc2)c2ccc(Br)cc2)cc1)C(=O)O,6.05,EC50,True,560.2820000000002,3,1,6.754500000000006,<rdkit.DataStructs.cDataStructs.ExplicitBitVect object at 0x1249c7b50>,32
Cc1oc(-c2cccs2)nc1CCOc1ccc(C[C@](C)(Oc2ccccc2)C(=O)O)cc1,8.4,EC50,True,463.5550000000002,6,1,5.797820000000006,<rdkit.DataStructs.cDataStructs.ExplicitBitVect object at 0x1249c7bc0>,33
CN(CCOc1ccc(CC2SC(=O)NC2=O)cc1)c1ccccn1,7.7,EC50,True,357.435,6,1,2.490900000000001,<rdkit.DataStructs.cDataStructs.ExplicitBitVect object at 0x1249c7c30>,25
Cc1oc(-c2ccccc2)nc1CCOc1ccc(C[C@H](Nc2ccccc2C(=O)c2ccccc2)C(=O)O)cc1,8.3,EC50,True,546.6230000000003,6,2,6.610320000000006,<rdkit.DataStructs.cDataStructs.ExplicitBitVect object at 0x1249c7ca0>,41
COc1ccc(CC2SC(=O)NC2=O)cc1C(=O)NCc1ccc(C(F)(F)F)cc1,5.96,EC50,True,438.4270000000001,5,2,3.538100000000002,<rdkit.DataStructs.cDataStructs.ExplicitBitVect object at 0x1249c7d10>,30
CN(CCOc1ccc(CC2SC(=O)NC2=O)cc1)c1ccccn1,6.92,EC50,True,357.435,6,1,2.490900000000001,<rdkit.DataStructs.cDataStructs.ExplicitBitVect object at 0x1249c7d80>,25
CCCCn1c(-c2ccc3nn(CCC)c(Cc4ccc(-c5ccccc5-c5nn[nH]n5)cc4)c3c2)nc2ccccc21,6.6,EC50,True,566.7130000000001,7,1,7.701000000000008,<rdkit.DataStructs.cDataStructs.ExplicitBitVect object at 0x1249c7df0>,43
CCCc1nn2ccc(-c3nc4ccccc4n3CCC)cc2c1Cc1ccc(-c2ccccc2-c2nn[nH]n2)cc1,7.1,EC50,True,552.6860000000003,7,1,7.151400000000007,<rdkit.DataStructs.cDataStructs.ExplicitBitVect object at 0x1249c7e60>,42
CCCc1nn2ccc(C(=O)NC(CC)c3ccccc3)cc2c1Cc1ccc(-c2ccccc2C(=O)O)cc1,6.41,EC50,True,531.6560000000003,4,2,7.123900000000008,<rdkit.DataStructs.cDataStructs.ExplicitBitVect object at 0x1249c7ed0>,40
CCCc1nc2cc(C(=O)NC(CC)c3ccccc3)ccc2n1Cc1ccc(-c2ccccc2C(=O)O)cc1,5.58,EC50,True,531.6560000000003,4,2,7.283400000000007,<rdkit.DataStructs.cDataStructs.ExplicitBitVect object at 0x1249c7f40>,40
CCOC(c1ccc(OC(F)(F)F)cc1)C1CC1c1cc(C)c(OC(C)(C)C(=O)O)c(C)c1,7.02,EC50,True,466.49600000000027,4,1,6.325340000000007,<rdkit.DataStructs.cDataStructs.ExplicitBitVect object at 0x1249c8040>,33
Cc1c(Br)ccc(Nc2cc(Cl)nc(SCC(=O)O)n2)c1C,4.28,EC50,False,402.7010000000002,5,2,4.429640000000002,<rdkit.DataStructs.cDataStructs.ExplicitBitVect object at 0x1249c80b0>,22
O=C(O)CSc1nc(Cl)cc(Nc2ccc(Cl)c3c2CCC3)n1,5.51,EC50,True,370.26100000000025,5,2,4.192400000000002,<rdkit.DataStructs.cDataStructs.ExplicitBitVect object at 0x1249c8120>,23
CCc1ccc(CCOc2ccc(CC3SC(=O)NC3=O)cc2)nc1,6.01,EC50,True,356.44700000000006,5,1,3.159600000000001,<rdkit.DataStructs.cDataStructs.ExplicitBitVect object at 0x1249c8190>,25
CS(=O)(=O)Oc1ccc(CC(=O)OCc2ccc(CC(SCCc3ccc(F)cc3)C(=O)O)cc2)cc1,5.77,EC50,True,546.6380000000003,7,1,4.421600000000004,<rdkit.DataStructs.cDataStructs.ExplicitBitVect object at 0x1249c8200>,37
COc1ccc(CC(=O)OCc2ccc(CC(SCCc3ccc(F)cc3)C(=O)O)cc2)cc1,5.6,EC50,True,482.5730000000002,5,1,5.0918000000000045,<rdkit.DataStructs.cDataStructs.ExplicitBitVect object at 0x1249c8270>,34
O=C(O)CCCc1cc2cc(Cl)ccc2n1S(=O)(=O)c1ccc2ncsc2c1,5.39,EC50,False,434.92600000000016,6,1,4.548700000000003,<rdkit.DataStructs.cDataStructs.ExplicitBitVect object at 0x1249c82e0>,28
CN(CCOc1ccc(CC2SC(=O)NC2=O)cc1)c1ccccn1,6.5,EC50,True,357.435,6,1,2.490900000000001,<rdkit.DataStructs.cDataStructs.ExplicitBitVect object at 0x1249c8350>,25
CCCc1nc2c(C)cc(-c3nc4ccccc4n3C)cc2n1Cc1ccc(-c2ccccc2C(=O)O)cc1,5.33,EC50,False,514.6290000000004,5,1,7.2644200000000065,<rdkit.DataStructs.cDataStructs.ExplicitBitVect object at 0x1249c83c0>,39
Cc1oc(-c2ccc(F)cc2)nc1CCOc1ccc(C[C@H](Nc2ccccc2C(=O)c2ccccc2)C(=O)O)cc1,9.9,EC50,True,564.6130000000003,6,2,6.749420000000006,<rdkit.DataStructs.cDataStructs.ExplicitBitVect object at 0x1249c8430>,42
O=S(=O)(Nc1cc(Cl)c(Oc2cnc3ccccc3c2)c(Cl)c1)c1ccc(Cl)cc1Cl,8.4,EC50,True,514.2170000000001,4,1,7.441500000000001,<rdkit.DataStructs.cDataStructs.ExplicitBitVect object at 0x1249c84a0>,31
Cc1ccc(OC(=O)N(CC(=O)O)Cc2cc(OCc3nc(-c4ccc(Cl)cc4)oc3C)ccc2F)cc1,5.9,EC50,True,538.9590000000003,6,1,6.415540000000005,<rdkit.DataStructs.cDataStructs.ExplicitBitVect object at 0x1249c8510>,38
COC(=O)N(CC(=O)O)Cc1cc(OCc2nc(-c3ccc(Cl)cc3)oc2C)ccc1F,5.35,EC50,False,462.8610000000001,6,1,4.674520000000004,<rdkit.DataStructs.cDataStructs.ExplicitBitVect object at 0x1249c8580>,32
CCC(OC(=O)N(Cc1ccccc1)C(=O)Nc1cc(OC)cc(OC)c1)c1cc(-c2ccc(OC(C)(C)C(=O)O)cc2)no1,8.48,EC50,True,617.6550000000004,9,2,6.922800000000008,<rdkit.DataStructs.cDataStructs.ExplicitBitVect object at 0x1249c85f0>,45
COc1cc(C(=O)NS(=O)(=O)c2cccc(Cl)c2)ccc1Cc1cn(C)c2ccc(NC(=O)NC3CCCCC3)cc12,6.43,EC50,True,609.1479999999999,6,3,6.004000000000006,<rdkit.DataStructs.cDataStructs.ExplicitBitVect object at 0x1249c8660>,42
CCOC(Cc1ccc(OC(=O)Cc2nc(-c3ccccc3)oc2C)c(Cc2ccccc2)c1)C(=O)O,7.28,EC50,True,499.5630000000002,6,1,5.4211200000000055,<rdkit.DataStructs.cDataStructs.ExplicitBitVect object at 0x1249c86d0>,37
C/C(=C1/c2ccc(Cc3c(C4CC4)nc4ccc(Cl)cn34)cc2COc2cc(F)ccc21)c1noc(=O)[nH]1,7.96,EC50,True,528.9710000000002,6,1,6.142700000000005,<rdkit.DataStructs.cDataStructs.ExplicitBitVect object at 0x1249c8740>,38
O=C(O)CC1COc2cc(OCCCOc3ccccc3)ccc21,5.28,EC50,False,328.364,4,1,3.4852000000000025,<rdkit.DataStructs.cDataStructs.ExplicitBitVect object at 0x1249c87b0>,24
O=C(O)CC1COc2cc(OCCOc3ccccc3)ccc21,5.11,EC50,False,314.337,4,1,3.095100000000002,<rdkit.DataStructs.cDataStructs.ExplicitBitVect object at 0x1249c8820>,23
C=C[C@@H](O)C#CC#C[C@H](/C=C\CCCCCCC)OC(=O)/C=C/c1ccc(O)c(OC)c1,5.92,EC50,True,436.5480000000001,5,2,4.796200000000005,<rdkit.DataStructs.cDataStructs.ExplicitBitVect object at 0x1249c8890>,32
O=C(Cc1ccc(SCc2ccccc2C(=O)O)cc1)OCc1ccc(-n2cccn2)cc1,5.38,EC50,False,458.53900000000016,6,1,5.148700000000004,<rdkit.DataStructs.cDataStructs.ExplicitBitVect object at 0x1249c8900>,33
CC1(COc2ccc(CC3SC(=O)NC3=O)cc2)CCCCC1,4.64,EC50,False,333.4530000000002,4,1,3.9299000000000026,<rdkit.DataStructs.cDataStructs.ExplicitBitVect object at 0x1249c8970>,23
COc1c(CC=C(C)C)c(=O)[nH]c2c(OC)c(O)ccc12,4.86,EC50,False,289.331,4,2,2.7596000000000007,<rdkit.DataStructs.cDataStructs.ExplicitBitVect object at 0x1249c89e0>,21
COc1c(CC=C(C)C)c(=O)[nH]c2c(OC)c(O)ccc12,4.81,EC50,False,289.331,4,2,2.7596000000000007,<rdkit.DataStructs.cDataStructs.ExplicitBitVect object at 0x1249c8a50>,21
CCCc1cc(Oc2ccc(Cl)cc2)ccc1OCCCOc1ccc(C2SC(=O)NC2=O)cc1,7.1,EC50,True,512.0270000000004,6,1,6.956800000000006,<rdkit.DataStructs.cDataStructs.ExplicitBitVect object at 0x1249c8ac0>,35
CN(CCOc1ccc(CC2SC(=O)NC2=O)cc1)c1ccccn1,7.0,EC50,True,357.435,6,1,2.490900000000001,<rdkit.DataStructs.cDataStructs.ExplicitBitVect object at 0x1249c8b30>,25
CN(CCOc1ccc(CC2SC(=O)NC2=O)cc1)c1ccccn1,7.52,EC50,True,357.435,6,1,2.490900000000001,<rdkit.DataStructs.cDataStructs.ExplicitBitVect object at 0x1249c8ba0>,25
COc1cc(Oc2ccc3nc(COc4cccc(C(=O)O)c4)n(C)c3n2)cc(C)n1,6.78,EC50,True,420.4250000000001,8,1,3.7498200000000015,<rdkit.DataStructs.cDataStructs.ExplicitBitVect object at 0x1249c8c10>,31
COc1cc(Oc2ccc(C)nc2C)cc2c1nc(COc1cccc(C(=O)O)c1)n2C,6.6,EC50,True,433.46400000000017,7,1,4.663240000000004,<rdkit.DataStructs.cDataStructs.ExplicitBitVect object at 0x1249c8c80>,32
CC(C)OC(=O)C(C)(C)Oc1ccc(C(=O)c2ccc(Cl)cc2)cc1,4.39,EC50,False,360.837,4,0,4.680000000000004,<rdkit.DataStructs.cDataStructs.ExplicitBitVect object at 0x1249c8cf0>,25
CN(CCOc1ccc(CC2SC(=O)NC2=O)cc1)c1ccccn1,7.06,EC50,True,357.435,6,1,2.490900000000001,<rdkit.DataStructs.cDataStructs.ExplicitBitVect object at 0x1249c8d60>,25
COc1ccc(/C=C/c2cc(OC)cc(OCc3ccc(OCC(=O)O)cc3)c2)cc1,4.81,EC50,False,420.4610000000001,5,1,4.916600000000003,<rdkit.DataStructs.cDataStructs.ExplicitBitVect object at 0x1249c8dd0>,31
CC(C)(C)OC(=O)NC(CSCc1ccc(Cc2ccccc2)cc1)C(=O)O,5.47,EC50,False,401.5280000000001,4,2,4.488500000000003,<rdkit.DataStructs.cDataStructs.ExplicitBitVect object at 0x1249c8e40>,28
CC(C)(C)OC(=O)NC(COCc1ccc(-c2ccccc2)cc1)C(=O)O,4.89,EC50,False,371.43300000000005,4,2,3.8481000000000023,<rdkit.DataStructs.cDataStructs.ExplicitBitVect object at 0x1249c8eb0>,27
O=C(O)Cc1cc(Cl)cc(OCCC2(N3CCCC3)CCN(c3nc4ccc(Cl)cc4s3)CC2)c1,5.92,EC50,True,534.5090000000002,6,1,6.134100000000005,<rdkit.DataStructs.cDataStructs.ExplicitBitVect object at 0x1249c8f20>,35
Cc1cc(CC(=O)O)cc(OCCC2(N3CCCC3)CCN(c3nc4ccc(Cl)cc4s3)CC2)c1,5.82,EC50,True,514.0910000000003,6,1,5.789120000000006,<rdkit.DataStructs.cDataStructs.ExplicitBitVect object at 0x1249c8f90>,35
CN(CCOc1ccc(CC2SC(=O)NC2=O)cc1)c1ccccn1,6.8,EC50,True,357.435,6,1,2.490900000000001,<rdkit.DataStructs.cDataStructs.ExplicitBitVect object at 0x1249c9000>,25
CC#CCOC(=O)Cc1c(C(C)C)nc(CCCC)n(Cc2ccc(-c3ccccc3-c3noc(=O)[nH]3)cc2)c1=O,5.97,EC50,True,554.6470000000003,8,1,4.876900000000004,<rdkit.DataStructs.cDataStructs.ExplicitBitVect object at 0x1249c9070>,41
CN(CCOc1ccc(CC2SC(=O)NC2=O)cc1)c1ccccn1,6.5,EC50,True,357.435,6,1,2.490900000000001,<rdkit.DataStructs.cDataStructs.ExplicitBitVect object at 0x1249c90e0>,25
O=C(O)[C@H](Cc1ccccc1)Oc1ccc(-c2ccccc2)cc1,6.26,EC50,True,318.372,2,1,4.428300000000003,<rdkit.DataStructs.cDataStructs.ExplicitBitVect object at 0x1249c9150>,24
Cc1oc(-c2ccccc2)nc1CCOc1ccc(C[C@H](Nc2ccccc2C(=O)c2ccccc2)C(=O)O)cc1,9.47,EC50,True,546.6230000000003,6,2,6.610320000000006,<rdkit.DataStructs.cDataStructs.ExplicitBitVect object at 0x1249c91c0>,41
Cc1ccc(OC(=O)N(CC(=O)O)Cc2cccc(OCc3nc(-c4ccc(Cl)cc4)oc3C)c2)cc1,6.02,EC50,True,520.9690000000003,6,1,6.276440000000005,<rdkit.DataStructs.cDataStructs.ExplicitBitVect object at 0x1249c9230>,37
CCc1cc(OCCc2nc(-c3ccc(C)cc3)oc2C)ccc1CCC(=O)O,8.4,EC50,True,393.4830000000002,4,1,5.159540000000004,<rdkit.DataStructs.cDataStructs.ExplicitBitVect object at 0x1249c92a0>,29
Cc1c(C)n(Cc2ccc(-c3ccccc3C(=O)O)cc2)c2ccc(C(=O)NCc3ccccc3N)cc12,5.6,EC50,True,503.60200000000026,4,3,6.183840000000005,<rdkit.DataStructs.cDataStructs.ExplicitBitVect object at 0x1249c9310>,38
COc1cc(CCc2ccccc2)c(C(=O)O)c(O)c1C/C=C(\C)CCC=C(C)C,7.3,EC50,True,408.5380000000003,3,2,6.119400000000007,<rdkit.DataStructs.cDataStructs.ExplicitBitVect object at 0x1249c9380>,30
C/C(=C/C(=O)c1ccccc1)N[C@@H](Cc1ccc(OCCc2nc(-c3ccccc3)oc2C)cc1)C(=O)O,9.55,EC50,True,510.5900000000003,6,2,5.643520000000006,<rdkit.DataStructs.cDataStructs.ExplicitBitVect object at 0x1249c93f0>,38
CCCCC(Sc1nc(OCCC2CCCCC2)cc(OCCC2CCCCC2)n1)C(=O)O,5.18,EC50,False,478.69900000000035,6,1,6.910500000000007,<rdkit.DataStructs.cDataStructs.ExplicitBitVect object at 0x1249c9460>,33
Cc1oc(-c2ccccc2)nc1CCOC(=O)c1ccc(CC(SCCc2ccc(F)cc2)C(=O)O)cc1,6.96,EC50,True,533.6210000000002,6,1,6.160220000000005,<rdkit.DataStructs.cDataStructs.ExplicitBitVect object at 0x1249c94d0>,38
CS(=O)(=O)Oc1ccc(C(=O)OCc2ccc(CC(SCCc3ccc(F)cc3)C(=O)O)cc2)cc1,5.75,EC50,True,532.6110000000002,7,1,4.492700000000004,<rdkit.DataStructs.cDataStructs.ExplicitBitVect object at 0x1249c9540>,36
O=C(OCc1nc(-c2ccccc2)oc1C(F)(F)F)c1ccc(CC(SCCc2ccc(F)cc2)C(=O)O)cc1,7.24,EC50,True,573.5640000000003,6,1,6.828100000000006,<rdkit.DataStructs.cDataStructs.ExplicitBitVect object at 0x1249c95b0>,40
Cc1cc(/C=C2\Oc3cc(OCC(C)C)ccc3C2=O)cc(C)c1OC(C)(C)C(=O)O,6.3,EC50,True,424.4930000000002,5,1,5.196440000000004,<rdkit.DataStructs.cDataStructs.ExplicitBitVect object at 0x1249c9620>,31
O=C(O)Cc1cc(Cl)cc(OCCC2(N3CCCC3)CCN(c3nc4ccc(C(F)(F)F)cc4s3)CC2)c1,5.77,EC50,True,568.061,6,1,6.499500000000006,<rdkit.DataStructs.cDataStructs.ExplicitBitVect object at 0x1249c9690>,38
C=C(C)[C@@H]1CCC(C)=C[C@H]1C1=C(O)C(=O)C(CCCCC)=CC1=O,4.98,EC50,False,328.4520000000001,3,1,5.005600000000005,<rdkit.DataStructs.cDataStructs.ExplicitBitVect object at 0x1249c9700>,24
CCCc1nc2c(C)cc(-c3nc4ccccc4n3C)cc2n1Cc1ccc(-c2ccccc2C(=O)O)cc1,5.7,EC50,True,514.6290000000004,5,1,7.2644200000000065,<rdkit.DataStructs.cDataStructs.ExplicitBitVect object at 0x1249c9770>,39
CCCCC(Sc1ccc(OCCCOc2ccccc2OC)cc1)C(=O)O,5.8,EC50,True,404.5280000000001,5,1,5.278600000000005,<rdkit.DataStructs.cDataStructs.ExplicitBitVect object at 0x1249c97e0>,28
Cc1cc(CN2C(=O)CN(c3ccccc3)C2=O)cc(C)c1OC(C)(C)C(=O)O,5.68,EC50,True,396.4430000000002,4,1,3.514240000000002,<rdkit.DataStructs.cDataStructs.ExplicitBitVect object at 0x1249c9850>,29
Cc1ccc(N2CC(=O)N(Cc3cc(C)c(OC(C)(C)C(=O)O)c(C)c3)C2=O)cc1,6.2,EC50,True,410.47000000000014,4,1,3.8226600000000026,<rdkit.DataStructs.cDataStructs.ExplicitBitVect object at 0x1249c98c0>,30
CC(C)(Oc1ccc(CCNC(=O)c2ccc(Cl)cc2)cc1)C(=O)O,4.24,EC50,False,361.82500000000005,3,2,3.554500000000001,<rdkit.DataStructs.cDataStructs.ExplicitBitVect object at 0x1249c9930>,25
Cc1cc(Cl)ccc1-c1cc2cc(CCC(=O)O)ccc2[nH]1,4.56,EC50,False,313.784,1,2,4.813920000000004,<rdkit.DataStructs.cDataStructs.ExplicitBitVect object at 0x1249c99a0>,22
Cc1oc(-c2ccccc2)nc1CCOc1ccc(C[C@@H]2CN(C(=O)Oc3ccccc3)C[C@@H]2C(=O)O)cc1,6.19,EC50,True,526.5890000000003,6,1,5.6456200000000045,<rdkit.DataStructs.cDataStructs.ExplicitBitVect object at 0x1249c9a10>,39
Cc1oc(-c2ccccc2)nc1CCOc1ccc(C[C@@]2(C(=O)O)C=CC=CO2)cc1,8.33,EC50,True,417.4610000000001,5,1,4.737520000000003,<rdkit.DataStructs.cDataStructs.ExplicitBitVect object at 0x1249c9a80>,31
Cc1oc(-c2ccccc2)nc1CCOc1ccc(C[C@](C)(Oc2ccccc2)C(=O)O)cc1,8.52,EC50,True,457.5260000000002,5,1,5.736320000000005,<rdkit.DataStructs.cDataStructs.ExplicitBitVect object at 0x1249c9af0>,34
CN(CCOc1ccc(CC2SC(=O)NC2=O)cc1)c1ccccn1,7.7,EC50,True,357.435,6,1,2.490900000000001,<rdkit.DataStructs.cDataStructs.ExplicitBitVect object at 0x1249c9b60>,25
CC(C)(Oc1ccc(COc2ccc(Oc3ccccc3)cc2)cc1)C(=O)O,6.1,EC50,True,378.4240000000001,4,1,5.299900000000005,<rdkit.DataStructs.cDataStructs.ExplicitBitVect object at 0x1249c9bd0>,28
COc1ccc(S(=O)(=O)n2cc(CCC(=O)O)c3cc(OC)ccc32)cc1,5.99,EC50,True,389.4290000000001,6,1,2.912700000000001,<rdkit.DataStructs.cDataStructs.ExplicitBitVect object at 0x1249c9c40>,27
CCCc1nc2ccccc2n1Cc1ccc(-c2ccccc2C(=O)O)cc1,5.19,EC50,False,370.45200000000006,3,1,5.402300000000006,<rdkit.DataStructs.cDataStructs.ExplicitBitVect object at 0x1249c9cb0>,28
Cc1c(C)c2c(c(C)c1O)CCC(C)(COc1ccc(CC3SC(=O)NC3=O)cc1)O2,5.86,EC50,True,441.54900000000015,6,2,4.374260000000002,<rdkit.DataStructs.cDataStructs.ExplicitBitVect object at 0x1249c9d20>,31
CCCc1cc(C(=O)c2ccc(F)cc2)ccc1OCCCOc1ccc2ccn(CC(=O)O)c2c1,5.4,EC50,False,489.54300000000035,5,1,5.896400000000007,<rdkit.DataStructs.cDataStructs.ExplicitBitVect object at 0x1249c9d90>,36
C/C(=N/OCCOc1ccc(CC2SC(=O)NC2=O)cc1)c1ccc(-c2ccccc2)nc1,6.72,EC50,True,461.5430000000002,7,1,4.4623000000000035,<rdkit.DataStructs.cDataStructs.ExplicitBitVect object at 0x1249c9e00>,33
C[C@H](CCOc1ccc(CCC(=O)O)c(C(F)(F)F)c1)Oc1ccc(Cl)cc1Oc1ccccc1,6.45,EC50,True,508.9200000000001,4,1,7.404700000000005,<rdkit.DataStructs.cDataStructs.ExplicitBitVect object at 0x1249c9e70>,35
CC(C)c1ccc(/N=N\c2ccc(OCCc3ccc(OC(C)(C)C(=O)O)cc3)cc2)cc1,5.58,EC50,True,446.54700000000014,5,1,7.088900000000007,<rdkit.DataStructs.cDataStructs.ExplicitBitVect object at 0x1249c9ee0>,33
CCCCCCC(Sc1nc2ccc(NS(=O)(=O)c3ccc(Cl)cc3Cl)cc2s1)C(=O)O,6.71,EC50,True,533.5240000000003,6,2,6.919600000000004,<rdkit.DataStructs.cDataStructs.ExplicitBitVect object at 0x1249c9f50>,32
Cc1ccc(-c2nc(COc3ccc(C[C@H]4CO[C@@](C)(C(=O)O)OC4)cc3)c(C)o2)cc1,7.82,EC50,True,437.4920000000002,6,1,4.543740000000004,<rdkit.DataStructs.cDataStructs.ExplicitBitVect object at 0x1249c9fc0>,32
O=C(O)[C@H](Cc1ccccc1)Oc1ccc(-c2ccccc2)cc1,6.25,EC50,True,318.372,2,1,4.428300000000003,<rdkit.DataStructs.cDataStructs.ExplicitBitVect object at 0x1249ca030>,24
Cc1cccc(Nc2cc(Cl)nc(SCC(=O)O)n2)c1C,5.8,EC50,True,323.80500000000006,5,2,3.6671400000000007,<rdkit.DataStructs.cDataStructs.ExplicitBitVect object at 0x1249ca0a0>,21
CN(CCOc1ccc(CC2SC(=O)NC2=O)cc1)c1ccccn1,7.7,EC50,True,357.435,6,1,2.490900000000001,<rdkit.DataStructs.cDataStructs.ExplicitBitVect object at 0x1249ca110>,25
CN(CCOc1ccc(CC2SC(=O)NC2=O)cc1)c1ccccn1,7.48,EC50,True,357.435,6,1,2.490900000000001,<rdkit.DataStructs.cDataStructs.ExplicitBitVect object at 0x1249ca180>,25
Cc1cc(Cc2cc(-c3ccc(Br)cc3)on2)cc(C)c1OC(C)(C)C(=O)O,5.56,EC50,True,444.3250000000002,4,1,5.553740000000005,<rdkit.DataStructs.cDataStructs.ExplicitBitVect object at 0x1249ca1f0>,28
Cc1oc(-c2ccccc2)nc1CCOc1ccc2c(c1)CCC2C(CCCc1ccccc1)C(=O)O,5.5,EC50,True,495.6190000000003,4,1,7.025020000000007,<rdkit.DataStructs.cDataStructs.ExplicitBitVect object at 0x1249ca260>,37
CCC(C(=O)O)C1CCc2cc(OCCc3nc(-c4ccc(Cl)cc4Cl)oc3C)ccc21,6.13,EC50,True,474.3840000000002,4,1,6.718920000000005,<rdkit.DataStructs.cDataStructs.ExplicitBitVect object at 0x1249ca2d0>,32
CCC(C(=O)O)C1CCc2cc(OCCc3nc(-c4c(F)cccc4F)oc3C)ccc21,6.43,EC50,True,441.4740000000001,4,1,5.690320000000005,<rdkit.DataStructs.cDataStructs.ExplicitBitVect object at 0x1249ca340>,32
CCC(C(=O)O)C1CCc2cc(OCCc3nc(-c4ccc(F)c(C)c4)oc3C)ccc21,7.11,EC50,True,437.51100000000014,4,1,5.859640000000006,<rdkit.DataStructs.cDataStructs.ExplicitBitVect object at 0x1249ca3b0>,32
CCC(C(=O)O)C1CCc2cc(OCCc3nc(-c4cccc(OC)c4)oc3C)ccc21,9.0,EC50,True,435.52000000000015,5,1,5.4207200000000055,<rdkit.DataStructs.cDataStructs.ExplicitBitVect object at 0x1249ca420>,32
CN1CCN(CC(=O)OCc2ccc(CC(SCCc3ccc(F)cc3)C(=O)O)cc2)CC1,6.09,EC50,True,474.59800000000024,6,1,3.087900000000001,<rdkit.DataStructs.cDataStructs.ExplicitBitVect object at 0x1249ca490>,33
C=CCC(OC(=O)Cc1ccc(SCc2ccccc2C(=O)O)cc1)c1ccccc1,4.82,EC50,False,432.5410000000001,4,1,6.080200000000005,<rdkit.DataStructs.cDataStructs.ExplicitBitVect object at 0x1249ca500>,31
O=C(Cc1cccc(SCc2ccccc2C(=O)O)c1)OCCc1ccccc1C(F)(F)F,5.05,EC50,False,474.5000000000001,4,1,6.024300000000004,<rdkit.DataStructs.cDataStructs.ExplicitBitVect object at 0x1249ca570>,33
COC(=O)[C@@H](NC(=O)OCc1ccccc1)c1cccc(NC(=O)CCl)c1,4.65,EC50,False,390.8230000000001,5,2,3.0044000000000013,<rdkit.DataStructs.cDataStructs.ExplicitBitVect object at 0x1249ca5e0>,27
CC(C)(Oc1ccc(CCOc2ccc(/N=N\c3ccccc3)cc2Cl)cc1)C(=O)O,6.04,EC50,True,438.91100000000006,5,1,6.618900000000005,<rdkit.DataStructs.cDataStructs.ExplicitBitVect object at 0x1249ca650>,31
COc1cc(C(=O)NS(=O)(=O)c2cccc(C(F)(F)F)c2)ccc1Cc1cn(C)c2ccc(NC(=O)NC3CCCCC3)cc12,6.46,EC50,True,642.6999999999998,6,3,6.369400000000005,<rdkit.DataStructs.cDataStructs.ExplicitBitVect object at 0x1249ca6c0>,45
COc1cccc2ccc(-c3cc(-c4ccc5cccc(OC)c5c4O)c4cccc(OC)c4c3O)c(O)c12,4.29,EC50,False,518.5650000000003,6,3,7.622800000000005,<rdkit.DataStructs.cDataStructs.ExplicitBitVect object at 0x1249ca730>,39
Cc1nc(-c2ccc(C(F)(F)F)cc2)sc1CN(C)c1ccc(/C=C/C(=O)O)cc1,4.61,EC50,False,432.4670000000001,4,1,5.871520000000005,<rdkit.DataStructs.cDataStructs.ExplicitBitVect object at 0x1249ca7a0>,30
Cc1cccc(Nc2cc(Cl)nc(SCC(=O)O)n2)c1C,4.27,EC50,False,323.80500000000006,5,2,3.6671400000000007,<rdkit.DataStructs.cDataStructs.ExplicitBitVect object at 0x1249ca810>,21
CN(CCOc1ccc(CC2SC(=O)NC2=O)cc1)c1ccccn1,8.4,EC50,True,357.435,6,1,2.490900000000001,<rdkit.DataStructs.cDataStructs.ExplicitBitVect object at 0x1249ca880>,25
CN(CCOc1ccc(CC2SC(=O)NC2=O)cc1)c1ccccn1,4.36,EC50,False,357.435,6,1,2.490900000000001,<rdkit.DataStructs.cDataStructs.ExplicitBitVect object at 0x1249ca8f0>,25
CCO[C@@H](Cc1ccc(OC/C=C(/c2ccccc2)c2ccc(Br)cc2)cc1)C(=O)O,5.37,EC50,False,481.38600000000014,3,1,5.992000000000005,<rdkit.DataStructs.cDataStructs.ExplicitBitVect object at 0x1249ca960>,31
O=C(O)[C@H](CCOc1ccccc1)Oc1ccc(Cl)cc1,5.9,EC50,True,306.745,3,1,3.6411000000000024,<rdkit.DataStructs.cDataStructs.ExplicitBitVect object at 0x1249ca9d0>,21
O=C(O)[C@H](CCCc1ccc(Cl)cc1)Oc1ccc(Cl)cc1,6.5,EC50,True,339.2180000000001,2,1,4.848300000000004,<rdkit.DataStructs.cDataStructs.ExplicitBitVect object at 0x1249caa40>,22
O=c1c(-c2ccc3c(c2)OCO3)coc2cc(O)ccc12,4.57,EC50,False,282.251,5,1,2.894300000000001,<rdkit.DataStructs.cDataStructs.ExplicitBitVect object at 0x1249caab0>,21
CCCc1cc(Oc2ccccc2)ccc1OCCCOc1ccc(C2SC(=O)NC2=O)cc1F,6.52,EC50,True,495.5720000000002,6,1,6.442500000000005,<rdkit.DataStructs.cDataStructs.ExplicitBitVect object at 0x1249cab20>,35
COc1ccc(-c2cn3cccc(OCc4ccc(Cl)c(Cl)c4)c3n2)cc1,5.51,EC50,True,399.27700000000004,4,0,5.895700000000003,<rdkit.DataStructs.cDataStructs.ExplicitBitVect object at 0x1249cab90>,27
CCO[C@@H](Cc1ccc(OCC=C(c2ccc(OC)cc2)c2ccc(OC)cc2)cc1)C(=O)O,5.66,EC50,True,462.54200000000014,5,1,5.246700000000004,<rdkit.DataStructs.cDataStructs.ExplicitBitVect object at 0x1249cac00>,34
CCO[C@@H](Cc1ccc(OC/C=C(\c2ccccc2)c2ccc(Br)cc2)cc1)C(=O)O,5.82,EC50,True,481.38600000000014,3,1,5.992000000000005,<rdkit.DataStructs.cDataStructs.ExplicitBitVect object at 0x1249cac70>,31
COc1cc(OC(C)(C)C(=O)O)ccc1CN(Cc1ccco1)Cc1nc(-c2ccccc2)oc1C,6.48,EC50,True,490.55600000000027,7,1,5.696020000000005,<rdkit.DataStructs.cDataStructs.ExplicitBitVect object at 0x1249cace0>,36
Cc1sc(-c2ccccc2)nc1CCOc1ccc(C[C@@](O)(C(=O)O)c2ccccc2C(=O)c2ccccc2)cc1,10.0,EC50,True,563.6750000000003,6,2,6.485920000000007,<rdkit.DataStructs.cDataStructs.ExplicitBitVect object at 0x1249cad50>,41
CCO[C@@H](Cc1ccc(OCC=C(c2ccc(OC)cc2)c2ccc(OC)cc2)cc1)C(=O)O,5.66,EC50,True,462.54200000000014,5,1,5.246700000000004,<rdkit.DataStructs.cDataStructs.ExplicitBitVect object at 0x1249cadc0>,34
CCO[C@@H](Cc1ccc(OC/C=C(\c2ccccc2)c2ccc(-c3ccccc3)cc2)cc1)C(=O)O,6.22,EC50,True,478.5880000000002,3,1,6.896500000000007,<rdkit.DataStructs.cDataStructs.ExplicitBitVect object at 0x1249cae30>,36
CCCOc1cc(C)c2c(c1C)C[C@H]([C@H](C)C(=O)O)CC2,4.82,EC50,False,290.403,2,1,3.9178400000000027,<rdkit.DataStructs.cDataStructs.ExplicitBitVect object at 0x1249caea0>,21
CCCCCCCCCCCCCCCc1cccc(OC(C)(C)C(=O)OCC)c1,5.41,EC50,False,418.6620000000002,3,0,8.04080000000001,<rdkit.DataStructs.cDataStructs.ExplicitBitVect object at 0x1249caf10>,30
Cn1c(COc2cccc(C(=O)O)c2)nc2ccc(Oc3ccc(Cl)cc3)cc21,6.9,EC50,True,408.84100000000007,5,1,5.296200000000003,<rdkit.DataStructs.cDataStructs.ExplicitBitVect object at 0x1249caf80>,29
CCC(C(=O)O)C1CCc2cc(OCCc3nc(-c4ccco4)oc3C)ccc21,6.4,EC50,True,395.4550000000001,5,1,5.005120000000004,<rdkit.DataStructs.cDataStructs.ExplicitBitVect object at 0x1249caff0>,29
CCC(C(=O)O)C1CCc2cc(OCCc3nc(-c4cccc(C)c4)oc3C)ccc21,7.47,EC50,True,419.52100000000013,4,1,5.720540000000006,<rdkit.DataStructs.cDataStructs.ExplicitBitVect object at 0x1249cb060>,31
CCc1ccc(CCOc2ccc(CC3SC(=O)NC3=O)cc2)nc1,6.7,EC50,True,356.44700000000006,5,1,3.159600000000001,<rdkit.DataStructs.cDataStructs.ExplicitBitVect object at 0x1249cb0d0>,25
CCOC(=O)C(C(=O)O)C1CCc2cc(OCCc3nc(-c4ccccc4)oc3C)ccc21,7.17,EC50,True,449.50300000000016,6,1,4.565220000000004,<rdkit.DataStructs.cDataStructs.ExplicitBitVect object at 0x1249cb140>,33
COC(=O)N(CC(=O)O)Cc1cc(OCc2nc(-c3ccc(F)cc3)oc2C)ccc1F,5.0,EC50,False,446.4060000000001,6,1,4.160220000000003,<rdkit.DataStructs.cDataStructs.ExplicitBitVect object at 0x1249cb1b0>,32
Cc1ccc(C(=O)NCc2cccc(Oc3ccc(OC(C)(C)C(=O)O)c(C)c3)c2)c(C)c1,7.6,EC50,True,447.5310000000003,4,2,5.576160000000004,<rdkit.DataStructs.cDataStructs.ExplicitBitVect object at 0x1249cb220>,33
CCCc1cc(Oc2ccccc2)ccc1OCCCOc1cccc(C2SC(=O)NC2=O)c1,7.85,EC50,True,477.58200000000016,6,1,6.303400000000005,<rdkit.DataStructs.cDataStructs.ExplicitBitVect object at 0x1249cb290>,34
CCCc1cc(C(=O)c2ccccc2)ccc1OCCCOc1cccc(C2SC(=O)NC2=O)c1,6.78,EC50,True,489.59300000000025,6,1,5.742100000000005,<rdkit.DataStructs.cDataStructs.ExplicitBitVect object at 0x1249cb300>,35
CC(C)(Oc1ccc(CCOc2ccc(/N=N\c3ccccc3)cc2)cc1)C(=O)O,5.22,EC50,False,404.46600000000007,5,1,5.965500000000006,<rdkit.DataStructs.cDataStructs.ExplicitBitVect object at 0x1249cb370>,30
Cc1nc(-c2ccc(C(F)(F)F)cc2)sc1CNc1ccc(/C=C/C(=O)O)cc1,5.28,EC50,False,418.44000000000005,4,2,5.847220000000004,<rdkit.DataStructs.cDataStructs.ExplicitBitVect object at 0x1249cb3e0>,29
Cc1c(C(=O)c2ccc(Cl)cc2)c2ccc(OC(F)(F)F)cc2n1Cc1cccc(O[C@H](C)C(=O)O)c1,8.22,EC50,True,531.9140000000002,5,1,6.632920000000006,<rdkit.DataStructs.cDataStructs.ExplicitBitVect object at 0x1249cb450>,37
Cc1c(C(=O)c2ccc(Cl)cc2)c2ccc(OC(F)(F)F)cc2n1Cc1cccc(O[C@H](C)C(=O)O)c1,8.3,EC50,True,531.9140000000002,5,1,6.632920000000006,<rdkit.DataStructs.cDataStructs.ExplicitBitVect object at 0x1249cb4c0>,37
COc1cc(C(=O)NS(=O)(=O)c2ccccc2)ccc1Cc1cn(C)c2ccc(NC(=O)OC3CCCC3)cc12,6.64,EC50,True,561.6600000000002,7,2,5.3875000000000055,<rdkit.DataStructs.cDataStructs.ExplicitBitVect object at 0x1249cb530>,40
O=C(O)CCCNC(=O)c1ccccc1NC(=O)c1ccc2ccccc2c1,4.74,EC50,False,376.41200000000015,3,3,3.686700000000002,<rdkit.DataStructs.cDataStructs.ExplicitBitVect object at 0x1249cb5a0>,28
CCc1ccc(O[C@@H](Cc2ccccc2)C(=O)O)cc1,5.44,EC50,False,270.328,2,1,3.3237000000000014,<rdkit.DataStructs.cDataStructs.ExplicitBitVect object at 0x1249cb610>,20
Cc1c(C)c2c(c(C)c1O)CCC(C)(COc1ccc(CC3SC(=O)NC3=O)cc1)O2,6.27,EC50,True,441.54900000000015,6,2,4.374260000000002,<rdkit.DataStructs.cDataStructs.ExplicitBitVect object at 0x1249cb680>,31
O=C(Nc1ccc2nc(-c3ccccc3)cn2c1)c1cc([N+](=O)[O-])ccc1Cl,8.59,EC50,True,392.80200000000013,5,1,4.815200000000003,<rdkit.DataStructs.cDataStructs.ExplicitBitVect object at 0x1249cb6f0>,28
CCc1ccc(-c2nc3cc(NC(=O)c4cc([N+](=O)[O-])ccc4I)ccc3o2)cc1,7.55,EC50,True,513.2910000000002,5,1,5.822300000000004,<rdkit.DataStructs.cDataStructs.ExplicitBitVect object at 0x1249cb760>,30
Cc1oc(-c2ccccc2)nc1CCOc1ccc(C[C@H](Nc2ccccc2C(=O)c2ccccc2)C(=O)O)cc1,8.52,EC50,True,546.6230000000003,6,2,6.610320000000006,<rdkit.DataStructs.cDataStructs.ExplicitBitVect object at 0x1249cb7d0>,41
CN(CCOc1ccc(CC2SC(=O)NC2=O)cc1)c1ccccn1,7.96,EC50,True,357.435,6,1,2.490900000000001,<rdkit.DataStructs.cDataStructs.ExplicitBitVect object at 0x1249cb840>,25
COc1ccc(CNC(=O)c2ccc3c(c2)[nH]c(=O)n3Cc2cccc(F)c2)c(C(F)(F)F)c1,5.96,EC50,True,473.42600000000016,4,2,4.474400000000003,<rdkit.DataStructs.cDataStructs.ExplicitBitVect object at 0x1249cb8b0>,34
COc1ccc(CNC(=O)c2ccc3c(cnn3Cc3cccc(F)c3)c2)c(C(F)(F)F)c1,5.8,EC50,True,457.4270000000001,4,1,5.181100000000003,<rdkit.DataStructs.cDataStructs.ExplicitBitVect object at 0x1249cb920>,33
CCS(=O)(=O)Nc1ccc(CNC(=O)c2ccc3c(ccn3Cc3cccc(F)c3)c2)c(C(F)(F)F)c1,6.43,EC50,True,533.5470000000003,4,2,5.539100000000005,<rdkit.DataStructs.cDataStructs.ExplicitBitVect object at 0x1249cb990>,37
CC(C)S(=O)(=O)n1ccc2cc(C(=O)NCc3ccc(CS(=O)(=O)C4CC4)cc3C(F)(F)F)ccc21,5.98,EC50,True,542.6010000000002,6,1,4.253600000000003,<rdkit.DataStructs.cDataStructs.ExplicitBitVect object at 0x1249cba00>,36
CC(C)(Oc1ccc(Cn2ncn(-c3ccc(C(F)(F)F)cc3)c2=O)cc1C(F)(F)F)C(=O)O,5.75,EC50,True,489.3720000000001,6,1,4.361900000000003,<rdkit.DataStructs.cDataStructs.ExplicitBitVect object at 0x1249cba70>,34
COc1ccc(-n2cnn(Cc3cc(C)c(OC(C)(C)C(=O)O)c(C)c3)c2=O)cc1,5.7,EC50,True,411.45800000000014,7,1,2.949740000000001,<rdkit.DataStructs.cDataStructs.ExplicitBitVect object at 0x1249cbae0>,30
CCO[C@@H](Cc1ccc(OCCN2c3ccccc3Oc3ccccc32)cc1)C(=O)O,6.24,EC50,True,419.47700000000015,5,1,5.041600000000004,<rdkit.DataStructs.cDataStructs.ExplicitBitVect object at 0x1249cbb50>,31
[2H]C([2H])(Cc1cn(S(=O)(=O)c2ccc(C3CC3)cc2)c2ccc(OC)cc12)C(=O)O,6.01,EC50,True,401.48020355600016,5,1,3.781500000000002,<rdkit.DataStructs.cDataStructs.ExplicitBitVect object at 0x1249cbbc0>,28
Cc1oc(-c2ccccc2)nc1CCOc1ccc(C[C@H](Nc2ccccc2C(=O)c2ccccc2)C(=O)O)cc1,9.22,EC50,True,546.6230000000003,6,2,6.610320000000006,<rdkit.DataStructs.cDataStructs.ExplicitBitVect object at 0x1249cbc30>,41
CN(CCOc1ccc(CC2SC(=O)NC2=O)cc1)c1ccccn1,6.65,EC50,True,357.435,6,1,2.490900000000001,<rdkit.DataStructs.cDataStructs.ExplicitBitVect object at 0x1249cbca0>,25
Cc1c(C(=O)c2ccc(Cl)cc2)c2ccc(OC(F)(F)F)cc2n1Cc1cccc(O[C@@H](C)C(=O)O)c1,9.0,EC50,True,531.9140000000002,5,1,6.632920000000006,<rdkit.DataStructs.cDataStructs.ExplicitBitVect object at 0x1249cbd10>,37
CCc1ccc(N2CC(=O)N(Cc3cc(C)c(OC(C)(C)C(=O)O)c(C)c3)C2=O)cc1,5.78,EC50,True,424.4970000000002,4,1,4.076640000000003,<rdkit.DataStructs.cDataStructs.ExplicitBitVect object at 0x1249cbd80>,31
Cc1cc(CN2C(=O)CN(c3ccc(C(C)(C)C)cc3)C2=O)cc(C)c1OC(C)(C)C(=O)O,5.75,EC50,True,452.5510000000003,4,1,4.811740000000004,<rdkit.DataStructs.cDataStructs.ExplicitBitVect object at 0x1249cbdf0>,33
Cc1cc(CCN2C(=O)CN(c3ccc(C(F)(F)F)cc3)C2=O)cc(C)c1OC(C)(C)C(=O)O,6.56,EC50,True,478.46700000000027,4,1,4.575540000000003,<rdkit.DataStructs.cDataStructs.ExplicitBitVect object at 0x1249cbe60>,34
COc1cc(CCc2ccccc2)c(C(=O)O)c(O)c1CC=C(C)C,6.34,EC50,True,340.41900000000015,3,2,4.392900000000004,<rdkit.DataStructs.cDataStructs.ExplicitBitVect object at 0x1249cbed0>,25
O=C(O)CCCc1cc2cc(Cl)ccc2n1S(=O)(=O)c1ccc2ncsc2c1,5.39,EC50,False,434.92600000000016,6,1,4.548700000000003,<rdkit.DataStructs.cDataStructs.ExplicitBitVect object at 0x1249cbf40>,28
COc1ccc(OC(=O)N(CC(=O)O)Cc2ccc(OCCc3nc(-c4ccccc4)oc3C)cc2)cc1,8.52,EC50,True,516.5500000000003,7,1,5.365720000000005,<rdkit.DataStructs.cDataStructs.ExplicitBitVect object at 0x1249d0040>,38
CC(C)(Oc1ccc(CCCOc2ccc(C(=O)/C=C/c3ccccc3)cc2)cc1)C(=O)O,6.1,EC50,True,444.5270000000001,4,1,5.836300000000006,<rdkit.DataStructs.cDataStructs.ExplicitBitVect object at 0x1249d00b0>,33
Cc1cc(Oc2cc(F)cc(CNC(=O)c3ccc(C(F)(F)F)cc3F)c2)ccc1OC(C)(C)C(=O)O,7.66,EC50,True,523.4540000000003,4,2,6.256320000000004,<rdkit.DataStructs.cDataStructs.ExplicitBitVect object at 0x1249d0120>,37
CN(CCOc1ccc(CC2SC(=O)NC2=O)cc1)c1ccccn1,7.32,EC50,True,357.435,6,1,2.490900000000001,<rdkit.DataStructs.cDataStructs.ExplicitBitVect object at 0x1249d0190>,25
CC(C)(C)c1ccc(C(=O)Nc2ccccc2C(=O)Nc2cccc(CCC(=O)O)c2)cc1,5.3,EC50,False,444.5310000000002,3,3,5.505900000000003,<rdkit.DataStructs.cDataStructs.ExplicitBitVect object at 0x1249d0200>,33
CCCc1c(OCCCCOc2ccc(CC(C)(C)C(=O)O)cc2)ccc2c(-c3ccccc3)noc12,7.7,EC50,True,501.6230000000002,5,1,7.338600000000008,<rdkit.DataStructs.cDataStructs.ExplicitBitVect object at 0x1249d0270>,37
Cc1cc(/N=N\c2ccccc2)ccc1OCCc1ccc(OC(C)(C)C(=O)O)cc1,5.77,EC50,True,418.49300000000017,5,1,6.273920000000006,<rdkit.DataStructs.cDataStructs.ExplicitBitVect object at 0x1249d02e0>,31
Cc1c(C(=O)c2ccc(Cl)cc2)c2ccc(OC(F)(F)F)cc2n1Cc1cccc(O[C@@H](C(=O)O)C(C)C)c1,8.15,EC50,True,559.9680000000002,5,1,7.269020000000006,<rdkit.DataStructs.cDataStructs.ExplicitBitVect object at 0x1249d0350>,39
Cc1c(C(=O)c2ccc(Cl)cc2)c2ccc(OC(F)(F)F)cc2n1Cc1cccc(O[C@@H](C(=O)O)C(C)C)c1,8.05,EC50,True,559.9680000000002,5,1,7.269020000000006,<rdkit.DataStructs.cDataStructs.ExplicitBitVect object at 0x1249d03c0>,39
CCc1ccc(CCOc2ccc(CC3SC(=O)NC3=O)cc2)nc1,6.52,EC50,True,356.44700000000006,5,1,3.159600000000001,<rdkit.DataStructs.cDataStructs.ExplicitBitVect object at 0x1249d0430>,25
CCCCCCCN(CCc1ccc(SC(C)(C)C(=O)O)cc1)C(=O)Nc1ccc(F)cc1F,6.6,EC50,True,492.6320000000002,3,2,6.9671000000000065,<rdkit.DataStructs.cDataStructs.ExplicitBitVect object at 0x1249d04a0>,34
COc1ccc(CC2SC(=O)NC2=O)cc1C(=O)NCc1ccc(C(F)(F)F)cc1,6.1,EC50,True,438.4270000000001,5,2,3.538100000000002,<rdkit.DataStructs.cDataStructs.ExplicitBitVect object at 0x1249d0510>,30
CCCCCc1cc(OC)c(CC=C(C)C)c(O)c1C(=O)O,5.92,EC50,True,306.40200000000004,3,2,4.340400000000004,<rdkit.DataStructs.cDataStructs.ExplicitBitVect object at 0x1249d0580>,22
CCCc1nc2c(C)cccc2n1Cc1ccc2c(c1)COc1ccccc1/C2=C(\C)c1noc(=O)[nH]1,8.62,EC50,True,492.5790000000003,6,1,5.893220000000006,<rdkit.DataStructs.cDataStructs.ExplicitBitVect object at 0x1249d05f0>,37
CCc1ccc(CCOc2ccc(CC3SC(=O)NC3=O)cc2)nc1,6.24,EC50,True,356.44700000000006,5,1,3.159600000000001,<rdkit.DataStructs.cDataStructs.ExplicitBitVect object at 0x1249d0660>,25
CN(CCOc1ccc(CC2SC(=O)NC2=O)cc1)c1ccccn1,6.66,EC50,True,357.435,6,1,2.490900000000001,<rdkit.DataStructs.cDataStructs.ExplicitBitVect object at 0x1249d06d0>,25
CCO[C@@H](Cc1ccc(OCCN2c3ccccc3Oc3ccccc32)cc1)C(=O)O,6.22,EC50,True,419.47700000000015,5,1,5.041600000000004,<rdkit.DataStructs.cDataStructs.ExplicitBitVect object at 0x1249d0740>,31
CN(CCOc1ccc(CC2SC(=O)NC2=O)cc1)c1ccccn1,6.55,EC50,True,357.435,6,1,2.490900000000001,<rdkit.DataStructs.cDataStructs.ExplicitBitVect object at 0x1249d07b0>,25
CCc1cc(Oc2cc(F)cc([C@@H](C)NC(=O)c3c(C)c4cc(Cl)ccc4n3C)c2)ccc1CCC(=O)O,6.94,EC50,True,537.0310000000003,4,2,7.1421200000000065,<rdkit.DataStructs.cDataStructs.ExplicitBitVect object at 0x1249d0820>,38
CN(CCOc1ccc(CC2SC(=O)NC2=O)cc1)c1ccccn1,6.4,EC50,True,357.435,6,1,2.490900000000001,<rdkit.DataStructs.cDataStructs.ExplicitBitVect object at 0x1249d0890>,25
Cn1c(COc2cccc(C(=O)O)c2)nc2ccc(Oc3ccc(Cl)c(F)c3)cc21,7.17,EC50,True,426.8310000000001,5,1,5.435300000000003,<rdkit.DataStructs.cDataStructs.ExplicitBitVect object at 0x1249d0900>,30
CN(CCOc1ccc(CC2SC(=O)NC2=O)cc1)c1ccccn1,7.41,EC50,True,357.435,6,1,2.490900000000001,<rdkit.DataStructs.cDataStructs.ExplicitBitVect object at 0x1249d0970>,25
Cc1cccc(Oc2ccc3nc(COc4cccc(C(=O)O)c4)n(C)c3c2)n1,5.72,EC50,True,389.4110000000001,6,1,4.346220000000004,<rdkit.DataStructs.cDataStructs.ExplicitBitVect object at 0x1249d09e0>,29
Cn1c(COc2cccc(C(=O)O)c2)nc2ccc(Oc3cc(Cl)ccn3)cc21,6.21,EC50,True,409.82900000000006,6,1,4.691200000000003,<rdkit.DataStructs.cDataStructs.ExplicitBitVect object at 0x1249d0a50>,29
O=C(O)c1ccc(-c2nn(C(=O)c3c(Cl)cccc3C(F)(F)F)c3ccccc23)cc1,6.64,EC50,True,444.79600000000005,4,1,5.762200000000003,<rdkit.DataStructs.cDataStructs.ExplicitBitVect object at 0x1249d0ac0>,31
COc1ccc(OC(=O)N(CC(=O)O)Cc2ccc(OCCc3nc(-c4ccccc4)oc3C)cc2)cc1,7.4,EC50,True,516.5500000000003,7,1,5.365720000000005,<rdkit.DataStructs.cDataStructs.ExplicitBitVect object at 0x1249d0b30>,38
Cc1oc(-c2ccccc2)nc1CCCC[C@H]1CO[C@@](C)(C(=O)O)OC1,4.0,EC50,False,359.4220000000001,5,1,3.826620000000001,<rdkit.DataStructs.cDataStructs.ExplicitBitVect object at 0x1249d0ba0>,26
CCc1ccc(CCOc2ccc(CC3SC(=O)NC3=O)cc2)nc1,6.5,EC50,True,356.44700000000006,5,1,3.159600000000001,<rdkit.DataStructs.cDataStructs.ExplicitBitVect object at 0x1249d0c10>,25
Cn1c(COc2cccc(C(=O)O)c2)nc2ccc(Oc3cccc(F)c3F)cc21,6.64,EC50,True,410.3760000000001,5,1,4.921000000000003,<rdkit.DataStructs.cDataStructs.ExplicitBitVect object at 0x1249d0c80>,30
Cn1c(COc2cccc(C(=O)O)c2)nc2ccc(Oc3cc(F)ccc3F)cc21,6.87,EC50,True,410.3760000000001,5,1,4.921000000000003,<rdkit.DataStructs.cDataStructs.ExplicitBitVect object at 0x1249d0cf0>,30
Cc1cc(F)cc(Oc2ccc3nc(COc4cccc(C(=O)O)c4)n(C)c3c2)c1,7.68,EC50,True,406.4130000000001,5,1,5.090320000000005,<rdkit.DataStructs.cDataStructs.ExplicitBitVect object at 0x1249d0d60>,30
CCO[C@@H](Cc1ccc(OCCn2c3ccc(Br)cc3c3cc(Br)ccc32)cc1)C(=O)O,7.36,EC50,True,561.2700000000002,4,1,6.430700000000005,<rdkit.DataStructs.cDataStructs.ExplicitBitVect object at 0x1249d0dd0>,32
Cc1cc(Cn2ncn(-c3ccc(OC(F)(F)F)cc3)c2=O)ccc1OC(C)(C)C(=O)O,5.72,EC50,True,451.40100000000024,7,1,3.531320000000002,<rdkit.DataStructs.cDataStructs.ExplicitBitVect object at 0x1249d0e40>,32
O=S(=O)(Nc1cc(Cl)c(Oc2cnc3ccccc3c2)c(Cl)c1)c1ccc(Cl)cc1Cl,7.0,EC50,True,514.2170000000001,4,1,7.441500000000001,<rdkit.DataStructs.cDataStructs.ExplicitBitVect object at 0x1249d0eb0>,31
COc1ccc(Oc2cc(N(C)CCOc3ccc(CC4SC(=O)NC4=O)cc3)ncn2)cc1,8.52,EC50,True,480.54600000000016,9,1,3.6868000000000025,<rdkit.DataStructs.cDataStructs.ExplicitBitVect object at 0x1249d0f20>,34
CC(C)(Oc1ccc(CCOc2ccc(/N=N/c3ccc(Cl)cc3)cc2)cc1)C(=O)O,5.5,EC50,True,438.91100000000006,5,1,6.618900000000005,<rdkit.DataStructs.cDataStructs.ExplicitBitVect object at 0x1249d0f90>,31
C[C@H]1CN(CCOc2cc(CC(=O)O)ccc2Cl)CCN1c1nc2ccc(Cl)cc2s1,6.32,EC50,True,480.4170000000002,6,1,4.819700000000004,<rdkit.DataStructs.cDataStructs.ExplicitBitVect object at 0x1249d1000>,31
CCc1cc(OCCc2nc(-c3ccc(C(C)(C)C)cc3)oc2C)ccc1CCC(=O)O,7.05,EC50,True,435.5640000000002,4,1,6.148620000000006,<rdkit.DataStructs.cDataStructs.ExplicitBitVect object at 0x1249d1070>,32
CCO[C@@H](Cc1ccc(OCCN2c3ccccc3Oc3ccccc32)cc1)C(=O)O,6.24,EC50,True,419.47700000000015,5,1,5.041600000000004,<rdkit.DataStructs.cDataStructs.ExplicitBitVect object at 0x1249d10e0>,31
CN(CCOc1ccc(CC2SC(=O)NC2=O)cc1)c1ccccn1,7.7,EC50,True,357.435,6,1,2.490900000000001,<rdkit.DataStructs.cDataStructs.ExplicitBitVect object at 0x1249d1150>,25
CN(CCOc1ccc(CC2SC(=O)NC2=O)cc1)c1ccccn1,6.5,EC50,True,357.435,6,1,2.490900000000001,<rdkit.DataStructs.cDataStructs.ExplicitBitVect object at 0x1249d11c0>,25
C/C(=N\OCCOc1ccc(CC2SC(=O)NC2=O)cc1)c1ccncc1,5.1,EC50,False,385.4450000000001,7,1,2.795300000000001,<rdkit.DataStructs.cDataStructs.ExplicitBitVect object at 0x1249d1230>,27
CCc1cc(C(F)(F)F)ccc1C(=O)NCc1cccc(Oc2ccc(OC(C)(C)C(=O)O)c(C)c2)c1,7.24,EC50,True,515.5280000000004,4,2,6.540520000000006,<rdkit.DataStructs.cDataStructs.ExplicitBitVect object at 0x1249d12a0>,37
Cc1cc(Oc2cccc(CNC(=O)c3ccc(C(F)(F)F)cc3C)c2)ccc1OC(C)(C)C(=O)O,7.62,EC50,True,501.5010000000002,4,2,6.286540000000005,<rdkit.DataStructs.cDataStructs.ExplicitBitVect object at 0x1249d1310>,36
Cc1oc(-c2ccccc2)nc1CCOc1ccc(C[C@H](Nc2ccccc2C(=O)c2ccccc2)C(=O)O)cc1,8.4,EC50,True,546.6230000000003,6,2,6.610320000000006,<rdkit.DataStructs.cDataStructs.ExplicitBitVect object at 0x1249d1380>,41
Cc1c(C)c2c(c(C)c1O)CCC(C)(COc1ccc(CC3SC(=O)NC3=O)cc1)O2,6.14,EC50,True,441.54900000000015,6,2,4.374260000000002,<rdkit.DataStructs.cDataStructs.ExplicitBitVect object at 0x1249d13f0>,31
CN(CCOc1ccc(CC2SC(=O)NC2=O)cc1)c1ccccn1,6.18,EC50,True,357.435,6,1,2.490900000000001,<rdkit.DataStructs.cDataStructs.ExplicitBitVect object at 0x1249d1460>,25
CN(CCOc1ccc(CC2SC(=O)NC2=O)cc1)c1ccccn1,7.05,EC50,True,357.435,6,1,2.490900000000001,<rdkit.DataStructs.cDataStructs.ExplicitBitVect object at 0x1249d14d0>,25
COc1ccc(OC(=O)N(CC(=O)O)Cc2ccc(OCCc3nc(-c4ccccc4)oc3C)cc2)cc1,7.05,EC50,True,516.5500000000003,7,1,5.365720000000005,<rdkit.DataStructs.cDataStructs.ExplicitBitVect object at 0x1249d1540>,38
Cc1oc(-c2ccccc2)nc1CCOc1ccc(CC2SC(=O)NC2=O)cc1,8.5,EC50,True,408.4790000000001,6,1,4.165620000000002,<rdkit.DataStructs.cDataStructs.ExplicitBitVect object at 0x1249d15b0>,29
CCc1ccc(CCOc2ccc(CC3SC(=O)NC3=O)cc2)nc1,6.26,EC50,True,356.44700000000006,5,1,3.159600000000001,<rdkit.DataStructs.cDataStructs.ExplicitBitVect object at 0x1249d1620>,25
O=C(O)[C@H](Cc1ccccc1)Oc1ccc(Cc2ccccc2)cc1,6.24,EC50,True,332.399,2,1,4.352100000000004,<rdkit.DataStructs.cDataStructs.ExplicitBitVect object at 0x1249d1690>,25
Cc1cc(SCc2sc(-c3ccc(C(F)(F)F)c(F)c3)nc2C)ccc1OCC(=O)O,5.7,EC50,True,471.4970000000002,5,1,6.340540000000006,<rdkit.DataStructs.cDataStructs.ExplicitBitVect object at 0x1249d1700>,31
CCO[C@@H](Cc1ccc(OCCN2c3ccccc3Oc3ccccc32)cc1)C(=O)O,6.24,EC50,True,419.47700000000015,5,1,5.041600000000004,<rdkit.DataStructs.cDataStructs.ExplicitBitVect object at 0x1249d1770>,31
CN(CCOc1ccc(CC2SC(=O)NC2=O)cc1)c1ccccn1,6.51,EC50,True,357.435,6,1,2.490900000000001,<rdkit.DataStructs.cDataStructs.ExplicitBitVect object at 0x1249d17e0>,25
CN(CCOc1ccc(CC2SC(=O)NC2=O)cc1)c1ccccn1,6.48,EC50,True,357.435,6,1,2.490900000000001,<rdkit.DataStructs.cDataStructs.ExplicitBitVect object at 0x1249d1850>,25
CCCc1cc(Oc2ccc(NS(=O)(=O)c3ccc(C)cc3)cc2)ccc1OCCCOc1ccc(C2SC(=O)NC2=O)cc1,6.3,EC50,True,646.7870000000004,8,2,7.412620000000007,<rdkit.DataStructs.cDataStructs.ExplicitBitVect object at 0x1249d18c0>,45
Cc1cc(Cn2ncn(-c3ccc(Br)cc3)c2=O)cc(C)c1OC(C)(C)C(=O)O,5.75,EC50,True,460.3280000000003,6,1,3.703640000000001,<rdkit.DataStructs.cDataStructs.ExplicitBitVect object at 0x1249d1930>,29
CN(CCOc1ccc(C[C@H](Nc2ccccc2C(=O)c2ccccc2)C(=O)O)cc1)c1ccccn1,8.22,EC50,True,495.5790000000002,6,2,4.9356000000000035,<rdkit.DataStructs.cDataStructs.ExplicitBitVect object at 0x1249d19a0>,37
CCCc1cc(Oc2ccccc2)ccc1OCCCOc1ccc(C2SC(=O)NC2=O)cc1OC,6.4,EC50,True,507.60800000000023,7,1,6.312000000000006,<rdkit.DataStructs.cDataStructs.ExplicitBitVect object at 0x1249d1a10>,36
COC(=O)c1ccccc1N[C@@H](Cc1ccc(OCCc2nc(-c3ccccc3)oc2C)cc1)C(=O)O,9.21,EC50,True,500.5510000000003,7,2,5.165920000000004,<rdkit.DataStructs.cDataStructs.ExplicitBitVect object at 0x1249d1a80>,37
C/C(=N\OCCOc1ccc(CC2SC(=O)NC2=O)cc1)c1ccc(-c2ccccc2)nc1,6.72,EC50,True,461.5430000000002,7,1,4.4623000000000035,<rdkit.DataStructs.cDataStructs.ExplicitBitVect object at 0x1249d1af0>,33
CCCCCC1=CC(=O)C(C/C=C(\C)CCC=C(C)C)=C(O)C1=O,5.31,EC50,False,330.468,3,1,5.539800000000005,<rdkit.DataStructs.cDataStructs.ExplicitBitVect object at 0x1249d1b60>,24
CC[C@H](Cc1ccc(C(=O)NCc2ccc(OC)cc2C(F)(F)F)cc1)C(=O)O,6.57,EC50,True,409.40400000000005,3,2,4.297300000000003,<rdkit.DataStructs.cDataStructs.ExplicitBitVect object at 0x1249d1bd0>,29
O=C(O)[C@H](Cc1ccccc1)Oc1ccc(-c2ccccc2)cc1,6.32,EC50,True,318.372,2,1,4.428300000000003,<rdkit.DataStructs.cDataStructs.ExplicitBitVect object at 0x1249d1c40>,24
C=CCc1ccc(OC)c(OC)c1,4.4,EC50,False,178.23099999999997,2,0,2.4323000000000006,<rdkit.DataStructs.cDataStructs.ExplicitBitVect object at 0x1249d1cb0>,13
Cc1c(C)c2c(c(C)c1O)CCC(C)(COc1ccc(CC3SC(=O)NC3=O)cc1)O2,6.14,EC50,True,441.54900000000015,6,2,4.374260000000002,<rdkit.DataStructs.cDataStructs.ExplicitBitVect object at 0x1249d1d20>,31
CC(C)(Oc1ccc(CCNC(=O)c2ccc(Cl)cc2)cc1)C(=O)O,4.22,EC50,False,361.82500000000005,3,2,3.554500000000001,<rdkit.DataStructs.cDataStructs.ExplicitBitVect object at 0x1249d1d90>,25
CC1=C(CC(=O)O)c2cc(F)ccc2/C1=C\c1ccc([S+](C)[O-])cc1,4.64,EC50,False,356.41800000000006,2,1,4.365500000000003,<rdkit.DataStructs.cDataStructs.ExplicitBitVect object at 0x1249d1e00>,25
COc1ccc(CC2SC(=O)NC2=O)cc1C(=O)NCc1ccc(C(F)(F)F)cc1,6.0,EC50,True,438.4270000000001,5,2,3.538100000000002,<rdkit.DataStructs.cDataStructs.ExplicitBitVect object at 0x1249d1e70>,30
COc1ccc(OC(=O)N(CC(=O)O)Cc2ccc(OCCc3nc(-c4ccccc4)oc3C)cc2)cc1,7.0,EC50,True,516.5500000000003,7,1,5.365720000000005,<rdkit.DataStructs.cDataStructs.ExplicitBitVect object at 0x1249d1ee0>,38
CCO[C@@H](Cc1ccc(OCCc2ccc(OS(C)(=O)=O)cc2)cc1)C(=O)O,5.89,EC50,True,408.4720000000001,6,1,2.6787,<rdkit.DataStructs.cDataStructs.ExplicitBitVect object at 0x1249d1f50>,28
CCc1cc(OCCc2nc(-c3ccc([N+](=O)[O-])cc3)oc2C)ncc1CCC(=O)O,7.6,EC50,True,425.4410000000002,7,1,4.154320000000002,<rdkit.DataStructs.cDataStructs.ExplicitBitVect object at 0x1249d1fc0>,31
CN(CCOc1ccc(CC2SC(=O)NC2=O)cc1)c1ccccn1,9.0,EC50,True,357.435,6,1,2.490900000000001,<rdkit.DataStructs.cDataStructs.ExplicitBitVect object at 0x1249d2030>,25
CN(CCOc1ccc(CC2SC(=O)NC2=O)cc1)c1ccccn1,6.58,EC50,True,357.435,6,1,2.490900000000001,<rdkit.DataStructs.cDataStructs.ExplicitBitVect object at 0x1249d20a0>,25
CCO[C@@H](Cc1ccc(OCC=C(c2ccc(Br)cc2)c2ccc(Br)cc2)cc1)C(=O)O,6.05,EC50,True,560.2820000000002,3,1,6.754500000000006,<rdkit.DataStructs.cDataStructs.ExplicitBitVect object at 0x1249d2110>,32
Cc1c(C)n(Cc2ccc(-c3ccccc3C(=O)O)cc2)c2ccc(C(=O)NC(c3ccccc3)c3ccccc3)cc12,9.0,EC50,True,564.6850000000002,3,2,8.191040000000006,<rdkit.DataStructs.cDataStructs.ExplicitBitVect object at 0x1249d2180>,43
Cc1c(C)n(Cc2ccc(-c3ccccc3C(=O)O)cc2)c2ccc(C(=O)N[C@@H](C)c3ccccc3OC(C)C)cc12,5.31,EC50,False,560.6940000000002,4,2,7.949840000000008,<rdkit.DataStructs.cDataStructs.ExplicitBitVect object at 0x1249d21f0>,42
CN(CCOc1ccc(CC2SC(=O)NC2=O)cc1)c1ccccn1,6.81,EC50,True,357.435,6,1,2.490900000000001,<rdkit.DataStructs.cDataStructs.ExplicitBitVect object at 0x1249d2260>,25
Cc1ccc(CNC(=O)c2ccc3c(c2)c(C)c(C)n3Cc2ccc(-c3ccccc3C(=O)O)cc2)cc1,7.85,EC50,True,502.61400000000026,3,2,6.910060000000007,<rdkit.DataStructs.cDataStructs.ExplicitBitVect object at 0x1249d22d0>,38
CN(CCOc1ccc(CC2SC(=O)NC2=O)cc1)c1ccccn1,6.81,EC50,True,357.435,6,1,2.490900000000001,<rdkit.DataStructs.cDataStructs.ExplicitBitVect object at 0x1249d2340>,25
CCCCCCCN(CCc1ccc(SC(C)(C)C(=O)O)cc1)C(=O)Nc1ccc(F)cc1F,6.0,EC50,True,492.6320000000002,3,2,6.9671000000000065,<rdkit.DataStructs.cDataStructs.ExplicitBitVect object at 0x1249d23b0>,34
CN(CCOc1ccc(CC2SC(=O)NC2=O)cc1)c1ccccn1,8.0,EC50,True,357.435,6,1,2.490900000000001,<rdkit.DataStructs.cDataStructs.ExplicitBitVect object at 0x1249d2420>,25
CCCc1cc(Oc2ccc(F)cc2)ccc1OCCCOc1ccc(C2SC(=O)NC2=O)cc1,6.13,EC50,True,495.5720000000003,6,1,6.442500000000005,<rdkit.DataStructs.cDataStructs.ExplicitBitVect object at 0x1249d2490>,35
CN(CCOc1ccc(CC2SC(=O)NC2=O)cc1)c1ccccn1,7.58,EC50,True,357.435,6,1,2.490900000000001,<rdkit.DataStructs.cDataStructs.ExplicitBitVect object at 0x1249d2500>,25
Cc1c(C)c2c(c(C)c1O)CCC(C)(COc1ccc(CC3SC(=O)NC3=O)cc1)O2,6.0,EC50,True,441.54900000000015,6,2,4.374260000000002,<rdkit.DataStructs.cDataStructs.ExplicitBitVect object at 0x1249d2570>,31
O=C(O)[C@H](Cc1ccccc1)Oc1ccc(Cl)cc1,5.57,EC50,True,276.719,2,1,3.4147000000000025,<rdkit.DataStructs.cDataStructs.ExplicitBitVect object at 0x1249d25e0>,19
O=C(O)[C@H](Cc1ccc(-c2cccs2)cc1)Oc1ccc(Cl)cc1,7.19,EC50,True,358.8460000000001,3,1,5.143200000000003,<rdkit.DataStructs.cDataStructs.ExplicitBitVect object at 0x1249d2650>,24
CC(C)(Oc1ccc(CCNC(=O)c2ccc(Cl)cc2)cc1)C(=O)O,4.81,EC50,False,361.82500000000005,3,2,3.554500000000001,<rdkit.DataStructs.cDataStructs.ExplicitBitVect object at 0x1249d26c0>,25
Cc1oc(-c2ccccc2)nc1CCOc1ccc(C[C@H](Nc2ccccc2C(=O)c2ccccc2)C(=O)O)cc1,9.47,EC50,True,546.6230000000003,6,2,6.610320000000006,<rdkit.DataStructs.cDataStructs.ExplicitBitVect object at 0x1249d2730>,41
CN(CCOc1ccc(CC2SC(=O)NC2=O)cc1)c1ccccn1,6.32,EC50,True,357.435,6,1,2.490900000000001,<rdkit.DataStructs.cDataStructs.ExplicitBitVect object at 0x1249d27a0>,25
CO[C@@H](Cc1ccc(OCCCOc2ccc(Oc3ccccc3)cc2)cc1)C(=O)O,6.4,EC50,True,422.47700000000003,5,1,4.968900000000004,<rdkit.DataStructs.cDataStructs.ExplicitBitVect object at 0x1249d2810>,31
CN(CCOc1ccc(CC2SC(=O)NC2=O)cc1)c1ccccn1,5.96,EC50,True,357.435,6,1,2.490900000000001,<rdkit.DataStructs.cDataStructs.ExplicitBitVect object at 0x1249d2880>,25
CCc1ccc(CCOc2ccc(CC3SC(=O)NC3=O)cc2)nc1,5.96,EC50,True,356.44700000000006,5,1,3.159600000000001,<rdkit.DataStructs.cDataStructs.ExplicitBitVect object at 0x1249d28f0>,25
Cc1ccc(-c2nc3ccc(NC(=O)c4cc([N+](=O)[O-])ccc4Cl)cc3o2)cc1,8.4,EC50,True,407.81300000000016,5,1,5.617120000000003,<rdkit.DataStructs.cDataStructs.ExplicitBitVect object at 0x1249d2960>,29
CN(CCOc1ccc(CC2SC(=O)NC2=O)cc1)c1ccccn1,6.14,EC50,True,357.435,6,1,2.490900000000001,<rdkit.DataStructs.cDataStructs.ExplicitBitVect object at 0x1249d29d0>,25
Cc1cccc(OCCCOc2ccc(CCC(=O)O)cc2)c1C,4.8,EC50,False,328.408,3,1,4.168540000000003,<rdkit.DataStructs.cDataStructs.ExplicitBitVect object at 0x1249d2a40>,24
CC1(COc2ccc(CC3SC(=O)NC3=O)cc2)CCCCC1,5.52,EC50,True,333.4530000000002,4,1,3.9299000000000026,<rdkit.DataStructs.cDataStructs.ExplicitBitVect object at 0x1249d2ab0>,23
CCCc1cc(Oc2ccccc2)ccc1OCCCOc1ccc(C2SC(=O)NC2=O)cc1C,7.0,EC50,True,491.6090000000002,6,1,6.611820000000006,<rdkit.DataStructs.cDataStructs.ExplicitBitVect object at 0x1249d2b20>,35
C[C@H](CCOc1ccc(CCC(=O)O)c(F)c1)Oc1ccc(Cl)cc1Oc1ccccc1,6.4,EC50,True,458.9130000000001,4,1,6.525000000000005,<rdkit.DataStructs.cDataStructs.ExplicitBitVect object at 0x1249d2b90>,32
CN(CCOc1ccc(CC2SC(=O)NC2=O)cc1)c1ccccn1,7.09,EC50,True,357.435,6,1,2.490900000000001,<rdkit.DataStructs.cDataStructs.ExplicitBitVect object at 0x1249d2c00>,25
Cc1cc(SCc2sc(-c3ccc(C(F)(F)F)cc3)nc2C)ccc1OCC(=O)O,6.07,EC50,True,453.5070000000002,5,1,6.201440000000006,<rdkit.DataStructs.cDataStructs.ExplicitBitVect object at 0x1249d2c70>,30
CCCc1nc2c(C)cc(-c3nc4ccccc4n3C)cc2n1Cc1ccc(-c2ccccc2C(=O)O)cc1,6.16,EC50,True,514.6290000000004,5,1,7.2644200000000065,<rdkit.DataStructs.cDataStructs.ExplicitBitVect object at 0x1249d2ce0>,39
COc1cccc(CNC(=O)c2ccc3c(c2)c(C)c(C)n3Cc2ccc(-c3ccccc3C(=O)O)cc2)c1,6.73,EC50,True,518.6130000000003,4,2,6.610240000000007,<rdkit.DataStructs.cDataStructs.ExplicitBitVect object at 0x1249d2d50>,39
CCc1cc(OCCc2nc(-c3ccc(F)cc3)oc2C)ccc1CCC(=O)O,7.89,EC50,True,397.4460000000002,4,1,4.990220000000004,<rdkit.DataStructs.cDataStructs.ExplicitBitVect object at 0x1249d2dc0>,29
O=C(O)[C@H](Cc1ccccc1)Oc1ccc(Cl)cc1,5.57,EC50,True,276.719,2,1,3.4147000000000025,<rdkit.DataStructs.cDataStructs.ExplicitBitVect object at 0x1249d2e30>,19
COc1cccc(-c2coc3cc(O)ccc3c2=O)c1,4.65,EC50,False,268.268,4,1,3.1742000000000017,<rdkit.DataStructs.cDataStructs.ExplicitBitVect object at 0x1249d2ea0>,20
O=c1c(-c2ccc(F)cc2)coc2cc(O)ccc12,4.81,EC50,False,256.232,3,1,3.3047000000000013,<rdkit.DataStructs.cDataStructs.ExplicitBitVect object at 0x1249d2f10>,19
CC(C)(Oc1ccc(CCNC(=O)c2ccc(Cl)cc2)cc1)C(=O)O,4.22,EC50,False,361.82500000000005,3,2,3.554500000000001,<rdkit.DataStructs.cDataStructs.ExplicitBitVect object at 0x1249d2f80>,25
CCCc1cc(C2CCCCCC2)ccc1OCCCOc1cccc(C2OC(=O)NC2=O)c1,7.46,EC50,True,465.5900000000002,5,1,6.232300000000006,<rdkit.DataStructs.cDataStructs.ExplicitBitVect object at 0x1249d2ff0>,34
CCCc1c(OCCCOc2ccc(OCC(=O)O)cc2)ccc(C(C)=O)c1O,5.26,EC50,False,402.4430000000001,6,2,3.858600000000003,<rdkit.DataStructs.cDataStructs.ExplicitBitVect object at 0x1249d3060>,29
COc1cc(CCc2ccccc2)c(C(=O)O)c(O)c1C/C=C(/C)CCC=C(C)C,7.14,EC50,True,408.5380000000003,3,2,6.119400000000007,<rdkit.DataStructs.cDataStructs.ExplicitBitVect object at 0x1249d30d0>,30
CN(CCOc1ccc(CC2SC(=O)NC2=O)cc1)c1ccccn1,6.51,EC50,True,357.435,6,1,2.490900000000001,<rdkit.DataStructs.cDataStructs.ExplicitBitVect object at 0x1249d3140>,25
Cc1c(C(=O)c2ccc(Cl)cc2)c2ccc(OC(F)(F)F)cc2n1Cc1cccc(O[C@H](C)C(=O)O)c1,8.4,EC50,True,531.9140000000002,5,1,6.632920000000006,<rdkit.DataStructs.cDataStructs.ExplicitBitVect object at 0x1249d31b0>,37
COC(c1ccc(OC(F)(F)F)cc1)C1CC1c1cc(C)c(OC(C)(C)C(=O)O)c(C)c1,7.8,EC50,True,452.4690000000003,4,1,5.935240000000006,<rdkit.DataStructs.cDataStructs.ExplicitBitVect object at 0x1249d3220>,32
COC(c1ccc(OC(F)(F)F)cc1)C1CC1c1cc(C)c(OC(C)(C)C(=O)O)c(C)c1,7.77,EC50,True,452.4690000000003,4,1,5.935240000000006,<rdkit.DataStructs.cDataStructs.ExplicitBitVect object at 0x1249d3290>,32
CN(CCOc1ccc(CC2SC(=O)NC2=O)cc1)c1ccccn1,8.57,EC50,True,357.435,6,1,2.490900000000001,<rdkit.DataStructs.cDataStructs.ExplicitBitVect object at 0x1249d3300>,25
CCCC[C@H](Sc1ccc(OCCCOc2cccc(C)c2C)cc1)C(=O)O,5.0,EC50,False,402.5560000000001,4,1,5.886840000000006,<rdkit.DataStructs.cDataStructs.ExplicitBitVect object at 0x1249d3370>,28
Cc1oc(-c2ccccc2)nc1CCOc1ccc(C[C@H](Nc2ccccc2C(=O)c2ccccc2)C(=O)O)cc1,8.85,EC50,True,546.6230000000003,6,2,6.610320000000006,<rdkit.DataStructs.cDataStructs.ExplicitBitVect object at 0x1249d33e0>,41
CCc1ccc(CCOc2ccc(CC3SC(=O)NC3=O)cc2)nc1,6.7,EC50,True,356.44700000000006,5,1,3.159600000000001,<rdkit.DataStructs.cDataStructs.ExplicitBitVect object at 0x1249d3450>,25
CC(C)(C)c1ccc(C(=O)Nc2ccc(Cl)cc2C(=O)Nc2cccc(C(=O)O)c2)cc1,5.27,EC50,False,450.9220000000002,3,3,5.840300000000005,<rdkit.DataStructs.cDataStructs.ExplicitBitVect object at 0x1249d34c0>,32
O=C(O)[C@H](Cc1ccccc1)Oc1ccc(C(F)(F)F)cc1,6.05,EC50,True,310.271,2,1,3.7801000000000027,<rdkit.DataStructs.cDataStructs.ExplicitBitVect object at 0x1249d3530>,22
Cc1c(C)n(Cc2ccc(-c3ccccc3C(=O)O)cc2)c2ccc(C(=O)N[C@@H](C)c3ccccc3Br)cc12,6.83,EC50,True,581.5100000000002,3,2,7.925140000000007,<rdkit.DataStructs.cDataStructs.ExplicitBitVect object at 0x1249d35a0>,39
Cc1c(C)c2c(c(C)c1O)CCC(C)(COc1ccc(CC3SC(=O)NC3=O)cc1)O2,5.58,EC50,True,441.54900000000015,6,2,4.374260000000002,<rdkit.DataStructs.cDataStructs.ExplicitBitVect object at 0x1249d3610>,31
Cc1oc(-c2ccccc2)nc1CCOc1ccc(CN(CC(=O)O)Cc2ccccc2)cc1,5.44,EC50,False,456.5420000000002,5,1,5.358320000000004,<rdkit.DataStructs.cDataStructs.ExplicitBitVect object at 0x1249d3680>,34
Cc1cc(SCc2sc(-c3ccc(C(F)(F)F)cc3)nc2C)ccc1OCC(=O)O,5.07,EC50,False,453.5070000000002,5,1,6.201440000000006,<rdkit.DataStructs.cDataStructs.ExplicitBitVect object at 0x1249d36f0>,30
CCCc1nc2c(C)cc(-c3nc4ccccc4n3C)cc2n1Cc1ccc(-c2ccccc2C(=O)O)cc1,5.37,EC50,False,514.6290000000004,5,1,7.2644200000000065,<rdkit.DataStructs.cDataStructs.ExplicitBitVect object at 0x1249d3760>,39
O=C(O)c1ccc(NCc2c(-c3c(Cl)cccc3C(F)(F)F)noc2-c2cc[nH]c2)cc1,5.09,EC50,False,461.8270000000001,4,3,6.319200000000003,<rdkit.DataStructs.cDataStructs.ExplicitBitVect object at 0x1249d37d0>,32
CCC(C(=O)O)C1CCc2cc(OCCc3nc(-c4ccccc4)oc3C)ccc21,7.38,EC50,True,405.4940000000001,4,1,5.412120000000005,<rdkit.DataStructs.cDataStructs.ExplicitBitVect object at 0x1249d3840>,30
CCCCCC/C=C\CCCCCCCc1cccc(OC(C)(C)C(=O)O)c1,5.75,EC50,True,388.5920000000001,2,1,7.338300000000008,<rdkit.DataStructs.cDataStructs.ExplicitBitVect object at 0x1249d38b0>,28
CCC(C(=O)O)C1CCc2cc(OCCc3nc(-c4cccc5ccccc45)oc3C)ccc21,6.95,EC50,True,455.55400000000014,4,1,6.565320000000006,<rdkit.DataStructs.cDataStructs.ExplicitBitVect object at 0x1249d3920>,34
CCC(C(=O)O)C1CCc2cc(OCCc3nc(-c4ccc(OC)c(OC)c4)oc3C)ccc21,7.08,EC50,True,465.5460000000002,6,1,5.429320000000006,<rdkit.DataStructs.cDataStructs.ExplicitBitVect object at 0x1249d3990>,34
CCC(C(=O)O)C1CCc2cc(OCCc3nc(-c4ccc(F)cc4)oc3C)ccc21,7.23,EC50,True,423.4840000000001,4,1,5.551220000000005,<rdkit.DataStructs.cDataStructs.ExplicitBitVect object at 0x1249d3a00>,31
CCCCc1ccc(-c2nc(CCOc3ccc4c(c3)CCC4C(CC)C(=O)O)c(C)o2)cc1,7.8,EC50,True,461.6020000000002,4,1,6.754720000000008,<rdkit.DataStructs.cDataStructs.ExplicitBitVect object at 0x1249d3a70>,34
CCC(C(=O)O)C1CCc2cc(OCCc3nc(-c4ccc(C(C)C)cc4)oc3C)ccc21,7.66,EC50,True,447.57500000000016,4,1,6.535520000000007,<rdkit.DataStructs.cDataStructs.ExplicitBitVect object at 0x1249d3ae0>,33
CCC(C(=O)O)C1CCc2cc(OCCc3nc(COc4ccccc4)oc3C)ccc21,7.35,EC50,True,435.52000000000015,5,1,5.324120000000005,<rdkit.DataStructs.cDataStructs.ExplicitBitVect object at 0x1249d3b50>,32
CCC(C(=O)O)C1CCc2cc(OCCn3nc(-c4ccccc4)cc3C)ccc21,6.71,EC50,True,404.51000000000005,4,1,5.078120000000005,<rdkit.DataStructs.cDataStructs.ExplicitBitVect object at 0x1249d3bc0>,30
O=C(NCc1ccccc1)c1cc(C(=O)Nc2ccccc2)c(Cl)cc1F,6.53,EC50,True,382.822,2,2,4.661400000000003,<rdkit.DataStructs.cDataStructs.ExplicitBitVect object at 0x1249d3c30>,27
COCCOCc1cc(F)ccc1CNC(=O)c1cc(C(=O)Nc2ccc(C(F)(F)F)cc2C)c(Cl)cc1F,7.51,EC50,True,570.9420000000002,4,2,6.290720000000004,<rdkit.DataStructs.cDataStructs.ExplicitBitVect object at 0x1249d3ca0>,39
CCc1ccc(-c2nc3cc(NC(=O)c4cc([N+](=O)[O-])ccc4Cl)ccc3o2)cc1,8.24,EC50,True,421.8400000000001,5,1,5.871100000000004,<rdkit.DataStructs.cDataStructs.ExplicitBitVect object at 0x1249d3d10>,30
CCCc1cc(Oc2ccccc2)ccc1OCCCOc1ccc(C2SC(=O)NC2=O)cc1F,6.52,EC50,True,495.5720000000002,6,1,6.442500000000005,<rdkit.DataStructs.cDataStructs.ExplicitBitVect object at 0x1249d3d80>,35
O=C(O)CC1=C/C(=C\c2ccc(F)c3ccccc23)c2ccc(F)cc21,7.0,EC50,True,348.34800000000007,1,1,5.530300000000004,<rdkit.DataStructs.cDataStructs.ExplicitBitVect object at 0x1249d3df0>,26
CCc1cc(OCCc2coc(-c3ccc(C(F)(F)F)cc3)n2)ccc1CCC(=O)O,6.16,EC50,True,433.42600000000016,4,1,5.561500000000004,<rdkit.DataStructs.cDataStructs.ExplicitBitVect object at 0x1249d3e60>,31
CCc1cc(OCCc2nc(-c3ccc(C(N)=O)cc3)oc2C)ncc1CCC(=O)O,7.33,EC50,True,423.4690000000002,6,2,3.3450200000000017,<rdkit.DataStructs.cDataStructs.ExplicitBitVect object at 0x1249d3ed0>,31
CCc1ccc(CCOc2ccc(CC3SC(=O)NC3=O)cc2)nc1,5.89,EC50,True,356.44700000000006,5,1,3.159600000000001,<rdkit.DataStructs.cDataStructs.ExplicitBitVect object at 0x1249d3f40>,25
Cc1c(C)c2c(c(C)c1O)CCC(C)(COc1ccc(CC3SC(=O)NC3=O)cc1)O2,6.36,EC50,True,441.54900000000015,6,2,4.374260000000002,<rdkit.DataStructs.cDataStructs.ExplicitBitVect object at 0x1249dc040>,31
CN(CCOc1ccc(CC2SC(=O)NC2=O)cc1)c1ccccn1,7.82,EC50,True,357.435,6,1,2.490900000000001,<rdkit.DataStructs.cDataStructs.ExplicitBitVect object at 0x1249dc0b0>,25
CN(CCOc1ccc(C[C@H](Nc2ccccc2C(=O)c2ccccc2)C(=O)O)cc1)c1ccccn1,8.21,EC50,True,495.5790000000002,6,2,4.9356000000000035,<rdkit.DataStructs.cDataStructs.ExplicitBitVect object at 0x1249dc120>,37
COc1ccc(CCc2c(-c3ccccc3)[nH]c3ccc(CC(=O)O)cc23)cc1,7.36,EC50,True,385.4630000000002,2,2,5.255800000000003,<rdkit.DataStructs.cDataStructs.ExplicitBitVect object at 0x1249dc190>,29
CN(CCOc1ccc(C[C@H](Nc2ccccc2C(=O)c2ccccc2)C(=O)O)cc1)c1ccccn1,8.04,EC50,True,495.5790000000002,6,2,4.9356000000000035,<rdkit.DataStructs.cDataStructs.ExplicitBitVect object at 0x1249dc200>,37
Cc1ccccc1NC(=O)c1cc(C(=O)NCc2ccccc2)c(F)cc1Cl,7.16,EC50,True,396.84900000000005,2,2,4.969820000000003,<rdkit.DataStructs.cDataStructs.ExplicitBitVect object at 0x1249dc270>,28
CC(C)(O)c1ccc(NC(=O)c2cc(C(=O)NCc3ccc(F)c(F)c3)c(F)cc2Cl)cc1,7.5,EC50,True,476.88200000000006,3,3,5.167000000000003,<rdkit.DataStructs.cDataStructs.ExplicitBitVect object at 0x1249dc2e0>,33
Cc1cc(N2CCOCC2)cnc1NC(=O)c1cc(C(=O)NCc2ccc(F)c(F)c2)c(F)cc1Cl,7.16,EC50,True,518.9230000000002,5,2,4.479620000000003,<rdkit.DataStructs.cDataStructs.ExplicitBitVect object at 0x1249dc350>,36
CNC(=O)[C@H]1S[C@@H](n2cnc3c(NCc4cccc(I)c4)nc(Cl)nc32)[C@H](O)[C@@H]1O,5.33,EC50,False,560.8050000000002,9,4,1.7781999999999996,<rdkit.DataStructs.cDataStructs.ExplicitBitVect object at 0x1249dc3c0>,30
CN(CCOc1ccc(CC2SC(=O)NC2=O)cc1)c1ccccn1,7.0,EC50,True,357.435,6,1,2.490900000000001,<rdkit.DataStructs.cDataStructs.ExplicitBitVect object at 0x1249dc430>,25
Cc1cc(Cn2ncn(-c3ccc(-c4ccccc4)cc3)c2=O)cc(C)c1OC(C)(C)C(=O)O,5.75,EC50,True,457.5300000000003,6,1,4.608140000000002,<rdkit.DataStructs.cDataStructs.ExplicitBitVect object at 0x1249dc4a0>,34
Cc1cc(Cn2ncn(-c3ccc(Cl)cc3)c2=O)cc(C)c1OC(C)(C)C(=O)O,5.74,EC50,True,415.8770000000003,6,1,3.594540000000001,<rdkit.DataStructs.cDataStructs.ExplicitBitVect object at 0x1249dc510>,29
CC(C)(Oc1ccc(CCNC(=O)c2ccc(Cl)cc2)cc1)C(=O)O,4.15,EC50,False,361.82500000000005,3,2,3.554500000000001,<rdkit.DataStructs.cDataStructs.ExplicitBitVect object at 0x1249dc580>,25
CN(CCOc1ccc(CC2SC(=O)NC2=O)cc1)c1ccccn1,6.92,EC50,True,357.435,6,1,2.490900000000001,<rdkit.DataStructs.cDataStructs.ExplicitBitVect object at 0x1249dc5f0>,25
COc1ccc(CC2SC(=O)NC2=O)cc1C(=O)NCc1ccc(C(F)(F)F)cc1,6.1,EC50,True,438.4270000000001,5,2,3.538100000000002,<rdkit.DataStructs.cDataStructs.ExplicitBitVect object at 0x1249dc660>,30
COc1ccc(CC2SC(=O)NC2=O)cc1C(=O)NCc1ccc(C(F)(F)F)cc1,6.05,EC50,True,438.4270000000001,5,2,3.538100000000002,<rdkit.DataStructs.cDataStructs.ExplicitBitVect object at 0x1249dc6d0>,30
CCCCCCCCCCCCCCCc1ccc(C(=O)O)c(OC)c1,5.09,EC50,False,362.5540000000001,2,1,7.027100000000008,<rdkit.DataStructs.cDataStructs.ExplicitBitVect object at 0x1249dc740>,26
O=C(NCc1ccc(CS(=O)(=O)C2CC2)cc1C(F)(F)F)c1ccc2c(ccn2CC2COC2)c1,5.5,EC50,True,506.5460000000002,5,1,4.313700000000003,<rdkit.DataStructs.cDataStructs.ExplicitBitVect object at 0x1249dc7b0>,35
Cc1cc(Cn2ncn(-c3ccc(OC(F)(F)F)cc3)c2=O)cc(C)c1OC(C)(C)C(=O)O,5.88,EC50,True,465.4280000000003,7,1,3.8397400000000017,<rdkit.DataStructs.cDataStructs.ExplicitBitVect object at 0x1249dc820>,33
O=C(O)Cc1ccc(Cl)c(OCCC2CCN(c3nc4ccc(Cl)cc4s3)CC2)c1,6.01,EC50,True,465.4020000000001,5,1,5.915700000000005,<rdkit.DataStructs.cDataStructs.ExplicitBitVect object at 0x1249dc890>,30
COc1ccc2c(c1)c(CC(=O)O)c(C)n2C(=O)c1ccc(Cl)cc1,4.3,EC50,False,357.793,4,1,3.9273200000000026,<rdkit.DataStructs.cDataStructs.ExplicitBitVect object at 0x1249dc900>,25
CCCCCCCN(CCc1ccc(O[C@](C)(CC)C(=O)O)cc1)c1nc2ccccc2o1,7.16,EC50,True,452.5950000000002,5,1,6.479400000000007,<rdkit.DataStructs.cDataStructs.ExplicitBitVect object at 0x1249dc970>,33
CCc1ccc(CCOc2ccc(CC3SC(=O)NC3=O)cc2)nc1,6.3,EC50,True,356.44700000000006,5,1,3.159600000000001,<rdkit.DataStructs.cDataStructs.ExplicitBitVect object at 0x1249dc9e0>,25
CCCCc1nc(C)c(Cc2nc(Cc3ccc(F)cc3)no2)c(=O)n1Cc1ccc(-c2ccccc2-c2noc(=O)[nH]2)cc1,5.62,EC50,True,606.6580000000002,9,1,5.6566200000000055,<rdkit.DataStructs.cDataStructs.ExplicitBitVect object at 0x1249dca50>,45
CCc1cc(OCCc2nc(-c3ccc(C#N)cc3)oc2C)ncc1CCC(=O)O,7.66,EC50,True,405.45400000000024,6,1,4.117800000000002,<rdkit.DataStructs.cDataStructs.ExplicitBitVect object at 0x1249dcac0>,30
CCCc1nc2c(C)cc(-c3nc4ccccc4n3C)cc2n1Cc1ccc(-c2ccccc2C(=O)O)cc1,5.3,EC50,False,514.6290000000004,5,1,7.2644200000000065,<rdkit.DataStructs.cDataStructs.ExplicitBitVect object at 0x1249dcb30>,39
CCCCCCCN(CCc1ccc(O[C@@](C)(CC)C(=O)O)cc1)c1nc2ccccc2o1,6.23,EC50,True,452.5950000000002,5,1,6.479400000000007,<rdkit.DataStructs.cDataStructs.ExplicitBitVect object at 0x1249dcba0>,33
CC(/C=C/C(F)=C(/C)c1cc(C(C)(C)C)cc(C(C)(C)C)c1OCC(F)F)=C\C(=O)O,8.19,EC50,True,438.53000000000014,2,1,7.213100000000007,<rdkit.DataStructs.cDataStructs.ExplicitBitVect object at 0x1249dcc10>,31
COc1cc([C@H]2OC[C@H]3[C@@H]2CO[C@H]3c2ccc(O)c(OC)c2)ccc1O,4.23,EC50,False,358.3900000000001,6,2,3.190200000000002,<rdkit.DataStructs.cDataStructs.ExplicitBitVect object at 0x1249dcc80>,26
CCCc1cc(Oc2ccccc2)ccc1OCCCOc1cccc(C2SC(=O)NC2=O)c1,7.85,EC50,True,477.58200000000016,6,1,6.303400000000005,<rdkit.DataStructs.cDataStructs.ExplicitBitVect object at 0x1249dccf0>,34
Cc1cc(SCc2sc(-c3ccc(C(F)(F)F)cc3)nc2C)ccc1OCC(=O)O,5.36,EC50,False,453.5070000000002,5,1,6.201440000000006,<rdkit.DataStructs.cDataStructs.ExplicitBitVect object at 0x1249dcd60>,30
COC(=O)c1ccccc1N[C@@H](Cc1ccc(OCCc2nc(-c3ccccc3)oc2C)cc1)C(=O)O,9.15,EC50,True,500.5510000000003,7,2,5.165920000000004,<rdkit.DataStructs.cDataStructs.ExplicitBitVect object at 0x1249dcdd0>,37
CN(CCOc1ccc(C[C@H](Nc2ccccc2C(=O)c2ccccc2)C(=O)O)cc1)c1ccccn1,6.41,EC50,True,495.5790000000002,6,2,4.9356000000000035,<rdkit.DataStructs.cDataStructs.ExplicitBitVect object at 0x1249dce40>,37
CCCCc1nc(C(C)C)c(Cc2nc(C3CC3)no2)c(=O)n1Cc1ccc(-c2ccccc2-c2noc(=O)[nH]2)cc1,5.59,EC50,True,566.6620000000003,9,1,5.619100000000005,<rdkit.DataStructs.cDataStructs.ExplicitBitVect object at 0x1249dceb0>,42
O=S(=O)(Nc1cc(Cl)c(Oc2cnc3ccccc3c2)c(Cl)c1)c1ccc(Cl)cc1Cl,6.82,EC50,True,514.2170000000001,4,1,7.441500000000001,<rdkit.DataStructs.cDataStructs.ExplicitBitVect object at 0x1249dcf20>,31
Cc1oc(-c2ccccc2)nc1CCOc1ccc(C[C@H](Nc2ccccc2C(=O)c2ccccc2)C(=O)O)cc1,9.47,EC50,True,546.6230000000003,6,2,6.610320000000006,<rdkit.DataStructs.cDataStructs.ExplicitBitVect object at 0x1249dcf90>,41
CNC(=O)[C@H]1[Se][C@@H](n2cnc3c(NCc4cccc(I)c4)nc(Cl)nc32)[C@H](O)[C@@H]1O,5.28,EC50,False,607.6980000000002,8,4,1.1690999999999991,<rdkit.DataStructs.cDataStructs.ExplicitBitVect object at 0x1249dd000>,30
CSc1ccc(C(=O)/C=C/c2cc(C)c(OC(C)(C)C(=O)O)c(C)c2)cc1,5.73,EC50,True,384.49700000000007,4,1,5.163440000000004,<rdkit.DataStructs.cDataStructs.ExplicitBitVect object at 0x1249dd070>,27
Cc1oc(-c2ccccc2)nc1CCOc1ccc2c(c1)CCC2C(C)(C)C(=O)O,5.25,EC50,False,405.4940000000002,4,1,5.412120000000004,<rdkit.DataStructs.cDataStructs.ExplicitBitVect object at 0x1249dd0e0>,30
CN(CCOc1ccc(CC2SC(=O)NC2=O)cc1)c1ccccn1,6.59,EC50,True,357.435,6,1,2.490900000000001,<rdkit.DataStructs.cDataStructs.ExplicitBitVect object at 0x1249dd150>,25
Cc1oc(-c2cccc(Br)c2)nc1CN(Cc1ccc(OC(C)(C)C(=O)O)cc1)Cc1ccco1,6.51,EC50,True,539.4260000000004,6,1,6.449920000000006,<rdkit.DataStructs.cDataStructs.ExplicitBitVect object at 0x1249dd1c0>,35
Cc1c(C)c2c(c(C)c1O)CCC(C)(COc1ccc(CC3SC(=O)NC3=O)cc1)O2,6.27,EC50,True,441.54900000000015,6,2,4.374260000000002,<rdkit.DataStructs.cDataStructs.ExplicitBitVect object at 0x1249dd230>,31
COc1ccc(CC2SC(=O)NC2=O)cc1C(=O)NCc1ccc(C(F)(F)F)cc1,6.1,EC50,True,438.4270000000001,5,2,3.538100000000002,<rdkit.DataStructs.cDataStructs.ExplicitBitVect object at 0x1249dd2a0>,30
CC1=C(CC(=O)O)c2cc(F)ccc2/C1=C\c1cccc(Oc2ccccc2)c1,5.93,EC50,True,386.4220000000001,2,1,6.420400000000004,<rdkit.DataStructs.cDataStructs.ExplicitBitVect object at 0x1249dd310>,29
CC(C)(Oc1ccc(CCNC(=O)c2ccc(Cl)cc2)cc1)C(=O)O,5.52,EC50,True,361.82500000000005,3,2,3.554500000000001,<rdkit.DataStructs.cDataStructs.ExplicitBitVect object at 0x1249dd380>,25
CCc1ccc(CCOc2ccc(CC3SC(=O)NC3=O)cc2)nc1,7.01,EC50,True,356.44700000000006,5,1,3.159600000000001,<rdkit.DataStructs.cDataStructs.ExplicitBitVect object at 0x1249dd3f0>,25
O=C(O)c1cccc(NC(=O)c2ccccc2NC(=O)c2ccc(Br)cc2)c1,5.35,EC50,False,439.2650000000001,3,3,4.651900000000002,<rdkit.DataStructs.cDataStructs.ExplicitBitVect object at 0x1249dd460>,28
CCCCCCCN(CCc1ccc(SC(C)(C)C(=O)O)cc1)C(=O)Nc1ccc(F)cc1F,5.72,EC50,True,492.6320000000002,3,2,6.9671000000000065,<rdkit.DataStructs.cDataStructs.ExplicitBitVect object at 0x1249dd4d0>,34
CCO[C@@H](Cc1ccc(OCC=C(c2ccc(Br)cc2)c2ccc(Br)cc2)cc1)C(=O)O,6.05,EC50,True,560.2820000000002,3,1,6.754500000000006,<rdkit.DataStructs.cDataStructs.ExplicitBitVect object at 0x1249dd540>,32
CN(CCOc1ccc(CC2SC(=O)NC2=O)cc1)c1ccccn1,7.96,EC50,True,357.435,6,1,2.490900000000001,<rdkit.DataStructs.cDataStructs.ExplicitBitVect object at 0x1249dd5b0>,25
CCc1ccc(CCOc2ccc(CC3SC(=O)NC3=O)cc2)nc1,6.23,EC50,True,356.44700000000006,5,1,3.159600000000001,<rdkit.DataStructs.cDataStructs.ExplicitBitVect object at 0x1249dd620>,25
O=C(NCc1ccc(F)cc1)c1ccc(Cl)c(C(=O)Nc2ccccc2)c1,5.68,EC50,True,382.82200000000006,2,2,4.661400000000003,<rdkit.DataStructs.cDataStructs.ExplicitBitVect object at 0x1249dd690>,27
CN(CCOc1ccc(CC2SC(=O)NC2=O)cc1)c1ccccn1,6.8,EC50,True,357.435,6,1,2.490900000000001,<rdkit.DataStructs.cDataStructs.ExplicitBitVect object at 0x1249dd700>,25
COc1ccc(OC(=O)N(CC(=O)O)Cc2ccc(OCCc3nc(-c4ccccc4)oc3C)cc2)cc1,7.46,EC50,True,516.5500000000003,7,1,5.365720000000005,<rdkit.DataStructs.cDataStructs.ExplicitBitVect object at 0x1249dd770>,38
CN(CCOc1ccc(CC2SC(=O)NC2=O)cc1)c1ccccn1,7.4,EC50,True,357.435,6,1,2.490900000000001,<rdkit.DataStructs.cDataStructs.ExplicitBitVect object at 0x1249dd7e0>,25
CCO[C@@H](Cc1ccc(OCCN(c2ccccc2)c2ccccc2)cc1)C(=O)O,5.48,EC50,False,405.4940000000001,4,1,4.935900000000004,<rdkit.DataStructs.cDataStructs.ExplicitBitVect object at 0x1249dd850>,30
CCO[C@@H](Cc1ccc(OCC=C(c2ccc(OC)cc2)c2ccc(OC)cc2)cc1)C(=O)O,5.66,EC50,True,462.54200000000014,5,1,5.246700000000004,<rdkit.DataStructs.cDataStructs.ExplicitBitVect object at 0x1249dd8c0>,34
CCO[C@@H](Cc1ccc(OCCN2c3ccccc3Oc3ccccc32)cc1)C(=O)O,6.24,EC50,True,419.47700000000015,5,1,5.041600000000004,<rdkit.DataStructs.cDataStructs.ExplicitBitVect object at 0x1249dd930>,31
COC(c1ccc(Br)cc1)C1CC1c1cc(C)c(OC(C)(C)C(=O)O)c(C)c1,7.36,EC50,True,447.36900000000026,3,1,5.799140000000006,<rdkit.DataStructs.cDataStructs.ExplicitBitVect object at 0x1249dd9a0>,28
CN(CCOc1ccc(CC2SC(=O)NC2=O)cc1)c1ccccn1,6.66,EC50,True,357.435,6,1,2.490900000000001,<rdkit.DataStructs.cDataStructs.ExplicitBitVect object at 0x1249dda10>,25
CCCc1nc2ccccc2n1Cc1ccc(-c2ccccc2C(=O)O)cc1,5.38,EC50,False,370.45200000000006,3,1,5.402300000000006,<rdkit.DataStructs.cDataStructs.ExplicitBitVect object at 0x1249dda80>,28
CCc1ccc(CCOc2ccc(CC3SC(=O)NC3=O)cc2)nc1,6.24,EC50,True,356.44700000000006,5,1,3.159600000000001,<rdkit.DataStructs.cDataStructs.ExplicitBitVect object at 0x1249ddaf0>,25
Cc1cc(SCc2sc(-c3ccc(C(F)(F)F)c(F)c3)nc2C)ccc1OCC(=O)O,5.02,EC50,False,471.4970000000002,5,1,6.340540000000006,<rdkit.DataStructs.cDataStructs.ExplicitBitVect object at 0x1249ddb60>,31
Cc1ccc(C)c(OCCCC(C)(C)C(=O)O)c1,4.17,EC50,False,250.33799999999997,2,1,3.573240000000002,<rdkit.DataStructs.cDataStructs.ExplicitBitVect object at 0x1249ddbd0>,18
CC(C)(C)OC(=O)NC(CSCc1ccc(/C=C/C(=O)c2ccccc2)cc1)C(=O)O,4.99,EC50,False,441.54900000000015,5,2,4.793800000000004,<rdkit.DataStructs.cDataStructs.ExplicitBitVect object at 0x1249ddc40>,31
Cc1c(C)c2c(c(C)c1O)CCC(C)(COc1ccc(CC3SC(=O)NC3=O)cc1)O2,6.4,EC50,True,441.54900000000015,6,2,4.374260000000002,<rdkit.DataStructs.cDataStructs.ExplicitBitVect object at 0x1249ddcb0>,31
Cc1oc(C2CCCCC2)nc1CCOc1ccc(C[C@H](Oc2ccccc2)C(=O)O)cc1,9.0,EC50,True,449.54700000000014,5,1,5.726920000000005,<rdkit.DataStructs.cDataStructs.ExplicitBitVect object at 0x1249ddd20>,33
Cc1cc(Oc2cccc(CNC(=O)c3ccc(C(F)(F)F)cc3)c2)ccc1OC(C)(C)C(=O)O,7.38,EC50,True,487.47400000000016,4,2,5.978120000000005,<rdkit.DataStructs.cDataStructs.ExplicitBitVect object at 0x1249ddd90>,35
Cc1c(C)c2c(c(C)c1O)CCC(C)(COc1ccc(CC3SC(=O)NC3=O)cc1)O2,5.65,EC50,True,441.54900000000015,6,2,4.374260000000002,<rdkit.DataStructs.cDataStructs.ExplicitBitVect object at 0x1249dde00>,31
CC(C)(C)OC(=O)NC(COCc1ccc(C(=O)c2ccccc2)cc1)C(=O)O,4.7,EC50,False,399.44300000000004,5,2,3.4121000000000024,<rdkit.DataStructs.cDataStructs.ExplicitBitVect object at 0x1249dde70>,29
CC(C)(C)OC(=O)NC(CSCc1ccccc1)C(=O)O,4.59,EC50,False,311.403,4,2,2.8977000000000004,<rdkit.DataStructs.cDataStructs.ExplicitBitVect object at 0x1249ddee0>,21
CS(=O)(=O)Cc1ccc(CNC(=O)c2ccc3c(ccn3Cc3cccc(F)c3)c2)cc1,5.45,EC50,False,450.53500000000014,4,1,4.303300000000003,<rdkit.DataStructs.cDataStructs.ExplicitBitVect object at 0x1249ddf50>,32
COc1ccc(CNC(=O)c2ccc3c(c2)ncn3Cc2cccc(F)c2)c(C(F)(F)F)c1,5.95,EC50,True,457.42700000000013,4,1,5.181100000000003,<rdkit.DataStructs.cDataStructs.ExplicitBitVect object at 0x1249ddfc0>,33
CS(=O)(=O)Cc1ccc(CNC(=O)c2ccc3c(ccn3S(=O)(=O)c3cccc(F)c3)c2)c(C(F)(F)F)c1,6.18,EC50,True,568.5700000000003,6,1,4.510800000000003,<rdkit.DataStructs.cDataStructs.ExplicitBitVect object at 0x1249de030>,38
CC(C)n1ccc2cc(C(=O)NCc3ccc(CS(=O)(=O)C4CC4)cc3C(F)(F)F)ccc21,6.31,EC50,True,478.5360000000002,4,1,5.248200000000005,<rdkit.DataStructs.cDataStructs.ExplicitBitVect object at 0x1249de0a0>,33
O=C(NCc1ccc(CS(=O)(=O)C2CC2)cc1C(F)(F)F)c1ccc2c(ccn2CC2CC2)c1,6.47,EC50,True,490.5470000000002,4,1,5.077300000000005,<rdkit.DataStructs.cDataStructs.ExplicitBitVect object at 0x1249de110>,34
CC(=O)NCCOC(=O)[C@H](Oc1cccc(C(F)(F)F)c1)c1ccc(Cl)cc1,4.92,EC50,False,415.7950000000001,4,1,4.158200000000003,<rdkit.DataStructs.cDataStructs.ExplicitBitVect object at 0x1249de180>,28
CCC(C(=O)O)C1CCc2cc(OCCc3nc(-c4ccc(F)cc4)oc3C)ccc21,6.81,EC50,True,423.4840000000001,4,1,5.551220000000005,<rdkit.DataStructs.cDataStructs.ExplicitBitVect object at 0x1249de1f0>,31
O=C(NCc1ccccc1C(F)(F)F)c1ccc2c(c1)ncn2Cc1cccc(F)c1,5.85,EC50,True,427.40100000000007,3,1,5.172500000000004,<rdkit.DataStructs.cDataStructs.ExplicitBitVect object at 0x1249de260>,31
CCCc1nc2c(C)cc(-c3nc4ccccc4n3C)cc2n1Cc1ccc(-c2ccccc2C(=O)O)cc1,5.37,EC50,False,514.6290000000004,5,1,7.2644200000000065,<rdkit.DataStructs.cDataStructs.ExplicitBitVect object at 0x1249de2d0>,39
C/C(=N\OCCOc1ccc(CC2SC(=O)NC2=O)cc1)c1ccc(-c2ccccc2)nc1,6.72,EC50,True,461.5430000000002,7,1,4.4623000000000035,<rdkit.DataStructs.cDataStructs.ExplicitBitVect object at 0x1249de340>,33
CN(CCOc1ccc(CC2SC(=O)NC2=O)cc1)c1ccccn1,6.7,EC50,True,357.435,6,1,2.490900000000001,<rdkit.DataStructs.cDataStructs.ExplicitBitVect object at 0x1249de3b0>,25
O=C1NC(=O)/C(=C/c2cc(Br)ccc2OCc2cc(C(F)(F)F)cc(C(F)(F)F)c2)S1,6.06,EC50,True,526.2520000000001,4,1,6.389600000000002,<rdkit.DataStructs.cDataStructs.ExplicitBitVect object at 0x1249de420>,31
COc1ccc(F)c(-c2ccc(Cc3ccc(N4C[C@H](C(F)(F)F)C[C@@H]4CC(=O)O)cc3)c(C)c2)c1,5.36,EC50,False,501.5200000000002,3,1,6.632420000000006,<rdkit.DataStructs.cDataStructs.ExplicitBitVect object at 0x1249de490>,36
CN(CCOc1ccc(CC2SC(=O)NC2=O)cc1)c1ccccn1,8.1,EC50,True,357.435,6,1,2.490900000000001,<rdkit.DataStructs.cDataStructs.ExplicitBitVect object at 0x1249de500>,25
O=S(=O)(Nc1cc(Cl)c(Oc2cnc3ccccc3c2)c(Cl)c1)c1ccc(Cl)cc1Cl,7.23,EC50,True,514.2170000000001,4,1,7.441500000000001,<rdkit.DataStructs.cDataStructs.ExplicitBitVect object at 0x1249de570>,31
Cc1c(C)c2c(c(C)c1O)CCC(C)(COc1ccc(CC3SC(=O)NC3=O)cc1)O2,5.7,EC50,True,441.54900000000015,6,2,4.374260000000002,<rdkit.DataStructs.cDataStructs.ExplicitBitVect object at 0x1249de5e0>,31
CCO[C@@H](Cc1ccc(OC/C=C(/c2ccccc2)c2ccc(F)cc2)cc1)C(=O)O,5.4,EC50,False,420.48000000000013,3,1,5.368600000000005,<rdkit.DataStructs.cDataStructs.ExplicitBitVect object at 0x1249de650>,31
C[C@@H]1OC(=O)/C(=C/CCCCCCCC/C=C2/C(=O)O[C@@H](C)[C@H]2O)[C@@H]1O,5.36,EC50,False,366.454,6,2,2.5724000000000014,<rdkit.DataStructs.cDataStructs.ExplicitBitVect object at 0x1249de6c0>,26
C[C@@H]1OC(=O)/C(=C\CCCCCCCC/C=C2/C(=O)O[C@@H](C)[C@H]2O)[C@@H]1O,5.04,EC50,False,366.454,6,2,2.5724000000000014,<rdkit.DataStructs.cDataStructs.ExplicitBitVect object at 0x1249de730>,26
CCO[C@@H](Cc1ccc(OCC=C(c2ccc(Br)cc2)c2ccc(Br)cc2)cc1)C(=O)O,6.05,EC50,True,560.2820000000002,3,1,6.754500000000006,<rdkit.DataStructs.cDataStructs.ExplicitBitVect object at 0x1249de7a0>,32
CC(C)(C)c1ccc(C(=O)NCc2ccc(NS(C)(=O)=O)cc2Cl)cc1,4.83,EC50,False,394.9240000000001,3,2,3.9390000000000027,<rdkit.DataStructs.cDataStructs.ExplicitBitVect object at 0x1249de810>,26
Cc1c(C)c2c(c(C)c1O)CCC(C)(COc1ccc(CC3SC(=O)NC3=O)cc1)O2,5.7,EC50,True,441.54900000000015,6,2,4.374260000000002,<rdkit.DataStructs.cDataStructs.ExplicitBitVect object at 0x1249de880>,31
CC(C)(Oc1ccc(C(=O)c2ccc(Cl)cc2)cc1)C(=O)O,4.0,EC50,False,318.75600000000003,3,1,3.8130000000000033,<rdkit.DataStructs.cDataStructs.ExplicitBitVect object at 0x1249de8f0>,22
O=C(O)c1ccc(OCc2c(-c3c(Cl)cccc3C(F)(F)F)noc2-c2cc[nH]c2)cc1,5.51,EC50,True,462.8110000000001,4,2,6.286100000000003,<rdkit.DataStructs.cDataStructs.ExplicitBitVect object at 0x1249de960>,32
O=C(O)c1ccc(OCc2c(-c3c(Cl)cccc3C(F)(F)F)noc2-c2cc[nH]c2)cc1F,5.24,EC50,False,480.8010000000001,4,2,6.425200000000003,<rdkit.DataStructs.cDataStructs.ExplicitBitVect object at 0x1249de9d0>,33
CO[C@@H](Cc1ccc(OCCCOc2ccc(Oc3ccccc3)cc2)cc1)C(=O)O,6.44,EC50,True,422.47700000000003,5,1,4.968900000000004,<rdkit.DataStructs.cDataStructs.ExplicitBitVect object at 0x1249dea40>,31
CN(CCOc1ccc(CC2SC(=O)NC2=O)cc1)c1ccccn1,6.87,EC50,True,357.435,6,1,2.490900000000001,<rdkit.DataStructs.cDataStructs.ExplicitBitVect object at 0x1249deab0>,25
Cc1ccc(/N=N\c2ccc(OCCc3ccc(OC(C)(C)C(=O)O)cc3)c(C)c2)cc1,5.92,EC50,True,432.52000000000015,5,1,6.5823400000000065,<rdkit.DataStructs.cDataStructs.ExplicitBitVect object at 0x1249deb20>,32
CN(CCOc1ccc(CC2SC(=O)NC2=O)cc1)c1ccccn1,7.7,EC50,True,357.435,6,1,2.490900000000001,<rdkit.DataStructs.cDataStructs.ExplicitBitVect object at 0x1249deb90>,25
CCc1ccc(CCOc2ccc(CC3SC(=O)NC3=O)cc2)nc1,6.22,EC50,True,356.44700000000006,5,1,3.159600000000001,<rdkit.DataStructs.cDataStructs.ExplicitBitVect object at 0x1249dec00>,25
Cc1oc(C2CCCCC2)nc1CCOc1ccc(C[C@H](Oc2ccccc2)C(=O)O)cc1,9.0,EC50,True,449.54700000000014,5,1,5.726920000000005,<rdkit.DataStructs.cDataStructs.ExplicitBitVect object at 0x1249dec70>,33
CCCCCCCCCCCCCCCc1cccc(O)c1C(=O)O,4.77,EC50,False,348.52700000000004,2,2,6.724100000000008,<rdkit.DataStructs.cDataStructs.ExplicitBitVect object at 0x1249dece0>,25
Cc1oc(-c2ccccc2)nc1CCOc1ccc(C[C@H](Nc2ccccc2C(=O)c2ccccc2)C(=O)O)cc1,8.22,EC50,True,546.6230000000003,6,2,6.610320000000006,<rdkit.DataStructs.cDataStructs.ExplicitBitVect object at 0x1249ded50>,41
CN(CCOc1ccc(CC2SC(=O)NC2=O)cc1)c1ccccn1,6.81,EC50,True,357.435,6,1,2.490900000000001,<rdkit.DataStructs.cDataStructs.ExplicitBitVect object at 0x1249dedc0>,25
Cc1cc2nc(-c3ccc(NC(=O)c4cc([N+](=O)[O-])ccc4Cl)cc3)oc2cc1C,8.0,EC50,True,421.8400000000001,5,1,5.925540000000003,<rdkit.DataStructs.cDataStructs.ExplicitBitVect object at 0x1249dee30>,30
CCCc1nc2ccccc2n1Cc1ccc(-c2ccccc2C(N)=O)cc1,5.5,EC50,True,369.4680000000001,3,1,4.803000000000004,<rdkit.DataStructs.cDataStructs.ExplicitBitVect object at 0x1249deea0>,28
CN(CCOc1ccc(CC2SC(=O)NC2=O)cc1)c1ccccn1,7.4,EC50,True,357.435,6,1,2.490900000000001,<rdkit.DataStructs.cDataStructs.ExplicitBitVect object at 0x1249def10>,25
Cc1cc(Cn2ncn(-c3cccc(C(F)(F)F)c3)c2=O)cc(C)c1OC(C)(C)C(=O)O,5.6,EC50,True,449.42900000000026,6,1,3.9599400000000013,<rdkit.DataStructs.cDataStructs.ExplicitBitVect object at 0x1249def80>,32
O=C(NCc1ccc(F)c(F)c1)c1ccc(Cl)c(C(=O)Nc2ccccc2)c1,5.76,EC50,True,400.81200000000007,2,2,4.800500000000003,<rdkit.DataStructs.cDataStructs.ExplicitBitVect object at 0x1249deff0>,28
CC[C@H](Cc1ccc(C(=O)NCc2ccc(OC)cc2C(F)(F)F)cc1)C(=O)O,6.4,EC50,True,409.40400000000005,3,2,4.297300000000003,<rdkit.DataStructs.cDataStructs.ExplicitBitVect object at 0x1249df060>,29
CN(CCOc1ccc(CC2SC(=O)NC2=O)cc1)c1ccccn1,7.28,EC50,True,357.435,6,1,2.490900000000001,<rdkit.DataStructs.cDataStructs.ExplicitBitVect object at 0x1249df0d0>,25
Cc1cc(Cn2ncn(-c3ccccc3)c2=O)cc(C)c1OC(C)(C)C(=O)O,6.06,EC50,True,381.43200000000024,6,1,2.9411400000000008,<rdkit.DataStructs.cDataStructs.ExplicitBitVect object at 0x1249df140>,28
O=C(O)CCCc1cc2cc(Cl)ccc2n1S(=O)(=O)c1ccc2ncsc2c1,6.69,EC50,True,434.92600000000016,6,1,4.548700000000003,<rdkit.DataStructs.cDataStructs.ExplicitBitVect object at 0x1249df1b0>,28
CCc1ccc(CCOc2ccc(CC3SC(=O)NC3=O)cc2)nc1,6.01,EC50,True,356.44700000000006,5,1,3.159600000000001,<rdkit.DataStructs.cDataStructs.ExplicitBitVect object at 0x1249df220>,25
CN(CCOc1ccc(CC2SC(=O)NC2=O)cc1)c1ccccn1,6.35,EC50,True,357.435,6,1,2.490900000000001,<rdkit.DataStructs.cDataStructs.ExplicitBitVect object at 0x1249df290>,25
CCCc1nc2c(C)cc(-c3nc4ccccc4n3C)cc2n1Cc1ccc(-c2ccccc2C(=O)O)cc1,5.33,EC50,False,514.6290000000004,5,1,7.2644200000000065,<rdkit.DataStructs.cDataStructs.ExplicitBitVect object at 0x1249df300>,39
CCc1ccc(CCOc2ccc(CC3SC(=O)NC3=O)cc2)nc1,5.17,EC50,False,356.44700000000006,5,1,3.159600000000001,<rdkit.DataStructs.cDataStructs.ExplicitBitVect object at 0x1249df370>,25
COc1cc(OC)cc(-c2coc3cc(O)ccc3c2=O)c1,4.72,EC50,False,298.29400000000004,5,1,3.182800000000002,<rdkit.DataStructs.cDataStructs.ExplicitBitVect object at 0x1249df3e0>,22
CN(CCOc1ccc(CC2SC(=O)NC2=O)cc1)c1ccccn1,6.49,EC50,True,357.435,6,1,2.490900000000001,<rdkit.DataStructs.cDataStructs.ExplicitBitVect object at 0x1249df450>,25
CCCCCC1=CC(=O)C2=C(OC(C)(C)c3ccc(C)cc32)C1=O,4.64,EC50,False,324.4200000000001,3,0,4.629920000000004,<rdkit.DataStructs.cDataStructs.ExplicitBitVect object at 0x1249df4c0>,24
Cc1oc(-c2ccccc2)nc1CCOc1ccc(C[C@@H]2CN(c3nccc(C(F)(F)F)n3)C[C@@H]2C(=O)O)cc1,7.3,EC50,True,552.5530000000002,7,1,5.4600200000000045,<rdkit.DataStructs.cDataStructs.ExplicitBitVect object at 0x1249df530>,40
CCc1ccc(CCOc2ccc(CC3SC(=O)NC3=O)cc2)nc1,5.8,EC50,True,356.44700000000006,5,1,3.159600000000001,<rdkit.DataStructs.cDataStructs.ExplicitBitVect object at 0x1249df5a0>,25
CCc1ccc(CCOc2ccc(CC3SC(=O)NC3=O)cc2)nc1,6.23,EC50,True,356.44700000000006,5,1,3.159600000000001,<rdkit.DataStructs.cDataStructs.ExplicitBitVect object at 0x1249df610>,25
CCCCCCCCCC(=O)O,5.12,EC50,False,172.268,1,1,3.2117000000000013,<rdkit.DataStructs.cDataStructs.ExplicitBitVect object at 0x1249df680>,12
CCc1ccc(CCOc2ccc(CC3SC(=O)NC3=O)cc2)nc1,7.0,EC50,True,356.44700000000006,5,1,3.159600000000001,<rdkit.DataStructs.cDataStructs.ExplicitBitVect object at 0x1249df6f0>,25
CCCc1nc2ccccc2n1Cc1ccc(-c2ccccc2C#N)cc1,5.3,EC50,False,351.45300000000003,3,0,5.575780000000005,<rdkit.DataStructs.cDataStructs.ExplicitBitVect object at 0x1249df760>,27
CN(CCOc1ccc(CC2SC(=O)NC2=O)cc1)c1ccccn1,7.57,EC50,True,357.435,6,1,2.490900000000001,<rdkit.DataStructs.cDataStructs.ExplicitBitVect object at 0x1249df7d0>,25
CCC(C(=O)O)C1CCc2cc(OCCc3nc(-c4ccc(Cl)c(Cl)c4)oc3C)ccc21,6.88,EC50,True,474.3840000000002,4,1,6.718920000000005,<rdkit.DataStructs.cDataStructs.ExplicitBitVect object at 0x1249df840>,32
CN(CCOc1ccc(CC2SC(=O)NC2=O)cc1)c1ccccn1,7.08,EC50,True,357.435,6,1,2.490900000000001,<rdkit.DataStructs.cDataStructs.ExplicitBitVect object at 0x1249df8b0>,25
Cc1ccc(CC(=O)O)cc1OCCC1CCN(c2nc3ccc(Cl)cc3s2)CC1,6.27,EC50,True,444.9840000000002,5,1,5.570720000000005,<rdkit.DataStructs.cDataStructs.ExplicitBitVect object at 0x1249df920>,30
CCO[C@@H](Cc1ccc(OCC=C(c2ccccc2)c2ccccc2)cc1)C(=O)O,5.57,EC50,True,402.4900000000001,3,1,5.229500000000005,<rdkit.DataStructs.cDataStructs.ExplicitBitVect object at 0x1249df990>,30
CN(CCOc1ccc(CC2SC(=O)NC2=O)cc1)c1ccccn1,7.75,EC50,True,357.435,6,1,2.490900000000001,<rdkit.DataStructs.cDataStructs.ExplicitBitVect object at 0x1249dfa00>,25
O=C(O)c1c(Sc2ccccc2)c2cc(Cl)ccc2n1Cc1ccc(Cl)cc1,7.24,EC50,True,428.34000000000015,3,1,6.845800000000003,<rdkit.DataStructs.cDataStructs.ExplicitBitVect object at 0x1249dfa70>,28
CN(CCOc1ccc(CC2SC(=O)NC2=O)cc1)c1ccccn1,6.05,EC50,True,357.435,6,1,2.490900000000001,<rdkit.DataStructs.cDataStructs.ExplicitBitVect object at 0x1249dfae0>,25
Oc1ccc(/C=C/c2cc(O)cc(O)c2)cc1,4.11,EC50,False,228.247,3,3,2.9738000000000016,<rdkit.DataStructs.cDataStructs.ExplicitBitVect object at 0x1249dfb50>,17
COc1ccc(Cl)cc1C(=O)NCCc1ccc(S(=O)(=O)NC(=O)NC2CCCCC2)cc1,5.64,EC50,True,494.0130000000003,5,3,3.641700000000003,<rdkit.DataStructs.cDataStructs.ExplicitBitVect object at 0x1249dfbc0>,33
CN(CCOc1ccc(CC2SC(=O)NC2=O)cc1)c1ccccn1,6.77,EC50,True,357.435,6,1,2.490900000000001,<rdkit.DataStructs.cDataStructs.ExplicitBitVect object at 0x1249dfc30>,25
CCc1ccc(CCOc2ccc(CC3SC(=O)NC3=O)cc2)nc1,6.41,EC50,True,356.44700000000006,5,1,3.159600000000001,<rdkit.DataStructs.cDataStructs.ExplicitBitVect object at 0x1249dfca0>,25
O=C(O)c1ccc(NCc2c(-c3c(Cl)cccc3C(F)(F)F)noc2-c2cc[nH]c2)cc1,5.25,EC50,False,461.8270000000001,4,3,6.319200000000003,<rdkit.DataStructs.cDataStructs.ExplicitBitVect object at 0x1249dfd10>,32
O[C@@H]1[C@H](O)CO[C@H]1Cn1cnc2c(NCc3cccc(I)c3)nc(Cl)nc21,5.0,EC50,False,501.7120000000001,8,3,1.8169999999999993,<rdkit.DataStructs.cDataStructs.ExplicitBitVect object at 0x1249dfd80>,27
CCO[C@@H](Cc1ccc(OC/C=C(/c2ccccc2)c2ccc(-c3ccccc3)cc2)cc1)C(=O)O,5.77,EC50,True,478.5880000000002,3,1,6.896500000000007,<rdkit.DataStructs.cDataStructs.ExplicitBitVect object at 0x1249dfdf0>,36
CCO[C@@H](Cc1ccc(OCC=C(c2ccc(C)cc2)c2ccc(C)cc2)cc1)C(=O)O,5.51,EC50,True,430.54400000000015,3,1,5.846340000000006,<rdkit.DataStructs.cDataStructs.ExplicitBitVect object at 0x1249dfe60>,32
CCO[C@@H](Cc1ccc(OCC=C(c2ccc(Br)cc2)c2ccc(Br)cc2)cc1)C(=O)O,6.05,EC50,True,560.2820000000002,3,1,6.754500000000006,<rdkit.DataStructs.cDataStructs.ExplicitBitVect object at 0x1249dfed0>,32
CN(CCOc1ccc(CC2SC(=O)NC2=O)cc1)c1ccccn1,8.4,EC50,True,357.435,6,1,2.490900000000001,<rdkit.DataStructs.cDataStructs.ExplicitBitVect object at 0x1249dff40>,25
Cc1nc(-c2ccc(C(F)(F)F)cc2)sc1COc1ccc2c(c1)OC[C@H]2CC(=O)O,6.33,EC50,True,449.4500000000002,5,1,5.6670200000000035,<rdkit.DataStructs.cDataStructs.ExplicitBitVect object at 0x117a74040>,31
C=CCc1ccc(O)c(-c2cc(CC=C)ccc2O)c1,6.34,EC50,True,266.3399999999999,2,2,4.2218000000000035,<rdkit.DataStructs.cDataStructs.ExplicitBitVect object at 0x117a740b0>,20
C/C(=C\CC[C@]1(C)CCc2cc(O)cc(C)c2O1)CC/C=C(\C)C(=O)O,7.08,EC50,True,358.4780000000002,3,2,5.321920000000005,<rdkit.DataStructs.cDataStructs.ExplicitBitVect object at 0x117a74120>,26
CN(CCOc1ccc(CC2SC(=O)NC2=O)cc1)c1ccccn1,8.4,EC50,True,357.435,6,1,2.490900000000001,<rdkit.DataStructs.cDataStructs.ExplicitBitVect object at 0x117a74190>,25
CCO[C@@H](Cc1ccc(OCCn2c3ccccc3c3ccccc32)cc1)C(=O)O,6.77,EC50,True,403.4780000000001,4,1,4.905700000000005,<rdkit.DataStructs.cDataStructs.ExplicitBitVect object at 0x117a74200>,30
CN(CCOc1ccc(CC2SC(=O)NC2=O)cc1)c1ccccn1,8.05,EC50,True,357.435,6,1,2.490900000000001,<rdkit.DataStructs.cDataStructs.ExplicitBitVect object at 0x117a74270>,25
CN(CCOc1ccc(CC2SC(=O)NC2=O)cc1)c1ccccn1,6.72,EC50,True,357.435,6,1,2.490900000000001,<rdkit.DataStructs.cDataStructs.ExplicitBitVect object at 0x117a742e0>,25
CN(CCOc1ccc(C[C@H](Nc2ccccc2C(=O)c2ccccc2)C(=O)O)cc1)c1ccccn1,8.43,EC50,True,495.5790000000002,6,2,4.9356000000000035,<rdkit.DataStructs.cDataStructs.ExplicitBitVect object at 0x117a74350>,37
CN(CCOc1ccc(CC2SC(=O)NC2=O)cc1)c1ccccn1,6.52,EC50,True,357.435,6,1,2.490900000000001,<rdkit.DataStructs.cDataStructs.ExplicitBitVect object at 0x117a743c0>,25
CCCc1cc(Oc2ccccc2)ccc1OCCCOc1ccc(C2SC(=O)NC2=O)cc1Cl,6.16,EC50,True,512.0270000000002,6,1,6.956800000000006,<rdkit.DataStructs.cDataStructs.ExplicitBitVect object at 0x117a74430>,35
CN(CCOc1ccc(CC2SC(=O)NC2=O)cc1)c1ccccn1,6.92,EC50,True,357.435,6,1,2.490900000000001,<rdkit.DataStructs.cDataStructs.ExplicitBitVect object at 0x117a744a0>,25
CN(CCOc1ccc(CC2SC(=O)NC2=O)cc1)c1ccccn1,4.36,EC50,False,357.435,6,1,2.490900000000001,<rdkit.DataStructs.cDataStructs.ExplicitBitVect object at 0x117a74510>,25
Cc1cc(Cn2ncn(-c3ccc(OC(F)(F)F)cc3)c2=O)cc(C)c1OC(C)(C)C(=O)O,5.69,EC50,True,465.4280000000003,7,1,3.8397400000000017,<rdkit.DataStructs.cDataStructs.ExplicitBitVect object at 0x117a74580>,33
Cc1c(C)c2c(c(C)c1O)CCC(C)(COc1ccc(CC3SC(=O)NC3=O)cc1)O2,5.82,EC50,True,441.54900000000015,6,2,4.374260000000002,<rdkit.DataStructs.cDataStructs.ExplicitBitVect object at 0x117a745f0>,31
COc1ccc(F)c(-c2ccc(Cc3ccc(N4C[C@H](C(F)(F)F)C[C@@H]4CC(=O)O)cc3)c(C)c2)c1,5.36,EC50,False,501.5200000000002,3,1,6.632420000000006,<rdkit.DataStructs.cDataStructs.ExplicitBitVect object at 0x117a74660>,36
CN(CCOc1ccc(CC2SC(=O)NC2=O)cc1)c1ccccn1,7.4,EC50,True,357.435,6,1,2.490900000000001,<rdkit.DataStructs.cDataStructs.ExplicitBitVect object at 0x117a746d0>,25
Cc1cc2c(s1)c(-c1ccc(C(=O)O)cc1)nn2C(=O)c1c(Cl)cccc1Cl,6.52,EC50,True,431.3000000000002,5,1,5.766720000000003,<rdkit.DataStructs.cDataStructs.ExplicitBitVect object at 0x117a74740>,28
CC(C)(Oc1ccc(CCCOc2ccc(/C=C/c3ccccc3)cc2)cc1)C(=O)O,6.1,EC50,True,416.51700000000005,3,1,6.110600000000006,<rdkit.DataStructs.cDataStructs.ExplicitBitVect object at 0x117a747b0>,31
N[C@@H](Cc1cc(I)c(Oc2ccc(O)c(I)c2)c(I)c1)C(=O)O,5.24,EC50,False,650.9760000000001,4,3,3.952700000000001,<rdkit.DataStructs.cDataStructs.ExplicitBitVect object at 0x117a74820>,23
CCCCCCCCCC(=O)O,4.27,EC50,False,172.268,1,1,3.2117000000000013,<rdkit.DataStructs.cDataStructs.ExplicitBitVect object at 0x117a74890>,12
CN(CCOc1ccc(C[C@H](Nc2ccccc2C(=O)c2ccccc2)C(=O)O)cc1)c1ccccn1,7.77,EC50,True,495.5790000000002,6,2,4.9356000000000035,<rdkit.DataStructs.cDataStructs.ExplicitBitVect object at 0x117a74900>,37
C=CCc1ccc(O)c(-c2cc(CC=C)ccc2O)c1,5.79,EC50,True,266.3399999999999,2,2,4.2218000000000035,<rdkit.DataStructs.cDataStructs.ExplicitBitVect object at 0x117a74970>,20
Cc1cc(SCc2sc(-c3ccc(C(F)(F)F)cc3)nc2C)ccc1OCC(=O)O,6.07,EC50,True,453.5070000000002,5,1,6.201440000000006,<rdkit.DataStructs.cDataStructs.ExplicitBitVect object at 0x117a749e0>,30
CN(CCOc1ccc(CC2SC(=O)NC2=O)cc1)c1ccccn1,6.68,EC50,True,357.435,6,1,2.490900000000001,<rdkit.DataStructs.cDataStructs.ExplicitBitVect object at 0x117a74a50>,25
Cc1cc(SCc2sc(-c3ccc(C(F)(F)F)cc3)nc2C)ccc1OCC(=O)O,5.36,EC50,False,453.5070000000002,5,1,6.201440000000006,<rdkit.DataStructs.cDataStructs.ExplicitBitVect object at 0x117a74ac0>,30
CCCc1nc2c(C)cc(-c3nc4ccccc4n3C)cc2n1Cc1ccc(-c2ccccc2C(=O)O)cc1,5.7,EC50,True,514.6290000000004,5,1,7.2644200000000065,<rdkit.DataStructs.cDataStructs.ExplicitBitVect object at 0x117a74b30>,39
CN(CCOc1ccc(CC2SC(=O)NC2=O)cc1)c1ccccn1,6.84,EC50,True,357.435,6,1,2.490900000000001,<rdkit.DataStructs.cDataStructs.ExplicitBitVect object at 0x117a74ba0>,25
CN(CCOc1ccc(CC2SC(=O)NC2=O)cc1)c1ccccn1,7.85,EC50,True,357.435,6,1,2.490900000000001,<rdkit.DataStructs.cDataStructs.ExplicitBitVect object at 0x117a74c10>,25
Cc1cc(SCc2sc(-c3ccc(C(F)(F)F)cc3)nc2C)ccc1OCC(=O)O,5.36,EC50,False,453.5070000000002,5,1,6.201440000000006,<rdkit.DataStructs.cDataStructs.ExplicitBitVect object at 0x117a74c80>,30
O=C(O)c1ccc(-c2nn(C(=O)c3c(Cl)cccc3C(F)(F)F)c3ccccc23)cc1,6.47,EC50,True,444.79600000000005,4,1,5.762200000000003,<rdkit.DataStructs.cDataStructs.ExplicitBitVect object at 0x117a74cf0>,31
