Smiles,pChEMBL Value,Standard Type,activity,Molecular_weight,HBA,HBD,LogP,Morgan_fingerprint,HA
CCCc1cc(Oc2ccc(F)cc2)ccc1OCCCOc1ccc2c(c1)OC(CC)(C(=O)O)CC2,5.92,IC50,True,508.58600000000047,5,1,6.976800000000007,<rdkit.DataStructs.cDataStructs.ExplicitBitVect object at 0x117a74d60>,37
CN(CCOc1ccc(C[C@@H]2SC(=O)NC2=O)cc1)c1ccccn1,7.52,IC50,True,357.435,6,1,2.490900000000001,<rdkit.DataStructs.cDataStructs.ExplicitBitVect object at 0x117a74dd0>,25
CN(CCOc1ccc(C[C@@H]2SC(=O)NC2=O)cc1)c1ccccn1,7.22,IC50,True,357.435,6,1,2.490900000000001,<rdkit.DataStructs.cDataStructs.ExplicitBitVect object at 0x117a74e40>,25
Cc1oc(-c2ccc(C(F)(F)F)cc2)nc1Cn1ccc2cc(C[C@@H](OC(C)C)C(=O)O)ccc21,6.86,IC50,True,486.49000000000024,5,1,6.092520000000007,<rdkit.DataStructs.cDataStructs.ExplicitBitVect object at 0x117a74eb0>,35
Cc1c(C)n(Cc2ccc(-c3ccccc3)cc2)c2ccc(C(=O)N[C@@H](C)c3cccc4ccccc34)cc12,6.59,IC50,True,508.66500000000025,2,1,8.617640000000003,<rdkit.DataStructs.cDataStructs.ExplicitBitVect object at 0x117a74f20>,39
Cc1c(C)n(Cc2ccc(-c3ccccc3)cc2)c2ccc(C(=O)N[C@H](C)c3cccc(Cl)c3Cl)cc12,8.3,IC50,True,527.4950000000002,2,1,8.77124,<rdkit.DataStructs.cDataStructs.ExplicitBitVect object at 0x117a74f90>,37
COc1c(F)cccc1[C@H](C)NC(=O)c1ccc2c(c1)c(C)c(C)n2Cc1ccc(-c2ccccc2)cc1,7.68,IC50,True,506.62100000000027,3,1,7.612140000000007,<rdkit.DataStructs.cDataStructs.ExplicitBitVect object at 0x117a75000>,38
Cc1c(C)n(Cc2ccc(-c3ccccc3C(=O)O)cc2)c2ccc(C(=O)N[C@H](C)c3ccc(C(F)(F)F)cc3C(F)(F)F)cc12,7.96,IC50,True,638.6080000000003,3,2,9.200239999999999,<rdkit.DataStructs.cDataStructs.ExplicitBitVect object at 0x117a75070>,46
Cc1c(C)n(Cc2ccc(-c3ccccc3C(=O)O)cc2)c2ccc(C(=O)N[C@@H](C)c3c(F)cncc3F)cc12,7.48,IC50,True,539.5820000000002,4,2,6.8358400000000055,<rdkit.DataStructs.cDataStructs.ExplicitBitVect object at 0x117a750e0>,40
Cc1cc(Cl)ccc1[C@H](C)NC(=O)c1ccc2c(c1)c(C)c(C)n2Cc1ccc(-c2ccccc2)cc1,7.96,IC50,True,507.0770000000003,2,1,8.426260000000005,<rdkit.DataStructs.cDataStructs.ExplicitBitVect object at 0x117a75150>,37
Cc1c(C)n(Cc2ccc(-c3ccccc3)cc2)c2ccc(C(=O)N[C@H](C)c3c(F)ccc(F)c3F)cc12,8.52,IC50,True,512.5750000000002,2,1,7.881740000000006,<rdkit.DataStructs.cDataStructs.ExplicitBitVect object at 0x117a751c0>,38
Cc1c(C)n(Cc2ccc(-c3ccccc3C(=O)O)cc2)c2ccc(C(=O)N[C@H](C)c3cccc(Br)n3)cc12,8.7,IC50,True,582.4980000000002,4,2,7.3201400000000065,<rdkit.DataStructs.cDataStructs.ExplicitBitVect object at 0x117a75230>,39
Cc1c(C)n(Cc2ccc(-c3ccccc3C(=O)O)cc2)c2ccc(C(=O)N[C@@H]3C[C@H]3c3ccccc3)cc12,7.66,IC50,True,514.6250000000002,3,2,6.957540000000007,<rdkit.DataStructs.cDataStructs.ExplicitBitVect object at 0x117a752a0>,39
Cc1c(C)n(Cc2ccc(-c3ccccc3C(=O)O)cc2)c2ccc(C(=O)NCc3ccc(I)cc3)cc12,8.4,IC50,True,614.4830000000002,3,2,7.2062400000000055,<rdkit.DataStructs.cDataStructs.ExplicitBitVect object at 0x117a75310>,38
Cc1c(C)n(Cc2ccc(-c3ccccc3)cc2)c2ccc(C(=O)N[C@@H](C)c3cccc(C(C)C)c3)cc12,7.52,IC50,True,500.68600000000026,2,1,8.587840000000003,<rdkit.DataStructs.cDataStructs.ExplicitBitVect object at 0x117a75380>,38
COc1cccc2c1ccn2S(=O)(=O)c1cccc(C(=O)Nc2ccc(Cl)cc2C(=O)O)c1,5.7,IC50,True,484.9170000000002,6,2,4.490800000000004,<rdkit.DataStructs.cDataStructs.ExplicitBitVect object at 0x117a753f0>,33
COc1ccc2ccn(S(=O)(=O)c3cccc(C(=O)Nc4ccc(Cl)cc4C(=O)O)c3)c2c1,5.6,IC50,True,484.91700000000014,6,2,4.490800000000003,<rdkit.DataStructs.cDataStructs.ExplicitBitVect object at 0x117a75460>,33
CCCc1c(OCCCOc2cccc3c2ccn3CC(=O)O)ccc2cc(C(=O)c3ccccc3)ccc12,6.08,IC50,True,521.6130000000003,5,1,6.910500000000006,<rdkit.DataStructs.cDataStructs.ExplicitBitVect object at 0x117a754d0>,39
COc1ccc2c(c1)c(Cc1ccc(OCC(=O)O)cc1)c(C)n2C(=O)c1ccc(Cl)cc1,7.08,IC50,True,463.91700000000014,5,1,5.354420000000005,<rdkit.DataStructs.cDataStructs.ExplicitBitVect object at 0x117a75540>,33
CCCc1cc(C(=O)CC)cc(CCC)c1OC(C(=O)O)c1ccccc1,5.56,IC50,True,368.473,3,1,5.389000000000005,<rdkit.DataStructs.cDataStructs.ExplicitBitVect object at 0x117a755b0>,27
CCCc1cc(C(=O)CC)cc(CCC)c1O[C@H](C(=O)O)c1ccc(CC)cc1,6.68,IC50,True,396.5270000000001,3,1,5.951400000000005,<rdkit.DataStructs.cDataStructs.ExplicitBitVect object at 0x117a75620>,29
CC[C@]1(C(=O)O)CCc2ccc(OCCCOc3ccc(Cl)cc3Cl)cc2O1,5.54,IC50,True,425.30800000000005,4,1,5.399700000000005,<rdkit.DataStructs.cDataStructs.ExplicitBitVect object at 0x117a75690>,28
O=C(Nc1ccc(F)cc1C(=O)O)c1cccc(S(=O)(=O)N2CCc3ccccc3C2)c1,5.2,IC50,False,454.4790000000002,4,2,3.5232000000000028,<rdkit.DataStructs.cDataStructs.ExplicitBitVect object at 0x117a75700>,32
O=C(Nc1ccc(Cl)cc1C(=O)O)c1cccc(S(=O)(=O)N2CCc3c(cccc3C(=O)O)C2)c1,5.1,IC50,False,514.9430000000003,5,3,3.7357000000000022,<rdkit.DataStructs.cDataStructs.ExplicitBitVect object at 0x117a75770>,35
O=C(O)COc1cccc2c1CCN(S(=O)(=O)c1cccc(C(=O)Nc3ccc(Cl)cc3C(=O)O)c1)C2,5.1,IC50,False,544.9690000000002,6,3,3.5009000000000023,<rdkit.DataStructs.cDataStructs.ExplicitBitVect object at 0x117a757e0>,37
COc1ccc2c(ccn2S(=O)(=O)c2cccc(C(=O)Nc3ccc(C)cc3C(=O)O)c2)c1C,5.5,IC50,True,478.52600000000024,6,2,4.454240000000003,<rdkit.DataStructs.cDataStructs.ExplicitBitVect object at 0x117a75850>,34
Cc1oc(-c2ccc(Br)cc2)nc1CCOc1ccc(OC(C)(C)C(=O)O)cc1,5.34,IC50,False,460.32400000000024,5,1,5.276020000000005,<rdkit.DataStructs.cDataStructs.ExplicitBitVect object at 0x117a758c0>,29
CCC(Oc1cccc(Cc2c(C)n(C(=O)c3ccc(OC)cc3)c3ccc(OC(F)(F)F)cc23)c1)C(=O)O,8.52,IC50,True,541.5220000000002,6,1,6.378220000000005,<rdkit.DataStructs.cDataStructs.ExplicitBitVect object at 0x117a75930>,39
C[C@]1(C(=O)O)CCc2ccc(OCCCOc3ccc(OCC(F)(F)F)cc3Cl)cc2O1,5.22,IC50,False,474.8590000000001,5,1,5.297300000000005,<rdkit.DataStructs.cDataStructs.ExplicitBitVect object at 0x117a759a0>,32
CC[C@]1(C(=O)O)CCc2ccc(OCCCOc3ccc(OCC(F)(F)F)cc3Cl)cc2O1,6.0,IC50,True,488.88600000000014,5,1,5.687400000000006,<rdkit.DataStructs.cDataStructs.ExplicitBitVect object at 0x117a75a10>,33
CC1(C)CCC(c2ccc(OCCCOc3ccc4c(c3)O[C@@](C)(C(=O)O)CC4)c(Cl)c2)CC1,5.19,IC50,False,487.0360000000003,4,1,7.040000000000007,<rdkit.DataStructs.cDataStructs.ExplicitBitVect object at 0x117a75a80>,34
C[C@]1(C(=O)O)CCc2ccc(OCCCOc3ccc(Oc4ccc(F)cc4)cc3Cl)cc2O1,6.05,IC50,True,486.9230000000002,5,1,6.287600000000005,<rdkit.DataStructs.cDataStructs.ExplicitBitVect object at 0x117a75af0>,34
Cc1ccc(CNC(=O)c2ccc(C(F)(F)F)cc2F)cc1Oc1ccc(OC(C)(C)C(=O)O)c(C)c1,8.3,IC50,True,519.4910000000003,4,2,6.425640000000005,<rdkit.DataStructs.cDataStructs.ExplicitBitVect object at 0x117a75b60>,37
Cc1cc(Oc2cccc(CNC(=O)c3ccc(C(F)(F)F)cc3Br)c2)ccc1OC(C)(C)C(=O)O,7.92,IC50,True,566.3700000000001,4,2,6.740620000000004,<rdkit.DataStructs.cDataStructs.ExplicitBitVect object at 0x117a75bd0>,36
Cc1oc(-c2ccccc2)nc1CCOc1cccc([C@@H]2CN(C(=O)Oc3ccccc3)C[C@@H]2CC(=O)O)c1,6.62,IC50,True,526.5890000000003,6,1,5.960620000000006,<rdkit.DataStructs.cDataStructs.ExplicitBitVect object at 0x117a75c40>,39
Cc1oc(-c2ccccc2)nc1CCOc1cccc(C[C@@H]2CN(c3nccc(C(F)(F)F)n3)C[C@@H]2C(=O)O)c1,7.4,IC50,True,552.5530000000002,7,1,5.460020000000004,<rdkit.DataStructs.cDataStructs.ExplicitBitVect object at 0x117a75cb0>,40
CC[C@@]1(C(=O)O)CCc2ccc(OCCCOc3ccc(Oc4ccc(F)cc4)cc3Cl)cc2O1,5.36,IC50,False,500.9500000000001,5,1,6.677700000000006,<rdkit.DataStructs.cDataStructs.ExplicitBitVect object at 0x117a75d20>,35
Cc1oc(-c2ccccc2)nc1CCOc1ccc([C@@H]2CN(C(=O)Oc3ccccc3)C[C@@H]2CC(=O)O)cc1,5.08,IC50,False,526.5890000000003,6,1,5.960620000000006,<rdkit.DataStructs.cDataStructs.ExplicitBitVect object at 0x117a75d90>,39
COc1ccc(C(=O)c2c(C)n(Cc3ccc(F)c(O[C@@H](C)C(=O)O)c3)c3nc(OC)ccc23)cc1,9.0,IC50,True,492.5030000000002,7,1,4.632220000000003,<rdkit.DataStructs.cDataStructs.ExplicitBitVect object at 0x117a75e00>,36
CC[C@@H](Oc1cccc(Cn2c(C)c(C(=O)c3ccc(Cl)cc3)c3ccc(OC(F)(F)F)cc32)c1)C(=O)O,8.05,IC50,True,545.9410000000001,5,1,7.023020000000006,<rdkit.DataStructs.cDataStructs.ExplicitBitVect object at 0x117a75e70>,38
Cc1cc(Oc2cccc(CNC(=O)c3ccc(C(F)(F)F)cc3C)c2)ccc1OC(C)(C)C(=O)O,8.05,IC50,True,501.5010000000002,4,2,6.286540000000005,<rdkit.DataStructs.cDataStructs.ExplicitBitVect object at 0x117a75ee0>,36
COc1ccc2c(-n3c(=O)n(Cc4ccc(Cl)c(O[C@H](C)C(=O)O)c4)c4cc(OC(F)(F)F)ccc43)noc2c1,8.49,IC50,True,577.8990000000001,9,1,5.394200000000003,<rdkit.DataStructs.cDataStructs.ExplicitBitVect object at 0x117a75f50>,40
CCCc1c(OCCCn2ccc3cc(CC(=O)O)ccc32)ccc2c(C(F)(F)F)noc12,5.72,IC50,True,460.4520000000001,5,1,5.850000000000004,<rdkit.DataStructs.cDataStructs.ExplicitBitVect object at 0x117a75fc0>,33
CCCc1cc(CC2CCCCC2)ccc1OCCCOc1cccc(C2SC(=O)NC2=O)c1,7.23,IC50,True,481.6580000000002,5,1,6.633900000000007,<rdkit.DataStructs.cDataStructs.ExplicitBitVect object at 0x117a76030>,34
CCCc1c(OCCCCCOc2cccc3c2ccn3CC(=O)O)ccc2c(C(F)(F)F)noc12,5.75,IC50,True,504.50500000000017,6,1,6.466500000000005,<rdkit.DataStructs.cDataStructs.ExplicitBitVect object at 0x117a760a0>,36
CCCc1c(OCCCOc2ccc3c(ccn3C(CC)C(=O)O)c2)ccc2c(C(F)(F)F)noc12,5.77,IC50,True,504.5050000000002,6,1,6.637400000000005,<rdkit.DataStructs.cDataStructs.ExplicitBitVect object at 0x117a76110>,36
CCCc1cc(Oc2ccccc2)ccc1OCCCCOc1ccc(C2SC(=O)NC2=O)cc1,5.52,IC50,True,491.6090000000002,6,1,6.693500000000006,<rdkit.DataStructs.cDataStructs.ExplicitBitVect object at 0x117a76180>,35
O=C(O)[C@@H]1CCc2ccc(OCCCOc3ccc(OCC(F)(F)F)cc3Cl)cc2O1,5.39,IC50,False,460.83200000000016,5,1,4.907200000000004,<rdkit.DataStructs.cDataStructs.ExplicitBitVect object at 0x117a761f0>,31
CC[C@]1(C(=O)O)CCc2ccc(OCCCOc3ccc(Cl)cc3Cl)cc2O1,5.54,IC50,True,425.30800000000005,4,1,5.399700000000005,<rdkit.DataStructs.cDataStructs.ExplicitBitVect object at 0x117a76260>,28
CCCc1cc(C(=O)CC)cc(CCC)c1O[C@H](C(=O)O)c1ccc(C(C)C)cc1,7.12,IC50,True,410.5540000000001,3,1,6.512400000000006,<rdkit.DataStructs.cDataStructs.ExplicitBitVect object at 0x117a762d0>,30
CCCOC(Cc1ccc(OCCc2nc(-c3ccccc3)oc2C)c2ccsc12)C(=O)O,8.4,IC50,True,465.57100000000014,6,1,5.9085200000000055,<rdkit.DataStructs.cDataStructs.ExplicitBitVect object at 0x117a76340>,33
CCCO[C@@H](Cc1ccc(OCCc2nc(-c3ccccc3)oc2C)c2ccsc12)C(=O)O,8.7,IC50,True,465.57100000000014,6,1,5.9085200000000055,<rdkit.DataStructs.cDataStructs.ExplicitBitVect object at 0x117a763b0>,33
Cc1oc(-c2ccccc2)nc1CCOc1ccc(Cc2c(C(=O)O)cnn2-c2ccccc2)cc1,5.78,IC50,True,479.5360000000002,6,1,5.7462200000000045,<rdkit.DataStructs.cDataStructs.ExplicitBitVect object at 0x117a76420>,36
COc1ccc2c(c1)c(Cc1ccccc1C(=O)O)c(C)n2C(=O)c1ccc(Cl)cc1,5.2,IC50,False,433.8910000000002,4,1,5.5892200000000045,<rdkit.DataStructs.cDataStructs.ExplicitBitVect object at 0x117a76490>,31
CO[C@@H](Cc1ccc(OCCCOc2ccc(C(=O)c3ccccc3)cc2)c(Cl)c1)C(=O)O,8.3,IC50,True,468.9330000000001,5,1,5.061000000000005,<rdkit.DataStructs.cDataStructs.ExplicitBitVect object at 0x117a76500>,33
CCCc1cc(C(=O)C(C)C)cc(CCC)c1OC(C(=O)O)c1ccccc1,5.5,IC50,True,382.5,3,1,5.635000000000005,<rdkit.DataStructs.cDataStructs.ExplicitBitVect object at 0x117a76570>,28
CC[C@]1(C(=O)O)CCc2ccc(OCCCOc3ccc(CC(C)C)cc3Cl)cc2O1,5.75,IC50,True,446.9710000000002,4,1,5.944800000000006,<rdkit.DataStructs.cDataStructs.ExplicitBitVect object at 0x117a765e0>,31
CCCCCS(=O)(=O)NC(=O)/C=C/c1ccc(OCCOC)cc1Oc1ncc(C(F)(F)F)cc1Cl,6.48,IC50,True,550.9830000000003,7,1,5.220700000000005,<rdkit.DataStructs.cDataStructs.ExplicitBitVect object at 0x117a76650>,36
Cc1cc(Oc2cccc(CNC(=O)c3cc4cc(Cl)ccc4[nH]3)c2)ccc1CCC(=O)O,7.89,IC50,True,462.93300000000016,3,3,5.869220000000004,<rdkit.DataStructs.cDataStructs.ExplicitBitVect object at 0x117a766c0>,33
CCCc1cc(OC2CCCC2)ccc1OCCCOc1cccc([C@@H]2SC(=O)NC2=O)c1,7.2,IC50,True,469.6030000000001,6,1,5.832500000000006,<rdkit.DataStructs.cDataStructs.ExplicitBitVect object at 0x117a76730>,33
CO[C@@H](Cc1ccc(OCCCOc2ccc(C(=O)c3ccccc3)cc2)cc1)C(=O)O,8.3,IC50,True,434.48800000000006,5,1,4.407600000000003,<rdkit.DataStructs.cDataStructs.ExplicitBitVect object at 0x117a767a0>,32
O=C(O)Cn1ccc2ccc(OCCCOc3ccc(C(=O)c4ccc(F)cc4)cc3)cc21,5.68,IC50,True,447.4620000000001,5,1,4.943900000000005,<rdkit.DataStructs.cDataStructs.ExplicitBitVect object at 0x117a76810>,33
CCCc1cc(Oc2ccc(Cl)cc2)ccc1OCCCOc1ccc2c(c1)OC(CC)(C(=O)O)CC2,5.85,IC50,True,525.0410000000004,5,1,7.491100000000007,<rdkit.DataStructs.cDataStructs.ExplicitBitVect object at 0x117a76880>,37
CCCc1cc(C=C2CCCCC2)ccc1OCCCOc1cccc(C2SC(=O)NC2=O)c1,6.82,IC50,True,479.64200000000017,5,1,6.858600000000007,<rdkit.DataStructs.cDataStructs.ExplicitBitVect object at 0x117a768f0>,34
CN(CCOc1ccc(CC2SC(=O)NC2=O)cc1)c1ccccn1,6.7,IC50,True,357.435,6,1,2.490900000000001,<rdkit.DataStructs.cDataStructs.ExplicitBitVect object at 0x117a76960>,25
Cc1c(C)c2c(c(C)c1O)CCC(C)(COc1ccc(CC3SC(=O)NC3=O)cc1)O2,6.52,IC50,True,441.54900000000015,6,2,4.374260000000002,<rdkit.DataStructs.cDataStructs.ExplicitBitVect object at 0x117a769d0>,31
Cc1ccc(NC(=O)c2cccc(S(=O)(=O)n3ccc4ccc(C)cc43)c2)c(C(=O)O)c1,5.6,IC50,True,448.5000000000002,5,2,4.445640000000003,<rdkit.DataStructs.cDataStructs.ExplicitBitVect object at 0x117a76a40>,32
CCC(NC(=O)c1ccc2cc(C)n(Cc3ccc(-c4ccccc4C(=O)O)cc3)c2c1)c1ccccc1,6.49,IC50,True,502.61400000000015,3,2,7.244320000000006,<rdkit.DataStructs.cDataStructs.ExplicitBitVect object at 0x117a76ab0>,38
CCC(NC(=O)c1ccc2c(c1)c(C)c(C)n2Cc1ccc(-c2ccccc2C(=O)O)cc1)c1ccccc1,8.1,IC50,True,516.6410000000002,3,2,7.552740000000007,<rdkit.DataStructs.cDataStructs.ExplicitBitVect object at 0x117a76b20>,39
CCCc1c(OCCCOc2ccc3ccn(CC(=O)O)c3c2)ccc2cc(C(=O)c3ccccc3)ccc12,5.69,IC50,True,521.6130000000003,5,1,6.910500000000006,<rdkit.DataStructs.cDataStructs.ExplicitBitVect object at 0x117a76b90>,39
Cc1cc2c(CC(=O)O)csc2cc1OCc1sc(-c2ccc(C(F)(F)F)cc2)nc1C,5.2,IC50,False,477.5290000000001,5,1,6.866540000000005,<rdkit.DataStructs.cDataStructs.ExplicitBitVect object at 0x117a76c00>,32
CC1(C(=O)O)CCc2ccc(OCCCOc3ccc(Oc4ccccc4)cc3Cl)cc2O1,5.85,IC50,True,468.93300000000016,5,1,6.148500000000005,<rdkit.DataStructs.cDataStructs.ExplicitBitVect object at 0x117a76c70>,33
Cc1oc(-c2ccccc2)nc1C/C=C/c1ccc(C[C@H](C(=O)O)n2cccc2)cc1,5.58,IC50,True,412.4890000000001,4,1,5.575820000000004,<rdkit.DataStructs.cDataStructs.ExplicitBitVect object at 0x117a76ce0>,31
O=S(=O)(/C=C/c1ccccc1)Oc1ccccc1,5.88,IC50,True,260.31399999999996,3,0,3.0661000000000014,<rdkit.DataStructs.cDataStructs.ExplicitBitVect object at 0x117a76d50>,18
Cc1oc(-c2ccccc2)nc1CCOc1ccc(CN(CC(=O)O)Cc2ccccc2)cc1,5.75,IC50,True,456.5420000000002,5,1,5.358320000000004,<rdkit.DataStructs.cDataStructs.ExplicitBitVect object at 0x117a76dc0>,34
Cc1cc(SCc2ccc(OCc3ccc(C(F)(F)F)cc3)cc2)c(Cl)cc1OCC(=O)O,5.04,IC50,False,496.93400000000014,4,1,7.001920000000005,<rdkit.DataStructs.cDataStructs.ExplicitBitVect object at 0x117a76e30>,33
CCCc1cc2c(=O)n(C(C)C)oc2c(CCC)c1O[C@H](C(=O)O)c1ccc(CC(C)C)cc1,6.58,IC50,True,467.6060000000002,5,1,6.483600000000007,<rdkit.DataStructs.cDataStructs.ExplicitBitVect object at 0x117a76ea0>,34
CCCCCC/C=C(\CCCCCCCC(=O)O)[N+](=O)[O-],6.08,IC50,True,299.41099999999994,3,1,4.932700000000004,<rdkit.DataStructs.cDataStructs.ExplicitBitVect object at 0x117a76f10>,21
CCCCCCCC/C=C(\CCCCCCCC(=O)O)[N+](=O)[O-],6.01,IC50,True,327.465,3,1,5.712900000000006,<rdkit.DataStructs.cDataStructs.ExplicitBitVect object at 0x117a76f80>,23
CCCCCCCC/C(=C\CCCCCCCC(=O)O)[N+](=O)[O-],5.79,IC50,True,327.465,3,1,5.712900000000006,<rdkit.DataStructs.cDataStructs.ExplicitBitVect object at 0x117a76ff0>,23
COc1ccc(N2C(=O)[C@@H](Cc3cccc(OCCc4nc(-c5ccccc5)oc4C)c3)[C@H]2C(=O)O)cc1,7.0,IC50,True,512.5620000000002,6,1,4.938820000000003,<rdkit.DataStructs.cDataStructs.ExplicitBitVect object at 0x117a77060>,38
Cc1cc(Oc2cccc(CNC(=O)c3ccc(C(F)(F)F)cc3Cl)c2)ccc1OC(C)(C)C(=O)O,7.82,IC50,True,521.9190000000002,4,2,6.6315200000000045,<rdkit.DataStructs.cDataStructs.ExplicitBitVect object at 0x117a770d0>,36
CCCc1c(OCCCOc2cccc3c2ccn3CC(=O)O)ccc2c(-c3ccccc3)noc12,6.9,IC50,True,484.55200000000025,6,1,6.334500000000006,<rdkit.DataStructs.cDataStructs.ExplicitBitVect object at 0x117a77140>,36
CCCc1c(OCCCOc2ccc3c(ccn3CC(=O)O)c2)ccc2c(C#N)c[nH]c12,6.12,IC50,True,431.4920000000002,5,2,4.879280000000003,<rdkit.DataStructs.cDataStructs.ExplicitBitVect object at 0x117a771b0>,32
Cc1oc(-c2ccccc2)nc1CCOc1ccc(C[C@@H]2C(=O)N(c3ccc(C(C)(C)C)cc3)[C@@H]2C(=O)O)cc1,6.96,IC50,True,538.6440000000003,5,1,6.227720000000006,<rdkit.DataStructs.cDataStructs.ExplicitBitVect object at 0x117a77220>,40
Cc1ccc(C(=O)NCc2cccc(Oc3ccc(OC(C)(C)C(=O)O)c(C)c3)c2)c(C)c1,8.15,IC50,True,447.5310000000003,4,2,5.576160000000004,<rdkit.DataStructs.cDataStructs.ExplicitBitVect object at 0x117a77290>,33
Cc1oc(-c2ccccc2)nc1CCOc1cccc(C[C@@H]2C(=O)N(c3ccc(C(C)(C)C)cc3)[C@@H]2C(=O)O)c1,7.4,IC50,True,538.6440000000003,5,1,6.227720000000006,<rdkit.DataStructs.cDataStructs.ExplicitBitVect object at 0x117a77300>,40
CC[C@]1(C(=O)O)CCc2ccc(OCCCOc3ccc(C(C)C)cc3Cl)cc2O1,5.54,IC50,True,432.94400000000013,4,1,5.869700000000006,<rdkit.DataStructs.cDataStructs.ExplicitBitVect object at 0x117a77370>,30
COc1ccc(C(=O)n2c(C)c(Cc3ccccc3OC(C)(C)C(=O)O)c3cc(OC(F)(F)F)ccc32)cc1,9.0,IC50,True,541.5220000000002,6,1,6.378220000000005,<rdkit.DataStructs.cDataStructs.ExplicitBitVect object at 0x117a773e0>,39
COc1ccc(C(=O)n2c(C)c(Cc3cccc(O[C@H](C)C(=O)O)c3)c3cc(OC(F)(F)F)ccc32)cc1,8.52,IC50,True,527.4950000000002,6,1,5.988120000000005,<rdkit.DataStructs.cDataStructs.ExplicitBitVect object at 0x117a77450>,38
COc1ccc2c(c1)c(Cc1ccc(OC(C)C(=O)O)cc1)c(C)n2C(=O)c1ccc(Cl)cc1,5.67,IC50,True,477.9440000000002,5,1,5.742920000000004,<rdkit.DataStructs.cDataStructs.ExplicitBitVect object at 0x117a774c0>,34
CC(C)Cc1ccc(OCCCOc2ccc3c(c2)O[C@@](C)(C(=O)O)CC3)c(Cl)c1,5.52,IC50,True,432.9440000000002,4,1,5.554700000000006,<rdkit.DataStructs.cDataStructs.ExplicitBitVect object at 0x117a77530>,30
COc1ccc2c(-n3c(=O)n(Cc4cccc([C@@]5(C)OC(=O)NC5=O)c4)c4ccccc43)noc2c1,7.08,IC50,True,484.4680000000002,9,1,3.4719000000000015,<rdkit.DataStructs.cDataStructs.ExplicitBitVect object at 0x117a775a0>,36
CCCC[C@@](Cc1ccc(OCCc2nc(-c3ccccc3)oc2C)cc1)(Oc1ccccc1)C(=O)O,5.65,IC50,True,499.60700000000014,5,1,6.906620000000006,<rdkit.DataStructs.cDataStructs.ExplicitBitVect object at 0x117a77610>,37
CCCc1cc(-c2ccccc2)ccc1OCCCOc1cccc(C2OC(=O)NC2=O)c1,6.35,IC50,True,445.51500000000016,5,1,5.461500000000005,<rdkit.DataStructs.cDataStructs.ExplicitBitVect object at 0x117a77680>,33
Cc1oc(-c2ccccc2)nc1CCOc1cccc(Cc2c(C(=O)O)cnn2-c2ccccc2)c1,5.32,IC50,False,479.5360000000002,6,1,5.7462200000000045,<rdkit.DataStructs.cDataStructs.ExplicitBitVect object at 0x117a776f0>,36
Cc1oc(-c2ccccc2)nc1CCOc1ccc(Cc2nn(-c3ccccc3)nc2C(=O)O)cc1,6.15,IC50,True,480.52400000000017,7,1,5.141220000000004,<rdkit.DataStructs.cDataStructs.ExplicitBitVect object at 0x117a77760>,36
CCCc1c(OCCCOc2ccc(CC(=O)O)cc2)ccc2c(C(F)(F)F)noc12,6.57,IC50,True,437.4140000000001,5,1,5.274100000000004,<rdkit.DataStructs.cDataStructs.ExplicitBitVect object at 0x117a777d0>,31
Cc1cc2c(CC(=O)O)csc2cc1OCc1ccccc1COc1ccc(C(F)(F)F)cc1,5.12,IC50,False,486.51100000000014,4,1,7.013620000000004,<rdkit.DataStructs.cDataStructs.ExplicitBitVect object at 0x117a77840>,34
Cc1ccc(C(=O)NCc2cccc(Oc3ccc(OC(C)(C)C(=O)O)c(C)c3)c2)c(C)c1,8.15,IC50,True,447.5310000000003,4,2,5.576160000000004,<rdkit.DataStructs.cDataStructs.ExplicitBitVect object at 0x117a778b0>,33
Cc1oc(-c2ccccc2)nc1CCOc1ccc(C[C@H](Oc2ccccc2)C(=O)O)cc1,6.89,IC50,True,443.49900000000014,5,1,5.346220000000004,<rdkit.DataStructs.cDataStructs.ExplicitBitVect object at 0x117a77920>,33
CC(C)Cc1cc(Oc2ccccc2)ccc1OCCCOc1ccc([C@@H]2SC(=O)NC2=O)cc1,6.32,IC50,True,491.60900000000026,6,1,6.549400000000006,<rdkit.DataStructs.cDataStructs.ExplicitBitVect object at 0x117a77990>,35
O=C(O)[C@@H]1CCc2ccc(OCCCOc3ccc(OCC(F)(F)F)cc3Cl)cc2O1,5.39,IC50,False,460.83200000000016,5,1,4.907200000000004,<rdkit.DataStructs.cDataStructs.ExplicitBitVect object at 0x117a77a00>,31
O=C1NC(=O)[C@H](c2cccc(OCCCOc3ccc(Oc4ccccc4)cc3)c2)S1,7.12,IC50,True,435.50100000000003,6,1,5.350900000000004,<rdkit.DataStructs.cDataStructs.ExplicitBitVect object at 0x117a77a70>,31
Cc1cc(Oc2cccc(CNC(=O)c3ccc(C(F)(F)F)cc3Oc3ccccc3)c2)ccc1OC(C)(C)C(=O)O,6.94,IC50,True,579.5710000000001,5,2,7.770420000000007,<rdkit.DataStructs.cDataStructs.ExplicitBitVect object at 0x117a77ae0>,42
Cc1cc(Oc2cccc(CNC(=O)c3ccc(C(F)(F)F)cc3Oc3ccccc3)c2)ccc1OC(C)(C)C(=O)O,6.94,IC50,True,579.5710000000001,5,2,7.770420000000007,<rdkit.DataStructs.cDataStructs.ExplicitBitVect object at 0x117a77b50>,42
Cc1cc(Oc2cccc(CNC(=O)c3cc4cccc(Br)c4[nH]3)c2)ccc1CCC(=O)O,7.43,IC50,True,507.3840000000002,3,3,5.978320000000004,<rdkit.DataStructs.cDataStructs.ExplicitBitVect object at 0x117a77bc0>,33
Cc1cc(Oc2cccc(CNC(=O)c3cc4cc(Cl)c(Cl)cc4[nH]3)c2)ccc1CCC(=O)O,7.02,IC50,True,497.37800000000016,3,3,6.522620000000003,<rdkit.DataStructs.cDataStructs.ExplicitBitVect object at 0x117a77c30>,34
Cc1ccc(NC(=O)c2cccc(S(=O)(=O)n3ccc4cc(Cl)ccc43)c2)c(C(=O)O)c1,5.8,IC50,True,468.91800000000023,5,2,4.790620000000004,<rdkit.DataStructs.cDataStructs.ExplicitBitVect object at 0x117a77ca0>,32
COc1cccc2c1CCN(S(=O)(=O)c1cccc(C(=O)Nc3ccc(Cl)cc3C(=O)O)c1)C2,5.3,IC50,False,500.9600000000002,5,2,4.046100000000002,<rdkit.DataStructs.cDataStructs.ExplicitBitVect object at 0x117a77d10>,34
COc1ccc(C(=O)c2c(C)n(Cc3cc(O[C@@H](C)C(=O)O)ccc3F)c3nc(OC)ccc23)cc1,8.7,IC50,True,492.50300000000016,7,1,4.632220000000004,<rdkit.DataStructs.cDataStructs.ExplicitBitVect object at 0x117a77d80>,36
Cc1c(Oc2ccc(Cl)cc2)c2cccnc2n1Cc1cc(O[C@@H](C)C(=O)O)ccc1Cl,7.6,IC50,True,471.34000000000026,5,1,6.344020000000006,<rdkit.DataStructs.cDataStructs.ExplicitBitVect object at 0x117a77df0>,32
CC(C)c1cccc(-n2c(C(=O)O)c(Oc3cccc(C(F)(F)F)c3)c3ccccc32)c1,7.22,IC50,True,439.43300000000005,3,1,7.263200000000004,<rdkit.DataStructs.cDataStructs.ExplicitBitVect object at 0x117a77e60>,32
O=C(Nc1ccc(Br)cc1C(=O)O)c1cccc(S(=O)(=O)N2CCc3ccccc3C2)c1,5.6,IC50,True,515.3850000000003,4,2,4.146600000000003,<rdkit.DataStructs.cDataStructs.ExplicitBitVect object at 0x117a77ed0>,32
COc1ccc(-c2c(C(=O)NS(=O)(=O)c3ccccc3)n(Cc3cccc(C(F)(F)F)c3)c3ccccc23)cc1,8.52,IC50,True,564.5850000000002,5,1,6.502700000000005,<rdkit.DataStructs.cDataStructs.ExplicitBitVect object at 0x117a77f40>,40
O=C(NS(=O)(=O)c1cccc(C(F)(F)F)c1)c1cc2cc(O)ccc2n1Cc1cccc(C(F)(F)F)c1,6.27,IC50,True,542.4570000000002,5,2,5.551500000000004,<rdkit.DataStructs.cDataStructs.ExplicitBitVect object at 0x117a80040>,37
O=C(NS(=O)(=O)c1ccccc1)c1cc2ccccc2n1Cc1cccc(C(F)(F)F)c1,6.54,IC50,True,458.4610000000002,4,1,4.827100000000003,<rdkit.DataStructs.cDataStructs.ExplicitBitVect object at 0x117a800b0>,32
CCc1cc(C(F)(F)F)ccc1C(=O)NCc1cccc(Oc2ccc(OC(C)(C)C(=O)O)c(C)c2)c1,8.0,IC50,True,515.5280000000004,4,2,6.540520000000006,<rdkit.DataStructs.cDataStructs.ExplicitBitVect object at 0x117a80120>,37
Cc1cc(Oc2ccc(F)c(CNC(=O)c3ccc(C(F)(F)F)cc3F)c2)ccc1OC(C)(C)C(=O)O,8.1,IC50,True,523.4540000000002,4,2,6.256320000000004,<rdkit.DataStructs.cDataStructs.ExplicitBitVect object at 0x117a80190>,37
COc1ccc2ccn(S(=O)(=O)c3cccc(C(=O)Nc4ccc(C)cc4C(=O)O)c3)c2c1,5.1,IC50,False,464.4990000000002,6,2,4.145820000000002,<rdkit.DataStructs.cDataStructs.ExplicitBitVect object at 0x117a80200>,33
Cc1c(C)n(Cc2ccc(-c3ccccc3C(=O)O)cc2)c2ccc(C(=O)N[C@@H](C)c3cccc(Br)n3)cc12,7.82,IC50,True,582.4980000000002,4,2,7.3201400000000065,<rdkit.DataStructs.cDataStructs.ExplicitBitVect object at 0x117a80270>,39
Cc1c(C)n(Cc2ccc(-c3ccccc3C(=O)O)cc2)c2ccc(C(=O)N[C@H](C)c3ccc(S(C)(=O)=O)cc3)cc12,7.96,IC50,True,580.7060000000002,5,2,6.566140000000007,<rdkit.DataStructs.cDataStructs.ExplicitBitVect object at 0x117a802e0>,42
CCCc1c(OCCCNc2ccc(CC(=O)O)cc2)ccc2c(C(F)(F)F)noc12,6.99,IC50,True,436.43000000000006,5,2,5.307200000000004,<rdkit.DataStructs.cDataStructs.ExplicitBitVect object at 0x117a80350>,31
COc1ccc(-c2c(C(=O)NS(C)(=O)=O)n(Cc3cccc(C(F)(F)F)c3)c3ccccc23)cc1,8.7,IC50,True,502.5140000000001,5,1,5.073400000000004,<rdkit.DataStructs.cDataStructs.ExplicitBitVect object at 0x117a803c0>,35
CC(C)(C)c1ccc(Cn2c(C(=O)NS(=O)(=O)c3cccc(C(F)(F)F)c3)cc3ccccc32)cc1,6.48,IC50,True,514.5690000000002,4,1,6.124600000000005,<rdkit.DataStructs.cDataStructs.ExplicitBitVect object at 0x117a80430>,36
CC[C@]1(C(=O)O)CCc2ccc(OCCCOc3ccc(Oc4ccc(F)cc4)cc3Cl)cc2O1,6.58,IC50,True,500.9500000000001,5,1,6.677700000000006,<rdkit.DataStructs.cDataStructs.ExplicitBitVect object at 0x117a804a0>,35
CC(C)(NC(=O)c1ccc2c(ccn2Cc2ccc(F)cc2F)c1)c1ccccc1,8.4,IC50,True,404.46000000000004,2,1,5.632900000000005,<rdkit.DataStructs.cDataStructs.ExplicitBitVect object at 0x117a80510>,30
CCc1ccc(O[C@H](C)CCOc2ccc(CCC(=O)O)c(C)c2)c(C(=O)c2ccccc2)c1,7.92,IC50,True,460.57000000000016,4,1,6.042020000000006,<rdkit.DataStructs.cDataStructs.ExplicitBitVect object at 0x117a80580>,34
Cc1c(C)n(Cc2ccc(-c3ccccc3C(=O)O)cc2)c2ccc(C(=O)N[C@@H](Cc3ccccc3)c3cccc(C(C)C)c3)cc12,7.01,IC50,True,620.7930000000001,3,2,9.508839999999998,<rdkit.DataStructs.cDataStructs.ExplicitBitVect object at 0x117a805f0>,47
Cc1c(C)n(Cc2ccc(-c3ccccc3C(=O)O)cc2)c2ccc(C(=O)NC3CCC3)cc12,7.5,IC50,True,452.55400000000026,3,2,5.953940000000006,<rdkit.DataStructs.cDataStructs.ExplicitBitVect object at 0x117a80660>,34
Cc1c(C)n(Cc2ccc(-c3ccccc3C(=O)O)cc2)c2ccc(C(=O)NCc3ccccc3)cc12,9.0,IC50,True,488.5870000000002,3,2,6.601640000000006,<rdkit.DataStructs.cDataStructs.ExplicitBitVect object at 0x117a806d0>,37
Cc1c(C)n(Cc2ccc(-c3ccccc3C(=O)O)cc2)c2ccc(C(=O)NC(c3ccccc3)c3ccccc3)cc12,7.58,IC50,True,564.6850000000002,3,2,8.191040000000006,<rdkit.DataStructs.cDataStructs.ExplicitBitVect object at 0x117a80740>,43
O=C(O)c1ccc(-n2nnnc2SCc2ccccc2Br)cc1,5.29,IC50,False,391.25,6,1,3.415300000000002,<rdkit.DataStructs.cDataStructs.ExplicitBitVect object at 0x117a807b0>,23
CCCc1c(OCCCSc2ccc(CC(=O)O)cc2Cl)ccc2c(CC)coc12,6.25,IC50,True,446.9960000000002,4,1,6.789400000000005,<rdkit.DataStructs.cDataStructs.ExplicitBitVect object at 0x117a80820>,30
O=C(NCc1ccc(F)cc1)c1ccc(Cl)c(C(=O)Nc2ccccc2)c1,5.28,IC50,False,382.82200000000006,2,2,4.661400000000003,<rdkit.DataStructs.cDataStructs.ExplicitBitVect object at 0x117a80890>,27
Cc1cc(OC(F)F)ccc1NC(=O)c1cc(C(=O)NCc2ccc(F)cc2)c(F)cc1Cl,8.21,IC50,True,480.84500000000014,3,2,5.710320000000002,<rdkit.DataStructs.cDataStructs.ExplicitBitVect object at 0x117a80900>,33
C[C@@H](Oc1cc(Cn2c(=O)n(-c3noc4ccc(Cl)cc34)c3ccc(C(F)(F)F)cc32)ccc1Cl)C(=O)O,7.45,IC50,True,566.3190000000002,7,1,6.159200000000004,<rdkit.DataStructs.cDataStructs.ExplicitBitVect object at 0x117a80970>,38
CC[C@@H](Oc1cccc(Cn2c(=O)n(-c3noc4cc(OC)ccc34)c3ccc(C(F)(F)F)cc32)c1)C(=O)O,5.44,IC50,False,541.4820000000002,8,1,5.2511000000000045,<rdkit.DataStructs.cDataStructs.ExplicitBitVect object at 0x117a809e0>,39
Cc1cc(Oc2cccc(CNC(=O)c3cc4ccc(Cl)cc4[nH]3)c2)ccc1CCC(=O)O,6.63,IC50,True,462.9330000000002,3,3,5.869220000000004,<rdkit.DataStructs.cDataStructs.ExplicitBitVect object at 0x117a80a50>,33
CCCCNC(=S)NS(=O)(=O)c1ccc(NC(=O)Cn2c(=O)c(C)nc3ccccc32)cc1,5.4,IC50,False,487.60700000000026,7,3,2.2965199999999992,<rdkit.DataStructs.cDataStructs.ExplicitBitVect object at 0x117a80ac0>,33
Cc1oc(-c2ccccc2)nc1CCOc1ccc(C[C@@](C)(Oc2ccccc2)C(=O)O)cc1,6.41,IC50,True,457.5260000000002,5,1,5.736320000000005,<rdkit.DataStructs.cDataStructs.ExplicitBitVect object at 0x117a80b30>,34
COc1cc(OC)c2c(=O)cc(-c3cccnc3)oc2c1,5.96,IC50,True,283.2830000000001,5,0,2.872200000000001,<rdkit.DataStructs.cDataStructs.ExplicitBitVect object at 0x117a80ba0>,21
CN(CCOc1ccc(CC2SC(=O)NC2=O)cc1)c1ccccn1,6.99,IC50,True,357.435,6,1,2.490900000000001,<rdkit.DataStructs.cDataStructs.ExplicitBitVect object at 0x117a80c10>,25
CCCc1cc(C(=O)c2ccccc2)ccc1OCCCOc1cccc([C@@H]2SC(=O)NC2=O)c1,7.72,IC50,True,489.59300000000025,6,1,5.742100000000005,<rdkit.DataStructs.cDataStructs.ExplicitBitVect object at 0x117a80c80>,35
Cc1oc(C2CCCCC2)nc1CCOc1ccc(C[C@](C)(Oc2ccccc2)C(=O)O)cc1,7.82,IC50,True,463.5740000000002,5,1,6.117020000000006,<rdkit.DataStructs.cDataStructs.ExplicitBitVect object at 0x117a80cf0>,34
CCOC(=O)N1C[C@@H](Cc2cccc(OCCc3nc(-c4ccccc4)oc3C)c2)[C@@H](C(=O)O)C1,5.72,IC50,True,478.5450000000002,6,1,4.603120000000003,<rdkit.DataStructs.cDataStructs.ExplicitBitVect object at 0x117a80d60>,35
O=C(Oc1ccc([N+](=O)[O-])cc1)c1cn(-c2ccccc2)nc1-c1ccccc1,6.01,IC50,True,385.3790000000001,6,0,4.666700000000003,<rdkit.DataStructs.cDataStructs.ExplicitBitVect object at 0x117a80dd0>,29
O=C(Nc1ccccc1C(=O)O)c1cccc(S(=O)(=O)N2CCc3ccccc3C2)c1,5.1,IC50,False,436.4890000000002,4,2,3.3841000000000028,<rdkit.DataStructs.cDataStructs.ExplicitBitVect object at 0x117a80e40>,31
CCCc1cc(Oc2ccc(OC)cc2)ccc1OCCCOc1ccc(C2SC(=O)NC2=O)cc1,6.34,IC50,True,507.6080000000003,7,1,6.312000000000006,<rdkit.DataStructs.cDataStructs.ExplicitBitVect object at 0x117a80eb0>,36
Cc1cc(Oc2cccc(CNC(=O)c3cc4cc(Br)ccc4[nH]3)c2)ccc1CCC(=O)O,8.1,IC50,True,507.3840000000001,3,3,5.978320000000004,<rdkit.DataStructs.cDataStructs.ExplicitBitVect object at 0x117a80f20>,33
Cc1cc(Oc2cccc(CNC(=O)c3ccc(Cl)cc3C)c2)ccc1OC(C)(C)C(=O)O,8.05,IC50,True,467.9490000000002,4,2,5.921140000000005,<rdkit.DataStructs.cDataStructs.ExplicitBitVect object at 0x117a80f90>,33
CCOC(Cc1ccc2c(ccn2Cc2nc(-c3ccc(F)cc3)oc2C)c1)C(=O)O,6.42,IC50,True,422.45600000000013,5,1,4.824320000000005,<rdkit.DataStructs.cDataStructs.ExplicitBitVect object at 0x117a81000>,31
CCOC(Cc1ccc2c(c1)cc(C)n2Cc1nc(-c2ccc(C(F)(F)F)cc2)oc1C)C(=O)O,5.1,IC50,False,486.4900000000002,5,1,6.012440000000004,<rdkit.DataStructs.cDataStructs.ExplicitBitVect object at 0x117a81070>,35
CCc1ccc(O[C@H](C)CCOc2ccc(CCC(=O)O)c(C)c2)c(-c2nccs2)c1,5.82,IC50,True,439.5770000000001,5,1,5.934520000000006,<rdkit.DataStructs.cDataStructs.ExplicitBitVect object at 0x117a810e0>,31
Cc1oc(-c2ccccc2)nc1CCOc1ccc(OC(C)(C)C(=O)O)cc1,5.52,IC50,True,381.4280000000001,5,1,4.513520000000002,<rdkit.DataStructs.cDataStructs.ExplicitBitVect object at 0x117a81150>,28
Cc1oc(-c2ccccc2)nc1CCOc1ccc(OC(C)C(=O)O)cc1,5.51,IC50,True,367.40100000000007,5,1,4.123420000000001,<rdkit.DataStructs.cDataStructs.ExplicitBitVect object at 0x117a811c0>,27
Cc1oc(-c2cccc(Cl)c2)nc1CCOc1cccc(C[C@@H]2C(=O)N(c3ccc(C(C)(C)C)cc3)[C@@H]2C(=O)O)c1,6.6,IC50,True,573.0890000000003,5,1,6.881120000000008,<rdkit.DataStructs.cDataStructs.ExplicitBitVect object at 0x117a81230>,41
Cc1cc(Oc2cccc(CNC(=O)c3cc4cc(Cl)c(Cl)cc4[nH]3)c2)ccc1CCC(=O)O,7.02,IC50,True,497.37800000000016,3,3,6.522620000000003,<rdkit.DataStructs.cDataStructs.ExplicitBitVect object at 0x117a812a0>,34
Cc1ccc(Oc2ccc(OC(C)(C)C(=O)O)c(C)c2)cc1CNC(=O)c1ccc(C(F)(F)F)cc1F,7.77,IC50,True,519.4910000000002,4,2,6.425640000000004,<rdkit.DataStructs.cDataStructs.ExplicitBitVect object at 0x117a81310>,37
CCc1cc(Oc2cc(F)cc([C@@H](C)NC(=O)c3c(C)c4cc(Cl)ccc4n3C)c2)ccc1CCC(=O)O,7.41,IC50,True,537.0310000000003,4,2,7.1421200000000065,<rdkit.DataStructs.cDataStructs.ExplicitBitVect object at 0x117a81380>,38
Cc1oc(-c2ccccc2)nc1CCOc1ccc(C[C@@](C)(Oc2ccccc2)C(=O)O)cc1,6.41,IC50,True,457.5260000000002,5,1,5.736320000000005,<rdkit.DataStructs.cDataStructs.ExplicitBitVect object at 0x117a813f0>,34
CCCc1cc(C(=O)c2ccc(F)cc2)ccc1OCCCOc1ccc2c(ccn2CC(=O)O)c1,6.89,IC50,True,489.54300000000035,5,1,5.896400000000006,<rdkit.DataStructs.cDataStructs.ExplicitBitVect object at 0x117a81460>,36
CCCc1c(OCCCNc2ccc(CC(=O)O)cc2)ccc2c(C(F)(F)F)noc12,6.99,IC50,True,436.43000000000006,5,2,5.307200000000004,<rdkit.DataStructs.cDataStructs.ExplicitBitVect object at 0x117a814d0>,31
CCCc1c(OCCCSc2ccc(CC(=O)O)cc2Cl)ccc2c(CC)coc12,6.25,IC50,True,446.9960000000002,4,1,6.789400000000005,<rdkit.DataStructs.cDataStructs.ExplicitBitVect object at 0x117a81540>,30
CCCc1cc(C2CCCC2)ccc1OCCCOc1cccc([C@H]2OC(=O)NC2=O)c1,5.97,IC50,True,437.5360000000001,5,1,5.452100000000005,<rdkit.DataStructs.cDataStructs.ExplicitBitVect object at 0x117a815b0>,32
CN(CCOc1ccc(CC2SC(=O)NC2=O)cc1)c1nc2ccccc2s1,4.7,IC50,False,413.52400000000006,7,1,3.7056000000000022,<rdkit.DataStructs.cDataStructs.ExplicitBitVect object at 0x117a81620>,28
CCCc1c(OCCCN(C)c2ccc(CC(=O)O)cc2)ccc2c(C(F)(F)F)noc12,5.54,IC50,True,450.45700000000005,5,1,5.331500000000005,<rdkit.DataStructs.cDataStructs.ExplicitBitVect object at 0x117a81690>,32
CCc1ccc(O[C@H](C)CCOc2ccc(CCC(=O)O)c(C)c2)c(-c2cocn2)c1,6.01,IC50,True,423.5090000000001,5,1,5.466020000000006,<rdkit.DataStructs.cDataStructs.ExplicitBitVect object at 0x117a81700>,31
Cc1ccc(Cn2nc(CCCc3ccc(OC(C)(C)C(=O)O)cc3)n(C)c2=O)cc1C,5.77,IC50,True,437.5400000000002,6,1,3.664240000000002,<rdkit.DataStructs.cDataStructs.ExplicitBitVect object at 0x117a81770>,32
CCCc1c(OCCCN(C)c2ccc(CC(=O)O)cc2C)ccc2c(C(F)(F)F)noc12,6.34,IC50,True,464.4840000000001,5,1,5.639920000000005,<rdkit.DataStructs.cDataStructs.ExplicitBitVect object at 0x117a817e0>,33
O=C(O)c1ccc(NCc2c(-c3c(Cl)cccc3C(F)(F)F)noc2-c2cc[nH]c2)cc1,4.0,IC50,False,461.8270000000001,4,3,6.319200000000003,<rdkit.DataStructs.cDataStructs.ExplicitBitVect object at 0x117a81850>,32
Cc1c(C(=O)c2ccc(Cl)cc2)c2ccc(OC(F)(F)F)cc2n1Cc1cccc(O[C@H](C)C(=O)O)c1,7.96,IC50,True,531.9140000000002,5,1,6.632920000000006,<rdkit.DataStructs.cDataStructs.ExplicitBitVect object at 0x117a818c0>,37
CO[C@@H](Cc1ccc(OCCc2nc(-c3cc(C)cc(C)c3)oc2C)c2ccsc12)C(=O)O,8.1,IC50,True,465.5710000000002,6,1,5.745160000000006,<rdkit.DataStructs.cDataStructs.ExplicitBitVect object at 0x117a81930>,33
Cc1c(C(=O)c2ccc(Cl)cc2)c2ccc(OC(F)(F)F)cc2n1Cc1cccc(O[C@H](C(=O)O)C(C)C)c1,7.77,IC50,True,559.9680000000002,5,1,7.269020000000006,<rdkit.DataStructs.cDataStructs.ExplicitBitVect object at 0x117a819a0>,39
CCc1ccc(-c2nc3cc(NC(=O)c4cc([N+](=O)[O-])ccc4Cl)ccc3o2)cc1,9.77,IC50,True,421.8400000000001,5,1,5.871100000000004,<rdkit.DataStructs.cDataStructs.ExplicitBitVect object at 0x117a81a10>,30
CCc1ccc(-c2nc3cc(NC(=O)c4cc([N+](=O)[O-])ccc4I)ccc3o2)cc1,9.54,IC50,True,513.2910000000002,5,1,5.822300000000004,<rdkit.DataStructs.cDataStructs.ExplicitBitVect object at 0x117a81a80>,30
Cc1cc(N2CCOCC2)cnc1NC(=O)c1cc(C(=O)NCc2ccc(F)c(F)c2)c(F)cc1Cl,7.85,IC50,True,518.9230000000002,5,2,4.479620000000003,<rdkit.DataStructs.cDataStructs.ExplicitBitVect object at 0x117a81af0>,36
O=C(NCc1ccccc1)c1cc(Cl)c(Cl)c(C(=O)Nc2ccccc2)c1,8.7,IC50,True,399.2770000000001,2,2,5.1757000000000035,<rdkit.DataStructs.cDataStructs.ExplicitBitVect object at 0x117a81b60>,27
O=C(NCc1ccccc1)c1cc(C(=O)Nc2ccccc2)c(Cl)cc1F,7.03,IC50,True,382.822,2,2,4.661400000000003,<rdkit.DataStructs.cDataStructs.ExplicitBitVect object at 0x117a81bd0>,27
Cc1cccnc1NC(=O)c1cc(C(=O)NCc2ccc(F)c(F)c2)c(F)cc1Cl,7.04,IC50,True,433.8170000000001,3,2,4.643020000000003,<rdkit.DataStructs.cDataStructs.ExplicitBitVect object at 0x117a81c40>,30
Cc1cc(C2COC2)cnc1NC(=O)c1cc(C(=O)NCc2ccc(F)c(F)c2)c(F)cc1Cl,8.3,IC50,True,489.8810000000001,4,2,4.756820000000004,<rdkit.DataStructs.cDataStructs.ExplicitBitVect object at 0x117a81cb0>,34
CC(C)(O)c1ccc(NC(=O)c2cc(C(=O)NCc3ccc(F)c(F)c3)c(F)cc2Cl)cc1,7.55,IC50,True,476.88200000000006,3,3,5.167000000000003,<rdkit.DataStructs.cDataStructs.ExplicitBitVect object at 0x117a81d20>,33
O=C(O)c1ccc(-c2nc(C(=O)c3c(Cl)cccc3C(F)(F)F)n3cccnc23)cc1,5.38,IC50,False,445.78400000000005,5,1,4.997700000000003,<rdkit.DataStructs.cDataStructs.ExplicitBitVect object at 0x117a81d90>,31
COc1cccc(CC(=O)N2Cc3ccc(S(=O)(=O)Nc4cnn(C5CCC5)n4)cc3C2)c1,5.4,IC50,False,467.5510000000003,7,1,2.897400000000001,<rdkit.DataStructs.cDataStructs.ExplicitBitVect object at 0x117a81e00>,33
CCCc1ccccc1OCCCOc1cccc(C2OC(=O)NC2=O)c1,6.47,IC50,True,369.41700000000003,5,1,3.794500000000002,<rdkit.DataStructs.cDataStructs.ExplicitBitVect object at 0x117a81e70>,27
C[C@]1(C(=O)O)CCc2ccc(OCCCOc3ccc(C4CCCCC4)cc3Cl)cc2O1,5.24,IC50,False,458.98200000000026,4,1,6.403900000000006,<rdkit.DataStructs.cDataStructs.ExplicitBitVect object at 0x117a81ee0>,32
Cc1oc(-c2ccccc2)nc1CCOc1ccc(Cc2c(C(=O)O)nnn2-c2ccccc2)cc1,5.0,IC50,False,480.52400000000017,7,1,5.141220000000004,<rdkit.DataStructs.cDataStructs.ExplicitBitVect object at 0x117a81f50>,36
Cc1oc(-c2ccccc2)nc1CCOc1cccc(-c2nn(-c3ccccc3)nc2C(=O)O)c1,6.17,IC50,True,466.4970000000001,7,1,5.217420000000004,<rdkit.DataStructs.cDataStructs.ExplicitBitVect object at 0x117a81fc0>,35
COc1ccc2c(c1)c(Cc1ccccc1OC(C)(C)C(=O)O)c(C)n2C(=O)c1ccc(Cl)cc1,7.1,IC50,True,491.97100000000023,5,1,6.133020000000005,<rdkit.DataStructs.cDataStructs.ExplicitBitVect object at 0x117a82030>,35
COc1ccc(C(=O)n2c(C)c(Cc3ccccc3O[C@H](C)C(=O)O)c3cc(OC(F)(F)F)ccc32)cc1,7.64,IC50,True,527.4950000000002,6,1,5.988120000000005,<rdkit.DataStructs.cDataStructs.ExplicitBitVect object at 0x117a820a0>,38
COc1ccc(C(=O)n2c(C)c(Cc3ccccc3O[C@@H](C)C(=O)O)c3cc(OC(F)(F)F)ccc32)cc1,8.7,IC50,True,527.4950000000002,6,1,5.988120000000005,<rdkit.DataStructs.cDataStructs.ExplicitBitVect object at 0x117a82110>,38
CCCCNC(=O)NS(=O)(=O)c1ccc(NC(=O)Cn2c(C)nc3ccccc3c2=O)cc1,6.01,IC50,True,471.53900000000027,7,3,2.13162,<rdkit.DataStructs.cDataStructs.ExplicitBitVect object at 0x117a82180>,33
Cc1nc2ccccc2c(=O)n1CC(=O)Nc1ccc(S(=O)(=O)NC(=O)NC2CCCCC2)cc1,6.33,IC50,True,497.5770000000003,7,3,2.6642200000000003,<rdkit.DataStructs.cDataStructs.ExplicitBitVect object at 0x117a821f0>,35
CCCc1c(OCCCOc2ccc(CC(=O)O)cc2)ccc2c(C(F)(F)F)noc12,6.57,IC50,True,437.4140000000001,5,1,5.274100000000004,<rdkit.DataStructs.cDataStructs.ExplicitBitVect object at 0x117a82260>,31
CCc1nc2ccccc2c(=O)n1CC(=O)Nc1ccc(S(=O)(=O)NC(=O)NC2CCCCC2)cc1,6.23,IC50,True,511.60400000000027,7,3,2.9182000000000006,<rdkit.DataStructs.cDataStructs.ExplicitBitVect object at 0x117a822d0>,36
O=S(=O)(NCCc1ccc(S(=O)(=O)NC(=S)Nc2ccc(Cl)cc2)cc1)c1ccccc1,4.48,IC50,False,510.0620000000002,5,3,3.5363000000000024,<rdkit.DataStructs.cDataStructs.ExplicitBitVect object at 0x117a82340>,32
CC(=O)Nc1ccc(S(=O)(=O)NCCc2ccc(S(=O)(=O)NC(=O)NC3CCC(C)CC3)cc2)cc1C,5.62,IC50,True,550.7030000000002,6,4,3.0410200000000014,<rdkit.DataStructs.cDataStructs.ExplicitBitVect object at 0x117a823b0>,37
COc1ccc(C(=O)c2c(C)n(Cc3ccc(F)c(O[C@@H](C)C(=O)O)c3)c3ncccc23)cc1,8.0,IC50,True,462.47700000000015,6,1,4.623620000000003,<rdkit.DataStructs.cDataStructs.ExplicitBitVect object at 0x117a82420>,34
Cc1oc(-c2ccccc2)nc1CC#Cc1ccc(CC(C(=O)O)c2cccnc2)cc1,4.58,IC50,False,422.4840000000001,4,1,5.050120000000003,<rdkit.DataStructs.cDataStructs.ExplicitBitVect object at 0x117a82490>,32
Cc1oc(-c2ccccc2)nc1CCOc1cccc(C2=C(CC(=O)O)CCN(C(=O)Oc3ccccc3)C2)c1,7.8,IC50,True,538.6000000000003,6,1,6.404520000000005,<rdkit.DataStructs.cDataStructs.ExplicitBitVect object at 0x117a82500>,40
Cc1oc(-c2ccccc2)nc1CCOc1cccc(C2=C(CC(=O)O)CCN(C(=O)OCC(C)C)C2)c1,6.89,IC50,True,518.6100000000005,6,1,5.9981200000000054,<rdkit.DataStructs.cDataStructs.ExplicitBitVect object at 0x117a82570>,38
COc1ccc(-n2c(C)c(Cc3cccc(O[C@@H](C)C(=O)O)c3)c3cc(OC(F)(F)F)ccc32)cc1,9.0,IC50,True,499.4850000000001,5,1,6.288820000000005,<rdkit.DataStructs.cDataStructs.ExplicitBitVect object at 0x117a825e0>,36
O=C1NC(=O)C(=Cc2ccc(OCc3ccccc3)cc2)C(=O)N1,7.0,IC50,True,322.32,4,2,2.0149999999999997,<rdkit.DataStructs.cDataStructs.ExplicitBitVect object at 0x117a82650>,24
Cc1nc2ccccc2n(CC(=O)Nc2ccc(S(=O)(=O)NC(=O)NC3CCCCC3)cc2)c1=O,6.32,IC50,True,497.5770000000003,7,3,2.6642200000000003,<rdkit.DataStructs.cDataStructs.ExplicitBitVect object at 0x117a826c0>,35
O=S(=O)(/C=C/c1ccccc1)Oc1ccc2ccccc2c1,5.96,IC50,True,310.374,3,0,4.219300000000003,<rdkit.DataStructs.cDataStructs.ExplicitBitVect object at 0x117a82730>,22
N#Cc1cc(NS(=O)(=O)c2ccc(Cl)cc2Cl)ccc1Oc1cncc(Cl)c1,6.96,IC50,True,454.7220000000001,5,1,5.506580000000002,<rdkit.DataStructs.cDataStructs.ExplicitBitVect object at 0x117a827a0>,28
Cc1ccc(NC(=O)c2cccc(S(=O)(=O)n3ccc4c(C)cccc43)c2)c(C(=O)O)c1,5.7,IC50,True,448.5000000000002,5,2,4.445640000000003,<rdkit.DataStructs.cDataStructs.ExplicitBitVect object at 0x117a82810>,32
Cc1ccc(NC(=O)c2cccc(S(=O)(=O)n3ccc4cccc(C)c43)c2)c(C(=O)O)c1,6.0,IC50,True,448.5000000000002,5,2,4.445640000000003,<rdkit.DataStructs.cDataStructs.ExplicitBitVect object at 0x117a82880>,32
O=C(O)CCN1C(=O)/C(=C\c2ccc(Cl)cc2Cl)SC1=S,6.06,IC50,True,362.25900000000007,4,1,3.6693000000000016,<rdkit.DataStructs.cDataStructs.ExplicitBitVect object at 0x117a828f0>,21
O=C(O)c1nn(Cc2ccc(Cl)c(Cl)c2)c(=O)c2cc(Oc3ccccc3)ccc12,7.62,IC50,True,441.2700000000002,5,1,5.242100000000003,<rdkit.DataStructs.cDataStructs.ExplicitBitVect object at 0x117a82960>,30
CC[C@H](NC(=O)c1ccc2c(ccn2Cc2ccccc2-c2cccc(C(=O)O)c2)c1)c1ccccc1,7.1,IC50,True,488.58700000000016,3,2,6.935900000000006,<rdkit.DataStructs.cDataStructs.ExplicitBitVect object at 0x117a829d0>,37
Cc1c(C)n(Cc2ccc(-c3ccccc3C(=O)O)cc2)c2ccc(C(=O)N[C@@H](C)c3cc(C(F)(F)F)ccc3F)cc12,7.96,IC50,True,588.6010000000002,3,2,8.320540000000005,<rdkit.DataStructs.cDataStructs.ExplicitBitVect object at 0x117a82a40>,43
COc1cc(C(F)(F)F)ccc1[C@@H](C)NC(=O)c1ccc2c(c1)c(C)c(C)n2Cc1ccc(-c2ccccc2C(=O)O)cc1,8.7,IC50,True,600.6370000000004,4,2,8.190040000000007,<rdkit.DataStructs.cDataStructs.ExplicitBitVect object at 0x117a82ab0>,44
Cc1c(C)n(Cc2ccc(-c3ccccc3C(=O)O)cc2)c2ccc(C(=O)N[C@@H](C)c3ccc(C4CC4)nc3)cc12,7.23,IC50,True,543.6670000000003,4,2,7.435040000000007,<rdkit.DataStructs.cDataStructs.ExplicitBitVect object at 0x117a82b20>,41
Cc1c(C)n(Cc2ccc(-c3ccccc3C(=O)O)cc2)c2ccc(C(=O)N[C@@H](C)c3cc(Cl)ccn3)cc12,8.4,IC50,True,538.0470000000001,4,2,7.211040000000006,<rdkit.DataStructs.cDataStructs.ExplicitBitVect object at 0x117a82b90>,39
Cc1c(C)n(Cc2ccc(-c3ccccc3C(=O)O)cc2)c2ccc(C(=O)N[C@@H](C)c3ccnc(C4CC4)c3)cc12,6.45,IC50,True,543.6670000000003,4,2,7.435040000000007,<rdkit.DataStructs.cDataStructs.ExplicitBitVect object at 0x117a82c00>,41
Cc1c(C)n(Cc2ccc(-c3ccccc3C(=O)O)cc2)c2ccc(C(=O)N[C@H](C)c3ccnc(Br)c3)cc12,8.1,IC50,True,582.4980000000002,4,2,7.3201400000000065,<rdkit.DataStructs.cDataStructs.ExplicitBitVect object at 0x117a82c70>,39
Cc1oc(-c2ccccc2)nc1CC#Cc1ccc(CC(C(=O)O)c2cccc(-c3ccccc3)c2)cc1,5.55,IC50,True,497.59400000000016,3,1,7.322120000000006,<rdkit.DataStructs.cDataStructs.ExplicitBitVect object at 0x117a82ce0>,38
Cc1c(C)n(Cc2ccc(-c3ccccc3C(=O)O)cc2)c2ccc(C(=O)NC(c3ccccc3)c3ccccc3)cc12,7.58,IC50,True,564.6850000000002,3,2,8.191040000000006,<rdkit.DataStructs.cDataStructs.ExplicitBitVect object at 0x117a82d50>,43
Cc1c(C)n(Cc2ccc(-c3ccccc3C(=O)O)cc2)c2ccc(C(=O)NCc3ccc(C(F)(F)F)cc3)cc12,6.68,IC50,True,556.5840000000002,3,2,7.620440000000006,<rdkit.DataStructs.cDataStructs.ExplicitBitVect object at 0x117a82dc0>,41
Cc1c(C)n(Cc2ccc(-c3ccccc3C(=O)O)cc2)c2ccc(C(=O)N[C@@H](C)c3ccc(F)cc3)cc12,7.68,IC50,True,520.6040000000002,3,2,7.301740000000007,<rdkit.DataStructs.cDataStructs.ExplicitBitVect object at 0x117a82e30>,39
Cc1c(C)n(Cc2ccc(-c3ccccc3C(=O)O)cc2)c2ccc(C(=O)N[C@H](C)c3ccc(F)cc3)cc12,9.1,IC50,True,520.6040000000002,3,2,7.301740000000007,<rdkit.DataStructs.cDataStructs.ExplicitBitVect object at 0x117a82ea0>,39
CCC(NC(=O)c1ccc2c(c1)c(C)c(C)n2Cc1ccccc1-c1cccc(C(=O)O)c1)c1ccccc1,7.0,IC50,True,516.6410000000002,3,2,7.552740000000007,<rdkit.DataStructs.cDataStructs.ExplicitBitVect object at 0x117a82f10>,39
Cc1c(C)n(Cc2ccc(OC(C)(C)C(=O)O)cc2)c2ccc(C(=O)N[C@@H](C)c3cccc(C(C)C)c3)cc12,7.0,IC50,True,526.6770000000002,4,2,7.162840000000007,<rdkit.DataStructs.cDataStructs.ExplicitBitVect object at 0x117a82f80>,39
Cc1oc(-c2ccccc2)nc1CCOc1cccc(CC2=CN(c3nccc(C(F)(F)F)n3)CCC2C(=O)O)c1,5.97,IC50,True,564.5640000000003,7,1,6.1178200000000045,<rdkit.DataStructs.cDataStructs.ExplicitBitVect object at 0x117a82ff0>,41
Cc1oc(-c2ccccc2)nc1CCOc1cccc(C2CN(C(=O)OCC(C)C)CCC2C(=O)O)c1,5.12,IC50,False,506.59900000000033,6,1,5.554220000000004,<rdkit.DataStructs.cDataStructs.ExplicitBitVect object at 0x117a83060>,37
Cc1oc(-c2ccccc2)nc1CCOc1ccc(CCC2CN(C(=O)OCC(C)C)CCC2C(=O)O)cc1,6.15,IC50,True,534.6530000000005,6,1,6.0194200000000055,<rdkit.DataStructs.cDataStructs.ExplicitBitVect object at 0x117a830d0>,39
O=C(c1c(Cl)cccc1C(F)(F)F)c1nc(C2=CCC(C(=O)O)CC2)c2ccccn12,5.75,IC50,True,448.8280000000002,4,1,5.505600000000004,<rdkit.DataStructs.cDataStructs.ExplicitBitVect object at 0x117a83140>,31
O=C(O)c1ccc(-c2nc(C(=O)c3c(Cl)cccc3Cl)n3c2CCCC3)c(F)c1,5.96,IC50,True,433.2660000000002,4,1,5.2615000000000025,<rdkit.DataStructs.cDataStructs.ExplicitBitVect object at 0x117a831b0>,29
Cc1oc(-c2ccccc2)nc1C/C=C/c1ccc(C[C@@H](C(=O)O)n2cccc2)cc1,6.59,IC50,True,412.4890000000001,4,1,5.575820000000004,<rdkit.DataStructs.cDataStructs.ExplicitBitVect object at 0x117a83220>,31
COc1ccc(-c2cc(=O)c3c(O)c(OC)c(OC)c(OC)c3o2)cc1,5.6,IC50,True,358.3460000000001,7,1,3.200000000000002,<rdkit.DataStructs.cDataStructs.ExplicitBitVect object at 0x117a83290>,26
CCC(C(=O)Nc1ccc2c(c1)c(C)c(C)n2Cc1ccc(-c2ccccc2C(=O)O)cc1)c1ccccc1,6.24,IC50,True,516.6410000000002,3,2,7.803940000000008,<rdkit.DataStructs.cDataStructs.ExplicitBitVect object at 0x117a83300>,39
CCC(NC(=O)c1ccc2c(c1)cc(C)n2Cc1ccc(-c2ccccc2C(=O)O)cc1)c1ccccc1,7.75,IC50,True,502.61400000000015,3,2,7.244320000000007,<rdkit.DataStructs.cDataStructs.ExplicitBitVect object at 0x117a83370>,38
CCC(NC(=O)c1ccc2c(c1)c(SC)c(C)n2Cc1ccc(-c2ccccc2C(=O)O)cc1)c1ccccc1,7.92,IC50,True,548.7080000000003,4,2,7.966220000000008,<rdkit.DataStructs.cDataStructs.ExplicitBitVect object at 0x117a833e0>,40
CCCc1cc(Oc2ccc(O)cc2)ccc1OCCCOc1cccc([C@@H]2SC(=O)NC2=O)c1,7.52,IC50,True,493.58100000000024,7,2,6.009000000000005,<rdkit.DataStructs.cDataStructs.ExplicitBitVect object at 0x117a83450>,35
C[C@]1(C(=O)O)CCc2ccc(OCCCOc3ccc(C4CCCC4)cc3Cl)cc2O1,5.42,IC50,False,444.9550000000002,4,1,6.013800000000006,<rdkit.DataStructs.cDataStructs.ExplicitBitVect object at 0x117a834c0>,31
COc1ccccc1CNC(=O)c1ccc(Cl)c(C(=O)Nc2ccccc2)c1,5.66,IC50,True,394.85800000000006,3,2,4.530900000000003,<rdkit.DataStructs.cDataStructs.ExplicitBitVect object at 0x117a83530>,28
CCCc1cc(Oc2ccccc2)ccc1OCCCOc1cccc(C2SC(=O)NC2=O)c1,7.24,IC50,True,477.58200000000016,6,1,6.303400000000005,<rdkit.DataStructs.cDataStructs.ExplicitBitVect object at 0x117a835a0>,34
Cc1cccc(Nc2cc(Cl)nc(SC(C(=O)O)c3cccc4ccccc34)n2)c1C,5.21,IC50,False,449.9630000000002,5,2,6.561640000000004,<rdkit.DataStructs.cDataStructs.ExplicitBitVect object at 0x117a83610>,31
CN(CCOc1ccc(CC2SC(=O)NC2=O)cc1)c1ccccn1,6.6,IC50,True,357.435,6,1,2.490900000000001,<rdkit.DataStructs.cDataStructs.ExplicitBitVect object at 0x117a83680>,25
CCCc1cc(Oc2ccc(NS(C)(=O)=O)cc2)ccc1OCCCOc1ccc(C2SC(=O)NC2=O)cc1,5.7,IC50,True,570.6890000000003,8,2,5.6749000000000045,<rdkit.DataStructs.cDataStructs.ExplicitBitVect object at 0x117a836f0>,39
Cc1oc(-c2ccccc2)nc1CCOc1cccc(C[C@H]2CN(C(=O)Oc3ccccc3)C[C@@H]2C(=O)O)c1,5.44,IC50,False,526.5890000000003,6,1,5.645620000000005,<rdkit.DataStructs.cDataStructs.ExplicitBitVect object at 0x117a83760>,39
Cc1oc(-c2ccccc2)nc1CCOc1cccc(CC[C@@H]2CN(C(=O)Oc3ccccc3)C[C@@H]2C(=O)O)c1,6.68,IC50,True,540.6160000000003,6,1,6.035720000000006,<rdkit.DataStructs.cDataStructs.ExplicitBitVect object at 0x117a837d0>,40
CCOC(Cc1ccc2c(ccn2Cc2nc(-c3ccccc3)oc2C)c1)C(=O)O,6.75,IC50,True,404.4660000000001,5,1,4.685220000000004,<rdkit.DataStructs.cDataStructs.ExplicitBitVect object at 0x117a83840>,30
COc1ccc2c(c1)c(Cc1cccc(OC(C)(C)C(=O)O)c1)c(C)n2C(=O)c1ccc(Cl)cc1,7.35,IC50,True,491.97100000000023,5,1,6.133020000000005,<rdkit.DataStructs.cDataStructs.ExplicitBitVect object at 0x117a838b0>,35
Cc1oc(-c2ccccc2)nc1CCOc1ccc(OCC(=O)O)cc1,4.97,IC50,False,353.3740000000001,5,1,3.7349200000000016,<rdkit.DataStructs.cDataStructs.ExplicitBitVect object at 0x117a83920>,26
CCCn1c(CCCc2ccc(OC(C)(C)C(=O)O)cc2)nn(C(C)c2ccccc2)c1=O,5.21,IC50,False,451.5670000000001,6,1,4.481400000000003,<rdkit.DataStructs.cDataStructs.ExplicitBitVect object at 0x117a83990>,33
Cc1oc(-c2ccccc2)nc1CCOc1ccc(CN(CC(=O)O)Cc2ccc3ccccc3c2)cc1,5.92,IC50,True,506.60200000000026,5,1,6.511520000000005,<rdkit.DataStructs.cDataStructs.ExplicitBitVect object at 0x117a83a00>,38
Cc1oc(-c2ccccc2)nc1CCOc1ccc(CN(CC(=O)O)Cc2ccc3c(c2)OCO3)cc1,5.48,IC50,False,500.55100000000033,7,1,5.087020000000004,<rdkit.DataStructs.cDataStructs.ExplicitBitVect object at 0x117a83a70>,37
CCCc1c(OCCCOc2cccc3c2ccn3C(CC)C(=O)O)ccc2c(C(F)(F)F)noc12,5.89,IC50,True,504.5050000000002,6,1,6.637400000000005,<rdkit.DataStructs.cDataStructs.ExplicitBitVect object at 0x117a83ae0>,36
Cc1oc(-c2ccccc2)nc1CCOc1cccc(CN(CC(=O)O)Cc2ccc3ccccc3c2)c1,6.84,IC50,True,506.60200000000026,5,1,6.511520000000005,<rdkit.DataStructs.cDataStructs.ExplicitBitVect object at 0x117a83b50>,38
CCCc1c(OCCCOc2ccc3ccn(CC(=O)O)c3c2)ccc2c(C(F)(F)F)noc12,5.98,IC50,True,476.4510000000002,6,1,5.686300000000005,<rdkit.DataStructs.cDataStructs.ExplicitBitVect object at 0x117a83bc0>,34
CN(C/C=C/c1ccc(C[C@@H](C(=O)O)n2cccc2)cc1)c1ccccc1,5.7,IC50,True,360.45700000000005,3,1,4.5061000000000035,<rdkit.DataStructs.cDataStructs.ExplicitBitVect object at 0x117a83c30>,27
Cc1c(C)n(Cc2ccc(-c3ccccc3C(=O)O)cc2)c2ccc(C(=O)N[C@@H](C)c3ccc(Cl)cc3Cl)cc12,8.4,IC50,True,571.5040000000002,3,2,8.469440000000002,<rdkit.DataStructs.cDataStructs.ExplicitBitVect object at 0x117a83ca0>,40
Cc1cc(OCc2cc(-c3ccc(Cl)cc3)on2)cc2scc(CC(=O)O)c12,5.06,IC50,False,413.8820000000002,5,1,5.724220000000004,<rdkit.DataStructs.cDataStructs.ExplicitBitVect object at 0x117a83d10>,28
CCCc1cc(Oc2ccccc2)ccc1OCCCOc1ccc2c(c1)OC(CC)(C(=O)O)CC2,6.36,IC50,True,490.59600000000034,5,1,6.837700000000007,<rdkit.DataStructs.cDataStructs.ExplicitBitVect object at 0x117a83d80>,36
N[C@@H](Cc1c[nH]c2ccccc12)C(=O)N[C@@H](CC(=O)O)C(=O)O,5.28,IC50,False,319.31700000000006,4,5,0.08179999999999998,<rdkit.DataStructs.cDataStructs.ExplicitBitVect object at 0x117a83df0>,23
O=C(O)C(Oc1cccc(C(F)(F)F)c1)c1ccc(Cl)cc1,6.66,IC50,True,330.68899999999996,2,1,4.563500000000002,<rdkit.DataStructs.cDataStructs.ExplicitBitVect object at 0x117a83e60>,22
Cc1c(C)n(Cc2cccc(O[C@@H](C)C(=O)O)c2)c2ccc(C(=O)N[C@@H](C)c3ccc(Cl)cc3)cc12,7.09,IC50,True,505.0140000000002,4,2,6.302740000000005,<rdkit.DataStructs.cDataStructs.ExplicitBitVect object at 0x117a83ed0>,36
COc1ccc(CNC(=O)c2ccc3c(c2)c(C)c(C)n3Cc2ccc(-c3ccccc3C(=O)O)cc2)cc1OC,6.9,IC50,True,548.6390000000002,5,2,6.618840000000007,<rdkit.DataStructs.cDataStructs.ExplicitBitVect object at 0x117a83f40>,41
Cc1c(C)n(Cc2ccc(-c3ccccc3C#N)cc2)c2ccc(C(=O)N[C@@H](C)c3ccc(Br)cc3)cc12,7.4,IC50,True,562.5110000000002,3,1,8.098620000000006,<rdkit.DataStructs.cDataStructs.ExplicitBitVect object at 0x117a9c040>,38
CCC(NC(=O)c1ccc2c(c1)c(C)c(C)n2Cc1ccc(-c2ccccc2-c2nnn[nH]2)cc1)c1ccccc1,8.22,IC50,True,540.6710000000002,5,2,7.034640000000007,<rdkit.DataStructs.cDataStructs.ExplicitBitVect object at 0x117a9c0b0>,41
Cc1c(Cc2cccc(O[C@@H](C)C(=O)O)c2)c2cc(OC(F)(F)F)ccc2n1-c1ccccn1,6.33,IC50,True,470.44700000000006,5,1,5.675220000000005,<rdkit.DataStructs.cDataStructs.ExplicitBitVect object at 0x117a9c120>,34
COc1ccc2nc(-n3c(C)c(Cc4cccc(O[C@@H](C)C(=O)O)c4)c4cc(OC(F)(F)F)ccc43)ccc2c1,6.87,IC50,True,550.5330000000001,6,1,6.837020000000005,<rdkit.DataStructs.cDataStructs.ExplicitBitVect object at 0x117a9c190>,40
COc1c(Cl)c(C)cc2cc(O)c3c(c12)C(=O)c1cc2c(c(O)c1C3=O)C(C)OC2=O,5.36,IC50,False,438.81900000000024,7,2,4.228220000000001,<rdkit.DataStructs.cDataStructs.ExplicitBitVect object at 0x117a9c200>,31
COc1ccc(N2C(=O)C(Cc3cccc(OCCc4nc(-c5ccccc5)oc4C)c3)C2C(=O)O)cn1,6.64,IC50,True,513.5500000000002,7,1,4.333820000000003,<rdkit.DataStructs.cDataStructs.ExplicitBitVect object at 0x117a9c270>,38
Cc1oc(-c2ccccc2)nc1CCOc1cccc(CC2C(=O)N(c3ccc(F)cc3)C2C(=O)O)c1,6.75,IC50,True,500.5260000000002,5,1,5.069320000000004,<rdkit.DataStructs.cDataStructs.ExplicitBitVect object at 0x117a9c2e0>,37
CCC1(C(=O)O)Cc2cc(OCCCOc3ccc(SC(F)(F)F)cc3Cl)ccc2O1,5.17,IC50,False,476.90000000000003,5,1,5.968100000000004,<rdkit.DataStructs.cDataStructs.ExplicitBitVect object at 0x117a9c350>,31
CO[C@@H](Cc1ccc(C#CCCCOc2ccc(Oc3ccccc3)cc2)cc1)C(=O)O,8.15,IC50,True,430.50000000000006,4,1,5.331700000000006,<rdkit.DataStructs.cDataStructs.ExplicitBitVect object at 0x117a9c3c0>,32
CC(C)c1cccc(-n2c(C(=O)O)c(Oc3ccc(C(F)(F)F)cc3)c3ccccc32)c1,6.92,IC50,True,439.43300000000005,3,1,7.263200000000005,<rdkit.DataStructs.cDataStructs.ExplicitBitVect object at 0x117a9c430>,32
O=C(O)c1ccc(-c2nc(C(=O)c3c(Cl)cccc3C(F)(F)F)n3ccccc23)cc1,5.82,IC50,True,444.79600000000005,4,1,5.602700000000003,<rdkit.DataStructs.cDataStructs.ExplicitBitVect object at 0x117a9c4a0>,31
O=C(O)c1ccc(-c2nc(C(=O)c3c(Cl)cccc3C(F)(F)F)n3c2CCCC3)cc1,5.68,IC50,True,448.8280000000002,4,1,5.487800000000003,<rdkit.DataStructs.cDataStructs.ExplicitBitVect object at 0x117a9c510>,31
COc1cccc(Cl)c1C(=O)c1nc(-c2ccc(C(=O)O)cc2F)c2n1CCCC2,5.26,IC50,False,428.84700000000026,5,1,4.616700000000003,<rdkit.DataStructs.cDataStructs.ExplicitBitVect object at 0x117a9c580>,30
CCCCC/C=C(\C/C=C\CCCCCCCC(=O)O)[N+](=O)[O-],6.39,IC50,True,325.44899999999996,3,1,5.4889000000000046,<rdkit.DataStructs.cDataStructs.ExplicitBitVect object at 0x117a9c5f0>,23
Cc1cc(-c2nnco2)ccc1NC(=O)c1cc(C(=O)NCc2ccc(F)c(F)c2)c(F)cc1Cl,8.32,IC50,True,500.86400000000015,5,2,5.298020000000003,<rdkit.DataStructs.cDataStructs.ExplicitBitVect object at 0x117a9c660>,35
CC(C)(C)c1ccc(-n2c(C(=O)O)c(Oc3cccc(S(C)(=O)=O)c3)c3ccc(Cl)nc32)cc1,6.7,IC50,True,498.98800000000017,6,1,5.8704000000000045,<rdkit.DataStructs.cDataStructs.ExplicitBitVect object at 0x117a9c6d0>,34
Cc1oc(-c2ccccc2)nc1CCOc1ccc(CC[C@@H]2CN(C(=O)Oc3ccccc3)C[C@@H]2C(=O)O)cc1,7.05,IC50,True,540.6160000000003,6,1,6.035720000000006,<rdkit.DataStructs.cDataStructs.ExplicitBitVect object at 0x117a9c740>,40
CCOC(=O)N1C[C@@H](CCc2ccc(OCCc3nc(-c4ccccc4)oc3C)cc2)[C@@H](C(=O)O)C1,6.16,IC50,True,492.5720000000002,6,1,4.9932200000000035,<rdkit.DataStructs.cDataStructs.ExplicitBitVect object at 0x117a9c7b0>,36
Cc1oc(-c2ccccc2)nc1CCOc1ccc(C[C@@H]2CN(c3nccc(C(F)(F)F)n3)C[C@H]2C(=O)O)cc1,5.94,IC50,True,552.5530000000002,7,1,5.4600200000000045,<rdkit.DataStructs.cDataStructs.ExplicitBitVect object at 0x117a9c820>,40
Cc1oc(-c2ccccc2)nc1CCOc1ccc(C[C@H]2CN(c3nccc(C(F)(F)F)n3)C[C@H]2C(=O)O)cc1,5.82,IC50,True,552.5530000000002,7,1,5.4600200000000045,<rdkit.DataStructs.cDataStructs.ExplicitBitVect object at 0x117a9c890>,40
Cc1oc(-c2ccccc2)nc1CCOc1ccc(C[C@@H]2CN(c3ncccn3)C[C@@H]2C(=O)O)cc1,5.69,IC50,True,484.5560000000002,7,1,4.441220000000002,<rdkit.DataStructs.cDataStructs.ExplicitBitVect object at 0x117a9c900>,36
COc1ccc(N2C(=O)C(Cc3cccc(OCCc4nc(-c5ccccc5)oc4C)c3)C2C(=O)O)cc1,6.8,IC50,True,512.5620000000002,6,1,4.938820000000003,<rdkit.DataStructs.cDataStructs.ExplicitBitVect object at 0x117a9c970>,38
CCC(NC(=O)c1ccc2c(ccn2Cc2ccc(-c3ccccc3C(=O)O)cc2)c1)c1ccccc1,8.22,IC50,True,488.58700000000016,3,2,6.9359000000000055,<rdkit.DataStructs.cDataStructs.ExplicitBitVect object at 0x117a9c9e0>,37
CCC(NC(=O)c1ccc2c(c1)c(C)cn2Cc1ccc(-c2ccccc2C(=O)O)cc1)c1ccccc1,8.7,IC50,True,502.61400000000015,3,2,7.244320000000007,<rdkit.DataStructs.cDataStructs.ExplicitBitVect object at 0x117a9ca50>,38
Cc1c(C)n(Cc2ccc(-c3ccccc3)cc2)c2ccc(C(=O)N[C@@H](C)c3c(Cl)cccc3Cl)cc12,7.29,IC50,True,527.4950000000002,2,1,8.77124,<rdkit.DataStructs.cDataStructs.ExplicitBitVect object at 0x117a9cac0>,37
Cc1c(C)n(Cc2ccc(-c3ccccc3)cc2)c2ccc(C(=O)N[C@@H](C)c3ccccn3)cc12,8.7,IC50,True,459.5930000000002,3,1,6.859440000000006,<rdkit.DataStructs.cDataStructs.ExplicitBitVect object at 0x117a9cb30>,35
Cc1c(C)n(Cc2ccc(-c3ccccc3)cc2)c2ccc(C(=O)N[C@H](c3cccc(C(C)C)c3)C(C)C)cc12,7.1,IC50,True,528.7400000000002,2,1,9.22394,<rdkit.DataStructs.cDataStructs.ExplicitBitVect object at 0x117a9cba0>,40
Cc1c(C)n(Cc2ccc(-c3ccccc3)cc2)c2ccc(C(=O)N[C@@H](C)c3ccc(C(C)C)cc3)cc12,8.1,IC50,True,500.68600000000026,2,1,8.587840000000003,<rdkit.DataStructs.cDataStructs.ExplicitBitVect object at 0x117a9cc10>,38
Cc1c(C)n(Cc2ccc(-c3ccccc3)cc2)c2ccc(C(=O)NCc3ccc(F)cc3F)cc12,7.72,IC50,True,480.5580000000002,2,1,7.181640000000006,<rdkit.DataStructs.cDataStructs.ExplicitBitVect object at 0x117a9cc80>,36
Cc1c(C)n(Cc2ccc(-c3ccccc3)cc2)c2ccc(C(=O)N[C@H](C)c3ccnc4ccccc34)cc12,6.29,IC50,True,509.65300000000025,3,1,8.012640000000006,<rdkit.DataStructs.cDataStructs.ExplicitBitVect object at 0x117a9ccf0>,39
Cc1c(C)n(Cc2ccc(-c3ccccc3)cc2)c2ccc(C(=O)N[C@@H](Cc3ccccc3)c3cccc(C(C)C)c3)cc12,7.01,IC50,True,576.7840000000002,2,1,9.810639999999998,<rdkit.DataStructs.cDataStructs.ExplicitBitVect object at 0x117a9cd60>,44
Cc1c(C)n(Cc2ccc(-c3ccccc3)cc2)c2ccc(C(=O)N[C@@H](C)c3ccc(F)cc3C(F)(F)F)cc12,7.44,IC50,True,544.5920000000002,2,1,8.622340000000001,<rdkit.DataStructs.cDataStructs.ExplicitBitVect object at 0x117a9cdd0>,40
Cc1c(C)n(Cc2ccc(-c3ccccc3)cc2)c2ccc(C(=O)N[C@@H](C)[C@@H]3CCCN3C(=O)OCc3ccccc3)cc12,6.93,IC50,True,585.7480000000004,4,1,7.892940000000008,<rdkit.DataStructs.cDataStructs.ExplicitBitVect object at 0x117a9ce40>,44
CCCc1ccc([C@H](C)NC(=O)c2ccc3c(c2)c(C)c(C)n3Cc2ccc(-c3ccccc3C(=O)O)cc2)cc1,7.4,IC50,True,544.6950000000003,3,2,8.115140000000007,<rdkit.DataStructs.cDataStructs.ExplicitBitVect object at 0x117a9ceb0>,41
Cc1c(C)n(Cc2ccc(-c3ccccc3C(=O)N(C)C)cc2)c2ccc(C(=O)N[C@@H](C)c3cccc(C(C)C)c3)cc12,6.83,IC50,True,571.7650000000002,3,1,8.289640000000006,<rdkit.DataStructs.cDataStructs.ExplicitBitVect object at 0x117a9cf20>,43
COc1cc(C[C@H](OC)C(=O)O)ccc1OCCCOc1ccc(Oc2ccccc2)cc1,7.89,IC50,True,452.50300000000016,6,1,4.9775000000000045,<rdkit.DataStructs.cDataStructs.ExplicitBitVect object at 0x117a9cf90>,33
CCc1ccc(O[C@H](C)CCOc2ccc(CCC(=O)O)c(C)c2)c(-c2cscn2)c1,6.46,IC50,True,439.5770000000001,5,1,5.934520000000006,<rdkit.DataStructs.cDataStructs.ExplicitBitVect object at 0x117a9d000>,31
COc1ccc(CNC(=O)c2ccc3c(ccn3Cc3ccc(F)cc3F)c2)cc1OC,6.52,IC50,True,436.45800000000014,4,1,4.9150000000000045,<rdkit.DataStructs.cDataStructs.ExplicitBitVect object at 0x117a9d070>,32
C[C@H](NC(=O)c1ccc2c(ccn2Cc2ccc(F)cc2F)c1)c1ccc([N+](=O)[O-])cc1,6.54,IC50,True,435.4300000000001,4,1,5.367000000000004,<rdkit.DataStructs.cDataStructs.ExplicitBitVect object at 0x117a9d0e0>,32
CCCOC(=O)N(CC(=O)O)Cc1cccc(OCc2nc(-c3ccc(Cl)cc3)oc2C)c1,4.99,IC50,False,472.9250000000002,6,1,5.3156200000000045,<rdkit.DataStructs.cDataStructs.ExplicitBitVect object at 0x117a9d150>,33
Cc1ccc(OC(=O)N(CC(=O)O)Cc2cccc(OCc3nc(-c4ccc(C(F)(F)F)cc4)oc3C)c2)cc1,5.56,IC50,True,554.5210000000003,6,1,6.6418400000000055,<rdkit.DataStructs.cDataStructs.ExplicitBitVect object at 0x117a9d1c0>,40
O=C(O)COc1ccc(SCc2ccc(OCc3ccccc3)cc2)c2c1CCC2,5.12,IC50,False,420.5300000000002,4,1,5.510000000000004,<rdkit.DataStructs.cDataStructs.ExplicitBitVect object at 0x117a9d230>,30
O=C(O)C1CCc2ccc(OCCCOc3ccc(OCC(F)(F)F)cc3Cl)cc2O1,5.39,IC50,False,460.83200000000016,5,1,4.907200000000004,<rdkit.DataStructs.cDataStructs.ExplicitBitVect object at 0x117a9d2a0>,31
COc1ccc2c(-n3c(C)c(Cc4cc(O[C@H](C)C(=O)O)ccc4Cl)c4cc(OC(F)(F)F)ccc43)noc2c1,8.7,IC50,True,574.939,7,1,7.083420000000004,<rdkit.DataStructs.cDataStructs.ExplicitBitVect object at 0x117a9d310>,40
CCCc1cc(Oc2ccccc2)ccc1OCCCOc1ccc2c(c1)OC(C)(C(=O)O)CC2,6.12,IC50,True,476.5690000000003,5,1,6.447600000000007,<rdkit.DataStructs.cDataStructs.ExplicitBitVect object at 0x117a9d380>,35
CCCc1cc(Oc2ccc(S(C)(=O)=O)cc2)ccc1OCCCOc1ccc2c(c1)OC(CC)(C(=O)O)CC2,6.43,IC50,True,568.6880000000003,7,1,6.241200000000006,<rdkit.DataStructs.cDataStructs.ExplicitBitVect object at 0x117a9d3f0>,40
CCOC(=O)N1C[C@H](Cc2cccc(OCCc3nc(-c4ccccc4)oc3C)c2)[C@H](C(=O)O)C1,5.37,IC50,False,478.5450000000002,6,1,4.603120000000003,<rdkit.DataStructs.cDataStructs.ExplicitBitVect object at 0x117a9d460>,35
C[C@@]1(C(=O)O)CCc2ccc(OCCCOc3ccc(OCC(F)(F)F)cc3Cl)cc2O1,5.57,IC50,True,474.8590000000001,5,1,5.297300000000005,<rdkit.DataStructs.cDataStructs.ExplicitBitVect object at 0x117a9d4d0>,32
CC1=C(C(=O)O)C(c2ccc(OCCCOc3cccc4[nH]c5ccccc5c34)cc2)NC(=O)N1,6.05,IC50,True,471.51300000000003,4,4,4.8815000000000035,<rdkit.DataStructs.cDataStructs.ExplicitBitVect object at 0x117a9d540>,35
Cc1oc(-c2ccccc2)nc1CCOc1cccc(C[C@H]2CN(c3ccccc3)C[C@H]2C(=O)O)c1,6.85,IC50,True,482.5800000000002,5,1,5.651220000000006,<rdkit.DataStructs.cDataStructs.ExplicitBitVect object at 0x117a9d5b0>,36
COc1ccc(C(=O)c2c(C)n(Cc3cccc(O[C@@H](C)C(=O)O)c3)c3cc(OC(F)(F)F)ccc23)cc1,9.0,IC50,True,527.4950000000002,6,1,5.988120000000005,<rdkit.DataStructs.cDataStructs.ExplicitBitVect object at 0x117a9d620>,38
Cc1c(Oc2ccc(Cl)cc2)c2ccc(OC(F)(F)F)cc2n1Cc1ccc(Cl)c(O[C@@H](C)C(=O)O)c1,9.0,IC50,True,554.3480000000003,5,1,7.847620000000006,<rdkit.DataStructs.cDataStructs.ExplicitBitVect object at 0x117a9d690>,37
CCCCN(c1cccc(-c2ccc(Cl)cc2)c1C)S(=O)(=O)c1ccc(OCC(=O)O)c(C)c1C,5.6,IC50,True,516.0590000000003,4,1,6.391060000000007,<rdkit.DataStructs.cDataStructs.ExplicitBitVect object at 0x117a9d700>,35
Cc1c(-c2ccc(Cl)cc2)cccc1N(CC1CCC1)S(=O)(=O)c1ccc(OC(C)C(=O)O)c(C)c1C,5.2,IC50,False,542.0970000000003,4,1,6.779560000000007,<rdkit.DataStructs.cDataStructs.ExplicitBitVect object at 0x117a9d770>,37
CCCCN(c1cc(-c2ccc(Cl)cc2)c(F)cc1C)S(=O)(=O)c1ccc(OC(C)C(=O)O)c(C)c1C,5.1,IC50,False,548.0760000000002,4,1,6.918660000000007,<rdkit.DataStructs.cDataStructs.ExplicitBitVect object at 0x117a9d7e0>,37
CCCc1cc(C2CCCCC2)ccc1OCCCOc1cccc([C@H]2OC(=O)NC2=O)c1,6.31,IC50,True,451.56300000000016,5,1,5.842200000000005,<rdkit.DataStructs.cDataStructs.ExplicitBitVect object at 0x117a9d850>,33
Cc1ccc(OCCCOc2ccc(CCC(=O)O)cc2)c(Cl)c1,5.19,IC50,False,348.826,3,1,4.513520000000004,<rdkit.DataStructs.cDataStructs.ExplicitBitVect object at 0x117a9d8c0>,24
O=S(=O)(/C=C/c1ccccc1)Oc1cccc(Oc2ccccc2)c1,6.42,IC50,True,352.41100000000006,4,0,4.858400000000004,<rdkit.DataStructs.cDataStructs.ExplicitBitVect object at 0x117a9d930>,25
Cc1ccc(NC(=O)c2cccc(S(=O)(=O)n3ccc4ccc(Cl)cc43)c2)c(C(=O)O)c1,5.7,IC50,True,468.91800000000023,5,2,4.790620000000003,<rdkit.DataStructs.cDataStructs.ExplicitBitVect object at 0x117a9d9a0>,32
CCN(CCOc1ccc(CC2SC(=O)NC2=O)cc1)c1ccccn1,4.68,IC50,False,371.46200000000005,6,1,2.881000000000001,<rdkit.DataStructs.cDataStructs.ExplicitBitVect object at 0x117a9da10>,26
O=C(O)c1ccc(-c2nc(C(=O)c3c(Cl)cccc3C3CC3)n3cccnc23)cc1O,5.47,IC50,False,433.85100000000017,6,2,4.561900000000003,<rdkit.DataStructs.cDataStructs.ExplicitBitVect object at 0x117a9da80>,31
CCc1ccc(O[C@H](C)CCOc2ccc(CCC(=O)O)c(C)c2)c(-c2ccsc2)c1,6.25,IC50,True,438.5890000000001,4,1,6.539520000000007,<rdkit.DataStructs.cDataStructs.ExplicitBitVect object at 0x117a9daf0>,31
CCc1ccc(O[C@H](C)CCOc2ccc(CCC(=O)O)c(C)c2)c(-c2ccccn2)c1,7.34,IC50,True,433.5480000000001,4,1,5.873020000000006,<rdkit.DataStructs.cDataStructs.ExplicitBitVect object at 0x117a9db60>,32
O=C(NS(=O)(=O)c1cccc(C(F)(F)F)c1)c1cc2cc(OCc3ccccc3)ccc2n1Cc1cccc(C(F)(F)F)c1,6.11,IC50,True,632.5820000000004,5,1,7.424900000000006,<rdkit.DataStructs.cDataStructs.ExplicitBitVect object at 0x117a9dbd0>,44
CCCCCCCCCCCC/C(=C\CCCC(=O)O)[N+](=O)[O-],5.76,IC50,True,327.465,3,1,5.712900000000006,<rdkit.DataStructs.cDataStructs.ExplicitBitVect object at 0x117a9dc40>,23
Cc1oc(-c2ccccc2)nc1CCOc1ccc(CCC(=O)O)c(CNC(=O)NCc2ccccc2)c1,6.15,IC50,True,513.5940000000003,5,3,5.288120000000003,<rdkit.DataStructs.cDataStructs.ExplicitBitVect object at 0x117a9dcb0>,38
CCCc1cc2c(=O)n(C(C)C)oc2c(CCC)c1O[C@H](C(=O)O)c1ccc(C(C)C)cc1,6.8,IC50,True,453.5790000000002,5,1,6.408500000000007,<rdkit.DataStructs.cDataStructs.ExplicitBitVect object at 0x117a9dd20>,33
CCC1(C(=O)O)Cc2cc(OCCCOc3ccc(CC(C)(C)C)cc3Cl)ccc2O1,5.25,IC50,False,446.9710000000002,4,1,5.944800000000006,<rdkit.DataStructs.cDataStructs.ExplicitBitVect object at 0x117a9dd90>,31
COc1ccc2ncc(-n3c(C)c(Cc4cccc(O[C@@H](C)C(=O)O)c4)c4cc(OC(F)(F)F)ccc43)cc2c1,7.54,IC50,True,550.5330000000001,6,1,6.837020000000005,<rdkit.DataStructs.cDataStructs.ExplicitBitVect object at 0x117a9de00>,40
CCC1(C(=O)O)Cc2ccc(OCCCOc3ccc(OC(F)(F)F)cc3Cl)cc2O1,5.49,IC50,False,460.83200000000005,5,1,5.254800000000004,<rdkit.DataStructs.cDataStructs.ExplicitBitVect object at 0x117a9de70>,31
Cc1oc(-c2ccccc2)nc1CCOc1cccc(CN(CCc2ccccc2)CC(=O)O)c1,6.87,IC50,True,470.56900000000024,5,1,5.400820000000004,<rdkit.DataStructs.cDataStructs.ExplicitBitVect object at 0x117a9dee0>,35
CC(C)c1cccc(-n2c(C(=O)O)c(Oc3cccc(O)c3)c3ccccc32)c1,6.99,IC50,True,387.43500000000006,4,2,5.9500000000000055,<rdkit.DataStructs.cDataStructs.ExplicitBitVect object at 0x117a9df50>,29
Cc1oc(-c2ccccc2)nc1CCOc1ccc(CN(CC(=O)O)Cc2ccccn2)cc1,5.54,IC50,True,457.5300000000002,6,1,4.753320000000003,<rdkit.DataStructs.cDataStructs.ExplicitBitVect object at 0x117a9dfc0>,34
CCCc1cc(Oc2ccc(C3CCCC3)cc2)ccc1OCCCOc1ccc(C2SC(=O)NC2=O)cc1,6.75,IC50,True,545.7010000000002,6,1,7.9610000000000065,<rdkit.DataStructs.cDataStructs.ExplicitBitVect object at 0x117a9e030>,39
Cc1cc(Oc2cccc(CNC(=O)c3cc4ccc(Cl)cc4[nH]3)c2)ccc1CCC(=O)O,6.63,IC50,True,462.9330000000002,3,3,5.869220000000004,<rdkit.DataStructs.cDataStructs.ExplicitBitVect object at 0x117a9e0a0>,33
Cc1cc(CNC(=O)c2ccc(C(F)(F)F)cc2F)cc(Oc2ccc(OC(C)(C)C(=O)O)c(C)c2)c1,7.92,IC50,True,519.4910000000003,4,2,6.425640000000006,<rdkit.DataStructs.cDataStructs.ExplicitBitVect object at 0x117a9e110>,37
CCOC(=O)N1C[C@H](CC(=O)O)[C@@H](Cc2cccc(OCCc3nc(-c4ccccc4)oc3C)c2)C1,5.09,IC50,False,492.57200000000034,6,1,4.993220000000004,<rdkit.DataStructs.cDataStructs.ExplicitBitVect object at 0x117a9e180>,36
Cc1oc(-c2ccccc2)nc1CCOc1cccc(C[C@H]2CN(C(=O)Oc3ccccc3)C[C@H]2C(=O)O)c1,6.23,IC50,True,526.5890000000003,6,1,5.645620000000005,<rdkit.DataStructs.cDataStructs.ExplicitBitVect object at 0x117a9e1f0>,39
CCOC(=O)N1C[C@H](CC(=O)O)[C@@H](c2cccc(OCCc3nc(-c4ccccc4)oc3C)c2)C1,5.26,IC50,False,478.5450000000003,6,1,4.9181200000000045,<rdkit.DataStructs.cDataStructs.ExplicitBitVect object at 0x117a9e260>,35
CCCn1c(CCCc2ccc(OC(C)(C)C(=O)O)cc2)nn(Cc2ccc(C)cc2)c1=O,5.31,IC50,False,451.5670000000002,6,1,4.228820000000003,<rdkit.DataStructs.cDataStructs.ExplicitBitVect object at 0x117a9e2d0>,33
CCc1c(C(=O)OC)cc2c(c1O)C(=O)c1c(O)cc3cc(C)c(Cl)c(OC)c3c1C2=O,5.16,IC50,False,454.86200000000025,7,2,4.345820000000003,<rdkit.DataStructs.cDataStructs.ExplicitBitVect object at 0x117a9e340>,32
Cc1oc(-c2ccccc2)nc1CCOc1ccc(CN(CC(=O)O)Cc2ccc(-c3ccccc3Cl)o2)cc1,6.55,IC50,True,557.0460000000003,6,1,7.2717200000000055,<rdkit.DataStructs.cDataStructs.ExplicitBitVect object at 0x117a9e3b0>,40
Cc1oc(-c2ccccc2)nc1CCOc1ccc(CN(CC(=O)O)Cc2ccc(Oc3ccccc3)cc2)cc1,6.64,IC50,True,548.6390000000004,6,1,7.150620000000006,<rdkit.DataStructs.cDataStructs.ExplicitBitVect object at 0x117a9e420>,41
Cc1oc(-c2ccccc2)nc1CCOc1cccc(CN(CC(=O)O)Cc2cccc3ccccc23)c1,7.17,IC50,True,506.60200000000026,5,1,6.511520000000005,<rdkit.DataStructs.cDataStructs.ExplicitBitVect object at 0x117a9e490>,38
CCc1ccc(O[C@H](C)CCOc2ccc(CCC(=O)O)c(C)c2)c(-c2cocn2)c1,6.01,IC50,True,423.5090000000001,5,1,5.466020000000006,<rdkit.DataStructs.cDataStructs.ExplicitBitVect object at 0x117a9e500>,31
CCc1ccc(O[C@H](C)CCOc2ccc(CCC(=O)O)c(C)c2)c(-c2cccnc2)c1,7.22,IC50,True,433.5480000000001,4,1,5.873020000000006,<rdkit.DataStructs.cDataStructs.ExplicitBitVect object at 0x117a9e570>,32
CCCc1cc(Oc2ccc(F)c(C)c2)ccc1OCCCOc1cccc(C2SC(=O)NC2=O)c1,7.11,IC50,True,509.5990000000003,6,1,6.750920000000005,<rdkit.DataStructs.cDataStructs.ExplicitBitVect object at 0x117a9e5e0>,36
CCCc1cc(Oc2ccc(F)cc2)ccc1OCCCOc1cccc(C2SC(=O)NC2=O)c1,7.11,IC50,True,495.5720000000003,6,1,6.442500000000005,<rdkit.DataStructs.cDataStructs.ExplicitBitVect object at 0x117a9e650>,35
CCCc1cc(C(=O)c2ccccc2)ccc1OCCCOc1cccc(C2SC(=O)NC2=O)c1,7.72,IC50,True,489.59300000000025,6,1,5.742100000000005,<rdkit.DataStructs.cDataStructs.ExplicitBitVect object at 0x117a9e6c0>,35
Cc1ccc(OS(=O)(=O)/C=C/c2ccccc2)cc1,6.39,IC50,True,274.341,3,0,3.374520000000002,<rdkit.DataStructs.cDataStructs.ExplicitBitVect object at 0x117a9e730>,19
Cc1ccc(NC(=O)c2cccc(S(=O)(=O)N3CCc4ccccc4C3)c2)c(C(=O)O)c1,5.3,IC50,False,450.5160000000003,4,2,3.6925200000000027,<rdkit.DataStructs.cDataStructs.ExplicitBitVect object at 0x117a9e7a0>,32
CC(C)=CCC/C(C)=C/Cc1c(O)cc(/C=C/c2ccc(F)cc2)cc1O,5.63,IC50,True,366.47600000000006,2,2,6.642500000000007,<rdkit.DataStructs.cDataStructs.ExplicitBitVect object at 0x117a9e810>,27
Cc1oc(-c2ccccc2)nc1CCOc1ccc(C[C@H](Oc2ccccc2)C(=O)O)cc1,6.89,IC50,True,443.49900000000014,5,1,5.346220000000004,<rdkit.DataStructs.cDataStructs.ExplicitBitVect object at 0x117a9e880>,33
Cc1oc(-c2ccccc2)nc1CCOc1ccc(CC(C)(Oc2ccccc2)C(=O)O)cc1,7.75,IC50,True,457.5260000000002,5,1,5.736320000000005,<rdkit.DataStructs.cDataStructs.ExplicitBitVect object at 0x117a9e8f0>,34
CCCn1c(CCCc2ccc(OC(C)(C)C(=O)O)cc2)nn(Cc2cccc(OC)c2)c1=O,5.21,IC50,False,467.5660000000002,7,1,3.929000000000003,<rdkit.DataStructs.cDataStructs.ExplicitBitVect object at 0x117a9e960>,34
CCc1ccc(O[C@H](C)CCOc2ccc(CCC(=O)O)c(C)c2)c(-c2ccncc2)c1,6.28,IC50,True,433.5480000000001,4,1,5.873020000000006,<rdkit.DataStructs.cDataStructs.ExplicitBitVect object at 0x117a9e9d0>,32
CCc1ccc(O[C@H](C)CCOc2ccc(CCC(=O)O)c(C)c2)c(-c2cccs2)c1,5.96,IC50,True,438.5890000000001,4,1,6.539520000000007,<rdkit.DataStructs.cDataStructs.ExplicitBitVect object at 0x117a9ea40>,31
CCc1ccc(O[C@H](C)CCOc2ccc(CCC(=O)O)c(C)c2)c(-c2ccccc2)c1,6.67,IC50,True,432.5600000000001,3,1,6.478020000000007,<rdkit.DataStructs.cDataStructs.ExplicitBitVect object at 0x117a9eab0>,32
CCc1ccc(O[C@H](C)CCOc2ccc(CCC(=O)O)c(C)c2)c(-c2ccccn2)c1,7.34,IC50,True,433.5480000000001,4,1,5.873020000000006,<rdkit.DataStructs.cDataStructs.ExplicitBitVect object at 0x117a9eb20>,32
CCc1ccc(O[C@H](C)CCOc2ccc(CCC(=O)O)c(CC)c2)c(-c2ccccn2)c1,7.46,IC50,True,447.57500000000016,4,1,6.127000000000006,<rdkit.DataStructs.cDataStructs.ExplicitBitVect object at 0x117a9eb90>,33
CCc1cc(OCC[C@@H](C)Oc2ccc(C(F)(F)F)cc2-c2ccccn2)ccc1CCC(=O)O,7.8,IC50,True,487.5180000000002,4,1,6.583400000000006,<rdkit.DataStructs.cDataStructs.ExplicitBitVect object at 0x117a9ec00>,35
CCc1ccc(O[C@H](C)CCOc2ccc(CCC(=O)O)c(C)c2)c(-c2ccco2)c1,6.03,IC50,True,422.52100000000013,4,1,6.071020000000006,<rdkit.DataStructs.cDataStructs.ExplicitBitVect object at 0x117a9ec70>,31
COc1ccc([C@@H](C)NC(=O)c2ccc3c(c2)c(C)c(C)n3Cc2ccc(-c3ccccc3C(=O)O)cc2)cc1,9.27,IC50,True,532.6400000000003,4,2,7.171240000000007,<rdkit.DataStructs.cDataStructs.ExplicitBitVect object at 0x117a9ece0>,40
CCCc1cc2c(oc(=O)n2C)c(CCC)c1O[C@H](C(=O)O)c1ccc(C(C)C)cc1,7.07,IC50,True,425.5250000000001,5,1,5.364600000000005,<rdkit.DataStructs.cDataStructs.ExplicitBitVect object at 0x117a9ed50>,31
CCCc1cc2c(oc(=O)n2C(C)C)c(CCC)c1O[C@H](C(=O)O)c1ccccc1,5.75,IC50,True,411.4980000000001,5,1,5.285100000000005,<rdkit.DataStructs.cDataStructs.ExplicitBitVect object at 0x117a9edc0>,30
O=C1NC(=O)C(=Cc2ccc(N(CCOCc3ccccc3)CCOCc3ccccc3)cc2)C(=O)N1,4.11,IC50,False,499.5670000000002,6,2,3.676000000000002,<rdkit.DataStructs.cDataStructs.ExplicitBitVect object at 0x117a9ee30>,37
Cc1oc(-c2ccccc2)nc1CCOc1ccc(CCC(=O)O)c(CNC(=O)Oc2cnccn2)c1,7.77,IC50,True,502.52700000000027,8,2,4.367320000000002,<rdkit.DataStructs.cDataStructs.ExplicitBitVect object at 0x117a9eea0>,37
CCNC(=O)c1cc(NS(=O)(=O)c2ccc([N+](=O)[O-])cc2)ccc1Oc1cncc(Cl)c1,7.31,IC50,True,476.89800000000014,7,2,3.9860000000000024,<rdkit.DataStructs.cDataStructs.ExplicitBitVect object at 0x117a9ef10>,32
COc1ccc(C(=O)n2c(C)c(Cc3cccc(OCC#N)c3)c3cc(OC(F)(F)F)ccc32)cc1,7.38,IC50,True,494.46900000000016,6,0,6.038600000000004,<rdkit.DataStructs.cDataStructs.ExplicitBitVect object at 0x117a9ef80>,36
CCCc1cc(C(=O)c2ccccc2)cc(CCC)c1OC(C(=O)O)c1ccccc1,5.33,IC50,False,416.5170000000001,3,1,6.027300000000005,<rdkit.DataStructs.cDataStructs.ExplicitBitVect object at 0x117a9eff0>,31
CC(C)(C)c1ccc(-n2c(C(=O)O)c(Oc3ccc(Cl)cc3)c3ccc(OC(F)(F)F)cc32)cc1,6.53,IC50,True,503.90400000000017,4,1,7.970500000000005,<rdkit.DataStructs.cDataStructs.ExplicitBitVect object at 0x117a9f060>,35
CC1=C(C(=O)O)C(c2ccc(OCCn3ccc4cccnc43)cc2)NC(=O)N1,6.0,IC50,True,392.415,5,3,2.8278000000000008,<rdkit.DataStructs.cDataStructs.ExplicitBitVect object at 0x117a9f0d0>,29
COc1cccc2c1c1ccccc1n2CCOc1ccc(C2NC(=O)NC(C)=C2C(=O)O)cc1,6.1,IC50,True,471.51300000000015,5,3,4.5946000000000025,<rdkit.DataStructs.cDataStructs.ExplicitBitVect object at 0x117a9f140>,35
CCCCN(c1cccc(-c2ccc(Cl)cc2)c1C)S(=O)(=O)c1ccc(OC(C)C(=O)O)c(OC)c1OC,5.4,IC50,False,562.0840000000003,6,1,6.179920000000007,<rdkit.DataStructs.cDataStructs.ExplicitBitVect object at 0x117a9f1b0>,38
CCN(CCOc1ccc(/C=C2\SC(=O)NC2=O)cc1)c1ccccn1,4.82,IC50,False,369.4460000000001,6,1,3.3108000000000013,<rdkit.DataStructs.cDataStructs.ExplicitBitVect object at 0x117a9f220>,26
CCN(CCOc1ccc(CC2SC(=O)NC2=O)cc1)c1nc2ccccc2s1,4.6,IC50,False,427.5510000000001,7,1,4.0957000000000034,<rdkit.DataStructs.cDataStructs.ExplicitBitVect object at 0x117a9f290>,29
O=C(NS(=O)(=O)c1cccc(C(F)(F)F)c1)c1cc2ccccc2n1Cc1ccccc1,6.55,IC50,True,458.4610000000002,4,1,4.827100000000003,<rdkit.DataStructs.cDataStructs.ExplicitBitVect object at 0x117a9f300>,32
O=C(NS(=O)(=O)c1cccc(C(F)(F)F)c1)c1cc2ccccc2n1Cc1cccc(C(F)(F)F)c1,7.1,IC50,True,526.4580000000002,4,1,5.845900000000004,<rdkit.DataStructs.cDataStructs.ExplicitBitVect object at 0x117a9f370>,36
COC(=O)c1ccccc1S(=O)(=O)NC(=O)c1c(-c2ccc(OC)cc2)c2ccccc2n1Cc1cccc(C(F)(F)F)c1,9.0,IC50,True,622.6210000000003,7,1,6.289300000000004,<rdkit.DataStructs.cDataStructs.ExplicitBitVect object at 0x117a9f3e0>,44
Cc1oc(-c2ccccc2)nc1CCOc1ccc(C[C@@H](CNC(=O)CC(C)C(=O)O)Nc2ccccc2C(=O)c2ccccc2)cc1,6.0,IC50,True,645.7560000000002,7,3,6.752720000000005,<rdkit.DataStructs.cDataStructs.ExplicitBitVect object at 0x117a9f450>,48
CCCc1cc2c(oc(=O)n2CCC)c(CCC)c1O[C@H](C(=O)O)c1ccc(C(C)C)cc1,7.06,IC50,True,453.5790000000001,5,1,6.237600000000007,<rdkit.DataStructs.cDataStructs.ExplicitBitVect object at 0x117a9f4c0>,33
CCCc1cc2c(oc(=O)n2C(C)C)c(CCC)c1O[C@H](C(=O)O)c1ccc(C(C)C)cc1,7.29,IC50,True,453.5790000000002,5,1,6.408500000000007,<rdkit.DataStructs.cDataStructs.ExplicitBitVect object at 0x117a9f530>,33
CCCC/C(=C\c1cc(OCc2ccc3nc(C(F)(F)F)cc(OC)c3c2)ccc1OCc1ccc(OC(F)(F)F)cc1)C(=O)O,5.72,IC50,True,649.5840000000004,6,1,8.977000000000004,<rdkit.DataStructs.cDataStructs.ExplicitBitVect object at 0x117a9f5a0>,46
COc1cc(C(F)(F)F)nc2ccc(COc3ccc(OCc4ccc(F)cc4)c(/C=C(\C)C(=O)O)c3)cc12,5.03,IC50,False,541.4970000000003,5,1,7.047200000000006,<rdkit.DataStructs.cDataStructs.ExplicitBitVect object at 0x117a9f610>,39
CCCc1cc(C(=O)CC)cc(C)c1OC(C(=O)O)c1ccc(C(C)C)cc1,6.58,IC50,True,382.50000000000006,3,1,5.868320000000006,<rdkit.DataStructs.cDataStructs.ExplicitBitVect object at 0x117a9f680>,28
CCCCC/C=C(\CCCCCCCCCCC(=O)O)[N+](=O)[O-],7.41,IC50,True,327.465,3,1,5.712900000000005,<rdkit.DataStructs.cDataStructs.ExplicitBitVect object at 0x117a9f6f0>,23
Cc1oc(-c2ccccc2)nc1CCOc1ccc(C[C@@H](CNC(=O)c2cccc(OCCN(C)C)c2)Nc2ccccc2C(=O)c2ccccc2)cc1,5.2,IC50,False,722.8860000000003,8,2,7.896120000000008,<rdkit.DataStructs.cDataStructs.ExplicitBitVect object at 0x117a9f760>,54
Cc1oc(-c2ccccc2)nc1CCOc1ccc(CC(C)(Oc2ccccc2)C(=O)O)cc1,7.75,IC50,True,457.5260000000002,5,1,5.736320000000005,<rdkit.DataStructs.cDataStructs.ExplicitBitVect object at 0x117a9f7d0>,34
CCCc1c(OCCCCCOc2ccc3c(ccn3CC(=O)O)c2)ccc2c(C(F)(F)F)noc12,5.98,IC50,True,504.50500000000017,6,1,6.466500000000005,<rdkit.DataStructs.cDataStructs.ExplicitBitVect object at 0x117a9f840>,36
CCCc1c(OCCC(C)CCOc2ccc3c(ccn3CC(=O)O)c2)ccc2c(C(F)(F)F)noc12,5.86,IC50,True,518.5320000000002,6,1,6.712500000000006,<rdkit.DataStructs.cDataStructs.ExplicitBitVect object at 0x117a9f8b0>,37
Cc1oc(-c2ccccc2)nc1CCCc1ccc(C[C@@H](C(=O)O)n2cccc2)cc1,6.73,IC50,True,414.50500000000005,4,1,5.495220000000003,<rdkit.DataStructs.cDataStructs.ExplicitBitVect object at 0x117a9f920>,31
Cc1c(C)n(Cc2ccc(-c3ccccc3C(=O)O)cc2)c2ccc(C(=O)NCc3ccc(S(N)(=O)=O)cc3)cc12,6.51,IC50,True,567.6670000000003,5,3,5.2490400000000035,<rdkit.DataStructs.cDataStructs.ExplicitBitVect object at 0x117a9f990>,41
Cc1ccc(NC(=O)c2cccc(S(=O)(=O)n3ccc4cccc(C)c43)c2)c(C(=O)O)c1,6.0,IC50,True,448.5000000000002,5,2,4.445640000000003,<rdkit.DataStructs.cDataStructs.ExplicitBitVect object at 0x117a9fa00>,32
O=S(=O)(Nc1ccc(Oc2cnc3ccccc3c2)c(F)c1)c1ccc(Cl)cc1Cl,7.4,IC50,True,463.3170000000001,4,1,6.273800000000003,<rdkit.DataStructs.cDataStructs.ExplicitBitVect object at 0x117a9fa70>,30
CC(C)=CCC/C(C)=C/Cc1c(O)cc(/C=C/c2ccccc2)cc1O,6.07,IC50,True,348.48600000000005,2,2,6.503400000000008,<rdkit.DataStructs.cDataStructs.ExplicitBitVect object at 0x117a9fae0>,26
CC(C)=CCC/C(C)=C/Cc1c(O)cc(/C=C/c2ccoc2)cc1O,6.19,IC50,True,338.44700000000006,3,2,6.096400000000006,<rdkit.DataStructs.cDataStructs.ExplicitBitVect object at 0x117a9fb50>,25
Cc1ccc(NC(=O)c2cccc(S(=O)(=O)N3CCc4ccccc4C3)c2)c(C(=O)O)c1,5.3,IC50,False,450.5160000000003,4,2,3.6925200000000027,<rdkit.DataStructs.cDataStructs.ExplicitBitVect object at 0x117a9fbc0>,32
CN(CC#Cc1ccc(C[C@@H](C(=O)O)n2cccc2)cc1)c1ccccc1,4.92,IC50,False,358.44100000000003,3,1,3.844400000000003,<rdkit.DataStructs.cDataStructs.ExplicitBitVect object at 0x117a9fc30>,27
CCc1ccc(O[C@H](C)CCOc2ccc(OC(C)(C)C(=O)O)cc2)c(C(=O)c2ccccc2)c1,8.22,IC50,True,476.5690000000002,5,1,5.9584000000000055,<rdkit.DataStructs.cDataStructs.ExplicitBitVect object at 0x117a9fca0>,35
Cc1oc(-c2ccccc2)nc1CCOc1ccc(CN(CC(=O)O)Cc2cccc3ccccc23)cc1,6.12,IC50,True,506.60200000000026,5,1,6.511520000000005,<rdkit.DataStructs.cDataStructs.ExplicitBitVect object at 0x117a9fd10>,38
Cc1oc(-c2ccccc2)nc1CCOc1ccc(C[C@@H](CNC(=O)C2CC2)Nc2ccccc2C(=O)c2ccccc2)cc1,5.6,IC50,True,599.7310000000003,6,2,7.051920000000006,<rdkit.DataStructs.cDataStructs.ExplicitBitVect object at 0x117a9fd80>,45
CCCc1cc(Oc2ccccc2)ccc1OCCCOc1ccc(C2SC(=O)NC2=O)cc1,6.75,IC50,True,477.58200000000016,6,1,6.303400000000005,<rdkit.DataStructs.cDataStructs.ExplicitBitVect object at 0x117a9fdf0>,34
COc1cc2oc(-c3ccc(O)cc3)cc(=O)c2cc1CC=C(C)C,6.31,IC50,True,336.3870000000001,4,1,4.682900000000003,<rdkit.DataStructs.cDataStructs.ExplicitBitVect object at 0x117a9fe60>,25
CCCc1c(OCCCSc2ccc(CC(=O)O)cc2Cl)ccc(C(=O)CC)c1O,6.52,IC50,True,450.9840000000002,5,2,5.779100000000005,<rdkit.DataStructs.cDataStructs.ExplicitBitVect object at 0x117a9fed0>,30
CCCCCCCN(CC(=O)O)Cc1ccc(OCCc2nc(-c3ccccc3)oc2C)cc1,5.64,IC50,True,464.6060000000003,5,1,6.128520000000006,<rdkit.DataStructs.cDataStructs.ExplicitBitVect object at 0x117a9ff40>,34
CCCc1cc(-c2noc3ccccc23)ccc1OCCCOc1cccc(C2SC(=O)NC2=O)c1,7.52,IC50,True,502.5920000000003,7,1,6.3193000000000055,<rdkit.DataStructs.cDataStructs.ExplicitBitVect object at 0x117abc040>,36
Cc1c(C)n(Cc2ccc(-c3ccccc3C(=O)O)cc2)c2ccc(C(=O)O)cc12,5.31,IC50,False,399.44600000000014,3,2,5.369840000000004,<rdkit.DataStructs.cDataStructs.ExplicitBitVect object at 0x117abc0b0>,30
COc1cc(CNC(=O)c2ccc3c(c2)c(C)c(C)n3Cc2cccc(C(F)(F)F)c2)ccc1O,8.0,IC50,True,482.5020000000001,4,2,5.969440000000006,<rdkit.DataStructs.cDataStructs.ExplicitBitVect object at 0x117abc120>,35
CCCc1cc(C2CCCC2)ccc1OCCCOc1cccc(C2OC(=O)NC2=O)c1,5.97,IC50,True,437.5360000000001,5,1,5.452100000000005,<rdkit.DataStructs.cDataStructs.ExplicitBitVect object at 0x117abc190>,32
CCCCN(c1cccc(-c2ccc(Cl)cc2)c1C)S(=O)(=O)c1ccc(O[C@@H](C)C(=O)O)c(C)c1C,5.2,IC50,False,530.0860000000002,4,1,6.779560000000007,<rdkit.DataStructs.cDataStructs.ExplicitBitVect object at 0x117abc200>,36
CCCCN(c1cccc(-c2ccc(Cl)cc2)c1OC)S(=O)(=O)c1ccc(OC(C)C(=O)O)c(C)c1C,5.1,IC50,False,546.0850000000003,5,1,6.479740000000008,<rdkit.DataStructs.cDataStructs.ExplicitBitVect object at 0x117abc270>,37
Cc1oc(-c2ccccc2)nc1CCCc1ccc(C[C@H](C(=O)O)n2cncn2)cc1,4.75,IC50,False,416.48100000000005,6,1,4.285220000000002,<rdkit.DataStructs.cDataStructs.ExplicitBitVect object at 0x117abc2e0>,31
CCOC(=O)N1C[C@@H](Cc2cccc(OCCc3nc(-c4ccccc4)oc3C)c2)[C@@H](CC(=O)O)C1,5.55,IC50,True,492.57200000000023,6,1,4.993220000000004,<rdkit.DataStructs.cDataStructs.ExplicitBitVect object at 0x117abc350>,36
Cc1oc(-c2ccccc2)nc1CCOc1ccc(C[C@@H]2CN(c3nc(C(F)(F)F)co3)C[C@@H]2C(=O)O)cc1,7.3,IC50,True,541.5260000000003,7,1,5.658020000000005,<rdkit.DataStructs.cDataStructs.ExplicitBitVect object at 0x117abc3c0>,39
Cc1oc(-c2ccccc2)nc1CCOc1ccc(C[C@@H]2CN(c3nccc(C(F)(F)F)n3)C[C@@H]2C(=O)O)cc1,7.7,IC50,True,552.5530000000002,7,1,5.4600200000000045,<rdkit.DataStructs.cDataStructs.ExplicitBitVect object at 0x117abc430>,40
Cc1oc(-c2ccccc2)nc1CCOc1cccc(C[C@@H]2CN(c3ccccc3)C[C@@H]2C(=O)O)c1,7.1,IC50,True,482.5800000000002,5,1,5.651220000000006,<rdkit.DataStructs.cDataStructs.ExplicitBitVect object at 0x117abc4a0>,36
CCOC(=O)N1C[C@H](Cc2cccc(OCCc3nc(-c4ccccc4)oc3C)c2)[C@@H](C(=O)O)C1,5.09,IC50,False,478.5450000000002,6,1,4.603120000000003,<rdkit.DataStructs.cDataStructs.ExplicitBitVect object at 0x117abc510>,35
Cc1oc(-c2ccc(-c3ccccc3)cc2)nc1CCOc1ccc(CCC(=O)O)c(CNC(=O)OC(C)C)c1,7.33,IC50,True,542.6320000000004,6,2,6.590320000000007,<rdkit.DataStructs.cDataStructs.ExplicitBitVect object at 0x117abc580>,40
CCC(NC(=O)c1ccc2c(ccn2S(=O)(=O)c2cccc3ccccc23)c1)c1ccccc1,8.15,IC50,True,468.57800000000015,4,1,5.912600000000005,<rdkit.DataStructs.cDataStructs.ExplicitBitVect object at 0x117abc5f0>,34
COC(=O)c1cc2c(c(O)c1C(C)OC(=O)CO)C(=O)c1c(O)cc3cc(C)c(Cl)c(OC)c3c1C2=O,6.22,IC50,True,528.8970000000003,10,3,3.379920000000003,<rdkit.DataStructs.cDataStructs.ExplicitBitVect object at 0x117abc660>,37
Cc1cc(Oc2cc(F)cc(CNC(=O)c3ccc(C(F)(F)F)cc3F)c2)ccc1OC(C)(C)C(=O)O,8.1,IC50,True,523.4540000000003,4,2,6.256320000000004,<rdkit.DataStructs.cDataStructs.ExplicitBitVect object at 0x117abc6d0>,37
O=C(Nc1ccc(Br)cc1C(=O)O)c1cccc(S(=O)(=O)N2CCc3ccccc3C2)c1,5.6,IC50,True,515.3850000000003,4,2,4.146600000000003,<rdkit.DataStructs.cDataStructs.ExplicitBitVect object at 0x117abc740>,32
COc1ccc(/C=C/c2cc(O)c(C/C=C(\C)CCC=C(C)C)c(O)c2)cc1,6.2,IC50,True,378.51200000000006,3,2,6.512000000000007,<rdkit.DataStructs.cDataStructs.ExplicitBitVect object at 0x117abc7b0>,28
Cc1ccc(NC(=O)c2cccc(S(=O)(=O)n3ccc4cc(Cl)ccc43)c2)c(C(=O)O)c1,5.8,IC50,True,468.91800000000023,5,2,4.790620000000004,<rdkit.DataStructs.cDataStructs.ExplicitBitVect object at 0x117abc820>,32
Cc1oc(-c2ccccc2)nc1CCOc1cccc(CC2=C(C(=O)O)CCN(C(=O)OCC(C)C)C2)c1,5.59,IC50,True,518.6100000000005,6,1,5.693520000000005,<rdkit.DataStructs.cDataStructs.ExplicitBitVect object at 0x117abc890>,38
CC[C@@](C)(Oc1cccc(Cn2c(C)c(C(=O)c3ccc(Cl)cc3)c3ccc(OC(F)(F)F)cc32)c1)C(=O)O,8.05,IC50,True,559.9680000000002,5,1,7.413120000000006,<rdkit.DataStructs.cDataStructs.ExplicitBitVect object at 0x117abc900>,39
Cc1c(Cc2cccc(OCC(=O)O)c2)c2cc(OC(F)(F)F)ccc2n1C(=O)c1ccc(Cl)cc1,9.0,IC50,True,517.8870000000002,5,1,6.244420000000004,<rdkit.DataStructs.cDataStructs.ExplicitBitVect object at 0x117abc970>,36
O=C(Nc1cc(Br)ccc1C(=O)O)c1cccc(S(=O)(=O)N2CCc3ccccc3C2)c1,5.4,IC50,False,515.3850000000003,4,2,4.146600000000003,<rdkit.DataStructs.cDataStructs.ExplicitBitVect object at 0x117abc9e0>,32
CCCCCCOC(Cc1ccc(OCCc2nc(-c3ccccc3)oc2C)c2ccsc12)C(=O)O,8.7,IC50,True,507.6520000000002,6,1,7.0788200000000066,<rdkit.DataStructs.cDataStructs.ExplicitBitVect object at 0x117abca50>,36
CCCn1c(CCCc2ccc(OC(C)(C)C(=O)O)cc2)nn(Cc2ccc(C)cc2)c1=O,5.31,IC50,False,451.5670000000002,6,1,4.228820000000003,<rdkit.DataStructs.cDataStructs.ExplicitBitVect object at 0x117abcac0>,33
Cc1cc(Oc2cccc(CNC(=O)c3cc4cc(Cl)ccc4[nH]3)c2)ccc1CCC(=O)O,7.89,IC50,True,462.93300000000016,3,3,5.869220000000004,<rdkit.DataStructs.cDataStructs.ExplicitBitVect object at 0x117abcb30>,33
Cc1cc(Oc2cccc(CNC(=O)c3ccc(OC(F)(F)F)cc3C)c2)ccc1OC(C)(C)C(=O)O,7.33,IC50,True,517.5000000000002,5,2,6.166340000000004,<rdkit.DataStructs.cDataStructs.ExplicitBitVect object at 0x117abcba0>,37
Cc1ccc(OC(=O)N(CC(=O)O)Cc2cccc(OCc3nc(-c4ccc(Cl)cc4)oc3C)c2)cc1,5.55,IC50,True,520.9690000000003,6,1,6.276440000000005,<rdkit.DataStructs.cDataStructs.ExplicitBitVect object at 0x117abcc10>,37
Cc1ccc(OC(=O)N(CC(=O)O)Cc2cccc(OCc3nc(-c4cccc(Cl)c4)oc3C)c2)cc1,6.42,IC50,True,520.9690000000003,6,1,6.276440000000005,<rdkit.DataStructs.cDataStructs.ExplicitBitVect object at 0x117abcc80>,37
Cc1ccc(OC(=O)N(CC(=O)O)Cc2cccc(OCc3nc(-c4ccc(C)cc4)oc3C)c2)cc1,5.87,IC50,True,500.55100000000033,6,1,5.931460000000006,<rdkit.DataStructs.cDataStructs.ExplicitBitVect object at 0x117abccf0>,37
CCCc1cc(C(=O)C(C)(C)C)cc(CCC)c1OC(C(=O)O)c1ccccc1,5.57,IC50,True,396.52700000000004,3,1,6.0251000000000055,<rdkit.DataStructs.cDataStructs.ExplicitBitVect object at 0x117abcd60>,29
Cc1oc(-c2ccccc2)nc1CC#Cc1ccc(CC(C(=O)O)c2ccc(-c3ccccc3)cc2)cc1,5.66,IC50,True,497.59400000000016,3,1,7.322120000000006,<rdkit.DataStructs.cDataStructs.ExplicitBitVect object at 0x117abcdd0>,38
Cc1oc(-c2ccccc2)nc1CCOc1ccc(Cc2nn(-c3ccccc3)cc2C(=O)O)cc1,5.67,IC50,True,479.5360000000002,6,1,5.746220000000005,<rdkit.DataStructs.cDataStructs.ExplicitBitVect object at 0x117abce40>,36
CC[C@@](C)(Oc1cccc(Cn2c(C)c(C(=O)c3ccc(Cl)cc3)c3ccc(OC(F)(F)F)cc32)c1)C(=O)O,8.3,IC50,True,559.9680000000002,5,1,7.413120000000006,<rdkit.DataStructs.cDataStructs.ExplicitBitVect object at 0x117abceb0>,39
CCCc1c(OCCCOc2ccc3c(ccn3CC(=O)O)c2)ccc2c(C(F)(F)F)noc12,6.82,IC50,True,476.4510000000002,6,1,5.686300000000004,<rdkit.DataStructs.cDataStructs.ExplicitBitVect object at 0x117abcf20>,34
CCCc1cc(Oc2ccccc2)ccc1OCCCCOc1ccc2c(c1)CCC(C(=O)O)O2,5.52,IC50,True,476.5690000000003,5,1,6.447600000000007,<rdkit.DataStructs.cDataStructs.ExplicitBitVect object at 0x117abcf90>,35
Cc1cc(C(Cc2ccc(CCCc3nc(-c4ccccc4)oc3C)cc2)C(=O)O)no1,4.85,IC50,False,430.50400000000013,5,1,5.532640000000006,<rdkit.DataStructs.cDataStructs.ExplicitBitVect object at 0x117abd000>,32
CC1=C(C(=O)O)C(c2ccc(OCCCOc3cc(C)nc4ccccc34)cc2)NC(=O)N1,6.12,IC50,True,447.49100000000004,5,3,4.103620000000002,<rdkit.DataStructs.cDataStructs.ExplicitBitVect object at 0x117abd070>,33
CC1=C(C(=O)O)C(c2ccc(OCCOc3cc(C)nc4ccccc34)cc2)NC(=O)N1,6.12,IC50,True,433.46400000000006,5,3,3.7135200000000017,<rdkit.DataStructs.cDataStructs.ExplicitBitVect object at 0x117abd0e0>,32
Cc1oc(-c2ccc(-c3ccccc3)cc2)nc1CCOc1ccc(CCC(=O)O)c(CNC(=O)OC(C)C)c1,7.33,IC50,True,542.6320000000004,6,2,6.590320000000007,<rdkit.DataStructs.cDataStructs.ExplicitBitVect object at 0x117abd150>,40
Cc1oc(-c2ccccc2)nc1CCOc1ccc(CCC(=O)O)c(CNS(=O)(=O)Cc2ccccc2)c1,7.14,IC50,True,534.6340000000004,6,2,4.908320000000003,<rdkit.DataStructs.cDataStructs.ExplicitBitVect object at 0x117abd1c0>,38
CC(C)C1=CC(C)(C)Oc2cc(OCCCOc3ccc(CC(C)(C)C(=O)O)cc3)c(Cl)cc21,5.73,IC50,True,487.03600000000023,4,1,7.051600000000008,<rdkit.DataStructs.cDataStructs.ExplicitBitVect object at 0x117abd230>,34
Cc1oc(-c2ccccc2)nc1CCOc1cccc(CN(CC(=O)O)Cc2ccc(OCc3ccccc3)cc2)c1,6.74,IC50,True,562.6660000000004,6,1,6.937320000000006,<rdkit.DataStructs.cDataStructs.ExplicitBitVect object at 0x117abd2a0>,42
CCCCCCCN(CCc1ccc(O[C@@](C)(CC)C(=O)O)cc1)C(=O)Nc1ccc(F)cc1F,6.17,IC50,True,490.5910000000002,3,2,6.6439000000000075,<rdkit.DataStructs.cDataStructs.ExplicitBitVect object at 0x117abd310>,35
CCO[C@H](Cc1ccc2c(c1)cc(C)n2Cc1nc(-c2ccc(C(F)(F)F)cc2)oc1C)C(=O)O,5.1,IC50,False,486.4900000000002,5,1,6.012440000000004,<rdkit.DataStructs.cDataStructs.ExplicitBitVect object at 0x117abd380>,35
CCCc1c(OCCCn2ccc3cc(CC(=O)O)ccc32)ccc2c(C(F)(F)F)noc12,5.72,IC50,True,460.4520000000001,5,1,5.850000000000004,<rdkit.DataStructs.cDataStructs.ExplicitBitVect object at 0x117abd3f0>,33
Cc1oc(-c2cccs2)nc1CCOc1ccc(C[C@@](C)(Oc2ccccc2)C(=O)O)cc1,6.53,IC50,True,463.5550000000002,6,1,5.797820000000006,<rdkit.DataStructs.cDataStructs.ExplicitBitVect object at 0x117abd460>,33
CC(C)(Oc1ccc(OCCCOc2ccc(Oc3ccc(F)cc3)cc2Cl)cc1)C(=O)O,6.01,IC50,True,474.91200000000003,5,1,6.361300000000005,<rdkit.DataStructs.cDataStructs.ExplicitBitVect object at 0x117abd4d0>,33
CCCc1c(OCCCSc2ccc(CC(=O)O)cc2Cl)ccc(/C(CC)=N\O)c1O,7.32,IC50,True,465.9990000000002,6,3,5.7747000000000055,<rdkit.DataStructs.cDataStructs.ExplicitBitVect object at 0x117abd540>,31
CCCc1c(OCCCSc2ccc(CC(=O)O)cc2Cl)ccc2c(CC)noc12,6.96,IC50,True,447.9840000000002,5,1,6.184400000000005,<rdkit.DataStructs.cDataStructs.ExplicitBitVect object at 0x117abd5b0>,30
CCn1c(SCC(=O)Nc2ccc(C(=O)O)cc2)nnc1-c1cc2cccc(OC)c2o1,4.4,IC50,False,452.49200000000025,8,2,4.148800000000002,<rdkit.DataStructs.cDataStructs.ExplicitBitVect object at 0x117abd620>,32
Cc1cc(Oc2cccc(CNC(=O)c3ccc(C(F)(F)F)cc3C(F)(F)F)c2)ccc1OC(C)(C)C(=O)O,6.69,IC50,True,555.4710000000002,4,2,6.996920000000006,<rdkit.DataStructs.cDataStructs.ExplicitBitVect object at 0x117abd690>,39
CCCc1c(OCCCN(C)c2ccc(CC(=O)O)cc2)ccc2c(C(F)(F)F)noc12,5.54,IC50,True,450.45700000000005,5,1,5.331500000000005,<rdkit.DataStructs.cDataStructs.ExplicitBitVect object at 0x117abd700>,32
CC[C@@](C)(Cc1ccc(OCCCOc2ccccc2Cl)cc1)C(=O)O,6.07,IC50,True,376.88,3,1,5.231300000000005,<rdkit.DataStructs.cDataStructs.ExplicitBitVect object at 0x117abd770>,26
O=C(O)c1ccc(COc2ccc3ccccc3c2/C=N/c2ccc(N3CCOCC3)cc2)cc1,4.7,IC50,False,466.53700000000026,5,1,5.7042000000000055,<rdkit.DataStructs.cDataStructs.ExplicitBitVect object at 0x117abd7e0>,35
CC[C@]1(C(=O)O)CCc2ccc(OCCCOc3ccc(C(F)(F)F)cc3Cl)cc2O1,5.37,IC50,False,458.86000000000007,4,1,5.765100000000005,<rdkit.DataStructs.cDataStructs.ExplicitBitVect object at 0x117abd850>,31
CCCCC/C=C\C/C=C\C/C=C\CCCCCCC(=O)O,5.62,IC50,True,306.49,1,1,6.440700000000006,<rdkit.DataStructs.cDataStructs.ExplicitBitVect object at 0x117abd8c0>,22
C[C@H](CCOc1ccc(CCC(=O)O)c(C(F)(F)F)c1)Oc1ccc(Cl)cc1Oc1ccccc1,7.21,IC50,True,508.9200000000001,4,1,7.404700000000005,<rdkit.DataStructs.cDataStructs.ExplicitBitVect object at 0x117abd930>,35
O=S(=O)(Nc1cc(Cl)c(Oc2ccc3ncccc3c2)c(Cl)c1)c1ccc(Cl)cc1Cl,7.7,IC50,True,514.2170000000001,4,1,7.441500000000001,<rdkit.DataStructs.cDataStructs.ExplicitBitVect object at 0x117abd9a0>,31
CC(C)Cc1cc(Oc2ccccc2)ccc1OCCCOc1ccc(C2SC(=O)NC2=O)cc1,6.32,IC50,True,491.60900000000026,6,1,6.549400000000006,<rdkit.DataStructs.cDataStructs.ExplicitBitVect object at 0x117abda10>,35
Cc1oc(-c2ccccc2)nc1CCOc1cccc(CC2CN(C(=O)OCC(C)C)CCC2C(=O)O)c1,5.86,IC50,True,520.6260000000004,6,1,5.629320000000004,<rdkit.DataStructs.cDataStructs.ExplicitBitVect object at 0x117abda80>,38
Cc1oc(-c2ccccc2)nc1CCOc1cccc(Cc2nn(-c3ccccc3)nc2C(=O)O)c1,7.16,IC50,True,480.52400000000017,7,1,5.141220000000004,<rdkit.DataStructs.cDataStructs.ExplicitBitVect object at 0x117abdaf0>,36
COc1ccc(CNC(=O)c2ccc3c(c2)c(C)c(C)n3Cc2ccc(-c3ccccc3C(=O)O)cc2)cc1,8.15,IC50,True,518.6130000000003,4,2,6.610240000000006,<rdkit.DataStructs.cDataStructs.ExplicitBitVect object at 0x117abdb60>,39
COc1ccccc1[C@H](C)NC(=O)c1ccc2c(c1)c(C)c(C)n2Cc1ccc(-c2ccccc2)cc1,7.8,IC50,True,488.63100000000026,3,1,7.473040000000007,<rdkit.DataStructs.cDataStructs.ExplicitBitVect object at 0x117abdbd0>,37
CCCCN(c1cccc(-c2ccc(Cl)cc2)c1C)S(=O)(=O)c1ccc(OC(CCC)C(=O)O)c(C)c1C,5.5,IC50,True,558.1400000000002,4,1,7.559760000000008,<rdkit.DataStructs.cDataStructs.ExplicitBitVect object at 0x117abdc40>,38
CCCCC(Oc1ccc(S(=O)(=O)N(CCCC)c2cccc(-c3ccc(Cl)cc3)c2C)c(C)c1C)C(=O)O,5.4,IC50,False,572.1670000000001,4,1,7.949860000000008,<rdkit.DataStructs.cDataStructs.ExplicitBitVect object at 0x117abdcb0>,39
CCCCCN(c1cccc(-c2ccc(Cl)cc2)c1C)S(=O)(=O)c1ccc(OC(C)C(=O)O)c(C)c1C,5.3,IC50,False,544.1130000000002,4,1,7.1696600000000075,<rdkit.DataStructs.cDataStructs.ExplicitBitVect object at 0x117abdd20>,37
N#Cc1ccc(OCCN(CCOc2ccc(C#N)cc2)c2ccc(C=C3C(=O)NC(=O)NC3=O)cc2)cc1,5.19,IC50,False,521.5330000000002,8,2,3.1437600000000003,<rdkit.DataStructs.cDataStructs.ExplicitBitVect object at 0x117abdd90>,39
C/C(=N/OCCOc1cccc(CC2SC(=O)NC2=O)c1)c1ccc(-c2ccccc2)cc1,6.72,IC50,True,460.5550000000001,6,1,5.067300000000004,<rdkit.DataStructs.cDataStructs.ExplicitBitVect object at 0x117abde00>,33
COc1cc(C(F)(F)F)nc2ccc(COc3ccc(OCc4ccc(F)cc4)c(/C=C(\CC4CC4)C(=O)O)c3)cc12,5.08,IC50,False,581.5620000000004,5,1,7.827400000000007,<rdkit.DataStructs.cDataStructs.ExplicitBitVect object at 0x117abde70>,42
CCN(Cc1cccc(C(=O)N(CC)Cc2ccc(CCC(=O)O)cc2)c1)C(=O)c1ccccc1,4.25,IC50,False,472.5850000000002,3,1,5.028400000000005,<rdkit.DataStructs.cDataStructs.ExplicitBitVect object at 0x117abdee0>,35
CCOC(Cc1ccc2c(ccn2Cc2nc(-c3ccccc3OC(C)C)oc2C)c1)C(=O)O,5.27,IC50,False,462.5460000000002,6,1,5.472420000000005,<rdkit.DataStructs.cDataStructs.ExplicitBitVect object at 0x117abdf50>,34
CCOC(Cc1ccc2c(ccn2Cc2nc(-c3ccc(CC)cc3)oc2C)c1)C(=O)O,7.57,IC50,True,432.5200000000002,5,1,5.247620000000004,<rdkit.DataStructs.cDataStructs.ExplicitBitVect object at 0x117abdfc0>,32
CCOC(Cc1ccc2c(ccn2Cc2nc(-c3cc(OC)cc(OC)c3)oc2C)c1)C(=O)O,7.6,IC50,True,464.51800000000026,7,1,4.702420000000004,<rdkit.DataStructs.cDataStructs.ExplicitBitVect object at 0x117abe030>,34
Cc1oc(-c2cccs2)nc1CCOc1ccc(C[C@](C)(Oc2ccccc2)C(=O)O)cc1,8.0,IC50,True,463.5550000000002,6,1,5.797820000000006,<rdkit.DataStructs.cDataStructs.ExplicitBitVect object at 0x117abe0a0>,33
CCCc1cc(Oc2ccc(Cl)cc2)ccc1OCCCOc1cccc([C@H]2SC(=O)NC2=O)c1,7.14,IC50,True,512.0270000000004,6,1,6.956800000000006,<rdkit.DataStructs.cDataStructs.ExplicitBitVect object at 0x117abe110>,35
Cc1oc(-c2ccccc2)nc1CCOc1ccc(CCC2=C(C(=O)O)CCN(C(=O)OCC(C)C)C2)cc1,6.59,IC50,True,532.6370000000005,6,1,6.083620000000005,<rdkit.DataStructs.cDataStructs.ExplicitBitVect object at 0x117abe180>,39
CCOC(Cc1ccc(OCCc2nc(-c3ccccc3)oc2C)c2ccccc12)C(=O)O,7.52,IC50,True,445.51500000000016,5,1,5.4569200000000055,<rdkit.DataStructs.cDataStructs.ExplicitBitVect object at 0x117abe1f0>,33
CC(=O)c1ccccc1N[C@@H](Cc1ccc(OCCc2nc(-c3ccccc3)oc2C)cc1)C(=O)O,9.0,IC50,True,484.55200000000013,6,2,5.5819200000000055,<rdkit.DataStructs.cDataStructs.ExplicitBitVect object at 0x117abe260>,36
COC(Cc1ccc(OCCc2nc(-c3ccccc3)oc2C)c2ccccc12)C(=O)O,6.95,IC50,True,431.48800000000017,5,1,5.066820000000005,<rdkit.DataStructs.cDataStructs.ExplicitBitVect object at 0x117abe2d0>,32
O=C(O)c1ccc(-c2nc(C(=O)c3c(Cl)cccc3C(F)(F)F)n3ccccc23)c(F)c1,6.5,IC50,True,462.78600000000006,4,1,5.741800000000003,<rdkit.DataStructs.cDataStructs.ExplicitBitVect object at 0x117abe340>,32
O=C(O)c1ccc(-c2nc(C(=O)c3ccccc3C(F)(F)F)n3c2CCCC3)c(F)c1,5.25,IC50,False,432.3730000000002,4,1,4.973500000000003,<rdkit.DataStructs.cDataStructs.ExplicitBitVect object at 0x117abe3b0>,31
CCCc1cc(Oc2ccc(C(C)C)cc2)ccc1OCCCOc1cccc(C2SC(=O)NC2=O)c1,6.77,IC50,True,519.6630000000004,6,1,7.426800000000006,<rdkit.DataStructs.cDataStructs.ExplicitBitVect object at 0x117abe420>,37
Cc1ccc(Cn2nc(CCCc3ccc(OC(C)(C)C(=O)O)cc3)n(C)c2=O)cc1C,5.77,IC50,True,437.5400000000002,6,1,3.664240000000002,<rdkit.DataStructs.cDataStructs.ExplicitBitVect object at 0x117abe490>,32
Cc1c(C)n(Cc2ccc(-c3ccccc3)cc2)c2ccc(C(=O)N[C@@H](C)c3cccc4c3OCO4)cc12,8.0,IC50,True,502.6140000000003,4,1,7.193140000000006,<rdkit.DataStructs.cDataStructs.ExplicitBitVect object at 0x117abe500>,38
COc1cc(F)cc([C@H](C)NC(=O)c2ccc3c(c2)c(C)c(C)n3Cc2ccc(-c3ccccc3)cc2)c1,7.92,IC50,True,506.62100000000027,3,1,7.612140000000007,<rdkit.DataStructs.cDataStructs.ExplicitBitVect object at 0x117abe570>,38
Cc1c(C)n(Cc2ccc(-c3ccccc3)cc2)c2ccc(C(=O)N[C@@H](C)c3cccc(F)c3Cl)cc12,8.4,IC50,True,511.04000000000025,2,1,8.256940000000004,<rdkit.DataStructs.cDataStructs.ExplicitBitVect object at 0x117abe5e0>,37
Cc1oc(-c2ccc(-c3ncccn3)cc2)nc1CCOc1ccc(CCC(=O)O)c(CNC(=O)OC(C)C)c1,7.3,IC50,True,544.6080000000003,8,2,5.380320000000004,<rdkit.DataStructs.cDataStructs.ExplicitBitVect object at 0x117abe650>,40
CCC(Cc1ccc(OCCc2nc(-c3ccccc3)oc2C)cc1)(Oc1ccccc1)C(=O)O,6.54,IC50,True,471.55300000000017,5,1,6.126420000000007,<rdkit.DataStructs.cDataStructs.ExplicitBitVect object at 0x117abe6c0>,35
CCCc1c(OCCCSc2ccc(CC(=O)O)cc2Cl)ccc(/C(CC)=N/O)c1O,7.32,IC50,True,465.9990000000002,6,3,5.7747000000000055,<rdkit.DataStructs.cDataStructs.ExplicitBitVect object at 0x117abe730>,31
CCCc1cc(Oc2ccc(C)cc2)ccc1OCCCOc1ccc(C2SC(=O)NC2=O)cc1,5.58,IC50,True,491.6090000000002,6,1,6.611820000000006,<rdkit.DataStructs.cDataStructs.ExplicitBitVect object at 0x117abe7a0>,35
CCCc1cc2c(oc(=O)n2CC(F)(F)F)c(CCC)c1O[C@H](C(=O)O)c1ccc(C(C)C)cc1,6.96,IC50,True,493.5220000000003,5,1,6.389900000000006,<rdkit.DataStructs.cDataStructs.ExplicitBitVect object at 0x117abe810>,35
CCCc1cc2c(oc(=O)n2CC)c(CCC)c1O[C@H](C(=O)O)c1ccc(Cl)cc1,6.66,IC50,True,431.91600000000005,5,1,5.377500000000005,<rdkit.DataStructs.cDataStructs.ExplicitBitVect object at 0x117abe880>,30
CCC(C)(Cc1ccc(OCCCOc2ccc(Oc3ccc(F)cc3)cc2Cl)cc1)C(=O)O,5.91,IC50,True,486.9670000000001,4,1,7.162700000000006,<rdkit.DataStructs.cDataStructs.ExplicitBitVect object at 0x117abe8f0>,34
CC[C@]1(C(=O)O)CCc2ccc(OCCCOc3ccc(OC(F)(F)F)cc3Cl)cc2O1,5.58,IC50,True,474.8590000000001,5,1,5.644900000000005,<rdkit.DataStructs.cDataStructs.ExplicitBitVect object at 0x117abe960>,32
O=S(=O)(Nc1cc(F)c(Oc2cncc(Cl)c2)c(Cl)c1)c1ccc(Cl)cc1Cl,7.75,IC50,True,482.14700000000016,4,1,6.427400000000002,<rdkit.DataStructs.cDataStructs.ExplicitBitVect object at 0x117abe9d0>,28
CCCc1cc(C2CCCCCC2)ccc1OCCCOc1cccc(C2OC(=O)NC2=O)c1,6.19,IC50,True,465.5900000000002,5,1,6.232300000000006,<rdkit.DataStructs.cDataStructs.ExplicitBitVect object at 0x117abea40>,34
C[C@H](CCOc1ccc(CCC(=O)O)c(F)c1)Oc1ccc(Cl)cc1Oc1ccccc1,7.2,IC50,True,458.9130000000001,4,1,6.525000000000005,<rdkit.DataStructs.cDataStructs.ExplicitBitVect object at 0x117abeab0>,32
CCCc1ccc(Oc2c(C)n(-c3noc4cc(Cl)ccc34)c3ccc(OC(F)(F)F)cc23)cc1O[C@@H](C)C(=O)O,7.7,IC50,True,588.9660000000001,7,1,8.228820000000008,<rdkit.DataStructs.cDataStructs.ExplicitBitVect object at 0x117abeb20>,41
CCCn1c(CCCc2ccc(OC(C)(C)C(=O)O)cc2)nn(CC2CCCCC2)c1=O,5.77,IC50,True,443.5880000000003,6,1,4.4524000000000035,<rdkit.DataStructs.cDataStructs.ExplicitBitVect object at 0x117abeb90>,32
CCCN(c1cccc(-c2ccc(Cl)cc2)c1C)S(=O)(=O)c1ccc(OC(C)C(=O)O)c(C)c1C,5.1,IC50,False,516.0590000000002,4,1,6.389460000000007,<rdkit.DataStructs.cDataStructs.ExplicitBitVect object at 0x117abec00>,35
CCCCN(c1cc(-c2ccc(Cl)cc2)ccc1OC(F)(F)F)S(=O)(=O)c1ccc(OC(C)C(=O)O)c(C)c1C,5.0,IC50,False,600.0550000000002,5,1,7.369740000000007,<rdkit.DataStructs.cDataStructs.ExplicitBitVect object at 0x117abec70>,40
CCCCN(c1cccc(-c2ccc(Cl)c(Cl)c2)c1C)S(=O)(=O)c1ccc(OC(C)C(=O)O)c(C)c1C,5.3,IC50,False,564.5310000000002,4,1,7.432960000000007,<rdkit.DataStructs.cDataStructs.ExplicitBitVect object at 0x117abece0>,37
CCCc1cc(Oc2ccc(F)cc2)ccc1OCCCOc1ccc(CC(C)(C)C(=O)O)cc1,5.96,IC50,True,480.57600000000036,4,1,7.071700000000007,<rdkit.DataStructs.cDataStructs.ExplicitBitVect object at 0x117abed50>,35
CC(C)(Oc1ccc(OCCCOc2ccc(Oc3ccc(F)cc3)cc2Cl)cc1)C(=O)O,6.01,IC50,True,474.91200000000003,5,1,6.361300000000005,<rdkit.DataStructs.cDataStructs.ExplicitBitVect object at 0x117abedc0>,33
CCCc1cc(C(=O)C2CCCCC2)ccc1OCCCOc1cccc([C@@H]2SC(=O)NC2=O)c1,7.34,IC50,True,495.6410000000002,6,1,6.274100000000006,<rdkit.DataStructs.cDataStructs.ExplicitBitVect object at 0x117abee30>,35
CCCCN(c1cccc(-c2ccc(Cl)cc2)c1C)S(=O)(=O)c1ccc(OC(C)C(=O)O)c(C2CCCCC2)c1,5.1,IC50,False,584.178,4,1,8.210420000000006,<rdkit.DataStructs.cDataStructs.ExplicitBitVect object at 0x117abeea0>,40
CCCCN(c1ccc(F)c(-c2ccc(Cl)cc2)c1)S(=O)(=O)c1ccc(OC(C)C(=O)O)c(C)c1C,5.7,IC50,True,534.0490000000002,4,1,6.610240000000007,<rdkit.DataStructs.cDataStructs.ExplicitBitVect object at 0x117abef10>,36
CCCCN(c1cccc(-c2ccccc2Cl)c1C)S(=O)(=O)c1ccc(OC(C)C(=O)O)c(C)c1C,5.3,IC50,False,530.0860000000002,4,1,6.779560000000006,<rdkit.DataStructs.cDataStructs.ExplicitBitVect object at 0x117abef80>,36
CCOC(Cc1ccc2c(ccn2Cc2nc(-c3ccccc3F)oc2C)c1)C(=O)O,6.71,IC50,True,422.45600000000013,5,1,4.824320000000005,<rdkit.DataStructs.cDataStructs.ExplicitBitVect object at 0x117abeff0>,31
Cc1c(Oc2ccc(Cl)cc2)c2ccc(F)nc2n1Cc1ccc(F)c(O[C@@H](C)C(=O)O)c1,7.64,IC50,True,472.8750000000002,5,1,5.9688200000000045,<rdkit.DataStructs.cDataStructs.ExplicitBitVect object at 0x117abf060>,33
COc1cc(OCC(=O)O)c(C)cc1SCc1ccc(OCc2ccc(C(F)(F)F)cc2)cc1,4.63,IC50,False,492.51500000000016,5,1,6.3571200000000045,<rdkit.DataStructs.cDataStructs.ExplicitBitVect object at 0x117abf0d0>,34
Cc1oc(-c2ccccc2)nc1CCOc1ccc(OC(C)(Cc2ccccc2)C(=O)O)cc1,6.31,IC50,True,457.5260000000002,5,1,5.736320000000005,<rdkit.DataStructs.cDataStructs.ExplicitBitVect object at 0x117abf140>,34
Cc1cccc(OS(=O)(=O)/C=C/c2ccccc2)c1,5.93,IC50,True,274.341,3,0,3.374520000000002,<rdkit.DataStructs.cDataStructs.ExplicitBitVect object at 0x117abf1b0>,19
CC[C@]1(C(=O)O)CCc2ccc(OCCCOc3ccc(C4CCC(C)(C)CC4)cc3Cl)cc2O1,5.24,IC50,False,501.0630000000003,4,1,7.430100000000008,<rdkit.DataStructs.cDataStructs.ExplicitBitVect object at 0x117abf220>,35
CCCC(Oc1cccc(Cc2c(C)n(C(=O)c3ccc(OC)cc3)c3ccc(OC(F)(F)F)cc23)c1)C(=O)O,8.4,IC50,True,555.5490000000002,6,1,6.768320000000005,<rdkit.DataStructs.cDataStructs.ExplicitBitVect object at 0x117abf290>,40
Cc1oc(-c2ccccc2)nc1CCOc1cccc(Cc2nnn(-c3ccccc3)c2C(=O)O)c1,5.83,IC50,True,480.52400000000017,7,1,5.141220000000004,<rdkit.DataStructs.cDataStructs.ExplicitBitVect object at 0x117abf300>,36
CN(C/C=C/c1ccc(C[C@@H](C(=O)O)n2cccc2)cc1)c1ccccn1,4.92,IC50,False,361.44500000000005,4,1,3.9011000000000022,<rdkit.DataStructs.cDataStructs.ExplicitBitVect object at 0x117abf370>,27
CCCc1cc(Oc2ccccc2)ccc1OCCCOc1ccc(C2SC(=O)NC2=O)cc1Cl,6.37,IC50,True,512.0270000000002,6,1,6.956800000000006,<rdkit.DataStructs.cDataStructs.ExplicitBitVect object at 0x117abf3e0>,35
Cc1oc(-c2ccccc2)nc1CCOc1ccc(CCC(=O)O)c(CNC(=O)CCc2ccccc2)c1,6.79,IC50,True,512.6060000000003,5,2,5.537720000000004,<rdkit.DataStructs.cDataStructs.ExplicitBitVect object at 0x117abf450>,38
CCC/C(=C\c1cc(OCc2ccc3nc(C(F)(F)F)cc(OC)c3c2)ccc1OCc1ccc(F)cc1)C(=O)O,5.5,IC50,True,569.5510000000003,5,1,7.827400000000007,<rdkit.DataStructs.cDataStructs.ExplicitBitVect object at 0x117abf4c0>,41
Cc1cc(Oc2cccc(CNC(=O)c3ccc(C(F)(F)F)cc3)c2)ccc1OC(C)(C)C(=O)O,7.75,IC50,True,487.47400000000016,4,2,5.978120000000005,<rdkit.DataStructs.cDataStructs.ExplicitBitVect object at 0x117abf530>,35
Cc1oc(-c2cccc(-c3ccccc3)c2)nc1CCOc1ccc(CC(C)(Oc2ccccc2)C(=O)O)cc1,7.15,IC50,True,533.6240000000004,5,1,7.403320000000007,<rdkit.DataStructs.cDataStructs.ExplicitBitVect object at 0x117abf5a0>,40
CC(C)(C)c1ccc(-n2c(C(=O)O)c(Oc3cccc(C(F)(F)F)c3)c3cc(Oc4ccc[nH]4)ccc32)cc1,7.96,IC50,True,534.5340000000002,4,2,8.557700000000002,<rdkit.DataStructs.cDataStructs.ExplicitBitVect object at 0x117abf610>,39
CCCc1c(OCCCCOc2cccc3c2ccn3CC(=O)O)ccc2c(C(F)(F)F)noc12,6.11,IC50,True,490.4780000000002,6,1,6.076400000000004,<rdkit.DataStructs.cDataStructs.ExplicitBitVect object at 0x117abf680>,35
Cc1c(C)n(Cc2ccc(-c3ccccc3C(=O)O)cc2)c2ccc(C(=O)N[C@@H](C)c3cccc(C(C)(C)O)c3)cc12,7.77,IC50,True,560.6940000000003,4,3,7.390040000000009,<rdkit.DataStructs.cDataStructs.ExplicitBitVect object at 0x117abf6f0>,42
Cc1oc(-c2ccccc2)nc1CCOc1ccc(OC(C)(Cc2ccccc2)C(=O)O)cc1,6.31,IC50,True,457.5260000000002,5,1,5.736320000000005,<rdkit.DataStructs.cDataStructs.ExplicitBitVect object at 0x117abf760>,34
O=C(O)COc1cccc2c1CCN(S(=O)(=O)c1cccc(C(=O)Nc3ccc(Cl)cc3C(=O)O)c1)C2,5.1,IC50,False,544.9690000000002,6,3,3.5009000000000023,<rdkit.DataStructs.cDataStructs.ExplicitBitVect object at 0x117abf7d0>,37
COc1ccc2c(ccn2S(=O)(=O)c2cccc(C(=O)Nc3ccc(Cl)cc3C(=O)O)c2)c1C,5.5,IC50,True,498.94400000000024,6,2,4.799220000000004,<rdkit.DataStructs.cDataStructs.ExplicitBitVect object at 0x117abf840>,34
CCOC(Cc1ccc(OCCc2nc(-c3ccccc3)oc2C)c2ccsc12)C(=O)O,8.15,IC50,True,451.54400000000015,6,1,5.518420000000004,<rdkit.DataStructs.cDataStructs.ExplicitBitVect object at 0x117abf8b0>,32
COc1ccccc1-c1nc(CCOc2ccc(CC(OC)C(=O)O)c3sccc23)c(C)o1,6.04,IC50,True,467.5430000000002,7,1,5.136920000000004,<rdkit.DataStructs.cDataStructs.ExplicitBitVect object at 0x117abf920>,33
CCO[C@@H](Cc1ccc(OCCc2nc(-c3ccc(C(F)(F)F)cc3)oc2C)c2ccsc12)C(=O)O,7.77,IC50,True,519.5410000000002,6,1,6.537220000000006,<rdkit.DataStructs.cDataStructs.ExplicitBitVect object at 0x117abf990>,36
Cc1oc(-c2ccc(C(C)C)cc2)nc1CCOc1ccc(C[C@H](OCC2CC2)C(=O)O)c2sccc12,8.3,IC50,True,519.6630000000002,6,1,7.031920000000007,<rdkit.DataStructs.cDataStructs.ExplicitBitVect object at 0x117abfa00>,37
CCCC(=O)NC[C@H](Cc1ccc(OCCc2nc(-c3ccccc3)oc2C)cc1)Nc1ccccc1C(=O)c1ccccc1,5.6,IC50,True,601.7470000000002,6,2,7.442020000000008,<rdkit.DataStructs.cDataStructs.ExplicitBitVect object at 0x117abfa70>,45
CCC1(C(=O)O)Cc2cc(OCCCOc3ccc(C(C)(C)C)cc3Cl)ccc2O1,5.36,IC50,False,432.94400000000013,4,1,5.653700000000006,<rdkit.DataStructs.cDataStructs.ExplicitBitVect object at 0x117abfae0>,30
COc1ccc(OC(=O)N(CC(=O)O)Cc2ccc(OCCc3nc(-c4ccc(O)cc4)oc3C)cc2)cc1,5.69,IC50,True,532.5490000000003,8,2,5.0713200000000045,<rdkit.DataStructs.cDataStructs.ExplicitBitVect object at 0x117abfb50>,39
C#CCOC(=O)N1CCc2c(OCCc3nc(-c4ccccc4)oc3C)ccc(CCC(=O)O)c2C1,7.62,IC50,True,488.5400000000003,6,1,4.4166200000000035,<rdkit.DataStructs.cDataStructs.ExplicitBitVect object at 0x117abfbc0>,36
Cc1sc(N2CCOCC2)nc1CCOc1ccc(CCC(=O)O)c(CNC(=O)OC(C)C)c1,7.66,IC50,True,491.6100000000003,8,2,3.561420000000002,<rdkit.DataStructs.cDataStructs.ExplicitBitVect object at 0x117abfc30>,34
CCC(C)(C)c1ccc(OCCCOc2ccc3c(c2)O[C@@](C)(C(=O)O)CC3)c(Cl)c1,4.82,IC50,False,446.97100000000023,4,1,6.043800000000006,<rdkit.DataStructs.cDataStructs.ExplicitBitVect object at 0x117abfca0>,31
Cc1oc(-c2ccccc2)nc1CCCc1ccc(CC(C(=O)O)c2cccc(-c3ccccc3)c2)cc1,5.55,IC50,True,501.62600000000015,3,1,7.903220000000006,<rdkit.DataStructs.cDataStructs.ExplicitBitVect object at 0x117abfd10>,38
CCCCCS(=O)(=O)NC(=O)CCc1cc(OC(C)C)nn1Cc1ccc(C(F)(F)F)cc1Cl,7.68,IC50,True,524.0050000000002,6,1,4.9596000000000044,<rdkit.DataStructs.cDataStructs.ExplicitBitVect object at 0x117abfd80>,34
CC(C)(C)c1ccc(-n2c(C(=O)O)c(Oc3ccc(OC(F)(F)F)cc3)c3ccccc32)cc1,7.31,IC50,True,469.4590000000001,4,1,7.317100000000005,<rdkit.DataStructs.cDataStructs.ExplicitBitVect object at 0x117abfdf0>,34
O=C(O)c1c(Oc2cccc(C(F)(F)F)c2)c2ccccc2n1-c1ccc(C(F)(F)F)cc1,6.97,IC50,True,465.34900000000005,3,1,7.158600000000005,<rdkit.DataStructs.cDataStructs.ExplicitBitVect object at 0x117abfe60>,33
CC(C)(C)c1ccc(-n2c(C(=O)O)c(Oc3cccc(C(F)(F)F)c3)c3cc(O)ccc32)cc1,6.5,IC50,True,469.4590000000001,4,2,7.142900000000005,<rdkit.DataStructs.cDataStructs.ExplicitBitVect object at 0x117abfed0>,34
CCCc1c(OCCCSc2ccc(CC(=O)O)cc2Cl)ccc2c(-c3ccccc3)coc12,7.03,IC50,True,495.0400000000002,4,1,7.894000000000006,<rdkit.DataStructs.cDataStructs.ExplicitBitVect object at 0x117abff40>,34
Cc1oc(-c2ccccc2)nc1CCOc1ccc(OC(C)(C)C(=O)O)cc1,5.59,IC50,True,381.4280000000001,5,1,4.513520000000002,<rdkit.DataStructs.cDataStructs.ExplicitBitVect object at 0x117ad0040>,28
CCCc1c(OCCOc2cccc3c2ccn3CC(=O)O)ccc2c(C(F)(F)F)noc12,5.83,IC50,True,462.42400000000015,6,1,5.296200000000003,<rdkit.DataStructs.cDataStructs.ExplicitBitVect object at 0x117ad00b0>,33
CCCc1c(OCCOc2ccc3c(ccn3CC(=O)O)c2)ccc2c(C(F)(F)F)noc12,6.38,IC50,True,462.4240000000001,6,1,5.296200000000003,<rdkit.DataStructs.cDataStructs.ExplicitBitVect object at 0x117ad0120>,33
CCCc1c(OCCCOc2cccc3c2ccn3CC(=O)O)ccc2c(C(F)(F)F)noc12,5.7,IC50,True,476.4510000000002,6,1,5.686300000000004,<rdkit.DataStructs.cDataStructs.ExplicitBitVect object at 0x117ad0190>,34
CCCc1c(OCCC(C)CCOc2cccc3c2ccn3CC(=O)O)ccc2c(C(F)(F)F)noc12,5.84,IC50,True,518.5320000000002,6,1,6.712500000000006,<rdkit.DataStructs.cDataStructs.ExplicitBitVect object at 0x117ad0200>,37
CCCc1c(OCCCOc2ccc3c(ccn3CCC(=O)O)c2)ccc2c(C(F)(F)F)noc12,6.23,IC50,True,490.47800000000024,6,1,6.076400000000004,<rdkit.DataStructs.cDataStructs.ExplicitBitVect object at 0x117ad0270>,35
CC(C)CCS(=O)(=O)NC(=O)/C=C/c1cc(OC(C)C)nn1Cc1ccc(C(F)(F)F)cc1Cl,7.82,IC50,True,521.9890000000003,6,1,4.896100000000004,<rdkit.DataStructs.cDataStructs.ExplicitBitVect object at 0x117ad02e0>,34
COc1ccc(C(=O)n2c(C)c(Cc3cccc(OC(C)(C)C(=O)O)c3)c3cc(OC(F)(F)F)ccc32)cc1,8.52,IC50,True,541.5220000000002,6,1,6.378220000000005,<rdkit.DataStructs.cDataStructs.ExplicitBitVect object at 0x117ad0350>,39
CC(C)c1ccc(OCCCOc2ccc3c(c2)O[C@@](C)(C(=O)O)CC3)c(Cl)c1,5.3,IC50,False,418.91700000000014,4,1,5.479600000000005,<rdkit.DataStructs.cDataStructs.ExplicitBitVect object at 0x117ad03c0>,29
CC(C)(C)c1ccc(-n2c(C(=O)O)c(Oc3cccc(C(F)(F)F)c3)c3ccc(Cl)cc32)cc1,7.57,IC50,True,487.90500000000014,3,1,8.090700000000004,<rdkit.DataStructs.cDataStructs.ExplicitBitVect object at 0x117ad0430>,34
CCOc1ccc2c(c1)c(Oc1cccc(C(F)(F)F)c1)c(C(=O)O)n2-c1ccc(C(C)(C)C)cc1,7.75,IC50,True,497.5130000000002,4,1,7.8360000000000065,<rdkit.DataStructs.cDataStructs.ExplicitBitVect object at 0x117ad04a0>,36
COc1ccc(C(=O)c2c(C)n(Cc3cccc(O[C@@H](C)C(=O)O)c3)c3nc(C)ccc23)cc1,7.8,IC50,True,458.5140000000002,6,1,4.792940000000004,<rdkit.DataStructs.cDataStructs.ExplicitBitVect object at 0x117ad0510>,34
CCc1ccc(O[C@H](C)CCOc2ccc(CCC(=O)O)c(C)c2)c(Cc2ccccc2)c1,7.23,IC50,True,446.58700000000016,3,1,6.401820000000007,<rdkit.DataStructs.cDataStructs.ExplicitBitVect object at 0x117ad0580>,33
CCCc1cc(C(=O)CC)cc(CCC)c1O[C@H](C(=O)O)c1ccc(C(F)(F)F)cc1,6.68,IC50,True,436.47,3,1,6.407800000000005,<rdkit.DataStructs.cDataStructs.ExplicitBitVect object at 0x117ad05f0>,31
CCCc1cc(C2CCOCC2)ccc1OCCCOc1cccc([C@@H]2OC(=O)NC2=O)c1,6.12,IC50,True,453.53500000000014,6,1,4.688500000000004,<rdkit.DataStructs.cDataStructs.ExplicitBitVect object at 0x117ad0660>,33
Cc1oc(-c2ccccc2)nc1CCOc1cccc(CN(CC(=O)O)Cc2ccccc2)c1,6.62,IC50,True,456.5420000000002,5,1,5.3583200000000035,<rdkit.DataStructs.cDataStructs.ExplicitBitVect object at 0x117ad06d0>,34
Cc1oc(-c2ccccc2)nc1CCOc1ccc(CN(CC(=O)O)Cc2cccc(Oc3ccccc3)c2)cc1,6.32,IC50,True,548.6390000000004,6,1,7.150620000000006,<rdkit.DataStructs.cDataStructs.ExplicitBitVect object at 0x117ad0740>,41
N#Cc1cccc(Cl)c1C(=O)c1nc(-c2ccc(C(=O)O)cc2F)c2n1CCCC2,5.11,IC50,False,423.83100000000024,5,1,4.4797800000000025,<rdkit.DataStructs.cDataStructs.ExplicitBitVect object at 0x117ad07b0>,30
CCCOC(Cc1ccc(OCCc2nc(-c3ccccc3)oc2C)c2ccccc12)C(=O)O,8.15,IC50,True,459.54200000000014,5,1,5.847020000000006,<rdkit.DataStructs.cDataStructs.ExplicitBitVect object at 0x117ad0820>,34
CCCCCCC(Sc1nc(Cl)cc(Nc2ccc(-c3ccc(C#N)cc3)cc2)n1)C(=O)O,5.82,IC50,True,481.0210000000002,6,2,6.927980000000006,<rdkit.DataStructs.cDataStructs.ExplicitBitVect object at 0x117ad0890>,33
Cc1c(C)n(Cc2ccc(-c3ccccc3C(=O)O)cc2)c2ccc(C(=O)N[C@@H](C)c3cccc(C(C)C)c3)cc12,7.52,IC50,True,544.6950000000003,3,2,8.286040000000005,<rdkit.DataStructs.cDataStructs.ExplicitBitVect object at 0x117ad0900>,41
Cc1cc2c(CC(=O)O)csc2cc1OCc1ccccc1COc1ccc(C(F)(F)F)cc1,5.12,IC50,False,486.51100000000014,4,1,7.013620000000004,<rdkit.DataStructs.cDataStructs.ExplicitBitVect object at 0x117ad0970>,34
O=C(O)Cc1csc2cc(OCc3cccc(COc4ccc(C(F)(F)F)cc4)c3)ccc12,5.24,IC50,False,472.48400000000015,4,1,6.705200000000004,<rdkit.DataStructs.cDataStructs.ExplicitBitVect object at 0x117ad09e0>,33
Cc1oc(-c2ccccc2)nc1CCOc1ccc(-c2nn(-c3ccccc3)nc2CC(=O)O)cc1,6.29,IC50,True,480.52400000000017,7,1,5.146320000000005,<rdkit.DataStructs.cDataStructs.ExplicitBitVect object at 0x117ad0a50>,36
COc1ccc(COCCN(CCOc2ccccn2)c2ccc(C=C3C(=O)NC(=O)NC3=O)cc2)cc1,4.08,IC50,False,516.5540000000002,8,2,2.9418000000000006,<rdkit.DataStructs.cDataStructs.ExplicitBitVect object at 0x117ad0ac0>,38
CCCc1cc(Oc2ccc(NS(=O)(=O)c3ccc(C)cc3)cc2)ccc1OCCCOc1ccc(C2SC(=O)NC2=O)cc1,5.24,IC50,False,646.7870000000004,8,2,7.412620000000007,<rdkit.DataStructs.cDataStructs.ExplicitBitVect object at 0x117ad0b30>,45
COc1cc(C2NC(=O)NC(C)=C2C(=O)O)ccc1OCCOc1cccc2ccc(C)nc12,6.1,IC50,True,463.4900000000003,6,3,3.722120000000003,<rdkit.DataStructs.cDataStructs.ExplicitBitVect object at 0x117ad0ba0>,34
CCCc1cc(C2CCCCC2)ccc1OCCCOc1cccc([C@H]2SC(=O)NC2=O)c1,6.47,IC50,True,467.63100000000014,5,1,6.558800000000007,<rdkit.DataStructs.cDataStructs.ExplicitBitVect object at 0x117ad0c10>,33
CCCc1cc(Oc2ccc(Cl)c(Cl)c2)ccc1OCCCOc1cccc(C2SC(=O)NC2=O)c1,7.19,IC50,True,546.4720000000003,6,1,7.610200000000006,<rdkit.DataStructs.cDataStructs.ExplicitBitVect object at 0x117ad0c80>,36
CC(C)(C)c1ccc(-n2c(C(=O)O)c(Oc3cccc(C(F)(F)F)c3)c3ccc(Cl)nc32)cc1,7.68,IC50,True,488.89300000000014,4,1,7.485700000000004,<rdkit.DataStructs.cDataStructs.ExplicitBitVect object at 0x117ad0cf0>,34
COc1cccc(Oc2c(C(=O)O)n(-c3ccc(C(C)(C)C)cc3)c3nc(Cl)ccc23)c1,6.98,IC50,True,450.9220000000002,5,1,6.475500000000005,<rdkit.DataStructs.cDataStructs.ExplicitBitVect object at 0x117ad0d60>,32
CCc1ccc([C@H](O)COc2ccc(CC3SC(=O)NC3=O)cc2)nc1,5.51,IC50,True,372.4460000000001,6,2,2.6505,<rdkit.DataStructs.cDataStructs.ExplicitBitVect object at 0x117ad0dd0>,26
CC(O)c1ccc(CCOc2ccc(CC3SC(=O)NC3=O)cc2)nc1,4.89,IC50,False,372.4460000000001,6,2,2.650500000000001,<rdkit.DataStructs.cDataStructs.ExplicitBitVect object at 0x117ad0e40>,26
COc1ccc(C(=O)c2c(C)n(Cc3cc(O[C@@H](C)C(=O)O)ccc3F)c3ncccc23)cc1,8.3,IC50,True,462.4770000000001,6,1,4.623620000000003,<rdkit.DataStructs.cDataStructs.ExplicitBitVect object at 0x117ad0eb0>,34
CCn1c(SCC(=O)Nc2ccc(C(=O)O)cc2)nnc1-c1cc2cccc(OC)c2o1,4.4,IC50,False,452.49200000000025,8,2,4.148800000000002,<rdkit.DataStructs.cDataStructs.ExplicitBitVect object at 0x117ad0f20>,32
Cc1c(C)c2c(c(C)c1O)CCC(C)(COc1ccc(CC3SC(=O)NC3=O)cc1)O2,5.58,IC50,True,441.54900000000015,6,2,4.374260000000002,<rdkit.DataStructs.cDataStructs.ExplicitBitVect object at 0x117ad0f90>,31
Cc1oc(-c2ccccc2)nc1CCOc1cccc(CN(CC(=O)O)Cc2ccc(Oc3ccccc3)cc2)c1,6.64,IC50,True,548.6390000000004,6,1,7.150620000000006,<rdkit.DataStructs.cDataStructs.ExplicitBitVect object at 0x117ad1000>,41
O=C(Nc1ccc(F)cc1C(=O)O)c1cccc(S(=O)(=O)N2CCc3ccccc3C2)c1,5.2,IC50,False,454.4790000000002,4,2,3.5232000000000028,<rdkit.DataStructs.cDataStructs.ExplicitBitVect object at 0x117ad1070>,32
COc1ccc2ccn(S(=O)(=O)c3cccc(C(=O)Nc4ccc(C)cc4C(=O)O)c3)c2c1,5.1,IC50,False,464.4990000000002,6,2,4.145820000000002,<rdkit.DataStructs.cDataStructs.ExplicitBitVect object at 0x117ad10e0>,33
COc1ccc2c(ccn2S(=O)(=O)c2cccc(C(=O)Nc3ccc(C)cc3C(=O)O)c2)c1C,5.5,IC50,True,478.52600000000024,6,2,4.454240000000003,<rdkit.DataStructs.cDataStructs.ExplicitBitVect object at 0x117ad1150>,34
COc1cc(C2NC(=O)NC(C)=C2C(=O)O)ccc1OCCn1ccc2cccnc21,6.14,IC50,True,422.4410000000002,6,3,2.836400000000001,<rdkit.DataStructs.cDataStructs.ExplicitBitVect object at 0x117ad11c0>,31
COc1ccc2c(-n3c(=O)n(Cc4cccc(O[C@H](C)C(=O)O)c4)c4cc(C(F)(F)F)ccc43)noc2c1,6.03,IC50,True,527.4550000000002,8,1,4.861000000000003,<rdkit.DataStructs.cDataStructs.ExplicitBitVect object at 0x117ad1230>,38
Cc1c(Oc2ccc(Cl)cc2)c2ccc(F)nc2n1Cc1ccc(Cl)c(O[C@@H](C)C(=O)O)c1,8.52,IC50,True,489.33000000000027,5,1,6.483120000000006,<rdkit.DataStructs.cDataStructs.ExplicitBitVect object at 0x117ad12a0>,33
CCCc1cc(Oc2ccccc2)ccc1OCCCOc1ccc2c(c1)OC(CCC)(C(=O)O)CC2,6.43,IC50,True,504.6230000000004,5,1,7.227800000000007,<rdkit.DataStructs.cDataStructs.ExplicitBitVect object at 0x117ad1310>,37
Cc1ccccc1CNC(=O)c1ccc2c(c1)c(C)c(C)n2Cc1ccc(-c2ccccc2C(=O)O)cc1,8.22,IC50,True,502.61400000000026,3,2,6.910060000000007,<rdkit.DataStructs.cDataStructs.ExplicitBitVect object at 0x117ad1380>,38
CCCc1cc(Oc2ccccc2)ccc1OCCCCOc1cccc([C@H]2SC(=O)NC2=O)c1,6.71,IC50,True,491.6090000000002,6,1,6.693500000000006,<rdkit.DataStructs.cDataStructs.ExplicitBitVect object at 0x117ad13f0>,35
Cc1c(C)n(Cc2ccc(-c3ccccc3C(=O)O)cc2)c2ccc(C(=O)NC3CCNCC3)cc12,4.38,IC50,False,481.5960000000003,4,3,5.153440000000004,<rdkit.DataStructs.cDataStructs.ExplicitBitVect object at 0x117ad1460>,36
Cc1c(C)n(Cc2cccc(C(F)(F)F)c2)c2ccc(C(=O)NCc3ccc4c(c3)OCO4)cc12,7.8,IC50,True,480.4860000000003,4,1,5.983940000000005,<rdkit.DataStructs.cDataStructs.ExplicitBitVect object at 0x117ad14d0>,35
O=C(NCc1cccc(O)c1)c1ccc(NCc2ccc(-c3ccccc3C(=O)O)cc2)cc1,6.49,IC50,True,452.51000000000016,4,4,5.299500000000004,<rdkit.DataStructs.cDataStructs.ExplicitBitVect object at 0x117ad1540>,34
CC(C)(Oc1ccc(OCCCCOc2ccc(Oc3ccc(F)cc3)cc2Cl)cc1)C(=O)O,5.11,IC50,False,488.9390000000001,5,1,6.751400000000006,<rdkit.DataStructs.cDataStructs.ExplicitBitVect object at 0x117ad15b0>,34
CCCc1cc(-c2ccccc2)ccc1OCCCOc1cccc([C@H]2OC(=O)NC2=O)c1,6.35,IC50,True,445.51500000000016,5,1,5.461500000000005,<rdkit.DataStructs.cDataStructs.ExplicitBitVect object at 0x117ad1620>,33
CCCc1cc(Oc2ccc(C(C)C)cc2)ccc1OCCCOc1cccc([C@H]2SC(=O)NC2=O)c1,6.77,IC50,True,519.6630000000004,6,1,7.426800000000006,<rdkit.DataStructs.cDataStructs.ExplicitBitVect object at 0x117ad1690>,37
CCCc1cc(Oc2ccc(-c3ccccc3)cc2)ccc1OCCCOc1cccc([C@@H]2SC(=O)NC2=O)c1,6.65,IC50,True,553.6800000000003,6,1,7.970400000000007,<rdkit.DataStructs.cDataStructs.ExplicitBitVect object at 0x117ad1700>,40
CCCc1cc(Oc2ccc(OC)cc2)ccc1OCCCOc1cccc([C@@H]2SC(=O)NC2=O)c1,6.52,IC50,True,507.6080000000003,7,1,6.312000000000006,<rdkit.DataStructs.cDataStructs.ExplicitBitVect object at 0x117ad1770>,36
COc1cc2c(cc1CC=C(C)C)C(=O)C[C@H](c1ccc(O)cc1)O2,6.33,IC50,True,338.403,4,1,4.616000000000005,<rdkit.DataStructs.cDataStructs.ExplicitBitVect object at 0x117ad17e0>,25
CCC1(C(=O)O)CCc2ccc(OCCCOc3ccc(Oc4ccccc4)cc3F)cc2O1,5.33,IC50,False,466.5050000000001,5,1,6.0243000000000055,<rdkit.DataStructs.cDataStructs.ExplicitBitVect object at 0x117ad1850>,34
CC[C@]1(C(=O)O)CCc2ccc(OCCCOc3ccc(C4CCC5(CC4)CC5)cc3Cl)cc2O1,5.43,IC50,False,499.0470000000003,4,1,7.184100000000008,<rdkit.DataStructs.cDataStructs.ExplicitBitVect object at 0x117ad18c0>,35
CCCc1c(OCCCSc2ccc(CC(=O)O)cc2Cl)ccc(C(C)=O)c1O,6.24,IC50,True,436.95700000000016,5,2,5.389000000000005,<rdkit.DataStructs.cDataStructs.ExplicitBitVect object at 0x117ad1930>,29
COc1ccc2c(-n3c(=O)n(Cc4cccc([C@@]5(C)OC(=O)NC5=O)c4)c4cc(C(F)(F)F)ccc43)noc2c1,7.03,IC50,True,552.4650000000001,9,1,4.490700000000004,<rdkit.DataStructs.cDataStructs.ExplicitBitVect object at 0x117ad19a0>,40
COc1ccc(C(=O)c2c(C)n(Cc3cccc(O[C@H](C)C(=O)O)c3)c3ncccc23)cc1,6.14,IC50,True,444.48700000000014,6,1,4.484520000000003,<rdkit.DataStructs.cDataStructs.ExplicitBitVect object at 0x117ad1a10>,33
Cc1oc(-c2ccccc2)nc1CCOc1ccc(C[C@@H]2CN(c3nc4ccccc4o3)C[C@@H]2C(=O)O)cc1,6.23,IC50,True,523.5890000000003,7,1,5.792420000000005,<rdkit.DataStructs.cDataStructs.ExplicitBitVect object at 0x117ad1a80>,39
CCCc1cc(Oc2ccc(F)cc2)ccc1OCCCOc1ccc([C@H]2SC(=O)NC2=O)cc1,6.13,IC50,True,495.5720000000003,6,1,6.442500000000005,<rdkit.DataStructs.cDataStructs.ExplicitBitVect object at 0x117ad1af0>,35
CCCc1cc(C2CCC(F)(F)CC2)ccc1OCCCOc1cccc([C@@H]2OC(=O)NC2=O)c1,6.27,IC50,True,487.54300000000023,5,1,6.087400000000006,<rdkit.DataStructs.cDataStructs.ExplicitBitVect object at 0x117ad1b60>,35
CN(CCCc1ccc(C[C@@H](C(=O)O)n2cccc2)cc1)c1ccccc1,4.96,IC50,False,362.47300000000007,3,1,4.425500000000004,<rdkit.DataStructs.cDataStructs.ExplicitBitVect object at 0x117ad1bd0>,27
Cc1oc(-c2ccccc2)nc1CCCc1ccc(C[C@H](C(=O)O)n2cccc2)cc1,5.51,IC50,True,414.50500000000005,4,1,5.495220000000003,<rdkit.DataStructs.cDataStructs.ExplicitBitVect object at 0x117ad1c40>,31
NC(=O)CC[C@H](NC(=O)[C@@H](N)Cc1c[nH]c2ccccc12)C(=O)O,4.73,IC50,False,332.36000000000007,4,5,-0.1273999999999989,<rdkit.DataStructs.cDataStructs.ExplicitBitVect object at 0x117ad1cb0>,24
Cc1oc(-c2ccccc2)nc1CCOc1cccc(CC2=CN(C(=O)OCc3ccccc3)CCC2C(=O)O)c1,6.18,IC50,True,552.6270000000004,6,1,6.441220000000006,<rdkit.DataStructs.cDataStructs.ExplicitBitVect object at 0x117ad1d20>,41
COc1cccc2c1CCN(S(=O)(=O)c1cccc(C(=O)Nc3ccc(Cl)cc3C(=O)O)c1)C2,5.3,IC50,False,500.9600000000002,5,2,4.046100000000002,<rdkit.DataStructs.cDataStructs.ExplicitBitVect object at 0x117ad1d90>,34
COc1ccc2c(c1)CCN(S(=O)(=O)c1cccc(C(=O)Nc3ccc(Cl)cc3C(=O)O)c1)C2,5.2,IC50,False,500.9600000000002,5,2,4.046100000000002,<rdkit.DataStructs.cDataStructs.ExplicitBitVect object at 0x117ad1e00>,34
O=C(Nc1ccc(Cl)cc1C(=O)O)c1cccc(S(=O)(=O)N2CCc3ccc(Cl)cc3C2)c1,5.4,IC50,False,505.3790000000003,4,2,4.690900000000003,<rdkit.DataStructs.cDataStructs.ExplicitBitVect object at 0x117ad1e70>,33
COc1cccc2c1ccn2S(=O)(=O)c1cccc(C(=O)Nc2ccc(C)cc2C(=O)O)c1,5.8,IC50,True,464.4990000000002,6,2,4.145820000000002,<rdkit.DataStructs.cDataStructs.ExplicitBitVect object at 0x117ad1ee0>,33
Cc1ccc(NC(=O)c2cccc(S(=O)(=O)n3ccc4ccc(C)cc43)c2)c(C(=O)O)c1,5.6,IC50,True,448.5000000000002,5,2,4.445640000000003,<rdkit.DataStructs.cDataStructs.ExplicitBitVect object at 0x117ad1f50>,32
O=C(Nc1ccc(Cl)cc1C(=O)O)c1cccc(S(=O)(=O)N2CCc3ccccc3C2)c1,5.4,IC50,False,470.93400000000025,4,2,4.037500000000002,<rdkit.DataStructs.cDataStructs.ExplicitBitVect object at 0x117ad1fc0>,32
Cc1ccc(OC(=O)N(CC(=O)O)Cc2ccc(OCCc3nc(-c4ccc(Cl)cc4)oc3C)cc2)cc1,6.85,IC50,True,534.9960000000003,6,1,6.318940000000006,<rdkit.DataStructs.cDataStructs.ExplicitBitVect object at 0x117ad2030>,38
Cc1oc(-c2ccc(Cl)cc2)nc1COc1cccc(CN(CC(=O)O)C(=O)OC2CCCCC2)c1,5.35,IC50,False,512.9900000000005,6,1,6.238320000000007,<rdkit.DataStructs.cDataStructs.ExplicitBitVect object at 0x117ad20a0>,36
COc1ccc(N2C(=O)[C@H](Cc3ccc(OCCc4nc(-c5ccccc5)oc4C)cc3)[C@@H]2C(=O)O)cc1,5.47,IC50,False,512.5620000000002,6,1,4.938820000000003,<rdkit.DataStructs.cDataStructs.ExplicitBitVect object at 0x117ad2110>,38
CO[C@H](Cc1ccc(OCCc2nc(-c3ccccc3)oc2C)c2ccsc12)C(=O)O,5.84,IC50,True,437.51700000000017,6,1,5.128320000000005,<rdkit.DataStructs.cDataStructs.ExplicitBitVect object at 0x117ad2180>,31
CCCCN(c1cccc(-c2ccc(Cl)cc2)c1C)S(=O)(=O)c1ccc(OC(C)C(=O)O)c(F)c1OC,5.3,IC50,False,550.0480000000002,5,1,6.310420000000007,<rdkit.DataStructs.cDataStructs.ExplicitBitVect object at 0x117ad21f0>,37
CCC[C@@H](Oc1cccc(Cn2c(C)c(C(=O)c3ccc(Cl)cc3)c3ccc(OC(F)(F)F)cc32)c1)C(=O)O,7.92,IC50,True,559.9680000000002,5,1,7.413120000000006,<rdkit.DataStructs.cDataStructs.ExplicitBitVect object at 0x117ad2260>,39
Cc1c(C(=O)c2ccc(Cl)cc2)c2ccc(OC(F)(F)F)cc2n1Cc1cccc(O[C@@H](C)C(=O)O)c1,9.0,IC50,True,531.9140000000002,5,1,6.632920000000006,<rdkit.DataStructs.cDataStructs.ExplicitBitVect object at 0x117ad22d0>,37
Cc1c(C)n(Cc2cccc(C(F)(F)F)c2)c2ccc(C(=O)N[C@@H](Cc3ccc(O)cc3)C(=O)O)cc12,6.46,IC50,True,510.5120000000002,4,3,5.456540000000006,<rdkit.DataStructs.cDataStructs.ExplicitBitVect object at 0x117ad2340>,37
CCCc1cc(C(=O)c2ccc(Cl)cc2)ccc1OCCCOc1cccc([C@H]2SC(=O)NC2=O)c1,6.84,IC50,True,524.0380000000004,6,1,6.395500000000006,<rdkit.DataStructs.cDataStructs.ExplicitBitVect object at 0x117ad23b0>,36
CCCc1cc(C2CCC(=O)CC2)ccc1OCCCOc1cccc([C@H]2OC(=O)NC2=O)c1,5.94,IC50,True,465.5460000000002,6,1,5.021200000000004,<rdkit.DataStructs.cDataStructs.ExplicitBitVect object at 0x117ad2420>,34
CCCc1cc(C2CCC(C)(C)CC2)ccc1OCCCOc1cccc([C@@H]2OC(=O)NC2=O)c1,5.75,IC50,True,479.61700000000025,5,1,6.478300000000006,<rdkit.DataStructs.cDataStructs.ExplicitBitVect object at 0x117ad2490>,35
CCCc1cc2c(oc(=O)n2CC2CC2)c(CCC)c1O[C@H](C(=O)O)c1ccc(C(C)C)cc1,6.92,IC50,True,465.59000000000015,5,1,6.237600000000007,<rdkit.DataStructs.cDataStructs.ExplicitBitVect object at 0x117ad2500>,34
CN(CCOc1ccc(CC2SC(=O)NC2=O)cc1)c1ccccn1,6.68,IC50,True,357.435,6,1,2.490900000000001,<rdkit.DataStructs.cDataStructs.ExplicitBitVect object at 0x117ad2570>,25
CCCc1c(OCCCOc2cccc3c2ccn3CC(=O)O)ccc2c(-c3ccccc3)coc12,5.4,IC50,False,483.56400000000025,5,1,6.939500000000006,<rdkit.DataStructs.cDataStructs.ExplicitBitVect object at 0x117ad25e0>,36
O=C(O)c1c(Sc2ccccc2)c2cc(Cl)ccc2n1Cc1ccc(Cl)cc1,7.58,IC50,True,428.34000000000015,3,1,6.845800000000003,<rdkit.DataStructs.cDataStructs.ExplicitBitVect object at 0x117ad2650>,28
CCCc1cc2c(C(F)(F)F)noc2c(CCC)c1OC(C)(C)C(=O)O,5.8,IC50,True,373.3710000000001,4,1,4.993600000000004,<rdkit.DataStructs.cDataStructs.ExplicitBitVect object at 0x117ad26c0>,26
C[C@@H](Oc1cc(Cn2c(=O)n(Cc3ccc(Cl)cc3)c3ccc(C(F)(F)F)cc32)ccc1Cl)C(=O)O,5.32,IC50,False,539.3370000000001,5,1,6.077100000000004,<rdkit.DataStructs.cDataStructs.ExplicitBitVect object at 0x117ad2730>,36
C[C@@H](Oc1cc(Cn2c(=O)n(-c3nc4ccc(Cl)cc4s3)c3ccc(C(F)(F)F)cc32)ccc1Cl)C(=O)O,5.86,IC50,True,582.3870000000002,7,1,6.627700000000004,<rdkit.DataStructs.cDataStructs.ExplicitBitVect object at 0x117ad27a0>,38
COc1ccc2c(-n3c(=O)n(Cc4ccc(Cl)c(O[C@H](C)C(=O)O)c4)c4ccc(C(F)(F)F)cc43)noc2c1,8.64,IC50,True,561.9000000000002,8,1,5.514400000000004,<rdkit.DataStructs.cDataStructs.ExplicitBitVect object at 0x117ad2810>,39
COc1ccc2c(-n3c(=O)n(-c4cccc([C@@]5(C)OC(=O)NC5=O)c4)c4cc(C(F)(F)F)ccc43)noc2c1,5.16,IC50,False,538.4380000000001,9,1,4.431600000000003,<rdkit.DataStructs.cDataStructs.ExplicitBitVect object at 0x117ad2880>,39
COc1ccc2c(-n3c(=O)n(Cc4ccc(Cl)c(O[C@H](C)C(=O)O)c4)c4ccccc43)noc2c1,8.16,IC50,True,493.90300000000025,8,1,4.495600000000003,<rdkit.DataStructs.cDataStructs.ExplicitBitVect object at 0x117ad28f0>,35
CC(C)c1cccc(Oc2c(C(=O)O)n(-c3ccc(C(C)(C)C)cc3)c3cc(Cl)ccc23)c1,7.72,IC50,True,461.9890000000002,3,1,8.195300000000005,<rdkit.DataStructs.cDataStructs.ExplicitBitVect object at 0x117ad2960>,33
Cc1c(Oc2cccc(O[C@@H](C)C(=O)O)c2)c2cc(OC(F)(F)F)ccc2n1-c1noc2cc(Cl)ccc12,7.48,IC50,True,546.8850000000001,7,1,7.276320000000004,<rdkit.DataStructs.cDataStructs.ExplicitBitVect object at 0x117ad29d0>,38
CCNC(=O)c1cc(NS(=O)(=O)c2ccc(Cl)cc2)ccc1Oc1cncc(Cl)c1,6.8,IC50,True,466.3460000000001,5,2,4.731200000000003,<rdkit.DataStructs.cDataStructs.ExplicitBitVect object at 0x117ad2a40>,30
CCNC(=O)c1cc(NS(=O)(=O)c2ccc(I)cc2)ccc1Oc1cncc(Cl)c1,7.6,IC50,True,557.7970000000001,5,2,4.682400000000003,<rdkit.DataStructs.cDataStructs.ExplicitBitVect object at 0x117ad2ab0>,30
O=C(O)c1ccc(/C=C/c2c(-c3c(Cl)cccc3C(F)(F)F)noc2-c2cc[nH]c2)cc1,4.19,IC50,False,458.82300000000004,3,2,6.877500000000004,<rdkit.DataStructs.cDataStructs.ExplicitBitVect object at 0x117ad2b20>,32
COc1cc(NS(=O)(=O)c2ccc(Cl)cc2Cl)ccc1Oc1cncc(Cl)c1,7.72,IC50,True,459.73800000000017,5,1,5.643500000000003,<rdkit.DataStructs.cDataStructs.ExplicitBitVect object at 0x117ad2b90>,28
O=C(O)Cc1csc2cc(OCc3ccc(COc4ccc(C(F)(F)F)cc4)cc3)ccc12,5.43,IC50,False,472.4840000000001,4,1,6.705200000000005,<rdkit.DataStructs.cDataStructs.ExplicitBitVect object at 0x117ad2c00>,33
CCCc1cc(Oc2ccc(-c3ccccc3)cc2)ccc1OCCCOc1cccc(C2SC(=O)NC2=O)c1,6.65,IC50,True,553.6800000000003,6,1,7.970400000000007,<rdkit.DataStructs.cDataStructs.ExplicitBitVect object at 0x117ad2c70>,40
COc1ccc(-c2c(C(=O)NS(=O)(=O)c3ccc(F)cc3)n(Cc3cccc(C(F)(F)F)c3)c3ccccc23)cc1,8.15,IC50,True,582.5750000000002,5,1,6.641800000000005,<rdkit.DataStructs.cDataStructs.ExplicitBitVect object at 0x117ad2ce0>,41
CCCCCCCN(CCc1ccc(O[C@@](C)(CC)C(=O)O)cc1)C(=O)Nc1ccc(F)cc1F,6.22,IC50,True,490.5910000000002,3,2,6.6439000000000075,<rdkit.DataStructs.cDataStructs.ExplicitBitVect object at 0x117ad2d50>,35
Cc1oc(-c2ccccc2)nc1CCOc1cccc(CC2C(=O)N(c3ccc(Cl)cc3)C2C(=O)O)c1,6.44,IC50,True,516.9810000000002,5,1,5.583620000000004,<rdkit.DataStructs.cDataStructs.ExplicitBitVect object at 0x117ad2dc0>,37
CCc1cc(C(F)(F)F)ccc1C(=O)NCc1cccc(Oc2ccc(OC(C)(C)C(=O)O)c(C)c2)c1,8.0,IC50,True,515.5280000000004,4,2,6.540520000000006,<rdkit.DataStructs.cDataStructs.ExplicitBitVect object at 0x117ad2e30>,37
Cc1oc(-c2ccc(Cl)cc2)nc1COc1cccc(CN(CC(=O)O)C(=O)OC2CCCC2)c1,5.03,IC50,False,498.96300000000036,6,1,5.848220000000007,<rdkit.DataStructs.cDataStructs.ExplicitBitVect object at 0x117ad2ea0>,35
Cc1oc(-c2ccc(Cl)cc2)nc1COc1cccc(CN(CC(=O)O)C(=O)OC2CCC2)c1,5.28,IC50,False,484.9360000000003,6,1,5.458120000000006,<rdkit.DataStructs.cDataStructs.ExplicitBitVect object at 0x117ad2f10>,34
Cc1cc(Oc2cccc(CNC(=O)c3ccc(C(F)(F)F)cc3C)c2)ccc1CCC(=O)O,6.9,IC50,True,471.4750000000002,3,2,6.061740000000005,<rdkit.DataStructs.cDataStructs.ExplicitBitVect object at 0x117ad2f80>,34
Cc1oc(-c2ccccc2)nc1CCCc1ccc(C[C@H](C(=O)O)n2cccn2)cc1,4.48,IC50,False,415.49300000000005,5,1,4.890220000000003,<rdkit.DataStructs.cDataStructs.ExplicitBitVect object at 0x117ad2ff0>,31
CC[C@]1(C(=O)O)CCc2ccc(OCCCOc3ccc(C(C)(C)C)cc3Cl)cc2O1,5.55,IC50,True,446.9710000000002,4,1,6.043800000000006,<rdkit.DataStructs.cDataStructs.ExplicitBitVect object at 0x117ad3060>,31
Cc1ccccc1NC(=O)c1cc(C(=O)NCc2ccccc2)c(F)cc1Cl,7.42,IC50,True,396.84900000000005,2,2,4.969820000000003,<rdkit.DataStructs.cDataStructs.ExplicitBitVect object at 0x117ad30d0>,28
Cc1oc(-c2ccccc2)nc1CCOc1cccc(Cc2nn(-c3ccccc3)cc2C(=O)O)c1,6.85,IC50,True,479.5360000000002,6,1,5.7462200000000045,<rdkit.DataStructs.cDataStructs.ExplicitBitVect object at 0x117ad3140>,36
Cc1ccc(OC(=O)N(CC(=O)O)Cc2cccc(OCCc3nc(-c4ccc(Cl)cc4)oc3C)c2)cc1,6.79,IC50,True,534.9960000000003,6,1,6.318940000000006,<rdkit.DataStructs.cDataStructs.ExplicitBitVect object at 0x117ad31b0>,38
Cc1ccc(OC(=O)N(CC(=O)O)Cc2cccc(OCc3nc(-c4ccc(C(C)C)cc4)oc3C)c2)cc1,6.3,IC50,True,528.6050000000004,6,1,6.746440000000007,<rdkit.DataStructs.cDataStructs.ExplicitBitVect object at 0x117ad3220>,39
Cc1c(-c2ccc(Cl)cc2)cccc1N(CCCC(F)(F)F)S(=O)(=O)c1ccc(OC(C)C(=O)O)c(C)c1C,5.3,IC50,False,584.0560000000002,4,1,7.321960000000006,<rdkit.DataStructs.cDataStructs.ExplicitBitVect object at 0x117ad3290>,39
CCCCN(c1cccc(-c2ccc(C)cc2)c1C)S(=O)(=O)c1ccc(OC(C)C(=O)O)c(C)c1C,5.3,IC50,False,509.6680000000003,4,1,6.4345800000000075,<rdkit.DataStructs.cDataStructs.ExplicitBitVect object at 0x117ad3300>,36
CCc1ccc(O[C@H](C)CCOc2ccc(CCC(=O)O)c(C)c2)c(C(=O)c2ccccc2)c1,8.3,IC50,True,460.57000000000016,4,1,6.042020000000006,<rdkit.DataStructs.cDataStructs.ExplicitBitVect object at 0x117ad3370>,34
CCc1ccc(OC(C)CCOc2ccc(OC(C)(C)C(=O)O)cc2)c(C(=O)c2ccccc2)c1,8.22,IC50,True,476.5690000000002,5,1,5.9584000000000055,<rdkit.DataStructs.cDataStructs.ExplicitBitVect object at 0x117ad33e0>,35
Cc1c(C)n(Cc2ccc(-c3ccccc3C(=O)O)cc2)c2ccc(C(=O)NCc3ccc([N+](=O)[O-])cc3)cc12,7.42,IC50,True,533.5840000000003,5,2,6.509840000000006,<rdkit.DataStructs.cDataStructs.ExplicitBitVect object at 0x117ad3450>,40
Cc1c(C)n(Cc2ccc(-c3ccccc3C(=O)O)cc2)c2ccc(C(=O)N[C@@H](C)c3ccnc(Br)c3)cc12,7.01,IC50,True,582.4980000000002,4,2,7.3201400000000065,<rdkit.DataStructs.cDataStructs.ExplicitBitVect object at 0x117ad34c0>,39
Cc1c(C)n(Cc2ccc(-c3ccccc3C(=O)O)cc2)c2ccc(C(=O)N[C@@H](C)c3cccc(C4CC4)c3)cc12,8.0,IC50,True,542.6790000000003,3,2,8.040040000000007,<rdkit.DataStructs.cDataStructs.ExplicitBitVect object at 0x117ad3530>,41
CCCCCC/C=C\CCCCCCCC(=O)O,5.19,IC50,False,254.4139999999999,1,1,5.328300000000005,<rdkit.DataStructs.cDataStructs.ExplicitBitVect object at 0x117ad35a0>,18
Cc1c(C)n(Cc2ccc(-c3ccccc3C(=O)O)cc2)c2ccc(C(=O)NCc3cccc(OC(F)(F)F)c3)cc12,6.8,IC50,True,572.5830000000003,4,2,7.500240000000006,<rdkit.DataStructs.cDataStructs.ExplicitBitVect object at 0x117ad3610>,42
CC[C@@H](NC(=O)c1ccc2c(ccn2Cc2ccccc2-c2cccc(C(=O)O)c2)c1)c1ccccc1,8.4,IC50,True,488.58700000000016,3,2,6.935900000000006,<rdkit.DataStructs.cDataStructs.ExplicitBitVect object at 0x117ad3680>,37
Cc1c(C)n(Cc2ccc(-c3ccccc3C(=O)NCCO)cc2)c2ccc(C(=O)N[C@@H](C)c3cccc(C(C)C)c3)cc12,6.22,IC50,True,587.7640000000002,4,3,7.309940000000008,<rdkit.DataStructs.cDataStructs.ExplicitBitVect object at 0x117ad36f0>,44
Cc1cc2c(s1)c(-c1ccc(C(=O)O)cc1)nn2C(=O)c1c(Cl)cccc1Cl,4.83,IC50,False,431.3000000000002,5,1,5.766720000000003,<rdkit.DataStructs.cDataStructs.ExplicitBitVect object at 0x117ad3760>,28
O=C(O)c1ccc(NCc2c(-c3c(Cl)cccc3C(F)(F)F)noc2-c2ccccc2)cc1,4.11,IC50,False,472.85000000000014,4,2,6.991100000000004,<rdkit.DataStructs.cDataStructs.ExplicitBitVect object at 0x117ad37d0>,33
CCCc1c(OCCCCOc2ccc3c(ccn3CC(=O)O)c2)ccc2c(C(F)(F)F)noc12,6.98,IC50,True,490.4780000000002,6,1,6.076400000000005,<rdkit.DataStructs.cDataStructs.ExplicitBitVect object at 0x117ad3840>,35
CCCc1c(OCC(C)COc2cccc3c2ccn3CC(=O)O)ccc2c(C(F)(F)F)noc12,5.89,IC50,True,490.4780000000002,6,1,5.932300000000004,<rdkit.DataStructs.cDataStructs.ExplicitBitVect object at 0x117ad38b0>,35
O=C(Nc1ccncc1)c1cc([N+](=O)[O-])ccc1Cl,6.0,IC50,True,277.667,4,1,2.895500000000001,<rdkit.DataStructs.cDataStructs.ExplicitBitVect object at 0x117ad3920>,19
CCCc1cc2c(OC)noc2c(CCC)c1OC(C)(C)C(=O)O,5.79,IC50,True,335.40000000000003,5,1,3.9834000000000023,<rdkit.DataStructs.cDataStructs.ExplicitBitVect object at 0x117ad3990>,24
Cc1oc(-c2ccccc2)nc1CCOc1cccc(CN(CC(=O)O)Cc2cc3ccccc3[nH]2)c1,6.27,IC50,True,495.57900000000024,5,2,5.8396200000000045,<rdkit.DataStructs.cDataStructs.ExplicitBitVect object at 0x117ad3a00>,37
Cc1oc(-c2ccccc2)nc1CCOc1ccc(Cc2cn(-c3ccccc3)cc2C(=O)O)cc1,6.05,IC50,True,478.5480000000002,5,1,6.351220000000006,<rdkit.DataStructs.cDataStructs.ExplicitBitVect object at 0x117ad3a70>,36
Cc1oc(-c2ccccc2)nc1CCOc1ccc(Cc2nn(-c3ccccc3)nc2CC(=O)O)cc1,8.15,IC50,True,494.5510000000002,7,1,5.070120000000004,<rdkit.DataStructs.cDataStructs.ExplicitBitVect object at 0x117ad3ae0>,37
Cc1cc(OCC[C@@H](C)Oc2ccc(Cl)cc2-c2ccccn2)ccc1CCC(=O)O,7.06,IC50,True,439.9390000000002,4,1,5.964020000000006,<rdkit.DataStructs.cDataStructs.ExplicitBitVect object at 0x117ad3b50>,31
CC(=O)c1cc(NS(=O)(=O)c2ccc(Cl)cc2Cl)ccc1Oc1cnc2ccccc2c1,7.52,IC50,True,487.3640000000002,5,1,6.3373000000000035,<rdkit.DataStructs.cDataStructs.ExplicitBitVect object at 0x117ad3bc0>,32
O=S(=O)(Nc1cc(Cl)c(Oc2cnc3ccccc3c2)c(Cl)c1)c1ccc(C(F)(F)F)cc1Cl,7.6,IC50,True,547.769,4,1,7.806900000000003,<rdkit.DataStructs.cDataStructs.ExplicitBitVect object at 0x117ad3c30>,34
CS(=O)(=O)NC(=O)c1cc2ccccc2n1Cc1cccc(C(F)(F)F)c1,6.17,IC50,True,396.39000000000004,4,1,3.397800000000002,<rdkit.DataStructs.cDataStructs.ExplicitBitVect object at 0x117ad3ca0>,27
CCCOC(=O)N1C=C(Cc2cccc(OCCc3nc(-c4ccccc4)oc3C)c2)C(C(=O)O)CC1,6.3,IC50,True,504.58300000000025,6,1,5.651020000000005,<rdkit.DataStructs.cDataStructs.ExplicitBitVect object at 0x117ad3d10>,37
Cc1oc(-c2ccccc2)nc1CCOc1cccc(C2CN(C(=O)Oc3ccccc3)CCC2CC(=O)O)c1,5.09,IC50,False,540.6160000000003,6,1,6.350720000000006,<rdkit.DataStructs.cDataStructs.ExplicitBitVect object at 0x117ad3d80>,40
Cc1oc(-c2ccccc2)nc1CCOc1ccc(CC2CN(C(=O)OCC(C)C)CCC2C(=O)O)cc1,6.67,IC50,True,520.6260000000004,6,1,5.629320000000005,<rdkit.DataStructs.cDataStructs.ExplicitBitVect object at 0x117ad3df0>,38
CCCc1cc(C(=O)CC)cc(CCC)c1O[C@H](C(=O)O)c1ccc(OC(C)C)cc1,6.7,IC50,True,426.5530000000001,4,1,6.176200000000006,<rdkit.DataStructs.cDataStructs.ExplicitBitVect object at 0x117ad3e60>,31
Cc1cc(OCCO)ccc1NC(=O)c1cc(C(=O)NCc2ccc(F)c(F)c2)c(F)cc1Cl,7.85,IC50,True,492.8810000000002,4,3,4.619120000000003,<rdkit.DataStructs.cDataStructs.ExplicitBitVect object at 0x117ad3ed0>,34
Cc1cccc(-c2nc3cc(NC(=O)c4cc(C(=O)NCc5ccc(F)c(F)c5)c(F)cc4Cl)ccc3o2)c1,8.18,IC50,True,549.9360000000001,4,2,7.056220000000003,<rdkit.DataStructs.cDataStructs.ExplicitBitVect object at 0x117ad3f40>,39
CCCOC(=O)N1CCc2c(OCCc3nc(-c4ccccc4)oc3C)ccc(CCC(=O)O)c2C1,7.96,IC50,True,492.5720000000003,6,1,5.193420000000004,<rdkit.DataStructs.cDataStructs.ExplicitBitVect object at 0x117ae0040>,36
Cc1ccc(Cn2nc(CCCc3ccc(OC(C)(C)C(=O)O)cc3)n(CC(=O)O)c2=O)cc1,5.1,IC50,False,467.5220000000002,7,2,2.9034200000000006,<rdkit.DataStructs.cDataStructs.ExplicitBitVect object at 0x117ae00b0>,34
Cc1c(C)n(Cc2ccc(-c3ccccc3C(=O)O)cc2)c2ccc(C(=O)N[C@@H](C)c3ccc(N)cc3)cc12,6.62,IC50,True,517.6290000000002,4,3,6.744840000000006,<rdkit.DataStructs.cDataStructs.ExplicitBitVect object at 0x117ae0120>,39
Cc1c(C)n(Cc2ccc(-c3ccccc3C(=O)O)cc2)c2ccc(C(=O)NCC3CCNCC3)cc12,4.92,IC50,False,495.62300000000033,4,3,5.4010400000000045,<rdkit.DataStructs.cDataStructs.ExplicitBitVect object at 0x117ae0190>,37
COc1ccc2c(-c3c(C)n(Cc4cc(O[C@@H](C)C(=O)O)ccc4Cl)c4cc(OC(F)(F)F)ccc34)noc2c1,8.7,IC50,True,574.939,7,1,7.218720000000004,<rdkit.DataStructs.cDataStructs.ExplicitBitVect object at 0x117ae0200>,40
Cc1c(C)n(Cc2ccc(-c3ccccc3C(=O)O)cc2)c2ccc(C(=O)NCC3COc4ccccc4C3)cc12,7.77,IC50,True,544.6510000000002,4,2,6.652740000000007,<rdkit.DataStructs.cDataStructs.ExplicitBitVect object at 0x117ae0270>,41
COCCNC(=O)c1ccc2c(c1)c(C)c(C)n2Cc1ccc(-c2ccccc2C(=O)O)cc1,7.77,IC50,True,456.5420000000002,4,2,5.047840000000003,<rdkit.DataStructs.cDataStructs.ExplicitBitVect object at 0x117ae02e0>,34
Cc1ccccc1CNC(=O)c1ccc2c(c1)c(C)c(C)n2Cc1ccc(-c2ccccc2C(=O)O)cc1,8.22,IC50,True,502.61400000000026,3,2,6.910060000000007,<rdkit.DataStructs.cDataStructs.ExplicitBitVect object at 0x117ae0350>,38
CCO[C@@H](Cc1ccc(OCCc2nc(-c3ccccc3)oc2C)c2sccc12)C(=O)O,7.89,IC50,True,451.54400000000015,6,1,5.518420000000005,<rdkit.DataStructs.cDataStructs.ExplicitBitVect object at 0x117ae03c0>,32
Cc1cc(SCc2ccc(OCc3ccc(C(F)(F)F)cc3)cc2)c2c(c1OCC(=O)O)CCCO2,4.48,IC50,False,518.5530000000003,5,1,6.673520000000006,<rdkit.DataStructs.cDataStructs.ExplicitBitVect object at 0x117ae0430>,36
O=C(O)COc1ccc(SCc2ccc(OCc3ccc(C(F)(F)F)cc3)cc2)c2c1CCCO2,5.25,IC50,False,504.52600000000024,5,1,6.365100000000005,<rdkit.DataStructs.cDataStructs.ExplicitBitVect object at 0x117ae04a0>,35
CCNC(=O)c1cc(NS(=O)(=O)c2cc(C)c(Cl)cc2Cl)ccc1Oc1cncc(Cl)c1,7.6,IC50,True,514.8180000000001,5,2,5.693020000000003,<rdkit.DataStructs.cDataStructs.ExplicitBitVect object at 0x117ae0510>,32
C[C@@H](Oc1cc(Cn2c(=O)n(-c3noc4cc(Cl)ccc34)c3ccc(C(F)(F)F)cc32)ccc1Cl)C(=O)O,7.17,IC50,True,566.3190000000002,7,1,6.159200000000004,<rdkit.DataStructs.cDataStructs.ExplicitBitVect object at 0x117ae0580>,38
Cc1ccc2onc(-n3c(=O)n(Cc4ccc(Cl)c(O[C@H](C)C(=O)O)c4)c4cc(C(F)(F)F)ccc43)c2c1,7.95,IC50,True,545.9010000000002,7,1,5.814220000000004,<rdkit.DataStructs.cDataStructs.ExplicitBitVect object at 0x117ae05f0>,38
C[C@]1(c2cccc(Cn3c(=O)n(-c4noc5cc(Cl)ccc45)c4ccccc43)c2)OC(=O)NC1=O,7.31,IC50,True,488.8870000000002,8,1,4.116700000000003,<rdkit.DataStructs.cDataStructs.ExplicitBitVect object at 0x117ae0660>,35
Cc1cc(Oc2cc(F)cc(CNC(=O)c3ccc(C(F)(F)F)cc3F)c2)ccc1OC(C)(C)C(=O)O,8.1,IC50,True,523.4540000000003,4,2,6.256320000000004,<rdkit.DataStructs.cDataStructs.ExplicitBitVect object at 0x117ae06d0>,37
O=C(NS(=O)(=O)c1ccccc1C(F)(F)F)c1cc2ccccc2n1Cc1cccc(C(F)(F)F)c1,7.1,IC50,True,526.4580000000002,4,1,5.845900000000004,<rdkit.DataStructs.cDataStructs.ExplicitBitVect object at 0x117ae0740>,36
CCn1c(C(=O)NS(=O)(=O)c2cccc(C(F)(F)F)c2)cc2ccccc21,5.61,IC50,True,396.39000000000004,4,1,3.798700000000002,<rdkit.DataStructs.cDataStructs.ExplicitBitVect object at 0x117ae07b0>,27
CC(C)=CCC/C(C)=C/Cc1c(O)cc(/C=C/c2ccc(C(F)(F)F)cc2)cc1O,5.09,IC50,False,416.48300000000006,2,2,7.522200000000008,<rdkit.DataStructs.cDataStructs.ExplicitBitVect object at 0x117ae0820>,30
CC(C)=CCC/C(C)=C/Cc1c(O)cc(/C=C/c2cccc(C(F)(F)F)c2)cc1O,6.28,IC50,True,416.48300000000006,2,2,7.522200000000008,<rdkit.DataStructs.cDataStructs.ExplicitBitVect object at 0x117ae0890>,30
CC(C)=CCC/C(C)=C/Cc1c(O)cc(/C=C/c2ccc(C#N)cc2)cc1O,5.92,IC50,True,373.4960000000001,3,2,6.375080000000008,<rdkit.DataStructs.cDataStructs.ExplicitBitVect object at 0x117ae0900>,28
CC(C)=CCC/C(C)=C/Cc1c(O)cc(/C=C/c2cc(F)cc(F)c2)cc1O,6.05,IC50,True,384.46600000000007,2,2,6.781600000000007,<rdkit.DataStructs.cDataStructs.ExplicitBitVect object at 0x117ae0970>,28
CCCc1cc(Oc2ccc(Cl)cc2)ccc1OCCCOc1ccc(C2SC(=O)NC2=O)cc1,5.7,IC50,True,512.0270000000004,6,1,6.956800000000006,<rdkit.DataStructs.cDataStructs.ExplicitBitVect object at 0x117ae09e0>,35
Cc1ccc(NC(=O)c2cccc(S(=O)(=O)n3ccc4c(C)cccc43)c2)c(C(=O)O)c1,5.7,IC50,True,448.5000000000002,5,2,4.445640000000003,<rdkit.DataStructs.cDataStructs.ExplicitBitVect object at 0x117ae0a50>,32
O=C(Nc1cc(Br)ccc1C(=O)O)c1cccc(S(=O)(=O)N2CCc3ccccc3C2)c1,5.4,IC50,False,515.3850000000003,4,2,4.146600000000003,<rdkit.DataStructs.cDataStructs.ExplicitBitVect object at 0x117ae0ac0>,32
CCCc1c(OCCCn2ccc3cc(CC(=O)O)ccc32)ccc2c(C(F)(F)F)noc12,5.72,IC50,True,460.4520000000001,5,1,5.850000000000004,<rdkit.DataStructs.cDataStructs.ExplicitBitVect object at 0x117ae0b30>,33
CCCc1c(OCCCOc2ccc(CC(=O)O)cc2Cl)ccc2c(C(F)(F)F)noc12,6.55,IC50,True,471.85900000000015,5,1,5.927500000000004,<rdkit.DataStructs.cDataStructs.ExplicitBitVect object at 0x117ae0ba0>,32
CCCO[C@H](Cc1ccc2c(ccn2Cc2nc(-c3ccc(C(F)(F)F)cc3)oc2C)c1)C(=O)O,6.4,IC50,True,486.4900000000001,5,1,6.094120000000005,<rdkit.DataStructs.cDataStructs.ExplicitBitVect object at 0x117ae0c10>,35
O=C(O)Cn1ccc2cc(OCCCOc3ccc4cc(C(=O)c5ccccc5)ccc4c3)ccc21,6.2,IC50,True,479.53200000000015,5,1,5.9580000000000055,<rdkit.DataStructs.cDataStructs.ExplicitBitVect object at 0x117ae0c80>,36
O=C(O)Cc1csc2cc(OCc3ccc(COc4ccc(C(F)(F)F)cc4)cc3)ccc12,5.43,IC50,False,472.4840000000001,4,1,6.705200000000005,<rdkit.DataStructs.cDataStructs.ExplicitBitVect object at 0x117ae0cf0>,33
CCCc1c(OCCCN(C)c2cccc(CC(=O)O)c2)ccc2c(C(F)(F)F)noc12,5.52,IC50,True,450.4570000000001,5,1,5.331500000000005,<rdkit.DataStructs.cDataStructs.ExplicitBitVect object at 0x117ae0d60>,32
Cc1ccc2c(-n3c(=O)n(Cc4ccc(Cl)c(O[C@H](C)C(=O)O)c4)c4cc(C(F)(F)F)ccc43)noc2c1,7.85,IC50,True,545.9010000000002,7,1,5.814220000000003,<rdkit.DataStructs.cDataStructs.ExplicitBitVect object at 0x117ae0dd0>,38
COc1ccc2c(-n3c(=O)n(Cc4cc([C@@]5(C)OC(=O)NC5=O)ccc4Cl)c4cc(C(F)(F)F)ccc43)noc2c1,8.11,IC50,True,586.91,9,1,5.1441000000000034,<rdkit.DataStructs.cDataStructs.ExplicitBitVect object at 0x117ae0e40>,41
Cc1oc(-c2ccccc2)nc1CCOc1cccc(C[C@H]2CN(C(=O)Oc3ccccc3)C[C@@H]2CC(=O)O)c1,6.68,IC50,True,540.6160000000003,6,1,6.035720000000006,<rdkit.DataStructs.cDataStructs.ExplicitBitVect object at 0x117ae0eb0>,40
C[C@@H](Oc1cc(Cn2c(=O)n(-c3ccc(C(C)(C)C)cc3)c3ccc(C(F)(F)F)cc32)ccc1Cl)C(=O)O,6.79,IC50,True,546.9730000000002,5,1,6.662100000000006,<rdkit.DataStructs.cDataStructs.ExplicitBitVect object at 0x117ae0f20>,38
Cc1cccc2c(-n3c(=O)n(Cc4ccc(Cl)c(O[C@H](C)C(=O)O)c4)c4cc(C(F)(F)F)ccc43)noc12,8.04,IC50,True,545.9010000000002,7,1,5.814220000000003,<rdkit.DataStructs.cDataStructs.ExplicitBitVect object at 0x117ae0f90>,38
CCCCN(c1cccc(-c2ccc(OC)cc2)c1C)S(=O)(=O)c1ccc(OC(C)C(=O)O)c(C)c1C,5.2,IC50,False,525.6670000000003,5,1,6.134760000000006,<rdkit.DataStructs.cDataStructs.ExplicitBitVect object at 0x117ae1000>,37
COc1ccc2c(-n3c(=O)n(Cc4ccc(Cl)c(O[C@H](C)C(=O)O)c4)c4ccc(OC(F)(F)F)cc43)noc2c1,8.39,IC50,True,577.8990000000001,9,1,5.394200000000003,<rdkit.DataStructs.cDataStructs.ExplicitBitVect object at 0x117ae1070>,40
O=S(=O)(Nc1cc(-c2cccs2)nn1-c1ccc(F)cc1)c1ccc(-c2cc(C(F)(F)F)on2)s1,6.76,IC50,True,540.5450000000002,8,1,6.2760000000000025,<rdkit.DataStructs.cDataStructs.ExplicitBitVect object at 0x117ae10e0>,35
CC1=C(C(=O)O)C(c2ccc(OCCn3c4ccccc4c4ccccc43)cc2)NC(=O)N1,6.05,IC50,True,441.4870000000001,4,3,4.586000000000003,<rdkit.DataStructs.cDataStructs.ExplicitBitVect object at 0x117ae1150>,33
CC1=C(C(=O)O)C(c2ccc(OCCOc3cccc4ccc(C)nc34)cc2)NC(=O)N1,6.22,IC50,True,433.46400000000006,5,3,3.7135200000000017,<rdkit.DataStructs.cDataStructs.ExplicitBitVect object at 0x117ae11c0>,32
CCCc1cc(Oc2ccc(CC(C)C)cc2)ccc1OCCCOc1ccc(C2SC(=O)NC2=O)cc1,6.89,IC50,True,533.6900000000004,6,1,7.501900000000008,<rdkit.DataStructs.cDataStructs.ExplicitBitVect object at 0x117ae1230>,38
CN(CCOc1ccc(C[C@H]2SC(=O)NC2=O)cc1)c1ccccn1,7.3,IC50,True,357.435,6,1,2.490900000000001,<rdkit.DataStructs.cDataStructs.ExplicitBitVect object at 0x117ae12a0>,25
COc1ccc(CCc2c(-c3ccccc3)[nH]c3ccc(CC(=O)O)cc23)cc1,7.3,IC50,True,385.4630000000002,2,2,5.255800000000003,<rdkit.DataStructs.cDataStructs.ExplicitBitVect object at 0x117ae1310>,29
Cc1c(C)n(Cc2ccc(-c3ccccc3C(=O)O)cc2)c2ccc(C(=O)NCc3ccc(Br)cc3)cc12,7.85,IC50,True,567.4830000000002,3,2,7.364140000000006,<rdkit.DataStructs.cDataStructs.ExplicitBitVect object at 0x117ae1380>,38
Cc1c(C)n(Cc2ccc(-c3ccccc3C(=O)O)cc2)c2ccc(C(=O)N[C@@H](C)c3ccccc3OC(C)C)cc12,5.98,IC50,True,560.6940000000002,4,2,7.949840000000008,<rdkit.DataStructs.cDataStructs.ExplicitBitVect object at 0x117ae13f0>,42
Cc1ccc(CNC(=O)c2ccc3c(c2)c(C)c(C)n3Cc2ccc(-c3ccccc3C(=O)O)cc2)o1,7.92,IC50,True,492.5750000000003,4,2,6.503060000000006,<rdkit.DataStructs.cDataStructs.ExplicitBitVect object at 0x117ae1460>,37
Cc1c(C)n(Cc2ccc(-c3ccccc3C(=O)O)cc2)c2ccc(C(=O)N[C@@H](C)c3ccccc3C(F)(F)F)cc12,7.66,IC50,True,570.6110000000002,3,2,8.181440000000006,<rdkit.DataStructs.cDataStructs.ExplicitBitVect object at 0x117ae14d0>,42
Cc1c(C)n(Cc2ccc(-c3ccccc3)cc2)c2ccc(C(=O)N[C@@H](C)c3ccc(C(F)(F)F)c(F)c3)cc12,7.28,IC50,True,544.5920000000002,2,1,8.622340000000001,<rdkit.DataStructs.cDataStructs.ExplicitBitVect object at 0x117ae1540>,40
Cc1c(C)n(Cc2ccc(-c3ccccc3)cc2)c2ccc(C(=O)N[C@@H](C)c3c(F)ccc(F)c3F)cc12,7.77,IC50,True,512.5750000000002,2,1,7.881740000000006,<rdkit.DataStructs.cDataStructs.ExplicitBitVect object at 0x117ae15b0>,38
Cc1c(C)n(Cc2ccc(-c3ccccc3C(=O)O)cc2)c2ccc(C(=O)N[C@@H](C)c3ccc(C4CC4)cc3)cc12,7.3,IC50,True,542.6790000000003,3,2,8.040040000000007,<rdkit.DataStructs.cDataStructs.ExplicitBitVect object at 0x117ae1620>,41
Cc1c(C)n(Cc2ccc(-c3ccccc3C(=O)NC3CC3)cc2)c2ccc(C(=O)N[C@@H](C)c3cccc(C(C)C)c3)cc12,7.03,IC50,True,583.7760000000002,3,2,8.480040000000004,<rdkit.DataStructs.cDataStructs.ExplicitBitVect object at 0x117ae1690>,44
Cc1cc(S(=O)(=O)N(CCC(C)C)c2cccc(-c3ccc(C(F)(F)F)cc3)c2)ccc1OCC(=O)O,5.3,IC50,False,535.5840000000003,4,1,6.3856200000000065,<rdkit.DataStructs.cDataStructs.ExplicitBitVect object at 0x117ae1700>,37
CCCc1cc(C2CCC(C)(C)CC2)ccc1OCCCOc1cccc(C2OC(=O)NC2=O)c1,5.75,IC50,True,479.61700000000025,5,1,6.478300000000006,<rdkit.DataStructs.cDataStructs.ExplicitBitVect object at 0x117ae1770>,35
CCCc1cc(OC2CCCCC2)ccc1OCCCOc1cccc(C2SC(=O)NC2=O)c1,7.43,IC50,True,483.63000000000017,6,1,6.222600000000006,<rdkit.DataStructs.cDataStructs.ExplicitBitVect object at 0x117ae17e0>,34
CCCc1cc(C(=O)c2ccc(Cl)cc2)ccc1OCCCOc1cccc(C2SC(=O)NC2=O)c1,6.84,IC50,True,524.0380000000004,6,1,6.395500000000006,<rdkit.DataStructs.cDataStructs.ExplicitBitVect object at 0x117ae1850>,36
CCCc1c(OCCCSc2ccc(CC(=O)O)cc2Cl)ccc(/C(CC)=N\O)c1O,7.32,IC50,True,465.9990000000002,6,3,5.7747000000000055,<rdkit.DataStructs.cDataStructs.ExplicitBitVect object at 0x117ae18c0>,31
CN(CCOc1ccc(CC2SC(=O)NC2=O)cc1)c1ccccn1,7.17,IC50,True,357.435,6,1,2.490900000000001,<rdkit.DataStructs.cDataStructs.ExplicitBitVect object at 0x117ae1930>,25
CCc1cc(OCC[C@@H](C)Oc2ccc(C(F)(F)F)cc2-c2ccccn2)ccc1CCC(=O)O,7.8,IC50,True,487.5180000000002,4,1,6.583400000000006,<rdkit.DataStructs.cDataStructs.ExplicitBitVect object at 0x117ae19a0>,35
CCc1ccc(O[C@H](C)CCOc2ccc(CCC(=O)O)c(C)c2)c(-c2ccco2)c1,6.03,IC50,True,422.52100000000013,4,1,6.071020000000006,<rdkit.DataStructs.cDataStructs.ExplicitBitVect object at 0x117ae1a10>,31
CCCc1cc(Oc2ccc(CC(C)C)cc2)ccc1OCCCOc1cccc([C@@H]2SC(=O)NC2=O)c1,6.54,IC50,True,533.6900000000003,6,1,7.501900000000008,<rdkit.DataStructs.cDataStructs.ExplicitBitVect object at 0x117ae1a80>,38
CCCc1cc([C@H]2CC[C@H](O)CC2)ccc1OCCCOc1cccc([C@@H]2OC(=O)NC2=O)c1,6.75,IC50,True,467.56200000000024,6,2,4.813000000000004,<rdkit.DataStructs.cDataStructs.ExplicitBitVect object at 0x117ae1af0>,34
Cc1oc(-c2ccccc2)nc1CCOc1cccc(Cc2cn(-c3ccccc3)nc2C(=O)O)c1,7.16,IC50,True,479.5360000000002,6,1,5.746220000000005,<rdkit.DataStructs.cDataStructs.ExplicitBitVect object at 0x117ae1b60>,36
COc1ccc2c(ccn2S(=O)(=O)c2cccc(C(=O)Nc3ccc(C)cc3C(=O)O)c2)c1,5.0,IC50,False,464.4990000000002,6,2,4.145820000000002,<rdkit.DataStructs.cDataStructs.ExplicitBitVect object at 0x117ae1bd0>,33
Cc1oc(-c2ccccc2)nc1CCCc1ccc(CC(C(=O)O)c2ccc(-c3ccccc3)cc2)cc1,6.23,IC50,True,501.62600000000015,3,1,7.903220000000006,<rdkit.DataStructs.cDataStructs.ExplicitBitVect object at 0x117ae1c40>,38
O=S(=O)(Nc1ccc(Oc2cncc(Cl)c2)c(Cl)c1)c1ccc(Cl)cc1Cl,7.68,IC50,True,464.15700000000015,4,1,6.288300000000002,<rdkit.DataStructs.cDataStructs.ExplicitBitVect object at 0x117ae1cb0>,27
CC1=C(C(=O)O)C(c2ccc(OCCOc3cccc4[nH]c5ccccc5c34)cc2)NC(=O)N1,6.0,IC50,True,457.48600000000005,4,4,4.491400000000003,<rdkit.DataStructs.cDataStructs.ExplicitBitVect object at 0x117ae1d20>,34
COc1cc(C2NC(=O)NC(C)=C2C(=O)O)ccc1OCCn1c2ccccc2c2ccccc21,6.09,IC50,True,471.51300000000026,5,3,4.594600000000003,<rdkit.DataStructs.cDataStructs.ExplicitBitVect object at 0x117ae1d90>,35
CCOC(=O)C[C@H](C)NC(=O)c1csc(C2CCN(C(=O)c3c(F)cccc3Cl)CC2)n1,4.36,IC50,False,481.97700000000026,6,1,4.026900000000003,<rdkit.DataStructs.cDataStructs.ExplicitBitVect object at 0x117ae1e00>,32
O=C1C=C(Nc2ccccc2C(=O)CC(=O)C(=O)Nc2ccc(Cl)c(Cl)c2)c2ccccc2C1=O,5.55,IC50,True,507.3290000000001,6,2,4.9924000000000035,<rdkit.DataStructs.cDataStructs.ExplicitBitVect object at 0x117ae1e70>,35
CC(/C=N/Nc1ccc(S(=O)(=O)/N=C/C(C)=C/c2ccccc2)cc1)=C\c1ccccc1,5.64,IC50,True,443.57200000000006,4,1,6.050800000000005,<rdkit.DataStructs.cDataStructs.ExplicitBitVect object at 0x117ae1ee0>,32
COc1ccc(C(=O)c2c(C)n(Cc3cc(O[C@@H](C)C(=O)O)ccc3Cl)c3nc(OC)ccc23)cc1,8.7,IC50,True,508.95800000000014,7,1,5.146520000000004,<rdkit.DataStructs.cDataStructs.ExplicitBitVect object at 0x117ae1f50>,36
CCCc1cc(Oc2ccccc2)ccc1OCCCOc1ccc2c(c1)OC(C(=O)O)CC2,6.01,IC50,True,462.54200000000026,5,1,6.057500000000006,<rdkit.DataStructs.cDataStructs.ExplicitBitVect object at 0x117ae1fc0>,34
O=C(O)CCc1ccc(OCCCOc2ccc(Oc3ccc(F)cc3)cc2Cl)cc1,5.19,IC50,False,444.8860000000001,4,1,6.136500000000005,<rdkit.DataStructs.cDataStructs.ExplicitBitVect object at 0x117ae2030>,31
CCOc1cccc(Oc2c(C(=O)O)n(-c3ccc(C(C)(C)C)cc3)c3ccccc23)c1,7.31,IC50,True,429.5160000000002,4,1,6.817200000000006,<rdkit.DataStructs.cDataStructs.ExplicitBitVect object at 0x117ae20a0>,32
CC(C)(C)c1ccc(-n2c(C(=O)O)c(Oc3cc(C(F)(F)F)cc(C(F)(F)F)c3)c3cc(Cl)ccc32)cc1,7.08,IC50,True,555.902,3,1,9.109499999999997,<rdkit.DataStructs.cDataStructs.ExplicitBitVect object at 0x117ae2110>,38
Cc1oc(-c2ccccc2)nc1CCOc1cccc(CC2=CN(C(=O)OCC(C)C)CCC2C(=O)O)c1,6.07,IC50,True,518.6100000000004,6,1,5.897020000000005,<rdkit.DataStructs.cDataStructs.ExplicitBitVect object at 0x117ae2180>,38
CCCc1c(OCCCOc2ccc3c(ccn3CC(=O)O)c2)ccc2c(C(=O)C(F)(F)F)c[nH]c12,5.62,IC50,True,502.4890000000002,5,2,5.752600000000005,<rdkit.DataStructs.cDataStructs.ExplicitBitVect object at 0x117ae21f0>,36
CCCc1cc(SC(F)(F)F)ccc1OCCCOc1ccc2c(c1)CC(CC)(C(=O)O)O2,5.51,IC50,True,484.53600000000034,5,1,6.267200000000005,<rdkit.DataStructs.cDataStructs.ExplicitBitVect object at 0x117ae2260>,33
Cc1c(C)n(Cc2ccc(-c3ccccc3C(=O)O)cc2)c2ccc(C(=O)N(C)Cc3ccccc3)cc12,6.69,IC50,True,502.61400000000026,3,1,6.943840000000007,<rdkit.DataStructs.cDataStructs.ExplicitBitVect object at 0x117ae22d0>,38
Cc1c(C)n(Cc2ccc(-c3ccccc3)cc2)c2ccc(C(=O)N[C@@H](C)c3ccccc3F)cc12,8.15,IC50,True,476.5950000000002,2,1,7.603540000000007,<rdkit.DataStructs.cDataStructs.ExplicitBitVect object at 0x117ae2340>,36
CCCc1cc(Oc2ccc(CC(C)C)cc2)ccc1OCCCOc1cccc(C2SC(=O)NC2=O)c1,6.54,IC50,True,533.6900000000003,6,1,7.501900000000008,<rdkit.DataStructs.cDataStructs.ExplicitBitVect object at 0x117ae23b0>,38
Cc1c(C)n(Cc2ccc(-c3ccccc3-c3nn[nH]n3)cc2)c2ccc(C(=O)N[C@@H](C)c3cccc(C(C)C)c3)cc12,7.66,IC50,True,568.7250000000001,5,2,7.7679400000000065,<rdkit.DataStructs.cDataStructs.ExplicitBitVect object at 0x117ae2420>,43
COC(=O)Cc1ccc(OCc2oc(-c3cccc(OC)c3)nc2C)cc1,5.17,IC50,False,367.4010000000001,6,0,3.953120000000003,<rdkit.DataStructs.cDataStructs.ExplicitBitVect object at 0x117ae2490>,27
O=C(Nc1ccc(Cl)cc1C(=O)O)c1cccc(S(=O)(=O)N2CCc3c(cccc3C(=O)O)C2)c1,5.1,IC50,False,514.9430000000003,5,3,3.7357000000000022,<rdkit.DataStructs.cDataStructs.ExplicitBitVect object at 0x117ae2500>,35
COc1cccc2ccn(S(=O)(=O)c3cccc(C(=O)Nc4ccc(C)cc4C(=O)O)c3)c12,5.3,IC50,False,464.4990000000002,6,2,4.145820000000002,<rdkit.DataStructs.cDataStructs.ExplicitBitVect object at 0x117ae2570>,33
Cc1ccc(CNC(=O)c2ccc3c(c2)c(C)c(C)n3Cc2ccc(-c3ccccc3C(=O)O)cc2)cc1,8.4,IC50,True,502.61400000000026,3,2,6.910060000000007,<rdkit.DataStructs.cDataStructs.ExplicitBitVect object at 0x117ae25e0>,38
Cc1c(Oc2ccc(Cl)cc2)c2cccnc2n1Cc1cc(O[C@@H](C)C(=O)O)ccc1F,7.27,IC50,True,454.8850000000002,5,1,5.829720000000005,<rdkit.DataStructs.cDataStructs.ExplicitBitVect object at 0x117ae2650>,32
CCCCN(c1ccc(C)c(-c2ccc(Cl)cc2)c1)S(=O)(=O)c1ccc(OC(C)C(=O)O)c(C)c1C,5.5,IC50,True,530.0860000000002,4,1,6.779560000000007,<rdkit.DataStructs.cDataStructs.ExplicitBitVect object at 0x117ae26c0>,36
CCCCN(c1cccc(-c2cccc(Cl)c2)c1C)S(=O)(=O)c1ccc(OC(C)C(=O)O)c(C)c1C,5.4,IC50,False,530.0860000000002,4,1,6.779560000000006,<rdkit.DataStructs.cDataStructs.ExplicitBitVect object at 0x117ae2730>,36
CCCc1cc(Oc2ccc(C3CCCC3)cc2)ccc1OCCCOc1cccc(C2SC(=O)NC2=O)c1,6.48,IC50,True,545.7010000000002,6,1,7.9610000000000065,<rdkit.DataStructs.cDataStructs.ExplicitBitVect object at 0x117ae27a0>,39
Cc1oc(-c2ccccc2)nc1CCOc1ccc(CC(Oc2ccccc2)C(=O)O)cc1,6.89,IC50,True,443.49900000000014,5,1,5.346220000000004,<rdkit.DataStructs.cDataStructs.ExplicitBitVect object at 0x117ae2810>,33
Cc1oc(-c2ccccc2)nc1CCOc1ccc(C[C@@H](C(=O)O)n2cccc2)cc1,7.54,IC50,True,416.4770000000001,5,1,4.941420000000003,<rdkit.DataStructs.cDataStructs.ExplicitBitVect object at 0x117ae2880>,31
CC(=O)c1cc(C(C)=O)c(CC(=O)C(=O)Nc2cccc(C)c2C)cc1CC(=O)C(=O)Nc1cccc(C)c1C,5.58,IC50,True,540.6160000000002,6,2,4.826080000000005,<rdkit.DataStructs.cDataStructs.ExplicitBitVect object at 0x117ae28f0>,40
O=S(=O)(NCCSSCCNS(=O)(=O)c1cccc2cccnc12)c1cccc2cccnc12,5.82,IC50,True,534.7100000000002,8,2,3.4212000000000016,<rdkit.DataStructs.cDataStructs.ExplicitBitVect object at 0x117ae2960>,34
CCCc1cc(C(=O)CC)cc(Cl)c1O[C@H](C(=O)O)c1ccc(C(C)C)cc1,6.66,IC50,True,402.9180000000001,3,1,6.213300000000006,<rdkit.DataStructs.cDataStructs.ExplicitBitVect object at 0x117ae29d0>,28
CCCc1cc(C(=O)CC)cc(CCC)c1O[C@H](C(=O)O)c1ccc(CC(C)C)cc1,6.66,IC50,True,424.58100000000013,3,1,6.587500000000007,<rdkit.DataStructs.cDataStructs.ExplicitBitVect object at 0x117ae2a40>,31
CCCc1cc(Oc2ccc(O)cc2)ccc1OCCCOc1cccc(C2SC(=O)NC2=O)c1,7.52,IC50,True,493.58100000000024,7,2,6.009000000000005,<rdkit.DataStructs.cDataStructs.ExplicitBitVect object at 0x117ae2ab0>,35
Cc1c(C)n(Cc2ccc(-c3ccccc3C(=O)O)cc2)c2ccc(C(=O)NCc3ccccc3)cc12,7.39,IC50,True,488.5870000000002,3,2,6.601640000000006,<rdkit.DataStructs.cDataStructs.ExplicitBitVect object at 0x117ae2b20>,37
C#CCOc1cccc(Cc2c(C)n(C(=O)c3ccc(OC)cc3)c3ccc(OC(F)(F)F)cc23)c1,7.21,IC50,True,493.4810000000001,5,0,6.148220000000005,<rdkit.DataStructs.cDataStructs.ExplicitBitVect object at 0x117ae2b90>,36
COc1ccc(OC(=O)N(CC(=O)O)Cc2ccc(OCCc3nc(-c4ccccc4)oc3C)cc2)cc1.Cl,5.85,IC50,True,553.0110000000003,7,1,5.787520000000006,<rdkit.DataStructs.cDataStructs.ExplicitBitVect object at 0x117ae2c00>,39
COc1cccc([C@H](C)NC(=O)c2ccc3c(c2)c(C)c(C)n3Cc2ccc(-c3ccccc3C(=O)O)cc2)c1,7.89,IC50,True,532.6400000000003,4,2,7.171240000000007,<rdkit.DataStructs.cDataStructs.ExplicitBitVect object at 0x117ae2c70>,40
Cc1c(C)n(Cc2ccc(-c3ccccc3C(=O)O)cc2)c2ccc(C(=O)NC(C)(C)c3ccccc3)cc12,9.3,IC50,True,516.6410000000002,3,2,7.336740000000008,<rdkit.DataStructs.cDataStructs.ExplicitBitVect object at 0x117ae2ce0>,39
Cc1c(C)n(Cc2ccc(-c3ccccc3C(=O)O)cc2)c2ccc(C(=O)N[C@@H](C)c3cccc(Br)c3)cc12,7.24,IC50,True,581.5100000000002,3,2,7.925140000000007,<rdkit.DataStructs.cDataStructs.ExplicitBitVect object at 0x117ae2d50>,39
Cc1c(C)n(Cc2ccc(-c3ccccc3C(=O)O)cc2)c2ccc(C(=O)NC3CCC3)cc12,7.5,IC50,True,452.55400000000026,3,2,5.953940000000006,<rdkit.DataStructs.cDataStructs.ExplicitBitVect object at 0x117ae2dc0>,34
Cc1c(C)n(Cc2ccc(-c3ccccc3C(=O)O)cc2)c2ccc(C(=O)NCc3ccccc3N)cc12,7.5,IC50,True,503.60200000000026,4,3,6.183840000000005,<rdkit.DataStructs.cDataStructs.ExplicitBitVect object at 0x117ae2e30>,38
Cc1c(C)n(Cc2ccc(-c3ccccc3)cc2)c2ccc(C(=O)N[C@@H](C)c3cccc(C(C)(C)C)c3)cc12,7.19,IC50,True,514.7130000000003,2,1,8.761940000000003,<rdkit.DataStructs.cDataStructs.ExplicitBitVect object at 0x117ae2ea0>,39
CCCCC(Cc1ccc(OCCc2nc(-c3ccccc3)oc2C)cc1)(Oc1ccccc1)C(=O)O,5.65,IC50,True,499.60700000000014,5,1,6.906620000000006,<rdkit.DataStructs.cDataStructs.ExplicitBitVect object at 0x117ae2f10>,37
CCCc1cc(Oc2ccc(OC)cc2)ccc1OCCCOc1cccc(C2SC(=O)NC2=O)c1,6.52,IC50,True,507.6080000000003,7,1,6.312000000000006,<rdkit.DataStructs.cDataStructs.ExplicitBitVect object at 0x117ae2f80>,36
Cc1oc(-c2ccccc2)nc1CCOc1ccc(CC2=C(C(=O)O)CCN(C(=O)OCC(C)C)C2)cc1,5.93,IC50,True,518.6100000000005,6,1,5.693520000000005,<rdkit.DataStructs.cDataStructs.ExplicitBitVect object at 0x117ae2ff0>,38
O=S(=O)(/C=C/c1ccccc1)Oc1ccc(OCc2ccccc2)cc1,6.15,IC50,True,366.43800000000005,4,0,4.645100000000004,<rdkit.DataStructs.cDataStructs.ExplicitBitVect object at 0x117ae3060>,26
Cc1oc(-c2ccccc2)nc1CCOc1cccc(Cc2nn(-c3ccccc3)nc2CC(=O)O)c1,8.3,IC50,True,494.5510000000002,7,1,5.070120000000004,<rdkit.DataStructs.cDataStructs.ExplicitBitVect object at 0x117ae30d0>,37
Cc1oc(-c2ccccc2)nc1CCCc1ccc(C[C@@H](C(=O)O)n2cccn2)cc1,6.84,IC50,True,415.49300000000005,5,1,4.890220000000003,<rdkit.DataStructs.cDataStructs.ExplicitBitVect object at 0x117ae3140>,31
Cc1ccc(NC(=O)c2cccc(S(=O)(=O)n3ccc4cccc(Cl)c43)c2)c(C(=O)O)c1,6.1,IC50,True,468.91800000000023,5,2,4.790620000000003,<rdkit.DataStructs.cDataStructs.ExplicitBitVect object at 0x117ae31b0>,32
CC(C)N(CCOc1ccc(CC2SC(=O)NC2=O)cc1)c1nc2ccccc2s1,4.7,IC50,False,441.57800000000015,7,1,4.484200000000004,<rdkit.DataStructs.cDataStructs.ExplicitBitVect object at 0x117ae3220>,30
O=C1NC(=O)/C(=C/c2ccc(OCCNc3nc4ccccc4s3)cc2)S1,4.85,IC50,False,397.481,7,2,4.111100000000002,<rdkit.DataStructs.cDataStructs.ExplicitBitVect object at 0x117ae3290>,27
CCOC(=O)c1ccc(OS(=O)(=O)/C=C/c2ccccc2)cc1,6.13,IC50,True,332.377,5,0,3.2428000000000017,<rdkit.DataStructs.cDataStructs.ExplicitBitVect object at 0x117ae3300>,23
COc1ccc(N2C(=O)[C@@H](Cc3ccc(OCCc4nc(-c5ccccc5)oc4C)cc3)[C@H]2C(=O)O)cc1,7.4,IC50,True,512.5620000000002,6,1,4.938820000000003,<rdkit.DataStructs.cDataStructs.ExplicitBitVect object at 0x117ae3370>,38
COc1ccc(N2C(=O)[C@H](Cc3cccc(OCCc4nc(-c5ccccc5)oc4C)c3)[C@@H]2C(=O)O)cc1,5.96,IC50,True,512.5620000000002,6,1,4.938820000000003,<rdkit.DataStructs.cDataStructs.ExplicitBitVect object at 0x117ae33e0>,38
CCCCCCCCCCCC/C=C(\CCCC(=O)O)[N+](=O)[O-],5.78,IC50,True,327.465,3,1,5.712900000000006,<rdkit.DataStructs.cDataStructs.ExplicitBitVect object at 0x117ae3450>,23
Cc1oc(-c2ccccc2)nc1CCCc1ccc(CC(C(=O)O)n2nccn2)cc1,8.3,IC50,True,416.48100000000005,6,1,4.285220000000002,<rdkit.DataStructs.cDataStructs.ExplicitBitVect object at 0x117ae34c0>,31
CCCc1c(SC)c2cc(NC(=O)C(CC)c3ccccc3)ccc2n1Cc1ccc(-c2ccccc2C(=O)O)cc1,7.44,IC50,True,576.7620000000003,4,2,8.861500000000005,<rdkit.DataStructs.cDataStructs.ExplicitBitVect object at 0x117ae3530>,42
Cc1c(C)n(Cc2ccc(-c3ccccc3C(=O)O)cc2)c2ccc(C(=O)NCCCc3ccccc3)cc12,7.75,IC50,True,516.6410000000003,3,2,7.034240000000007,<rdkit.DataStructs.cDataStructs.ExplicitBitVect object at 0x117ae35a0>,39
CCCc1cc(C2CCCCC2)ccc1OCCCOc1cccc(C2OC(=O)NC2=O)c1,6.31,IC50,True,451.56300000000016,5,1,5.842200000000005,<rdkit.DataStructs.cDataStructs.ExplicitBitVect object at 0x117ae3610>,33
CC[C@@H](NC(=O)c1ccc2c(c1)c(C)c(C)n2Cc1ccc(-c2ccccc2C(=O)O)cc1)c1ccccc1,10.0,IC50,True,516.6410000000002,3,2,7.552740000000007,<rdkit.DataStructs.cDataStructs.ExplicitBitVect object at 0x117ae3680>,39
CC(C)C[C@H](NC(=O)[C@@H](N)Cc1c[nH]c2ccccc12)C(=O)O,4.59,IC50,False,317.38900000000007,3,4,1.6531999999999998,<rdkit.DataStructs.cDataStructs.ExplicitBitVect object at 0x117ae36f0>,23
CO[C@@H](Cc1ccc(C#CCCOc2ccc(Oc3ccccc3)cc2)cc1)C(=O)O,7.89,IC50,True,416.473,4,1,4.941600000000005,<rdkit.DataStructs.cDataStructs.ExplicitBitVect object at 0x117ae3760>,31
Cc1c(C)n(Cc2ccc(-c3ccccc3C(=O)O)cc2)c2ccc(C(=O)N[C@H](C)c3ccc([N+](=O)[O-])cc3)cc12,8.7,IC50,True,547.6110000000002,5,2,7.070840000000007,<rdkit.DataStructs.cDataStructs.ExplicitBitVect object at 0x117ae37d0>,41
Cc1c(C)n(Cc2ccc(-c3ccccc3C(=O)O)cc2)c2ccc(C(=O)NCc3ccc(F)c(F)c3)cc12,7.51,IC50,True,524.5670000000002,3,2,6.879840000000005,<rdkit.DataStructs.cDataStructs.ExplicitBitVect object at 0x117ae3840>,39
CCCc1cc(Oc2ccccc2)ccc1OCCCOc1ccc(C2SC(=O)NC2=O)cc1,6.75,IC50,True,477.58200000000016,6,1,6.303400000000005,<rdkit.DataStructs.cDataStructs.ExplicitBitVect object at 0x117ae38b0>,34
Cc1c(C)n(Cc2ccc(-c3ccccc3C(=O)O)cc2)c2ccc(C(=O)NCc3ccc(C(C)(C)C)cc3)cc12,6.18,IC50,True,544.6950000000003,3,2,7.899140000000008,<rdkit.DataStructs.cDataStructs.ExplicitBitVect object at 0x117ae3920>,41
C[C@H](NC(=O)c1ccc2c(ccn2Cc2ccc(-c3ccc(O)cc3)cc2)c1)c1ccc([N+](=O)[O-])cc1,6.52,IC50,True,491.54700000000014,5,2,6.4614000000000065,<rdkit.DataStructs.cDataStructs.ExplicitBitVect object at 0x117ae3990>,37
Cc1c(C)n(Cc2ccc(-c3ccccc3C(=O)O)cc2)c2ccc(C(=O)N[C@@H](CO)c3ccccc3)cc12,7.43,IC50,True,518.6130000000002,4,3,6.135040000000006,<rdkit.DataStructs.cDataStructs.ExplicitBitVect object at 0x117ae3a00>,39
Cc1c(C)n(Cc2ccc(-c3ccccc3C(=O)O)cc2)c2ccc(C(=O)NCc3ccc(-c4ccccc4)cc3)cc12,6.61,IC50,True,564.6850000000003,3,2,8.268640000000005,<rdkit.DataStructs.cDataStructs.ExplicitBitVect object at 0x117ae3a70>,43
CCC[C@H](NC(=O)c1ccc2c(c1)c(C)c(C)n2Cc1ccc(-c2ccccc2C(=O)O)cc1)c1ccccc1,9.1,IC50,True,530.6680000000002,3,2,7.942840000000008,<rdkit.DataStructs.cDataStructs.ExplicitBitVect object at 0x117ae3ae0>,40
Cc1c(C)n(Cc2ccc(-c3ccccc3C(=O)O)cc2)c2ccc(C(=O)NCc3cccc4ccccc34)cc12,7.19,IC50,True,538.6470000000002,3,2,7.754840000000007,<rdkit.DataStructs.cDataStructs.ExplicitBitVect object at 0x117ae3b50>,41
C[C@H](NC(=O)c1ccc2c(ccn2Cc2ccc(-c3ccccc3C(=O)O)cc2)c1)c1ccc(Br)cc1,6.79,IC50,True,553.4560000000001,3,2,7.308300000000005,<rdkit.DataStructs.cDataStructs.ExplicitBitVect object at 0x117ae3bc0>,37
Cc1c(C)n(Cc2ccc(-c3ccccc3)cc2)c2ccc(C(=O)N[C@H](C)c3c(Cl)cccc3Cl)cc12,7.52,IC50,True,527.4950000000002,2,1,8.77124,<rdkit.DataStructs.cDataStructs.ExplicitBitVect object at 0x117ae3c30>,37
Cc1c(C)n(Cc2ccc(-c3ccccc3)cc2)c2ccc(C(=O)N[C@@H](C)c3cccc(C(F)(F)F)c3)cc12,7.41,IC50,True,526.6020000000002,2,1,8.483240000000004,<rdkit.DataStructs.cDataStructs.ExplicitBitVect object at 0x117ae3ca0>,39
CCCC[C@H](NC(=O)c1ccc2c(c1)c(C)c(C)n2Cc1ccc(-c2ccccc2)cc1)c1cccc(C(C)C)c1,7.09,IC50,True,542.7670000000002,2,1,9.758139999999997,<rdkit.DataStructs.cDataStructs.ExplicitBitVect object at 0x117ae3d10>,41
CC[C@@H](NC(=O)c1ccc2c(ccn2Cc2ccccc2-c2ccc(C(=O)O)cc2)c1)c1ccccc1,8.3,IC50,True,488.58700000000016,3,2,6.9359000000000055,<rdkit.DataStructs.cDataStructs.ExplicitBitVect object at 0x117ae3d80>,37
CC[C@H](NC(=O)c1ccc2c(c1)c(C)c(C)n2Cc1ccccc1-c1cccc(C(=O)O)c1)c1ccccc1,7.1,IC50,True,516.6410000000002,3,2,7.552740000000007,<rdkit.DataStructs.cDataStructs.ExplicitBitVect object at 0x117ae3df0>,39
Cc1c(C)n(Cc2ccc(-c3ccccc3C(=O)O)cc2)c2ccc(C(=O)N[C@@H](C)c3ccc(C(F)(F)F)cc3C(F)(F)F)cc12,6.62,IC50,True,638.6080000000003,3,2,9.200239999999999,<rdkit.DataStructs.cDataStructs.ExplicitBitVect object at 0x117ae3e60>,46
Cc1c(C)n(Cc2ccc(-c3ccccc3C(=O)O)cc2)c2ccc(C(=O)N[C@@H](C)C3CCCCC3)cc12,8.4,IC50,True,508.6620000000004,3,2,7.370240000000007,<rdkit.DataStructs.cDataStructs.ExplicitBitVect object at 0x117ae3ed0>,38
Cc1c(C)n(Cc2ccc(-c3ccccc3C(=O)O)cc2)c2ccc(C(=O)N[C@@H](C)c3ccc4c(c3)CCO4)cc12,6.65,IC50,True,544.6510000000003,4,2,7.097540000000007,<rdkit.DataStructs.cDataStructs.ExplicitBitVect object at 0x117ae3f40>,41
CNC(=O)c1ccccc1-c1ccc(Cn2c(C)c(C)c3cc(C(=O)N[C@@H](C)c4cccc(C(C)C)c4)ccc32)cc1,7.12,IC50,True,557.7380000000002,3,2,7.947440000000008,<rdkit.DataStructs.cDataStructs.ExplicitBitVect object at 0x117aec040>,42
CCCc1cc(C(=O)CC)cc(CCC)c1O[C@@H](C(=O)O)c1ccc(C(C)C)cc1,5.53,IC50,True,410.5540000000001,3,1,6.512400000000006,<rdkit.DataStructs.cDataStructs.ExplicitBitVect object at 0x117aec0b0>,30
CSc1nc(SCc2ccccc2)c(C(=O)O)c(SCc2ccccc2)n1,5.75,IC50,True,414.5770000000001,6,1,5.481300000000004,<rdkit.DataStructs.cDataStructs.ExplicitBitVect object at 0x117aec120>,27
CCOC(=O)c1cc(NS(=O)(=O)c2ccc(Cl)cc2)ccc1Oc1cncc(Cl)c1,7.1,IC50,True,467.33000000000015,6,1,5.1582000000000034,<rdkit.DataStructs.cDataStructs.ExplicitBitVect object at 0x117aec190>,30
CCOC(Cc1ccc2c(ccn2Cc2nc(-c3ccc(C(C)(C)C)cc3)oc2C)c1)C(=O)O,7.82,IC50,True,460.57400000000024,5,1,5.982720000000006,<rdkit.DataStructs.cDataStructs.ExplicitBitVect object at 0x117aec200>,34
CCOC(Cc1ccc2c(ccn2Cc2nc(-c3cc(C)cc(C)c3)oc2C)c1)C(=O)O,7.42,IC50,True,432.5200000000002,5,1,5.302060000000005,<rdkit.DataStructs.cDataStructs.ExplicitBitVect object at 0x117aec270>,32
Cc1c(C)n(Cc2ccc(-c3ccccc3C(=O)O)cc2)c2ccc(C(=O)NCc3ccccc3)cc12,9.0,IC50,True,488.5870000000002,3,2,6.601640000000006,<rdkit.DataStructs.cDataStructs.ExplicitBitVect object at 0x117aec2e0>,37
Cc1c(C)n(Cc2ccc(-c3ccccc3)cc2)c2ccc(C(=O)N[C@@H](C)c3ccc(F)c(F)c3)cc12,8.05,IC50,True,494.5850000000002,2,1,7.742640000000006,<rdkit.DataStructs.cDataStructs.ExplicitBitVect object at 0x117aec350>,37
CCCc1cc2c(oc(=O)n2CC)c(CCC)c1O[C@H](C(=O)O)c1ccc(C(C)C)cc1,7.0,IC50,True,439.55200000000013,5,1,5.8475000000000055,<rdkit.DataStructs.cDataStructs.ExplicitBitVect object at 0x117aec3c0>,32
Cc1oc(-c2ccccc2)nc1CC#Cc1ccc(C[C@@H](C(=O)O)n2cccc2)cc1,6.53,IC50,True,410.47300000000007,4,1,4.914120000000003,<rdkit.DataStructs.cDataStructs.ExplicitBitVect object at 0x117aec430>,31
CC[C@@](C)(Cc1ccc(OCCCOc2ccccc2Cl)cc1)C(=O)O,6.07,IC50,True,376.88,3,1,5.231300000000005,<rdkit.DataStructs.cDataStructs.ExplicitBitVect object at 0x117aec4a0>,26
CCCc1c(OCCCSc2ccc(CC(=O)O)cc2Cl)ccc2c(CC)coc12,6.25,IC50,True,446.9960000000002,4,1,6.789400000000005,<rdkit.DataStructs.cDataStructs.ExplicitBitVect object at 0x117aec510>,30
CCC(NC(=O)c1ccc2c(ccn2Cc2ccccc2-c2ccc(C(=O)O)cc2)c1)c1ccccc1,8.0,IC50,True,488.58700000000016,3,2,6.9359000000000055,<rdkit.DataStructs.cDataStructs.ExplicitBitVect object at 0x117aec580>,37
CCCc1cc(C2CCC(=O)CC2)ccc1OCCCOc1cccc(C2OC(=O)NC2=O)c1,5.94,IC50,True,465.5460000000002,6,1,5.021200000000004,<rdkit.DataStructs.cDataStructs.ExplicitBitVect object at 0x117aec5f0>,34
Cc1c(C)n(Cc2ccc(-c3ccccc3C(=O)O)cc2)c2ccc(C(=O)NCc3cccc(C(F)(F)F)c3)cc12,6.72,IC50,True,556.5840000000002,3,2,7.620440000000006,<rdkit.DataStructs.cDataStructs.ExplicitBitVect object at 0x117aec660>,41
CCc1ccccc1[C@H](C)NC(=O)c1ccc2c(c1)c(C)c(C)n2Cc1ccc(-c2ccccc2C(=O)O)cc1,8.22,IC50,True,530.6680000000003,3,2,7.725040000000008,<rdkit.DataStructs.cDataStructs.ExplicitBitVect object at 0x117aec6d0>,40
Cc1c(C)n(Cc2ccc(-c3ccccc3C(=O)O)cc2)c2ccc(C(=O)N[C@@H](C)c3ccccc3OC(F)(F)F)cc12,7.42,IC50,True,586.6100000000004,4,2,8.061240000000007,<rdkit.DataStructs.cDataStructs.ExplicitBitVect object at 0x117aec740>,43
Cc1c(C)n(Cc2ccc(-c3ccccc3C(=O)O)cc2)c2ccc(C(=O)N[C@H](C)c3ccc(C4CC4)nc3)cc12,7.5,IC50,True,543.6670000000003,4,2,7.435040000000007,<rdkit.DataStructs.cDataStructs.ExplicitBitVect object at 0x117aec7b0>,41
Cc1c(C)n(Cc2ccc(-c3ccccc3C(=O)O)cc2)c2ccc(C(=O)N[C@@H](C)c3cccc(C4CC4)n3)cc12,7.72,IC50,True,543.6670000000003,4,2,7.435040000000007,<rdkit.DataStructs.cDataStructs.ExplicitBitVect object at 0x117aec820>,41
Cc1c(C)n(Cc2ccc(-c3ccccc3C(=O)O)cc2)c2ccc(C(=O)N[C@@H](C)c3cc(F)c(F)cc3F)cc12,8.1,IC50,True,556.5840000000002,3,2,7.579940000000006,<rdkit.DataStructs.cDataStructs.ExplicitBitVect object at 0x117aec890>,41
Cc1c(C)n(Cc2ccc(-c3ccccc3-c3nnn[nH]3)cc2)c2ccc(C(=O)N[C@@H](C)c3cccc(C4CC4)c3)cc12,8.0,IC50,True,566.7090000000001,5,2,7.521940000000006,<rdkit.DataStructs.cDataStructs.ExplicitBitVect object at 0x117aec900>,43
Cc1c(C)n(Cc2ccc(-c3ccccc3C(=O)O)cc2)c2ccc(C(=O)N[C@@H](C)c3ccc(OC(C)(C)C)cc3)cc12,6.35,IC50,True,574.7210000000002,4,2,8.339940000000006,<rdkit.DataStructs.cDataStructs.ExplicitBitVect object at 0x117aec970>,43
CCCc1cc(Oc2ccccc2)ccc1OCCCOc1cccc(C2SC(=O)NC2=O)c1,7.24,IC50,True,477.58200000000016,6,1,6.303400000000005,<rdkit.DataStructs.cDataStructs.ExplicitBitVect object at 0x117aec9e0>,34
CCCc1cc(OC2CCCCCC2)ccc1OCCCOc1cccc(C2SC(=O)NC2=O)c1,7.07,IC50,True,497.6570000000002,6,1,6.612700000000007,<rdkit.DataStructs.cDataStructs.ExplicitBitVect object at 0x117aeca50>,35
Cc1oc(-c2cccs2)nc1CCOc1ccc(C[C@@](C)(Oc2ccccc2)C(=O)O)cc1,6.53,IC50,True,463.5550000000002,6,1,5.797820000000006,<rdkit.DataStructs.cDataStructs.ExplicitBitVect object at 0x117aecac0>,33
C[C@]1(C(=O)O)CCc2ccc(OCCCOc3ccc(Oc4ccccc4)cc3Cl)cc2O1,6.6,IC50,True,468.93300000000016,5,1,6.148500000000005,<rdkit.DataStructs.cDataStructs.ExplicitBitVect object at 0x117aecb30>,33
CCCc1cc(Oc2ccccc2)ccc1OCCCCOc1ccc2c(c1)OC(C)(C(=O)O)CC2,5.29,IC50,False,490.59600000000034,5,1,6.837700000000007,<rdkit.DataStructs.cDataStructs.ExplicitBitVect object at 0x117aecba0>,36
Cc1c(C(=O)c2ccc(Cl)cc2)c2ccc(OC(F)(F)F)cc2n1Cc1cccc(OC2(C(=O)O)CCC2)c1,7.8,IC50,True,557.952,5,1,7.167120000000006,<rdkit.DataStructs.cDataStructs.ExplicitBitVect object at 0x117aecc10>,39
CC[C@]1(C(=O)O)CCc2ccc(OCCCOc3ccc(C4CCCCC4)cc3Cl)cc2O1,5.85,IC50,True,473.0090000000003,4,1,6.794000000000008,<rdkit.DataStructs.cDataStructs.ExplicitBitVect object at 0x117aecc80>,33
Cc1ccc(OC(=O)N(CC(=O)O)Cc2cccc(OCc3nc(-c4ccc(F)cc4)oc3C)c2)cc1,5.64,IC50,True,504.5140000000003,6,1,5.762140000000005,<rdkit.DataStructs.cDataStructs.ExplicitBitVect object at 0x117aeccf0>,37
CCC/C(=C\c1cc(OCc2ccc3[nH]c(=O)ccc3c2)ccc1OCc1ccc(F)cc1)C(=O)O,5.21,IC50,False,487.5270000000002,4,2,6.093300000000005,<rdkit.DataStructs.cDataStructs.ExplicitBitVect object at 0x117aecd60>,36
Cc1ccc(OC(=O)N(CC(=O)O)Cc2cccc(OCc3nc(-c4ccc(C(C)(C)C)cc4)oc3C)c2)cc1,6.32,IC50,True,542.6320000000004,6,1,6.920540000000007,<rdkit.DataStructs.cDataStructs.ExplicitBitVect object at 0x117aecdd0>,40
O=C(O)c1ccc(OCc2c(-c3c(Cl)cccc3C(F)(F)F)noc2-c2cc[nH]c2)cc1,4.2,IC50,False,462.8110000000001,4,2,6.286100000000003,<rdkit.DataStructs.cDataStructs.ExplicitBitVect object at 0x117aece40>,32
Cc1oc(-c2ccccc2)nc1CCOc1ccc(-c2nn(-c3ccccc3)nc2C(=O)O)cc1,5.87,IC50,True,466.4970000000001,7,1,5.217420000000005,<rdkit.DataStructs.cDataStructs.ExplicitBitVect object at 0x117aeceb0>,35
O=C1NC(=O)[C@H](c2cccc(OCCCOc3ccc(Oc4ccccc4)cc3)c2)S1,7.12,IC50,True,435.50100000000003,6,1,5.350900000000004,<rdkit.DataStructs.cDataStructs.ExplicitBitVect object at 0x117aecf20>,31
CCCc1cc(C=C2CCCCC2)ccc1OCCCOc1cccc([C@@H]2SC(=O)NC2=O)c1,6.82,IC50,True,479.64200000000017,5,1,6.858600000000007,<rdkit.DataStructs.cDataStructs.ExplicitBitVect object at 0x117aecf90>,34
CCCc1cc(Oc2ccccc2)ccc1OCCCOc1ccc([C@H]2SC(=O)NC2=O)cc1,6.75,IC50,True,477.58200000000016,6,1,6.303400000000005,<rdkit.DataStructs.cDataStructs.ExplicitBitVect object at 0x117aed000>,34
CN(CCOc1ccc(/C=C2\SC(=O)NC2=O)cc1)c1ccc2ccccc2c1,4.4,IC50,False,404.4910000000001,5,1,4.678900000000004,<rdkit.DataStructs.cDataStructs.ExplicitBitVect object at 0x117aed070>,29
Cc1ccc(OC(=O)N(CC(=O)O)Cc2cccc(OCc3oc(-c4ccc(Cl)cc4)nc3C)c2)cc1,5.45,IC50,False,520.9690000000004,6,1,6.276440000000005,<rdkit.DataStructs.cDataStructs.ExplicitBitVect object at 0x117aed0e0>,37
Cc1ccc(OC(=O)N(CC(=O)O)Cc2cccc(OCc3nc(-c4ccc(Cl)cc4)sc3C)c2)cc1,5.47,IC50,False,537.0370000000003,6,1,6.744940000000006,<rdkit.DataStructs.cDataStructs.ExplicitBitVect object at 0x117aed150>,37
Cc1oc(-c2ccccc2)nc1CCOc1cccc(C[C@H]2C(=O)N(c3ccc(C(C)(C)C)cc3)[C@H]2C(=O)O)c1,6.1,IC50,True,538.6440000000003,5,1,6.227720000000006,<rdkit.DataStructs.cDataStructs.ExplicitBitVect object at 0x117aed1c0>,40
CCO[C@@H](Cc1ccc(OCCc2nc(-c3ccc(-c4ccccc4)cc3)oc2C)c2ccsc12)C(=O)O,8.52,IC50,True,527.6420000000003,6,1,7.185420000000006,<rdkit.DataStructs.cDataStructs.ExplicitBitVect object at 0x117aed230>,38
CCO[C@@H](Cc1ccc(OCCc2nc(-c3ccc(C(F)(F)F)cc3)oc2C)c2ccccc12)C(=O)O,7.57,IC50,True,513.5120000000002,5,1,6.475720000000006,<rdkit.DataStructs.cDataStructs.ExplicitBitVect object at 0x117aed2a0>,37
Cc1oc(-c2ccccc2)nc1CCCc1ccc(CC(C(=O)O)c2ccsc2)cc1,5.8,IC50,True,431.5570000000001,4,1,6.297720000000004,<rdkit.DataStructs.cDataStructs.ExplicitBitVect object at 0x117aed310>,31
CC[C@H](Oc1cccc(Cn2c(C)c(C(=O)c3ccc(Cl)cc3)c3ccc(OC(F)(F)F)cc32)c1)C(=O)O,8.4,IC50,True,545.9410000000001,5,1,7.023020000000006,<rdkit.DataStructs.cDataStructs.ExplicitBitVect object at 0x117aed380>,38
CCC[C@H](Oc1cccc(Cn2c(C)c(C(=O)c3ccc(Cl)cc3)c3ccc(OC(F)(F)F)cc32)c1)C(=O)O,8.1,IC50,True,559.9680000000002,5,1,7.413120000000006,<rdkit.DataStructs.cDataStructs.ExplicitBitVect object at 0x117aed3f0>,39
COC(Cc1ccc(OCCc2nc(-c3ccccc3)oc2C)c2ccsc12)C(=O)O,7.34,IC50,True,437.51700000000017,6,1,5.128320000000005,<rdkit.DataStructs.cDataStructs.ExplicitBitVect object at 0x117aed460>,31
CCO[C@@H](Cc1ccc(OCCc2nc(-c3ccccc3)oc2C)c2ccccc12)C(=O)O,7.44,IC50,True,445.51500000000016,5,1,5.4569200000000055,<rdkit.DataStructs.cDataStructs.ExplicitBitVect object at 0x117aed4d0>,33
Cc1oc(-c2ccc(-c3ccccc3)cc2)nc1CCOc1ccc(C[C@H](OCC(F)(F)F)C(=O)O)c2ccccc12,8.1,IC50,True,575.5830000000003,5,1,7.666320000000007,<rdkit.DataStructs.cDataStructs.ExplicitBitVect object at 0x117aed540>,42
CCOC(Cc1ccc2c(ccn2Cc2nc(-c3cccc(Cl)c3)oc2C)c1)C(=O)O,7.62,IC50,True,438.9110000000002,5,1,5.338620000000004,<rdkit.DataStructs.cDataStructs.ExplicitBitVect object at 0x117aed5b0>,31
Cc1c(Oc2ccc(Cl)cc2)c2ccc(F)nc2n1Cc1cc(O[C@@H](C)C(=O)O)ccc1Cl,7.82,IC50,True,489.33000000000027,5,1,6.483120000000006,<rdkit.DataStructs.cDataStructs.ExplicitBitVect object at 0x117aed620>,33
COC(=O)c1ccc(NC(=O)C[C@H]2C(=O)N(c3cccc(OC)c3)C(=O)N2Cc2ccc(OC)cc2)cc1,4.89,IC50,False,517.5380000000004,7,1,3.856600000000003,<rdkit.DataStructs.cDataStructs.ExplicitBitVect object at 0x117aed690>,38
COc1ccc(CNC(=O)c2ccc3c(c2)c(C)c(C)n3Cc2ccc(-c3ccccc3C(=O)O)cc2)cc1F,7.89,IC50,True,536.6030000000003,4,2,6.7493400000000054,<rdkit.DataStructs.cDataStructs.ExplicitBitVect object at 0x117aed700>,40
Cc1c(C)n(Cc2ccc(-c3ccccc3C(=O)O)cc2)c2ccc(C(=O)N[C@@H](C)C3COc4ccccc4O3)cc12,7.6,IC50,True,560.6500000000002,5,2,6.629940000000006,<rdkit.DataStructs.cDataStructs.ExplicitBitVect object at 0x117aed770>,42
CCc1ccc([C@H](C)NC(=O)c2ccc3c(c2)c(C)c(C)n3Cc2ccc(-c3ccccc3C(=O)O)cc2)cc1,7.37,IC50,True,530.6680000000002,3,2,7.725040000000008,<rdkit.DataStructs.cDataStructs.ExplicitBitVect object at 0x117aed7e0>,40
Cc1c(C)n(Cc2ccc(-c3ccccc3)cc2)c2ccc(C(=O)N[C@@H](C)c3cc(F)ccc3C(F)(F)F)cc12,7.24,IC50,True,544.5920000000002,2,1,8.622340000000001,<rdkit.DataStructs.cDataStructs.ExplicitBitVect object at 0x117aed850>,40
Cc1oc(-c2ccccc2)nc1CCOc1cccc(CC2=C(C(=O)O)CCN(c3nccc(C(F)(F)F)n3)C2)c1,5.88,IC50,True,564.5640000000002,7,1,5.914320000000004,<rdkit.DataStructs.cDataStructs.ExplicitBitVect object at 0x117aed8c0>,41
CC(C)(C)c1ccc(-n2c(C(=O)O)c(Oc3cccc(C(F)(F)F)c3)c3cc(Oc4cc(Cl)c[nH]4)ccc32)cc1,8.7,IC50,True,568.9790000000002,4,2,9.211099999999998,<rdkit.DataStructs.cDataStructs.ExplicitBitVect object at 0x117aed930>,40
CN(CCOc1ccc(C[C@H]2SC(=O)NC2=O)cc1)c1ccccn1,5.7,IC50,True,357.435,6,1,2.490900000000001,<rdkit.DataStructs.cDataStructs.ExplicitBitVect object at 0x117aed9a0>,25
COc1ccc(OC(=O)N(CC(=O)O)Cc2ccc(OCCc3nc(-c4ccc(O)cc4)oc3C)cc2)cc1,4.7,IC50,False,532.5490000000003,8,2,5.0713200000000045,<rdkit.DataStructs.cDataStructs.ExplicitBitVect object at 0x117aeda10>,39
Cc1oc(C2CCCCC2)nc1CCOc1ccc(CC(C)(Oc2ccccc2)C(=O)O)cc1,7.29,IC50,True,463.5740000000002,5,1,6.117020000000006,<rdkit.DataStructs.cDataStructs.ExplicitBitVect object at 0x117aeda80>,34
CCCOC(=O)N1CCc2c(OCCc3nc(-c4ccc(-c5ccccc5)cc4)oc3C)ccc(CCC(=O)O)c2C1,7.68,IC50,True,568.6700000000002,6,1,6.8604200000000075,<rdkit.DataStructs.cDataStructs.ExplicitBitVect object at 0x117aedaf0>,42
Cc1oc(-c2ccc(Cl)cc2)nc1CCOc1cccc(C[C@@H]2C(=O)N(c3ccc(C(C)(C)C)cc3)[C@@H]2C(=O)O)c1,6.17,IC50,True,573.0890000000003,5,1,6.881120000000008,<rdkit.DataStructs.cDataStructs.ExplicitBitVect object at 0x117aedb60>,41
Cc1oc(-c2ccccc2)nc1CCOc1ccc(C[C@H]2C(=O)N(c3ccc(C(C)(C)C)cc3)[C@H]2C(=O)O)cc1,5.37,IC50,False,538.6440000000003,5,1,6.227720000000006,<rdkit.DataStructs.cDataStructs.ExplicitBitVect object at 0x117aedbd0>,40
CCCc1cc(Oc2ccccc2)ccc1OCCCCOc1ccc2c(c1)OC(C(=O)O)CC2,5.75,IC50,True,476.5690000000003,5,1,6.447600000000007,<rdkit.DataStructs.cDataStructs.ExplicitBitVect object at 0x117aedc40>,35
CN(CCOc1ccc(CC2SC(=O)NC2=O)cc1)c1ccccn1,6.6,IC50,True,357.435,6,1,2.490900000000001,<rdkit.DataStructs.cDataStructs.ExplicitBitVect object at 0x117aedcb0>,25
CCCc1cc2c(=O)n(C)oc2c(CCC)c1O[C@H](C(=O)O)c1ccc(C(C)C)cc1,6.68,IC50,True,425.5250000000001,5,1,5.364600000000005,<rdkit.DataStructs.cDataStructs.ExplicitBitVect object at 0x117aedd20>,31
CC1=C(C(=O)O)C(c2ccc(OCCOc3ccc(C(=O)c4ccc(Cl)cc4)cc3)cc2)NC(=O)N1,6.03,IC50,True,506.94200000000006,5,3,4.741300000000003,<rdkit.DataStructs.cDataStructs.ExplicitBitVect object at 0x117aedd90>,36
CCc1ccc(O[C@H](C)CCOc2ccc(CCC(=O)O)c(CC)c2)c(-c2ccccn2)c1,7.46,IC50,True,447.57500000000016,4,1,6.127000000000006,<rdkit.DataStructs.cDataStructs.ExplicitBitVect object at 0x117aede00>,33
Cc1cc(OCC[C@@H](C)Oc2ccc(C(F)(F)F)cc2-c2ccccn2)ccc1CCC(=O)O,7.7,IC50,True,473.4910000000002,4,1,6.329420000000006,<rdkit.DataStructs.cDataStructs.ExplicitBitVect object at 0x117aede70>,34
CC(C)(C)c1ccc(-n2c(C(=O)O)c(Oc3cccc(C(F)(F)F)c3)c3ccccc32)cc1,7.92,IC50,True,453.4600000000001,3,1,7.437300000000005,<rdkit.DataStructs.cDataStructs.ExplicitBitVect object at 0x117aedee0>,33
O=C(O)Cc1coc2cc(OCc3cccc(COc4ccc(C(F)(F)F)cc4)c3)ccc12,5.27,IC50,False,456.41600000000005,4,1,6.236700000000004,<rdkit.DataStructs.cDataStructs.ExplicitBitVect object at 0x117aedf50>,33
CCO[C@@H](Cc1ccc(OCCCOc2ccc(Oc3ccccc3)cc2)cc1)C(=O)O,7.36,IC50,True,436.5040000000001,5,1,5.359000000000005,<rdkit.DataStructs.cDataStructs.ExplicitBitVect object at 0x117aedfc0>,32
COc1ccc(-c2nc(CCOc3cccc(C[C@@H]4C(=O)N(c5ccc(C(C)(C)C)cc5)[C@@H]4C(=O)O)c3)c(C)o2)cc1,6.66,IC50,True,568.6700000000003,6,1,6.236320000000006,<rdkit.DataStructs.cDataStructs.ExplicitBitVect object at 0x117aee030>,42
COc1ccc(-n2c(C(=O)O)c(Oc3cccc(C(F)(F)F)c3)c3ccccc32)cc1,6.94,IC50,True,427.37800000000004,4,1,6.148400000000004,<rdkit.DataStructs.cDataStructs.ExplicitBitVect object at 0x117aee0a0>,31
CC(C)(C)c1ccc(-n2c(C(=O)O)c(Oc3ccc(Cl)c(C(F)(F)F)c3)c3cc(Cl)ccc32)cc1,7.89,IC50,True,522.3500000000003,3,1,8.744099999999998,<rdkit.DataStructs.cDataStructs.ExplicitBitVect object at 0x117aee110>,35
COc1cc(C(F)(F)F)ccc1C(=O)NCc1cccc(Oc2ccc(OC(C)(C)C(=O)O)c(C)c2)c1,8.15,IC50,True,517.5000000000003,5,2,5.986720000000005,<rdkit.DataStructs.cDataStructs.ExplicitBitVect object at 0x117aee180>,37
Cc1cc(Oc2cccc(CNC(=O)c3ccc(C(F)(F)F)cc3F)c2)ccc1OC(C)(C)C(=O)O,7.92,IC50,True,505.46400000000017,4,2,6.117220000000004,<rdkit.DataStructs.cDataStructs.ExplicitBitVect object at 0x117aee1f0>,36
O=C(CCCOc1ccc(Cl)cc1Cl)N[C@@H](Cc1c[nH]c2ccccc12)C(=O)O,5.62,IC50,True,435.3070000000002,3,3,4.445800000000001,<rdkit.DataStructs.cDataStructs.ExplicitBitVect object at 0x117aee260>,29
O=C(O)c1ccccc1-c1ccccc1C(=O)Nc1ccc2c(c1)-c1ccccc1C2,5.46,IC50,False,405.45300000000015,2,2,5.875300000000004,<rdkit.DataStructs.cDataStructs.ExplicitBitVect object at 0x117aee2d0>,31
COc1ccc(-c2nc(COc3cccc(CN(CC(=O)O)C(=O)Oc4ccc(C)cc4)c3)c(C)o2)cc1,6.06,IC50,True,516.5500000000003,7,1,5.631640000000005,<rdkit.DataStructs.cDataStructs.ExplicitBitVect object at 0x117aee340>,38
COC(Cc1ccc2c(ccn2Cc2nc(-c3ccccc3)oc2C)c1)C(=O)O,6.5,IC50,True,390.43900000000014,5,1,4.295120000000003,<rdkit.DataStructs.cDataStructs.ExplicitBitVect object at 0x117aee3b0>,29
CCOC(Cc1cccc2c1ccn2Cc1nc(-c2ccccc2)oc1C)C(=O)O,5.82,IC50,True,404.4660000000001,5,1,4.685220000000003,<rdkit.DataStructs.cDataStructs.ExplicitBitVect object at 0x117aee420>,30
CN(CCOc1ccc(CC2SC(=O)NC2=O)cc1)c1ccccn1,7.16,IC50,True,357.435,6,1,2.490900000000001,<rdkit.DataStructs.cDataStructs.ExplicitBitVect object at 0x117aee490>,25
O=C(O)c1ccc(COc2ccc3ccccc3c2/C=N/c2ccc(N3CCOCC3)cc2)cc1,4.7,IC50,False,466.53700000000026,5,1,5.7042000000000055,<rdkit.DataStructs.cDataStructs.ExplicitBitVect object at 0x117aee500>,35
Cc1oc(-c2ccccc2)nc1CCOc1ccc(CN(CCOCc2ccccc2)CC(=O)O)cc1,5.34,IC50,False,500.5950000000003,6,1,5.374920000000004,<rdkit.DataStructs.cDataStructs.ExplicitBitVect object at 0x117aee570>,37
Cc1oc(-c2ccccc2)nc1CCOc1cccc(CN(CC(=O)O)Cc2cccc(Oc3ccccc3)c2)c1,6.96,IC50,True,548.6390000000004,6,1,7.150620000000006,<rdkit.DataStructs.cDataStructs.ExplicitBitVect object at 0x117aee5e0>,41
C[C@@H](NC(=O)c1ccc2c(ccn2Cc2ccc(F)cc2F)c1)c1ccc([N+](=O)[O-])cc1,7.51,IC50,True,435.4300000000001,4,1,5.367000000000004,<rdkit.DataStructs.cDataStructs.ExplicitBitVect object at 0x117aee650>,32
Cc1c(C)n(Cc2ccc(Cl)c(O[C@@H](C)C(=O)O)c2)c2ccc(C(=O)N[C@@H](C)c3cccc(OC(C)C)c3)cc12,8.3,IC50,True,563.0940000000002,5,2,7.089940000000007,<rdkit.DataStructs.cDataStructs.ExplicitBitVect object at 0x117aee6c0>,40
Cc1c(C)n(Cc2cc(O[C@@H](C)C(=O)O)ccc2Cl)c2ccc(C(=O)N[C@@H](C)c3ccc(C(C)(C)C)cc3)cc12,9.7,IC50,True,561.1220000000003,4,2,7.600240000000007,<rdkit.DataStructs.cDataStructs.ExplicitBitVect object at 0x117aee730>,40
Cc1c(C)n(C(C)c2cccc(O[C@@H](C)C(=O)O)c2)c2ccc(C(=O)N[C@@H](C)c3ccc(C(C)(C)C)cc3)cc12,6.59,IC50,True,540.7040000000003,4,2,7.507840000000008,<rdkit.DataStructs.cDataStructs.ExplicitBitVect object at 0x117aee7a0>,40
COc1ccc(Cn2c(C)c(C)c3cc(C(=O)N[C@@H](C)c4ccc(C(C)(C)C)cc4)ccc32)cc1O[C@@H](C)C(=O)O,7.21,IC50,True,556.7030000000004,5,2,6.955440000000007,<rdkit.DataStructs.cDataStructs.ExplicitBitVect object at 0x117aee810>,41
Nc1ccc(CNC(=O)c2ccc3c(ccn3Cc3ccc(F)cc3F)c2)cc1,6.83,IC50,True,391.42100000000005,3,2,4.480000000000003,<rdkit.DataStructs.cDataStructs.ExplicitBitVect object at 0x117aee880>,29
C[C@H](NC(=O)c1ccc2c(ccn2Cc2ccc(F)cc2F)c1)c1ccc(F)cc1,7.85,IC50,True,408.42300000000006,2,1,5.5979000000000045,<rdkit.DataStructs.cDataStructs.ExplicitBitVect object at 0x117aee8f0>,30
Cc1c(C)n(Cc2ccc(OCC(=O)O)cc2)c2ccc(C(=O)N[C@@H](C)c3cccc(C(C)C)c3)cc12,6.91,IC50,True,498.6230000000002,4,2,6.384240000000006,<rdkit.DataStructs.cDataStructs.ExplicitBitVect object at 0x117aee960>,37
Cc1c(C)n(Cc2ccc(OCC(=O)O)cc2)c2ccc(C(=O)N[C@@H](C)c3ccc(C(C)(C)C)cc3)cc12,6.43,IC50,True,512.6500000000002,4,2,6.5583400000000065,<rdkit.DataStructs.cDataStructs.ExplicitBitVect object at 0x117aee9d0>,38
Cc1c(C)n(Cc2ccc(-c3ccccc3C(=O)O)cc2)c2ccc(C(=O)NCCc3ccc(O)cc3)cc12,7.32,IC50,True,518.6130000000003,4,3,6.349740000000007,<rdkit.DataStructs.cDataStructs.ExplicitBitVect object at 0x117aeea40>,39
CCC/C(=C\c1cc(OCc2ccc3ccccc3n2)ccc1OCc1ccc(F)cc1)C(=O)O,4.88,IC50,False,471.5280000000002,4,1,6.800000000000006,<rdkit.DataStructs.cDataStructs.ExplicitBitVect object at 0x117aeeab0>,35
CCC/C(=C\c1cc(OCc2ccc3nc(C(F)(F)F)cc(OC)c3c2)ccc1OCC1CCN(C)CC1)C(=O)O,5.6,IC50,True,572.6240000000003,6,1,6.829900000000007,<rdkit.DataStructs.cDataStructs.ExplicitBitVect object at 0x117aeeb20>,41
Cc1oc(-c2ccccc2)nc1CCOc1cccc(C[C@H]2CN(c3nccc(C(F)(F)F)n3)C[C@H]2C(=O)O)c1,6.96,IC50,True,552.5530000000002,7,1,5.460020000000004,<rdkit.DataStructs.cDataStructs.ExplicitBitVect object at 0x117aeeb90>,40
CCOC(=O)N1C[C@@H](Cc2ccc(OCCc3nc(-c4ccccc4)oc3C)cc2)[C@@H](C(=O)O)C1,5.57,IC50,True,478.5450000000002,6,1,4.603120000000004,<rdkit.DataStructs.cDataStructs.ExplicitBitVect object at 0x117aeec00>,35
Cc1oc(-c2ccccc2)nc1CCOc1cccc(C[C@@H]2CN(C(=O)Oc3ccccc3)C[C@@H]2C(=O)O)c1,5.88,IC50,True,526.5890000000003,6,1,5.645620000000005,<rdkit.DataStructs.cDataStructs.ExplicitBitVect object at 0x117aeec70>,39
CCOC(=O)N1C[C@H](CC(=O)O)[C@H](c2cccc(OCCc3nc(-c4ccccc4)oc3C)c2)C1,6.04,IC50,True,478.5450000000003,6,1,4.9181200000000045,<rdkit.DataStructs.cDataStructs.ExplicitBitVect object at 0x117aeece0>,35
CCOC(=O)N1C[C@H](CCc2ccc(OCCc3nc(-c4ccccc4)oc3C)cc2)[C@@H](C(=O)O)C1,5.8,IC50,True,492.5720000000002,6,1,4.9932200000000035,<rdkit.DataStructs.cDataStructs.ExplicitBitVect object at 0x117aeed50>,36
Cc1c(Oc2ccc(Cl)c(O[C@@H](C)C(=O)O)c2)c2cc(OC(F)(F)F)ccc2n1-c1noc2cc(Cl)ccc12,9.0,IC50,True,581.3300000000002,7,1,7.929720000000003,<rdkit.DataStructs.cDataStructs.ExplicitBitVect object at 0x117aeedc0>,39
CCCOC(=O)N1CCC(C(=O)O)=C(Cc2cccc(OCCc3nc(-c4ccccc4)oc3C)c2)C1,6.01,IC50,True,504.5830000000003,6,1,5.447520000000005,<rdkit.DataStructs.cDataStructs.ExplicitBitVect object at 0x117aeee30>,37
Cc1oc(-c2ccccc2)nc1CCOc1ccc(CCC(=O)O)c(CNC(=O)OCc2ccccc2)c1,7.04,IC50,True,514.5780000000003,6,2,5.715120000000004,<rdkit.DataStructs.cDataStructs.ExplicitBitVect object at 0x117aeeea0>,38
CCCc1cc(Oc2ccccc2)ccc1OCCCOc1ccc2c(c1)OC(CC(C)C)(C(=O)O)CC2,5.92,IC50,True,518.6500000000003,5,1,7.473800000000008,<rdkit.DataStructs.cDataStructs.ExplicitBitVect object at 0x117aeef10>,38
CCCCCS(=O)(=O)NC(=O)/C=C/c1cc(C2CC2)nn1Cc1ccc(C(F)(F)F)cc1Cl,7.92,IC50,True,503.9740000000003,5,1,5.130400000000005,<rdkit.DataStructs.cDataStructs.ExplicitBitVect object at 0x117aeef80>,33
Cc1c(C)n(Cc2ccc(-c3ccccc3C(=O)O)cc2)c2ccc(C(=O)NCc3cccc(Cl)c3)cc12,8.7,IC50,True,523.0320000000002,3,2,7.2550400000000055,<rdkit.DataStructs.cDataStructs.ExplicitBitVect object at 0x117aeeff0>,38
Cc1c(C)n(Cc2ccc(-c3ccccc3C(=O)O)cc2)c2ccc(C(=O)NC(C)CCc3ccccc3)cc12,8.52,IC50,True,530.6680000000002,3,2,7.422740000000007,<rdkit.DataStructs.cDataStructs.ExplicitBitVect object at 0x117aef060>,40
CCOc1cccc([C@H](C)NC(=O)c2ccc3c(c2)c(C)c(C)n3Cc2ccc(-c3ccccc3)cc2)c1,7.68,IC50,True,502.65800000000024,3,1,7.863140000000008,<rdkit.DataStructs.cDataStructs.ExplicitBitVect object at 0x117aef0d0>,38
Cc1c(C)n(Cc2ccc(-c3ccccc3)cc2)c2ccc(C(=O)N[C@@H](C)c3ccc(C(F)(F)F)cc3)cc12,7.21,IC50,True,526.6020000000002,2,1,8.483240000000004,<rdkit.DataStructs.cDataStructs.ExplicitBitVect object at 0x117aef140>,39
Cc1ccc([C@H](C)NC(=O)c2ccc3c(c2)c(C)c(C)n3Cc2ccc(-c3ccccc3)cc2)cc1,7.89,IC50,True,472.6320000000002,2,1,7.772860000000008,<rdkit.DataStructs.cDataStructs.ExplicitBitVect object at 0x117aef1b0>,36
Cc1c(C)n(Cc2ccc(-c3cccnc3)cc2)c2ccc(C(=O)N[C@@H](C)c3ccc([N+](=O)[O-])cc3)cc12,6.82,IC50,True,504.59000000000026,5,1,6.767640000000006,<rdkit.DataStructs.cDataStructs.ExplicitBitVect object at 0x117aef220>,38
O=S(=O)(Nc1ccc(Oc2cncc(Cl)c2)c(C(F)(F)F)c1)c1ccc(Cl)cc1Cl,7.18,IC50,True,497.7090000000002,4,1,6.6537000000000015,<rdkit.DataStructs.cDataStructs.ExplicitBitVect object at 0x117aef290>,30
Cc1oc(-c2ccccc2)nc1CCOc1ccc(CN(CC(=O)O)Cc2ccccc2)cc1,5.32,IC50,False,456.5420000000002,5,1,5.358320000000004,<rdkit.DataStructs.cDataStructs.ExplicitBitVect object at 0x117aef300>,34
CO[C@@H](Cc1ccc(OCCc2nc(-c3ccc(C(C)C)cc3)oc2C)c2ccsc12)C(=O)O,8.7,IC50,True,479.5980000000002,6,1,6.251720000000006,<rdkit.DataStructs.cDataStructs.ExplicitBitVect object at 0x117aef370>,34
CO[C@@H](Cc1ccc(OCCc2nc(-c3ccccc3)oc2C)c2sccc12)C(=O)O,7.96,IC50,True,437.51700000000017,6,1,5.128320000000005,<rdkit.DataStructs.cDataStructs.ExplicitBitVect object at 0x117aef3e0>,31
Cc1oc(-c2ccccc2)nc1CCOc1ccc(CN(CC(=O)O)Cc2ccc(OCc3ccccc3)cc2)cc1,6.55,IC50,True,562.6660000000004,6,1,6.937320000000006,<rdkit.DataStructs.cDataStructs.ExplicitBitVect object at 0x117aef450>,42
Cc1oc(-c2ccc(-c3ccccc3)cc2)nc1CCOc1ccc(CCC(=O)O)c2c1CCN(C(=O)OCC(C)(C)C)C2,7.48,IC50,True,596.7240000000003,6,1,7.496520000000009,<rdkit.DataStructs.cDataStructs.ExplicitBitVect object at 0x117aef4c0>,44
Cc1c(C)n(Cc2ccc(-c3ccccc3C(=O)O)cc2)c2ccc(C(=O)NCc3cccs3)cc12,9.0,IC50,True,494.6160000000002,4,2,6.663140000000006,<rdkit.DataStructs.cDataStructs.ExplicitBitVect object at 0x117aef530>,36
Cc1c(C)n(Cc2ccc(-c3ccccc3C(=O)O)cc2)c2ccc(C(=O)N[C@@H](C)c3ccc(Br)cc3)cc12,7.55,IC50,True,581.5100000000002,3,2,7.925140000000007,<rdkit.DataStructs.cDataStructs.ExplicitBitVect object at 0x117aef5a0>,39
Cc1cc2cc(C(=O)N[C@@H](C)c3ccc(Br)cc3)ccc2n1Cc1ccc(-c2ccccc2C(=O)O)cc1,7.1,IC50,True,567.4830000000003,3,2,7.616720000000007,<rdkit.DataStructs.cDataStructs.ExplicitBitVect object at 0x117aef610>,38
Cc1c(C)n(Cc2ccc(-c3ccccc3C(=O)O)cc2)c2ccc(C(=O)N[C@@H](C)c3ccc(Cl)c(C(F)(F)F)c3)cc12,7.82,IC50,True,605.0560000000004,3,2,8.834840000000002,<rdkit.DataStructs.cDataStructs.ExplicitBitVect object at 0x117aef680>,43
Cc1c(C)n(Cc2ccc(-c3ccccc3)cc2)c2ccc(C(=O)N[C@@H](C)[C@@H]3CCN(C(=O)OCc4ccccc4)C3)cc12,7.24,IC50,True,585.7480000000003,4,1,7.750440000000008,<rdkit.DataStructs.cDataStructs.ExplicitBitVect object at 0x117aef6f0>,44
Cc1c(C)n(Cc2ccc(-c3ccccc3-c3noc(=O)[nH]3)cc2)c2ccc(C(=O)N[C@@H](C)c3cccc(C(C)C)c3)cc12,7.4,IC50,True,584.7200000000001,5,2,7.931140000000006,<rdkit.DataStructs.cDataStructs.ExplicitBitVect object at 0x117aef760>,44
Cc1ccccc1[C@H](C)NC(=O)c1ccc2c(c1)c(C)c(C)n2Cc1ccc(-c2ccccc2C(=O)O)cc1,8.52,IC50,True,516.6410000000003,3,2,7.471060000000008,<rdkit.DataStructs.cDataStructs.ExplicitBitVect object at 0x117aef7d0>,39
CCOc1ccc([C@H](C)NC(=O)c2ccc3c(c2)c(C)c(C)n3Cc2ccc(-c3ccccc3C(=O)O)cc2)cc1,8.3,IC50,True,546.6670000000003,4,2,7.5613400000000075,<rdkit.DataStructs.cDataStructs.ExplicitBitVect object at 0x117aef840>,41
COc1cccc([C@@H](C)NC(=O)c2ccc3c(c2)c(C)c(C)n3Cc2ccc(-c3ccccc3)cc2)c1,8.7,IC50,True,488.6310000000002,3,1,7.473040000000007,<rdkit.DataStructs.cDataStructs.ExplicitBitVect object at 0x117aef8b0>,37
CC(C)(Oc1ccc(CCOc2ccc(/N=N/c3ccccc3)cc2)cc1)C(=O)NS(=O)(=O)c1ccccc1,4.85,IC50,False,543.6450000000002,7,1,6.386000000000007,<rdkit.DataStructs.cDataStructs.ExplicitBitVect object at 0x117aef920>,39
CN(CCOc1ccc(CC2SC(=O)NC2=O)cc1)c1ccccn1,6.7,IC50,True,357.435,6,1,2.490900000000001,<rdkit.DataStructs.cDataStructs.ExplicitBitVect object at 0x117aef990>,25
CN(CCOc1ccc(CC2SC(=O)NC2=O)cc1)c1ccccn1,4.66,IC50,False,357.435,6,1,2.490900000000001,<rdkit.DataStructs.cDataStructs.ExplicitBitVect object at 0x117aefa00>,25
CCCc1cc(Oc2ccc(OC)cc2)ccc1OCCCOc1ccc2c(c1)OC(CC)(C(=O)O)CC2,6.2,IC50,True,520.6220000000004,6,1,6.846300000000007,<rdkit.DataStructs.cDataStructs.ExplicitBitVect object at 0x117aefa70>,38
CC(C)C1=CC(C)(C)Oc2cc(OCCCOc3ccc(CC(C)(C)C(=O)O)cc3)c(Cl)cc21,5.73,IC50,True,487.03600000000023,4,1,7.051600000000008,<rdkit.DataStructs.cDataStructs.ExplicitBitVect object at 0x117aefae0>,34
CN(CCOc1ccc(/C=C2\SC(=O)NC2=O)cc1)c1nc2ccccc2[nH]1,4.42,IC50,False,394.4560000000001,6,2,3.402000000000001,<rdkit.DataStructs.cDataStructs.ExplicitBitVect object at 0x117aefb50>,28
Cc1c(C)n(Cc2cc(O[C@@H](C)C(=O)O)ccc2Cl)c2ccc(C(=O)N[C@@H](C)c3cccc(OC(C)C)c3)cc12,8.3,IC50,True,563.0940000000003,5,2,7.089940000000007,<rdkit.DataStructs.cDataStructs.ExplicitBitVect object at 0x117aefbc0>,40
COc1ccc(C(=O)n2c(C)c(Cc3cccc(OC(C)C(=O)O)c3)c3cc(OC(F)(F)F)ccc32)cc1,9.0,IC50,True,527.4950000000002,6,1,5.988120000000005,<rdkit.DataStructs.cDataStructs.ExplicitBitVect object at 0x117aefc30>,38
CC(C)(C)c1ccc(-n2c(C(=O)O)c(Oc3cccc(C(F)(F)F)c3)c3cccnc32)cc1,7.12,IC50,True,454.4480000000001,4,1,6.8323000000000045,<rdkit.DataStructs.cDataStructs.ExplicitBitVect object at 0x117aefca0>,33
COc1ccc(OC(=O)N(CC(=O)O)Cc2ccc(OCCc3nc(-c4ccccc4)oc3C)cc2)cc1.Cl,6.61,IC50,True,553.0110000000003,7,1,5.787520000000006,<rdkit.DataStructs.cDataStructs.ExplicitBitVect object at 0x117aefd10>,39
CCCc1cc(Oc2ccccc2)ccc1OCCCOc1cccc([C@@H]2SC(=O)NC2=O)c1,7.24,IC50,True,477.58200000000016,6,1,6.303400000000005,<rdkit.DataStructs.cDataStructs.ExplicitBitVect object at 0x117aefd80>,34
CCCc1c(OCCCSc2ccc(CC(=O)O)cc2Cl)ccc(C(C)=O)c1O,6.24,IC50,True,436.95700000000016,5,2,5.389000000000005,<rdkit.DataStructs.cDataStructs.ExplicitBitVect object at 0x117aefdf0>,29
CCCc1cc(Oc2ccc(F)c(C)c2)ccc1OCCCOc1cccc([C@H]2SC(=O)NC2=O)c1,7.11,IC50,True,509.5990000000003,6,1,6.750920000000005,<rdkit.DataStructs.cDataStructs.ExplicitBitVect object at 0x117aefe60>,36
CC1(C)C=C(c2cccc(C(F)(F)F)c2)c2ccc(OCCCOc3ccc(CC(C)(C)C(=O)O)cc3)cc2O1,5.73,IC50,True,554.6050000000004,4,1,7.8093000000000075,<rdkit.DataStructs.cDataStructs.ExplicitBitVect object at 0x117aefed0>,40
CO[C@@H](Cc1ccc(OCCc2nc(-c3ccccc3)oc2C)c2ccsc12)C(=O)O,7.72,IC50,True,437.51700000000017,6,1,5.128320000000005,<rdkit.DataStructs.cDataStructs.ExplicitBitVect object at 0x117aeff40>,31
Cc1nc2ccc(Br)cc2c(=O)n1CC(=O)Nc1ccc(S(=O)(=O)NC(=O)NC2CCCCC2)cc1,6.45,IC50,True,576.4730000000001,7,3,3.426720000000002,<rdkit.DataStructs.cDataStructs.ExplicitBitVect object at 0x117af4040>,36
CCOc1cc(/C=C2\S/C(=N/c3ccc(Cl)c(C(=O)O)c3)N(C)C2=O)cc(Cl)c1O,5.1,IC50,False,467.33000000000015,6,2,5.0297000000000045,<rdkit.DataStructs.cDataStructs.ExplicitBitVect object at 0x117af40b0>,30
CCC/C(=C\c1cc(OCc2ccc3nc(C(F)(F)F)cc(OC)c3c2)ccc1OCCN1CCN(C)CC1)C(=O)O,5.33,IC50,False,587.6390000000002,7,1,5.735500000000006,<rdkit.DataStructs.cDataStructs.ExplicitBitVect object at 0x117af4120>,42
CCC/C(=C\c1cc(OCc2ccc3ncccc3c2)ccc1OCC1CCN(C)CC1)C(=O)O,4.82,IC50,False,474.60100000000034,5,1,5.802500000000006,<rdkit.DataStructs.cDataStructs.ExplicitBitVect object at 0x117af4190>,35
Cc1c(Cl)ccc2c1CN(S(=O)(=O)c1cccc(C(=O)Nc3ccc(Cl)cc3C(=O)O)c1)CC2,5.3,IC50,False,519.4060000000002,4,2,4.9993200000000035,<rdkit.DataStructs.cDataStructs.ExplicitBitVect object at 0x117af4200>,34
Cc1oc(-c2ccccc2)nc1CCOc1cccc(CN(CCCc2ccccc2)CC(=O)O)c1,6.11,IC50,True,484.5960000000003,5,1,5.790920000000005,<rdkit.DataStructs.cDataStructs.ExplicitBitVect object at 0x117af4270>,36
CN(CC#Cc1ccc(CC(C(=O)O)n2cccc2)cc1)c1ccccn1,4.28,IC50,False,359.42900000000003,4,1,3.2394000000000025,<rdkit.DataStructs.cDataStructs.ExplicitBitVect object at 0x117af42e0>,27
Cc1c(C)n(Cc2ccc(-c3ccccc3C(=O)O)cc2)c2ccc(C(=O)N[C@@H](C)c3ccc(C(F)(F)F)nc3)cc12,6.64,IC50,True,571.5990000000002,4,2,7.576440000000006,<rdkit.DataStructs.cDataStructs.ExplicitBitVect object at 0x117af4350>,42
Cc1oc(-c2ccccc2)nc1CCOc1ccc(C[C@@H](CNC(=O)CCc2ccc(SC(C)(C)C(=O)O)cc2)Nc2ccccc2C(=O)c2ccccc2)cc1,5.7,IC50,True,781.9750000000004,8,3,9.23002,<rdkit.DataStructs.cDataStructs.ExplicitBitVect object at 0x117af43c0>,57
CCCc1c(OCCCOc2ccc3c(ccn3Cc3nn[nH]n3)c2)ccc2c(C(F)(F)F)noc12,5.95,IC50,True,500.48100000000017,8,1,5.163100000000004,<rdkit.DataStructs.cDataStructs.ExplicitBitVect object at 0x117af4430>,36
CCCc1c(OCCCOc2cccc3c2ccn3CC(=O)O)ccc2cc(-c3ccccc3)[nH]c12,5.78,IC50,True,482.5800000000002,4,2,6.674600000000006,<rdkit.DataStructs.cDataStructs.ExplicitBitVect object at 0x117af44a0>,36
CC(C)(C)c1ccc(-n2c(C(=O)O)c(Oc3cccc(C(F)(F)F)c3)c3cc(Oc4cc(C(F)(F)F)c[nH]4)ccc32)cc1,8.3,IC50,True,602.5310000000002,4,2,9.576499999999996,<rdkit.DataStructs.cDataStructs.ExplicitBitVect object at 0x117af4510>,43
O=S(=O)(Nc1ccc(Oc2cncc(Cl)c2)c(F)c1)c1ccc(Cl)cc1Cl,7.44,IC50,True,447.7020000000001,4,1,5.774000000000002,<rdkit.DataStructs.cDataStructs.ExplicitBitVect object at 0x117af4580>,27
C=C1C(=O)O[C@@H]2C[C@H](C)[C@@]3(O)C[C@H](O)[C@@](C)(C[C@@H](OC(=O)C(C)C)[C@@H]12)O3,4.26,IC50,False,368.4260000000001,7,2,1.3104,<rdkit.DataStructs.cDataStructs.ExplicitBitVect object at 0x117af45f0>,26
COc1c(Cl)c(C)cc2cc(O)c3c(c12)C(=O)c1cc2c(c(O)c1C3=O)C(C)OC2=O,6.5,IC50,True,438.81900000000024,7,2,4.228220000000001,<rdkit.DataStructs.cDataStructs.ExplicitBitVect object at 0x117af4660>,31
Cc1cc(Oc2cccc(CNC(=O)c3c(C)c4cc(Cl)ccc4n3C)c2)ccc1CCC(=O)O,7.46,IC50,True,490.9870000000002,4,2,6.188040000000005,<rdkit.DataStructs.cDataStructs.ExplicitBitVect object at 0x117af46d0>,35
Cc1cc(Oc2cccc(CNC(=O)c3ccc(C(F)(F)F)cc3Oc3ccccc3)c2)ccc1OC(C)(C)C(=O)O,6.94,IC50,True,579.5710000000001,5,2,7.770420000000007,<rdkit.DataStructs.cDataStructs.ExplicitBitVect object at 0x117af4740>,42
Cc1cc(Oc2cccc(CNC(=O)c3ccc(C(F)(F)F)cc3C(F)(F)F)c2)ccc1OC(C)(C)C(=O)O,6.69,IC50,True,555.4710000000002,4,2,6.996920000000006,<rdkit.DataStructs.cDataStructs.ExplicitBitVect object at 0x117af47b0>,39
CCCc1c(OCCCNc2ccc(CC(=O)O)cc2)ccc2c(C(F)(F)F)noc12,6.99,IC50,True,436.43000000000006,5,2,5.307200000000004,<rdkit.DataStructs.cDataStructs.ExplicitBitVect object at 0x117af4820>,31
O=S(=O)(Nc1cc(-c2cccs2)nn1-c1ccc(F)cc1)c1cccc(F)c1,6.29,IC50,True,417.4620000000001,5,1,4.679800000000002,<rdkit.DataStructs.cDataStructs.ExplicitBitVect object at 0x117af4890>,28
COc1ccc(CNC(=O)c2ccc3c(ccn3Cc3ccc(F)cc3F)c2)c(OC)c1,6.5,IC50,True,436.45800000000014,4,1,4.9150000000000045,<rdkit.DataStructs.cDataStructs.ExplicitBitVect object at 0x117af4900>,32
C[C@@H](NC(=O)c1ccc2c(ccn2Cc2ccc(F)cc2F)c1)c1ccc(Br)cc1,8.05,IC50,True,469.32900000000006,2,1,6.221300000000005,<rdkit.DataStructs.cDataStructs.ExplicitBitVect object at 0x117af4970>,30
CCCCNC(=O)NS(=O)(=O)c1ccc(NC(=O)CSc2nc3ccccc3c(=O)n2-c2ccc(OC)cc2)cc1,6.43,IC50,True,595.7030000000003,9,3,3.9131000000000027,<rdkit.DataStructs.cDataStructs.ExplicitBitVect object at 0x117af49e0>,41
Cc1ccc(OC(=O)N(CC(=O)O)Cc2ccc(OCc3nc(-c4ccc(Cl)cc4)oc3C)cc2)cc1,6.61,IC50,True,520.9690000000003,6,1,6.276440000000005,<rdkit.DataStructs.cDataStructs.ExplicitBitVect object at 0x117af4a50>,37
Cc1oc(-c2ccccc2)nc1CCOc1ccc(Cc2nnn(-c3ccccc3)c2C(=O)O)cc1,6.06,IC50,True,480.52400000000017,7,1,5.141220000000004,<rdkit.DataStructs.cDataStructs.ExplicitBitVect object at 0x117af4ac0>,36
O=C(Nc1ccc(C(F)(F)F)cc1C(=O)O)c1cccc(S(=O)(=O)N2CCc3ccccc3C2)c1,5.5,IC50,True,504.4860000000003,4,2,4.402900000000003,<rdkit.DataStructs.cDataStructs.ExplicitBitVect object at 0x117af4b30>,35
Cc1ccc(NC(=O)c2cccc(S(=O)(=O)n3ccc4c(Br)cccc43)c2)c(C(=O)O)c1,5.9,IC50,True,513.3690000000003,5,2,4.899720000000004,<rdkit.DataStructs.cDataStructs.ExplicitBitVect object at 0x117af4ba0>,32
COc1ccc2ccn(S(=O)(=O)c3cccc(C(=O)Nc4ccc(Cl)cc4C(=O)O)c3)c2c1,5.6,IC50,True,484.91700000000014,6,2,4.490800000000003,<rdkit.DataStructs.cDataStructs.ExplicitBitVect object at 0x117af4c10>,33
Cc1oc(-c2ccccc2)nc1CCOc1ccc(C[C@@H](CNC(=O)COc2cccc(N)c2)Nc2ccccc2C(=O)c2ccccc2)cc1,5.2,IC50,False,680.8050000000003,8,3,7.303120000000006,<rdkit.DataStructs.cDataStructs.ExplicitBitVect object at 0x117af4c80>,51
O=S(=O)(/C=C/c1ccccc1)Oc1ccc(Cl)cc1,6.52,IC50,True,294.759,3,0,3.7195000000000027,<rdkit.DataStructs.cDataStructs.ExplicitBitVect object at 0x117af4cf0>,19
Cc1oc(-c2ccccc2)nc1CCOc1ccc(Cc2cn(C)cc2C(=O)O)cc1,5.42,IC50,False,416.47700000000015,5,1,4.899020000000004,<rdkit.DataStructs.cDataStructs.ExplicitBitVect object at 0x117af4d60>,31
CCOC(Cc1ccc2c(ccn2Cc2nc(-c3ccccc3C)oc2C)c1)C(=O)O,6.5,IC50,True,418.49300000000017,5,1,4.993640000000004,<rdkit.DataStructs.cDataStructs.ExplicitBitVect object at 0x117af4dd0>,31
CCCc1nc2c(C)cc(-c3nc4ccccc4n3C)cc2n1Cc1ccc(-c2ccccc2C(=O)O)cc1,4.91,IC50,False,514.6290000000004,5,1,7.2644200000000065,<rdkit.DataStructs.cDataStructs.ExplicitBitVect object at 0x117af4e40>,39
CCCc1c(SC)c2ccc(NC(=O)C(CC)c3ccccc3)cc2n1Cc1ccc(-c2ccccc2C(=O)O)cc1,6.31,IC50,True,576.7620000000003,4,2,8.861500000000005,<rdkit.DataStructs.cDataStructs.ExplicitBitVect object at 0x117af4eb0>,42
NC(=O)C[C@H](NC(=O)[C@@H](N)Cc1c[nH]c2ccccc12)C(=O)O,4.74,IC50,False,318.333,4,5,-0.517499999999999,<rdkit.DataStructs.cDataStructs.ExplicitBitVect object at 0x117af4f20>,23
Cc1cc(Oc2cccc(CNC(=O)c3cc4c(Cl)cccc4[nH]3)c2)ccc1CCC(=O)O,6.59,IC50,True,462.93300000000016,3,3,5.869220000000005,<rdkit.DataStructs.cDataStructs.ExplicitBitVect object at 0x117af4f90>,33
COc1ccc(C(=O)n2c(C)c(Cc3cccc(O[C@@H](C)C(=O)O)c3)c3cc(OC(F)(F)F)ccc32)cc1,9.0,IC50,True,527.4950000000002,6,1,5.988120000000005,<rdkit.DataStructs.cDataStructs.ExplicitBitVect object at 0x117af5000>,38
COc1ccc2c(c1)c(Cc1ccc(OC(C)(C)C(=O)O)cc1)c(C)n2C(=O)c1ccc(Cl)cc1,6.04,IC50,True,491.9710000000001,5,1,6.133020000000005,<rdkit.DataStructs.cDataStructs.ExplicitBitVect object at 0x117af5070>,35
COc1ccc(C(=O)n2c(C)c(Cc3ccccc3OC(C)C(=O)O)c3cc(OC(F)(F)F)ccc32)cc1,9.0,IC50,True,527.4950000000002,6,1,5.988120000000005,<rdkit.DataStructs.cDataStructs.ExplicitBitVect object at 0x117af50e0>,38
Cc1ccc(OC(=O)N(CC(=O)O)Cc2cccc(OCc3nc(-c4ccccc4Cl)oc3C)c2)cc1,5.98,IC50,True,520.9690000000003,6,1,6.276440000000005,<rdkit.DataStructs.cDataStructs.ExplicitBitVect object at 0x117af5150>,37
O=C(NS(=O)(=O)c1ccc(Cl)cc1)c1cc2ccccc2n1Cc1cccc(C(F)(F)F)c1,6.55,IC50,True,492.9060000000002,4,1,5.480500000000002,<rdkit.DataStructs.cDataStructs.ExplicitBitVect object at 0x117af51c0>,33
Cc1c(C)n(Cc2ccc(Cl)c(O[C@@H](C)C(=O)O)c2)c2ccc(C(=O)N[C@@H](C)c3cccc(C4CC4)c3)cc12,9.22,IC50,True,545.0790000000003,4,2,7.180140000000006,<rdkit.DataStructs.cDataStructs.ExplicitBitVect object at 0x117af5230>,39
Cc1c(C)n(Cc2cccc(O[C@@H](C)C(=O)O)c2)c2ccc(C(=O)N[C@@H](C)c3cccc(OC(C)C)c3)cc12,7.23,IC50,True,528.6490000000002,5,2,6.436540000000006,<rdkit.DataStructs.cDataStructs.ExplicitBitVect object at 0x117af52a0>,39
CC(C)(C)c1ccc(-n2c(C(=O)O)c(Oc3cccc(C(F)(F)F)c3)c3cc(Cl)ccc32)cc1,7.77,IC50,True,487.90500000000014,3,1,8.090700000000004,<rdkit.DataStructs.cDataStructs.ExplicitBitVect object at 0x117af5310>,34
COc1ccc2c(c1)c(Oc1cccc(C(F)(F)F)c1)c(C(=O)O)n2-c1ccc(C(C)(C)C)cc1,7.41,IC50,True,483.4860000000002,4,1,7.445900000000006,<rdkit.DataStructs.cDataStructs.ExplicitBitVect object at 0x117af5380>,35
Cc1ccc(S(=O)(=O)NC(=O)c2cc3ccccc3n2Cc2cccc(C(F)(F)F)c2)cc1,6.54,IC50,True,472.48800000000017,4,1,5.135520000000004,<rdkit.DataStructs.cDataStructs.ExplicitBitVect object at 0x117af53f0>,33
Cc1oc(-c2ccccc2)nc1CCOc1cccc(Cc2cn(C)cc2C(=O)O)c1,5.78,IC50,True,416.47700000000015,5,1,4.899020000000004,<rdkit.DataStructs.cDataStructs.ExplicitBitVect object at 0x117af5460>,31
CN(CCCc1ccc(C[C@@H](C(=O)O)n2cccc2)cc1)c1ccccn1,4.55,IC50,False,363.46100000000007,4,1,3.8205000000000027,<rdkit.DataStructs.cDataStructs.ExplicitBitVect object at 0x117af54d0>,27
O=C(O)c1cccc(OS(=O)(=O)/C=C/c2ccccc2)c1,4.87,IC50,False,304.323,4,1,2.7643000000000013,<rdkit.DataStructs.cDataStructs.ExplicitBitVect object at 0x117af5540>,21
CCc1ccc(OC(CC)CCOc2ccc(CCC(=O)O)c(C)c2)c(C(=O)c2ccccc2)c1,7.75,IC50,True,474.5970000000002,4,1,6.4321200000000065,<rdkit.DataStructs.cDataStructs.ExplicitBitVect object at 0x117af55b0>,35
CCCOC(Cc1ccc2c(ccn2Cc2nc(-c3ccc(C(F)(F)F)cc3)oc2C)c1)C(=O)O,6.4,IC50,True,486.4900000000001,5,1,6.094120000000005,<rdkit.DataStructs.cDataStructs.ExplicitBitVect object at 0x117af5620>,35
CCOC(Cc1ccc2c(c1)c(C)cn2Cc1nc(-c2ccc(C(F)(F)F)cc2)oc1C)C(=O)O,6.65,IC50,True,486.4900000000002,5,1,6.012440000000004,<rdkit.DataStructs.cDataStructs.ExplicitBitVect object at 0x117af5690>,35
C[C@]1(C(=O)O)CCc2ccc(OCCCOc3ccc(C4CCCC4)cc3Cl)cc2O1,5.42,IC50,False,444.9550000000002,4,1,6.013800000000006,<rdkit.DataStructs.cDataStructs.ExplicitBitVect object at 0x117af5700>,31
CCCc1c(OCCCOc2cccc3c2ccn3CC(=O)O)ccc2cc[nH]c12,5.32,IC50,False,406.48200000000014,4,2,5.007600000000004,<rdkit.DataStructs.cDataStructs.ExplicitBitVect object at 0x117af5770>,30
Cc1ccnc(N2C[C@@H](Cc3ccc(OCCc4nc(-c5ccccc5)oc4C)cc3)[C@@H](C(=O)O)C2)n1,6.35,IC50,True,498.5830000000002,7,1,4.749640000000003,<rdkit.DataStructs.cDataStructs.ExplicitBitVect object at 0x117af57e0>,37
Cc1oc(-c2ccccc2)nc1CCOc1cccc([C@H]2CN(C(=O)Oc3ccccc3)C[C@@H]2CC(=O)O)c1,5.74,IC50,True,526.5890000000003,6,1,5.960620000000006,<rdkit.DataStructs.cDataStructs.ExplicitBitVect object at 0x117af5850>,39
Cc1oc(-c2ccccc2)nc1CCOc1ccc([C@H]2CN(C(=O)Oc3ccccc3)C[C@@H]2C(=O)O)cc1,5.23,IC50,False,512.5620000000002,6,1,5.5705200000000055,<rdkit.DataStructs.cDataStructs.ExplicitBitVect object at 0x117af58c0>,38
Cc1oc(-c2ccccc2)nc1CCOc1cccc(C[C@@H]2CN(c3ccccc3)C[C@@H]2C(=O)O)c1,6.66,IC50,True,482.5800000000002,5,1,5.651220000000006,<rdkit.DataStructs.cDataStructs.ExplicitBitVect object at 0x117af5930>,36
Cc1cc(SCc2ccc(OCc3ccc(C(F)(F)F)cc3)cc2)c2c(c1OCC(=O)O)CCC2,4.67,IC50,False,502.5540000000003,4,1,6.837220000000005,<rdkit.DataStructs.cDataStructs.ExplicitBitVect object at 0x117af59a0>,35
CCn1c(CCCc2ccc(-c3ccc(NS(=O)(=O)c4ccccc4)cn3)cc2)nn(Cc2ccc(C(C)(C)C)cc2)c1=O,4.82,IC50,False,609.7960000000002,7,1,6.448600000000007,<rdkit.DataStructs.cDataStructs.ExplicitBitVect object at 0x117af5a10>,44
O=C(O)CSc1nc(OCCc2ccccc2)cc(OCCc2ccccc2)n1,5.43,IC50,False,410.4950000000002,6,1,3.8963000000000028,<rdkit.DataStructs.cDataStructs.ExplicitBitVect object at 0x117af5a80>,29
Cc1cc(Oc2cccc(CNC(=O)c3ccccc3C)c2)ccc1OC(C)(C)C(=O)O,7.7,IC50,True,433.5040000000002,4,2,5.267740000000004,<rdkit.DataStructs.cDataStructs.ExplicitBitVect object at 0x117af5af0>,32
O=S(=O)(/C=C/c1ccccc1)Oc1c(Cl)cc(Cl)cc1Cl,5.84,IC50,True,363.649,3,0,5.026300000000002,<rdkit.DataStructs.cDataStructs.ExplicitBitVect object at 0x117af5b60>,21
CCCCN(c1cccc(-c2ccc(Cl)cc2)c1C)S(=O)(=O)c1ccc(OC(C)C(=O)O)c(C)c1C,5.1,IC50,False,530.0860000000002,4,1,6.779560000000007,<rdkit.DataStructs.cDataStructs.ExplicitBitVect object at 0x117af5bd0>,36
CCCCN(c1cccc(-c2ccc(Cl)cc2)c1C)S(=O)(=O)c1ccc(OC(CC)C(=O)O)c(C)c1C,5.3,IC50,False,544.1130000000003,4,1,7.1696600000000075,<rdkit.DataStructs.cDataStructs.ExplicitBitVect object at 0x117af5c40>,37
CCCCN(c1cccc(-c2ccc(Cl)cc2)c1C)S(=O)(=O)c1ccc(OC(C)C(=O)O)c(OC)c1Cl,5.2,IC50,False,566.5030000000003,5,1,6.824720000000006,<rdkit.DataStructs.cDataStructs.ExplicitBitVect object at 0x117af5cb0>,37
CCCCN(c1cc(-c2ccc(Cl)cc2)ccc1C)S(=O)(=O)c1ccc(OC(C)C(=O)O)c(C)c1C,5.2,IC50,False,530.0860000000002,4,1,6.779560000000007,<rdkit.DataStructs.cDataStructs.ExplicitBitVect object at 0x117af5d20>,36
CCCCN(c1cccc(-c2ccc(OC(F)(F)F)cc2)c1C)S(=O)(=O)c1ccc(OC(C)C(=O)O)c(C)c1C,5.3,IC50,False,579.6370000000002,5,1,7.024760000000007,<rdkit.DataStructs.cDataStructs.ExplicitBitVect object at 0x117af5d90>,40
CCCc1c(OCCCN(C)c2ccc(CC(=O)O)cc2)ccc2c(C(F)(F)F)noc12,5.54,IC50,True,450.45700000000005,5,1,5.331500000000005,<rdkit.DataStructs.cDataStructs.ExplicitBitVect object at 0x117af5e00>,32
CC[C@]1(C(=O)O)CCc2ccc(OCCCOc3ccc(F)cc3Cl)cc2O1,5.37,IC50,False,408.853,4,1,4.885400000000005,<rdkit.DataStructs.cDataStructs.ExplicitBitVect object at 0x117af5e70>,28
CC(=O)NC[C@H](Cc1ccc(OCCc2nc(-c3ccccc3)oc2C)cc1)Nc1ccccc1C(=O)c1ccccc1,5.8,IC50,True,573.6930000000002,6,2,6.661820000000007,<rdkit.DataStructs.cDataStructs.ExplicitBitVect object at 0x117af5ee0>,43
O=S(=O)(Nc1cc(C(F)(F)F)c(Oc2cncc(Cl)c2)c(C(F)(F)F)c1)c1ccc(Cl)cc1Cl,7.51,IC50,True,565.706,4,1,7.672500000000002,<rdkit.DataStructs.cDataStructs.ExplicitBitVect object at 0x117af5f50>,34
NC(=O)c1cncc(Oc2c(Cl)cc(NS(=O)(=O)c3ccc(Cl)cc3Cl)cc2Cl)c1,7.5,IC50,True,507.18200000000024,5,2,5.387200000000002,<rdkit.DataStructs.cDataStructs.ExplicitBitVect object at 0x117af5fc0>,30
COc1ccc2c(c1)c(Cc1ccccc1OC(C)C(=O)O)c(C)n2C(=O)c1ccc(Cl)cc1,7.08,IC50,True,477.9440000000002,5,1,5.742920000000004,<rdkit.DataStructs.cDataStructs.ExplicitBitVect object at 0x117af6030>,34
COc1ccc2c(c1)c(Cc1ccc(C(=O)O)cc1)c(C)n2C(=O)c1ccc(Cl)cc1,5.33,IC50,False,433.8910000000002,4,1,5.5892200000000045,<rdkit.DataStructs.cDataStructs.ExplicitBitVect object at 0x117af60a0>,31
O=C(OCc1cccc2ccc3cccc(COC(=O)c4ccccc4)c3c12)c1ccccc1,5.27,IC50,False,446.5020000000001,4,0,6.707000000000005,<rdkit.DataStructs.cDataStructs.ExplicitBitVect object at 0x117af6110>,34
CC(NC(=O)c1ccc2c(ccn2Cc2ccc(F)cc2F)c1)c1cccc2ccccc12,7.31,IC50,True,440.4930000000001,2,1,6.612000000000005,<rdkit.DataStructs.cDataStructs.ExplicitBitVect object at 0x117af6180>,33
Cc1c(C)n(Cc2ccc(O[C@@H](C)C(=O)O)c(Cl)c2)c2ccc(C(=O)N[C@@H](C)c3ccc(C(C)(C)C)cc3)cc12,6.84,IC50,True,561.1220000000003,4,2,7.600240000000007,<rdkit.DataStructs.cDataStructs.ExplicitBitVect object at 0x117af61f0>,40
Cc1c(Oc2cc(O[C@@H](C)C(=O)O)ccc2Cl)c2cc(OC(F)(F)F)ccc2n1-c1noc2cc(Cl)ccc12,8.3,IC50,True,581.3300000000002,7,1,7.929720000000003,<rdkit.DataStructs.cDataStructs.ExplicitBitVect object at 0x117af6260>,39
Cc1c(Oc2cc(Cl)cc(O[C@@H](C)C(=O)O)c2)c2cc(OC(F)(F)F)ccc2n1-c1noc2cc(Cl)ccc12,6.96,IC50,True,581.3300000000002,7,1,7.929720000000002,<rdkit.DataStructs.cDataStructs.ExplicitBitVect object at 0x117af62d0>,39
CCC/C(=C\c1cc(OCc2ccc3ccccc3c2)ccc1OCc1ccc(F)cc1)C(=O)O,4.8,IC50,False,470.5400000000002,3,1,7.405000000000007,<rdkit.DataStructs.cDataStructs.ExplicitBitVect object at 0x117af6340>,35
Cc1c(C)n(Cc2cccc(C(C)(C)C(N)=O)c2)c2ccc(C(=O)N[C@@H](C)c3cccc(C4CC4)c3)cc12,7.62,IC50,True,507.6780000000003,3,2,6.437740000000006,<rdkit.DataStructs.cDataStructs.ExplicitBitVect object at 0x117af63b0>,38
Cc1c(C)n(Cc2ccc(OCC(=O)O)cc2)c2ccc(C(=O)N[C@@H](C)c3cccc(C4CC4)c3)cc12,6.9,IC50,True,496.60700000000026,4,2,6.138240000000006,<rdkit.DataStructs.cDataStructs.ExplicitBitVect object at 0x117af6420>,37
C[C@]1(C(=O)O)CCc2ccc(OCCCOc3ccc(OCC4CCC4)cc3Cl)cc2O1,5.7,IC50,True,460.95400000000024,5,1,5.535100000000006,<rdkit.DataStructs.cDataStructs.ExplicitBitVect object at 0x117af6490>,32
CCCC/C(=C\c1cc(OCc2ccc3nc(C(F)(F)F)cc(OC)c3c2)ccc1OCc1ccc(F)cc1)C(=O)O,5.64,IC50,True,583.5780000000003,5,1,8.217500000000008,<rdkit.DataStructs.cDataStructs.ExplicitBitVect object at 0x117af6500>,42
CCC/C(=C\c1cc(OCc2ccc3ncccc3c2)ccc1OCc1ccc(F)cc1)C(=O)O,5.3,IC50,False,471.5280000000002,4,1,6.800000000000006,<rdkit.DataStructs.cDataStructs.ExplicitBitVect object at 0x117af6570>,35
CCC/C(=C\c1cc(OCc2ccc3cccnc3c2)ccc1OCc1ccc(F)cc1)C(=O)O,4.62,IC50,False,471.5280000000002,4,1,6.800000000000006,<rdkit.DataStructs.cDataStructs.ExplicitBitVect object at 0x117af65e0>,35
CCC/C(=C\c1cc(OCc2ccc3nc(C(F)(F)F)cc(OC)c3c2)ccc1OCCN1CCN(C)CC1)C(=O)O,5.19,IC50,False,587.6390000000002,7,1,5.735500000000006,<rdkit.DataStructs.cDataStructs.ExplicitBitVect object at 0x117af6650>,42
CCOC(Cc1ccc2c(ccn2Cc2nc(-c3cc(Cl)cc(Cl)c3)oc2C)c1)C(=O)O,7.15,IC50,True,473.3560000000002,5,1,5.992020000000005,<rdkit.DataStructs.cDataStructs.ExplicitBitVect object at 0x117af66c0>,32
Cc1oc(-c2ccc(C(F)(F)F)cc2)nc1Cn1ccc2cc(CC(OC(C)C)C(=O)O)ccc21,6.86,IC50,True,486.49000000000024,5,1,6.092520000000007,<rdkit.DataStructs.cDataStructs.ExplicitBitVect object at 0x117af6730>,35
O=C(NS(=O)(=O)c1cccc(C(F)(F)F)c1)c1cc2ccccc2n1Cc1cccc(OCc2ccccc2)c1,7.3,IC50,True,564.5850000000004,5,1,6.406100000000005,<rdkit.DataStructs.cDataStructs.ExplicitBitVect object at 0x117af67a0>,40
Cc1c(Oc2ccc(Cl)cc2)c2ccc(C(F)(F)F)nc2n1Cc1ccc(Cl)c(O[C@@H](C)C(=O)O)c1,7.66,IC50,True,539.3370000000002,5,1,7.3628200000000055,<rdkit.DataStructs.cDataStructs.ExplicitBitVect object at 0x117af6810>,36
CC[C@@H](Oc1cccc(-n2c(C)c(C(=O)c3ccc(OC)cc3)c3ccc(OC(F)(F)F)cc32)c1)C(=O)O,8.05,IC50,True,527.4950000000002,6,1,6.319120000000004,<rdkit.DataStructs.cDataStructs.ExplicitBitVect object at 0x117af6880>,38
O=C(O)Cn1ccc2c(OCCCOc3ccc4cc(C(=O)c5ccccc5)ccc4c3)cccc21,5.57,IC50,True,479.53200000000015,5,1,5.9580000000000055,<rdkit.DataStructs.cDataStructs.ExplicitBitVect object at 0x117af68f0>,36
CN(CCOc1ccc(/C=C2\SC(=O)NC2=O)cc1)c1nc2ccccc2s1,4.89,IC50,False,411.5080000000001,7,1,4.135400000000003,<rdkit.DataStructs.cDataStructs.ExplicitBitVect object at 0x117af6960>,28
CO[C@@H](Cc1ccc(OCCCOc2ccc(Oc3ccccc3)cc2)cc1)C(=O)O,7.47,IC50,True,422.47700000000003,5,1,4.968900000000004,<rdkit.DataStructs.cDataStructs.ExplicitBitVect object at 0x117af69d0>,31
CC(C)COc1ccc2c(c1)c(Oc1cccc(C(F)(F)F)c1)c(C(=O)O)n2-c1ccc(C(C)(C)C)cc1,7.75,IC50,True,525.5670000000002,4,1,8.472100000000005,<rdkit.DataStructs.cDataStructs.ExplicitBitVect object at 0x117af6a40>,38
CC(C)(C)c1ccc(-n2c(C(=O)O)c(Oc3ccc(-c4cc(C(F)(F)F)c[nH]4)cc3)c3cccnc32)cc1,6.6,IC50,True,519.5230000000001,4,2,7.827400000000005,<rdkit.DataStructs.cDataStructs.ExplicitBitVect object at 0x117af6ab0>,38
CCC/C(=C\c1cc(OCc2ccc3nc(C(F)(F)F)cc(OC)c3c2)ccc1OCc1cccc(F)c1)C(=O)O,5.41,IC50,False,569.5510000000003,5,1,7.827400000000007,<rdkit.DataStructs.cDataStructs.ExplicitBitVect object at 0x117af6b20>,41
CCC/C(=C\c1cc(OCc2ccc3nc(C)ccc3c2)ccc1OCc1ccc(F)cc1)C(=O)O,5.38,IC50,False,485.5550000000002,4,1,7.108420000000007,<rdkit.DataStructs.cDataStructs.ExplicitBitVect object at 0x117af6b90>,36
COc1ccc2c(c1)c(Cc1ccccc1OCC(=O)O)c(C)n2C(=O)c1ccc(Cl)cc1,6.48,IC50,True,463.91700000000014,5,1,5.354420000000005,<rdkit.DataStructs.cDataStructs.ExplicitBitVect object at 0x117af6c00>,33
CC[C@]1(C(=O)O)CCc2ccc(OCCCOc3ccc(Oc4ccc(F)cc4)cc3Cl)cc2O1,6.58,IC50,True,500.9500000000001,5,1,6.677700000000006,<rdkit.DataStructs.cDataStructs.ExplicitBitVect object at 0x117af6c70>,35
COc1ccc(OC)c(CNC(=O)c2ccc3c(c2)c(C)c(C)n3Cc2cccc(C(F)(F)F)c2)c1,7.32,IC50,True,496.52900000000017,4,1,6.272440000000006,<rdkit.DataStructs.cDataStructs.ExplicitBitVect object at 0x117af6ce0>,36
Cc1c(C)n(Cc2ccc(-c3ccccc3C(=O)O)cc2)c2ccc(C(=O)NCc3cccnc3)cc12,6.27,IC50,True,489.5750000000002,4,2,5.9966400000000055,<rdkit.DataStructs.cDataStructs.ExplicitBitVect object at 0x117af6d50>,37
Cc1c(Oc2ccc(Cl)cc2)c2cccnc2n1Cc1ccc(F)c(O[C@@H](C)C(=O)O)c1,6.97,IC50,True,454.8850000000002,5,1,5.829720000000005,<rdkit.DataStructs.cDataStructs.ExplicitBitVect object at 0x117af6dc0>,32
CCc1ccc(C(=O)COc2ccc(CC3SC(=O)NC3=O)cc2)nc1,4.65,IC50,False,370.43000000000006,6,1,2.7998000000000003,<rdkit.DataStructs.cDataStructs.ExplicitBitVect object at 0x117af6e30>,26
CCc1ccc([C@@H](O)COc2ccc(CC3SC(=O)NC3=O)cc2)nc1,4.3,IC50,False,372.4460000000001,6,2,2.6505,<rdkit.DataStructs.cDataStructs.ExplicitBitVect object at 0x117af6ea0>,26
COc1cccc([C@H](O)COc2ccc(CC3SC(=O)NC3=O)cc2)c1,5.63,IC50,True,373.43000000000006,6,2,2.7017000000000007,<rdkit.DataStructs.cDataStructs.ExplicitBitVect object at 0x117af6f10>,26
Cc1cc(OCC[C@@H](C)Oc2ccc(Cl)cc2Oc2ccccc2)ccc1CCC(=O)O,7.82,IC50,True,454.9500000000002,4,1,6.694320000000006,<rdkit.DataStructs.cDataStructs.ExplicitBitVect object at 0x117af6f80>,32
CCCC(CCOc1ccc(CCC(=O)O)c(C)c1)Oc1ccc(CC)cc1C(=O)c1ccccc1,6.38,IC50,True,488.62400000000025,4,1,6.822220000000007,<rdkit.DataStructs.cDataStructs.ExplicitBitVect object at 0x117af6ff0>,36
Cc1c(C)n(Cc2cc(O[C@@H](C)C(=O)O)ccc2Cl)c2ccc(C(=O)N[C@@H](C)c3ccc(C(C)(C)C)cc3)cc12,6.82,IC50,True,561.1220000000003,4,2,7.600240000000007,<rdkit.DataStructs.cDataStructs.ExplicitBitVect object at 0x117af7060>,40
Cc1c(C)n(Cc2ccc(F)c(O[C@@H](C)C(=O)O)c2)c2ccc(C(=O)N[C@@H](C)c3ccc(C(C)(C)C)cc3)cc12,7.8,IC50,True,544.6670000000003,4,2,7.085940000000007,<rdkit.DataStructs.cDataStructs.ExplicitBitVect object at 0x117af70d0>,40
CCN(CCOc1ccc(/C=C2\SC(=O)NC2=O)cc1)c1nc2ccccc2s1,4.77,IC50,False,425.53500000000014,7,1,4.525500000000004,<rdkit.DataStructs.cDataStructs.ExplicitBitVect object at 0x117af7140>,29
COc1cccc(CNC(=O)c2ccc3c(c2)c(C)c(C)n3Cc2ccc(-c3ccccc3C(=O)O)cc2)c1,8.4,IC50,True,518.6130000000003,4,2,6.610240000000007,<rdkit.DataStructs.cDataStructs.ExplicitBitVect object at 0x117af71b0>,39
CC[C@H](NC(=O)c1ccc2c(c1)c(C)c(C)n2Cc1ccc(-c2ccccc2C(=O)O)cc1)c1ccccc1,8.52,IC50,True,516.6410000000002,3,2,7.552740000000007,<rdkit.DataStructs.cDataStructs.ExplicitBitVect object at 0x117af7220>,39
Cc1c(C)n(Cc2ccc(-c3ccccc3C(=O)O)cc2)c2ccc(C(=O)N[C@H](c3cccc(C(C)C)c3)C3CC3)cc12,8.1,IC50,True,570.7330000000001,3,2,8.676140000000004,<rdkit.DataStructs.cDataStructs.ExplicitBitVect object at 0x117af7290>,43
Cc1c(C)n(Cc2ccc(-c3ccccc3C(=O)O)cc2)c2ccc(C(=O)N[C@@H](CC(C)C)c3cccc(C(C)C)c3)cc12,5.91,IC50,True,586.7760000000002,3,2,9.31224,<rdkit.DataStructs.cDataStructs.ExplicitBitVect object at 0x117af7300>,44
Cc1c(C(=O)c2ccc(Cl)cc2)c2ccc(OC(F)(F)F)cc2n1Cc1cccc(O[C@@H](C(=O)O)C(C)C)c1,8.0,IC50,True,559.9680000000002,5,1,7.269020000000006,<rdkit.DataStructs.cDataStructs.ExplicitBitVect object at 0x117af7370>,39
Cc1c(C(=O)c2ccc(Cl)cc2)c2ccc(OC(F)(F)F)cc2n1Cc1cccc(OCC(=O)O)c1,8.7,IC50,True,517.8870000000003,5,1,6.244420000000004,<rdkit.DataStructs.cDataStructs.ExplicitBitVect object at 0x117af73e0>,36
Cc1cncc(Oc2c(Cl)cc(NS(=O)(=O)c3ccc(Cl)cc3Cl)cc2Cl)c1,7.72,IC50,True,478.1840000000002,4,1,6.596720000000002,<rdkit.DataStructs.cDataStructs.ExplicitBitVect object at 0x117af7450>,28
CCCc1cc(Oc2ccc(C(F)(F)F)cc2)ccc1OCCCOc1ccc(C2SC(=O)NC2=O)cc1,5.75,IC50,True,545.5790000000003,6,1,7.322200000000006,<rdkit.DataStructs.cDataStructs.ExplicitBitVect object at 0x117af74c0>,38
CCCc1cc(Oc2ccc(-c3ccccc3)cc2)ccc1OCCCOc1ccc(C2SC(=O)NC2=O)cc1,6.89,IC50,True,553.6800000000003,6,1,7.970400000000008,<rdkit.DataStructs.cDataStructs.ExplicitBitVect object at 0x117af7530>,40
Cc1c(C)n(Cc2ccc(-c3ccccc3)cc2)c2ccc(C(=O)N[C@H](c3cccc(C(C)C)c3)C(F)(F)F)cc12,7.77,IC50,True,554.6560000000002,2,1,9.130239999999999,<rdkit.DataStructs.cDataStructs.ExplicitBitVect object at 0x117af75a0>,41
Cc1c(C)n(Cc2ccc(-c3ccccc3)cc2)c2ccc(C(=O)N[C@H](c3cccc(C(C)C)c3)C3CC3)cc12,8.1,IC50,True,526.7240000000003,2,1,8.977940000000002,<rdkit.DataStructs.cDataStructs.ExplicitBitVect object at 0x117af7610>,40
CN(CCOc1ccc(/C=C2\SC(=O)NC2=O)cc1)c1nccs1,4.38,IC50,False,361.44800000000004,7,1,2.9822000000000006,<rdkit.DataStructs.cDataStructs.ExplicitBitVect object at 0x117af7680>,24
C[C@H](CCOc1ccc(CCC(=O)O)c(F)c1)Oc1ccc(Cl)cc1Oc1ccccc1,7.2,IC50,True,458.9130000000001,4,1,6.525000000000005,<rdkit.DataStructs.cDataStructs.ExplicitBitVect object at 0x117af76f0>,32
Cc1ccc(OC(=O)N(CC(=O)O)Cc2cccc(OCc3nc(-c4ccc(-c5ccccc5)cc4)oc3C)c2)cc1,5.7,IC50,True,562.6220000000003,6,1,7.2900400000000065,<rdkit.DataStructs.cDataStructs.ExplicitBitVect object at 0x117af7760>,42
CO[C@@H](Cc1ccc(OCCCOc2ccc(C(=O)c3ccccc3)cc2)cc1)C(=O)O,8.3,IC50,True,434.48800000000006,5,1,4.407600000000003,<rdkit.DataStructs.cDataStructs.ExplicitBitVect object at 0x117af77d0>,32
CCC/C(=C\c1cc(OCc2ccc3nc(C(F)(F)F)cc(OC)c3c2)ccc1OCc1ccccc1F)C(=O)O,5.46,IC50,False,569.5510000000003,5,1,7.827400000000007,<rdkit.DataStructs.cDataStructs.ExplicitBitVect object at 0x117af7840>,41
CCC/C(=C\c1cc(OCc2ccc3nc(C(F)(F)F)cc(OC)c3c2)ccc1OCc1ccccc1)C(=O)O,5.14,IC50,False,551.5610000000003,5,1,7.688300000000007,<rdkit.DataStructs.cDataStructs.ExplicitBitVect object at 0x117af78b0>,40
CCCn1c(C(=O)O)cc2c(OC)ccc(OCc3ccc4nc(C(F)(F)F)cc(OC)c4c3)c21,5.41,IC50,False,488.46200000000016,6,1,5.912700000000005,<rdkit.DataStructs.cDataStructs.ExplicitBitVect object at 0x117af7920>,35
COc1ccc2c(c1)c(Cc1cccc(OC(C)C(=O)O)c1)c(C)n2C(=O)c1ccc(Cl)cc1,7.31,IC50,True,477.9440000000002,5,1,5.742920000000004,<rdkit.DataStructs.cDataStructs.ExplicitBitVect object at 0x117af7990>,34
CCC(Oc1ccccc1Cc1c(C)n(C(=O)c2ccc(OC)cc2)c2ccc(OC(F)(F)F)cc12)C(=O)O,8.52,IC50,True,541.5220000000002,6,1,6.378220000000004,<rdkit.DataStructs.cDataStructs.ExplicitBitVect object at 0x117af7a00>,39
CCCc1cc(Oc2ccc(O)cc2)ccc1OCCCOc1cccc([C@H]2SC(=O)NC2=O)c1,7.52,IC50,True,493.58100000000024,7,2,6.009000000000005,<rdkit.DataStructs.cDataStructs.ExplicitBitVect object at 0x117af7a70>,35
CCCc1cc(C2CCCCCC2)ccc1OCCCOc1cccc([C@@H]2OC(=O)NC2=O)c1,6.19,IC50,True,465.5900000000002,5,1,6.232300000000006,<rdkit.DataStructs.cDataStructs.ExplicitBitVect object at 0x117af7ae0>,34
Cc1cc(OCC[C@@H](C)Oc2ccc(C(F)(F)F)cc2Oc2ccccc2)ccc1CCC(=O)O,8.22,IC50,True,488.50200000000024,4,1,7.059720000000006,<rdkit.DataStructs.cDataStructs.ExplicitBitVect object at 0x117af7b50>,35
Cc1ccccc1CNC(=O)c1ccc(Cl)c(C(=O)Nc2ccccc2)c1,5.98,IC50,True,378.8590000000001,2,2,4.830720000000003,<rdkit.DataStructs.cDataStructs.ExplicitBitVect object at 0x117af7bc0>,27
Cc1c(C)n(Cc2ccc(-c3ccccc3C(=O)O)cc2)c2ccc(C(=O)N[C@@H](C)c3ccc(Cl)cc3)cc12,7.28,IC50,True,537.0590000000002,3,2,7.816040000000006,<rdkit.DataStructs.cDataStructs.ExplicitBitVect object at 0x117af7c30>,39
Cc1c(C)n(Cc2ccc(-c3ccccc3C(=O)O)cc2)c2ccc(C(=O)NC(C)c3cccc4ccccc34)cc12,8.7,IC50,True,552.6740000000002,3,2,8.315840000000005,<rdkit.DataStructs.cDataStructs.ExplicitBitVect object at 0x117af7ca0>,42
CCCc1cc(Oc2ccccc2)ccc1OCCCOc1ccc(C2SC(=O)NC2=O)cc1C,5.17,IC50,False,491.6090000000002,6,1,6.611820000000006,<rdkit.DataStructs.cDataStructs.ExplicitBitVect object at 0x117af7d10>,35
CCCc1cc(OC2CCCC2)ccc1OCCCOc1cccc([C@H]2SC(=O)NC2=O)c1,7.2,IC50,True,469.6030000000001,6,1,5.832500000000006,<rdkit.DataStructs.cDataStructs.ExplicitBitVect object at 0x117af7d80>,33
CC[C@@](C)(Cc1ccc(OCCCOc2ccc(C3CCC(C)(C)CC3)cc2Cl)cc1)C(=O)O,5.44,IC50,False,487.08000000000027,3,1,7.915100000000008,<rdkit.DataStructs.cDataStructs.ExplicitBitVect object at 0x117af7df0>,34
C[C@]1(C(=O)O)CCc2ccc(OCCCOc3ccc(C4CCC5(CC4)CC5)cc3Cl)cc2O1,5.35,IC50,False,485.0200000000004,4,1,6.794000000000007,<rdkit.DataStructs.cDataStructs.ExplicitBitVect object at 0x117af7e60>,34
N[C@@H](Cc1c[nH]c2ccccc12)C(=O)N[C@@H](CCC(=O)O)C(=O)O,5.06,IC50,False,333.34400000000005,4,5,0.47189999999999965,<rdkit.DataStructs.cDataStructs.ExplicitBitVect object at 0x117af7ed0>,24
CCOC(Cc1cccc2c1ccn2CCCc1nc(-c2ccccc2)oc1C)C(=O)O,6.56,IC50,True,432.52000000000015,5,1,5.269720000000005,<rdkit.DataStructs.cDataStructs.ExplicitBitVect object at 0x117af7f40>,32
CCOC(Cc1ccc2c(ccn2Cc2nc(-c3ccccc3OC)oc2C)c1)C(=O)O,6.13,IC50,True,434.4920000000002,6,1,4.693820000000004,<rdkit.DataStructs.cDataStructs.ExplicitBitVect object at 0x117b00040>,32
CCOC(Cc1ccc2c(ccn2Cc2nc(-c3ccc(C(C)C)cc3)oc2C)c1)C(=O)O,7.89,IC50,True,446.5470000000002,5,1,5.808620000000006,<rdkit.DataStructs.cDataStructs.ExplicitBitVect object at 0x117b000b0>,33
Cc1c(C)n(Cc2ccc(-c3ccccc3C(=O)O)cc2)c2ccc(C(=O)NCc3ccc(C(C)C)cc3)cc12,7.64,IC50,True,530.6680000000002,3,2,7.725040000000007,<rdkit.DataStructs.cDataStructs.ExplicitBitVect object at 0x117b00120>,40
COc1ccc([C@H](C)NC(=O)c2ccc3c(c2)c(C)c(C)n3Cc2ccc(-c3ccccc3C(=O)O)cc2)cc1Cl,7.77,IC50,True,567.0850000000003,4,2,7.824640000000007,<rdkit.DataStructs.cDataStructs.ExplicitBitVect object at 0x117b00190>,41
COc1ccc(F)cc1[C@H](C)NC(=O)c1ccc2c(c1)c(C)c(C)n2Cc1ccc(-c2ccccc2C(=O)O)cc1,7.58,IC50,True,550.6300000000003,4,2,7.310340000000007,<rdkit.DataStructs.cDataStructs.ExplicitBitVect object at 0x117b00200>,41
Cc1c(C)n(Cc2ccc(-c3ccccc3)cc2)c2ccc(C(=O)N[C@@H](C)[C@H]3CCCN3C(=O)OCc3ccccc3)cc12,7.7,IC50,True,585.7480000000004,4,1,7.892940000000008,<rdkit.DataStructs.cDataStructs.ExplicitBitVect object at 0x117b00270>,44
Cc1c(C)n(Cc2ccc(-c3ccccc3C(=O)O)cc2)c2ccc(C(=O)N[C@@H](C)c3ccc(Br)cn3)cc12,8.7,IC50,True,582.4980000000002,4,2,7.3201400000000065,<rdkit.DataStructs.cDataStructs.ExplicitBitVect object at 0x117b002e0>,39
CCCc1c(OCCCN(C)c2ccc(CC(=O)O)c(C)c2)ccc2c(C(F)(F)F)noc12,5.34,IC50,False,464.4840000000001,5,1,5.639920000000005,<rdkit.DataStructs.cDataStructs.ExplicitBitVect object at 0x117b00350>,33
CCCc1c(OCCCN(C)c2ccc(CC(=O)O)cc2C)ccc2c(C(F)(F)F)noc12,6.34,IC50,True,464.4840000000001,5,1,5.639920000000005,<rdkit.DataStructs.cDataStructs.ExplicitBitVect object at 0x117b003c0>,33
CN(CCOc1ccc(CC2SC(=O)NC2=O)cc1)c1ccccn1,7.32,IC50,True,357.435,6,1,2.490900000000001,<rdkit.DataStructs.cDataStructs.ExplicitBitVect object at 0x117b00430>,25
COc1ccc(C(=O)NCc2cccc(Oc3ccc(OC(C)(C)C(=O)O)c(C)c3)c2)c(C)c1,8.1,IC50,True,463.53000000000026,5,2,5.276340000000004,<rdkit.DataStructs.cDataStructs.ExplicitBitVect object at 0x117b004a0>,34
COc1ccc(-c2c(C(=O)NS(=O)(=O)c3ccccc3C)n(Cc3cccc(C(F)(F)F)c3)c3ccccc23)cc1,8.15,IC50,True,578.6120000000002,5,1,6.811120000000006,<rdkit.DataStructs.cDataStructs.ExplicitBitVect object at 0x117b00510>,41
CCNC(=O)c1cc(NS(=O)(=O)c2ccc(OC)cc2)ccc1Oc1cncc(Cl)c1,6.4,IC50,True,461.92700000000013,6,2,4.086400000000002,<rdkit.DataStructs.cDataStructs.ExplicitBitVect object at 0x117b00580>,31
CCCc1c(O[C@H](C(=O)O)c2ccc(C(C)C)cc2)c(Cl)cc2c1oc(=O)n2CC,6.28,IC50,True,431.9160000000002,5,1,5.548400000000004,<rdkit.DataStructs.cDataStructs.ExplicitBitVect object at 0x117b005f0>,30
CCCc1cc2c(=O)n(C)oc2c(CCC)c1O[C@H](C(=O)O)c1ccccc1,5.42,IC50,False,383.444,5,1,4.241200000000004,<rdkit.DataStructs.cDataStructs.ExplicitBitVect object at 0x117b00660>,28
N[C@@H](Cc1c[nH]c2ccccc12)C(=O)N[C@@H](CCCC(=O)O)C(=O)O,4.82,IC50,False,347.3710000000001,4,5,0.8620000000000003,<rdkit.DataStructs.cDataStructs.ExplicitBitVect object at 0x117b006d0>,25
O=C1NC(=O)C(=Cc2ccc(N(CCOc3ccc([N+](=O)[O-])cc3)CCOc3ccc([N+](=O)[O-])cc3)cc2)C(=O)N1,5.0,IC50,False,561.5070000000003,10,2,3.216800000000001,<rdkit.DataStructs.cDataStructs.ExplicitBitVect object at 0x117b00740>,41
CCCCNC(=O)NS(=O)(=O)c1ccc(NC(=O)CSc2nc3ccccc3c(=O)n2-c2ccc(C)cc2)cc1,6.36,IC50,True,579.7040000000003,8,3,4.212920000000003,<rdkit.DataStructs.cDataStructs.ExplicitBitVect object at 0x117b007b0>,40
CCOC(Cc1ccc2c(ccn2Cc2nc(-c3ccc(F)c(C)c3)oc2C)c1)C(=O)O,6.87,IC50,True,436.4830000000002,5,1,5.132740000000005,<rdkit.DataStructs.cDataStructs.ExplicitBitVect object at 0x117b00820>,32
CC(Cc1ccccc1)(Oc1ccc(Cl)cc1)C(=O)O,5.41,IC50,False,290.74600000000004,2,1,3.804800000000003,<rdkit.DataStructs.cDataStructs.ExplicitBitVect object at 0x117b00890>,20
Cc1oc(-c2ccc(-c3ccccc3)cc2)nc1CCOc1ccc(CCC(=O)O)c(CNC(=O)Oc2cnccn2)c1,7.58,IC50,True,578.6250000000003,8,2,6.034320000000007,<rdkit.DataStructs.cDataStructs.ExplicitBitVect object at 0x117b00900>,43
CN(CCOc1ccc(CC2SC(=O)NC2=O)cc1)c1ccccn1,6.6,IC50,True,357.435,6,1,2.490900000000001,<rdkit.DataStructs.cDataStructs.ExplicitBitVect object at 0x117b00970>,25
CC(C)(O)c1ccc(NC(=O)c2cc(C(=O)NCc3ccc(F)c(F)c3)c(F)cc2Cl)cc1,7.82,IC50,True,476.88200000000006,3,3,5.167000000000003,<rdkit.DataStructs.cDataStructs.ExplicitBitVect object at 0x117b009e0>,33
Cc1c(C)n(Cc2ccc(-c3ccccc3C(=O)O)cc2)c2ccc(C(=O)N[C@H](C)c3ccc(Br)cc3)cc12,9.15,IC50,True,581.5100000000002,3,2,7.925140000000007,<rdkit.DataStructs.cDataStructs.ExplicitBitVect object at 0x117b00a50>,39
CCC(NC(=O)c1ccc2c(ccn2Cc2cccc(-c3ccccc3C(=O)O)c2)c1)c1ccccc1,8.22,IC50,True,488.58700000000016,3,2,6.935900000000006,<rdkit.DataStructs.cDataStructs.ExplicitBitVect object at 0x117b00ac0>,37
Cc1c(C)n(Cc2ccc(-c3ccccc3C(=O)O)cc2)c2ccc(C(=O)NC3CCCC3)cc12,7.6,IC50,True,466.5810000000003,3,2,6.344040000000006,<rdkit.DataStructs.cDataStructs.ExplicitBitVect object at 0x117b00b30>,35
Cc1c(C)n(Cc2ccc(-c3ccccc3C(=O)O)cc2)c2ccc(C(=O)NCc3ccc(N)cc3)cc12,8.4,IC50,True,503.60200000000026,4,3,6.183840000000005,<rdkit.DataStructs.cDataStructs.ExplicitBitVect object at 0x117b00ba0>,38
Cc1c(C)n(Cc2ccc(-c3ccccc3C(=O)O)cc2)c2ccc(C(=O)NCc3ccccc3Cl)cc12,8.22,IC50,True,523.0320000000002,3,2,7.2550400000000055,<rdkit.DataStructs.cDataStructs.ExplicitBitVect object at 0x117b00c10>,38
Cc1oc(-c2ccccc2)nc1CCOc1ccc(CCC(=O)O)c(CNC(=O)OC(C)C)c1,7.58,IC50,True,466.5340000000003,6,2,4.923320000000003,<rdkit.DataStructs.cDataStructs.ExplicitBitVect object at 0x117b00c80>,34
CCc1cc(Oc2cc(F)cc([C@@H](C)NC(=O)c3c(C)c4cc(Cl)ccc4n3C)c2)ccc1CCC(=O)O,7.41,IC50,True,537.0310000000003,4,2,7.1421200000000065,<rdkit.DataStructs.cDataStructs.ExplicitBitVect object at 0x117b00cf0>,38
Cc1cc(Oc2ccc(F)c(CNC(=O)c3ccc(C(F)(F)F)cc3F)c2)ccc1OC(C)(C)C(=O)O,8.1,IC50,True,523.4540000000002,4,2,6.256320000000004,<rdkit.DataStructs.cDataStructs.ExplicitBitVect object at 0x117b00d60>,37
Cc1ccc(CNC(=O)c2ccc(C(F)(F)F)cc2F)cc1Oc1ccc(OC(C)(C)C(=O)O)c(C)c1,8.3,IC50,True,519.4910000000003,4,2,6.425640000000005,<rdkit.DataStructs.cDataStructs.ExplicitBitVect object at 0x117b00dd0>,37
CCCc1c(OCCCn2ccc3cc(CCC(=O)O)ccc32)ccc2c(C(F)(F)F)noc12,5.92,IC50,True,474.4790000000001,5,1,6.240100000000004,<rdkit.DataStructs.cDataStructs.ExplicitBitVect object at 0x117b00e40>,34
CCO[C@H](Cc1ccc(OCCc2nc(-c3ccccc3)oc2C)c2ccsc12)C(=O)O,5.57,IC50,True,451.54400000000015,6,1,5.518420000000004,<rdkit.DataStructs.cDataStructs.ExplicitBitVect object at 0x117b00eb0>,32
CCCn1c(CCCc2ccc(OC(C)(C)C(=O)O)cc2)nn(CC2CCCCC2)c1=O,5.77,IC50,True,443.5880000000003,6,1,4.4524000000000035,<rdkit.DataStructs.cDataStructs.ExplicitBitVect object at 0x117b00f20>,32
CS(=O)(=O)Nc1ccc(CNC(=O)c2ccc3c(ccn3Cc3cccc(F)c3)c2)c(C(F)(F)F)c1,5.79,IC50,True,519.5200000000002,4,2,5.149000000000004,<rdkit.DataStructs.cDataStructs.ExplicitBitVect object at 0x117b00f90>,36
Cc1cc2cc(C(=O)NCc3ccc(CS(=O)(=O)C4CC4)cc3C(F)(F)F)ccc2n1Cc1cccc(F)c1,6.19,IC50,True,558.5970000000003,4,1,6.1631200000000055,<rdkit.DataStructs.cDataStructs.ExplicitBitVect object at 0x117b01000>,39
O=C(O)c1nn(Cc2ccc(Cl)c(Cl)c2)c(=O)c2cc(Oc3ccccc3)ccc12,6.8,IC50,True,441.2700000000002,5,1,5.242100000000003,<rdkit.DataStructs.cDataStructs.ExplicitBitVect object at 0x117b01070>,30
CCCc1cc(C2CCC(F)(F)CC2)ccc1OCCCOc1cccc(C2OC(=O)NC2=O)c1,6.27,IC50,True,487.54300000000023,5,1,6.087400000000006,<rdkit.DataStructs.cDataStructs.ExplicitBitVect object at 0x117b010e0>,35
CCCc1cc(C(=O)CC)cc(CCC)c1OC(C)(C)C(=O)O,5.91,IC50,True,320.42900000000003,3,1,4.426300000000003,<rdkit.DataStructs.cDataStructs.ExplicitBitVect object at 0x117b01150>,23
O=C(NCc1ccccc1)c1ccc(Br)c(C(=O)Nc2ccccc2)c1,6.74,IC50,True,409.2830000000001,2,2,4.631400000000003,<rdkit.DataStructs.cDataStructs.ExplicitBitVect object at 0x117b011c0>,26
CCCCN(c1cccc(-c2ccc(Cl)cc2)c1C)S(=O)(=O)c1ccc(OC(C)C(=O)O)c(F)c1Cl,5.2,IC50,False,554.4670000000002,4,1,6.955220000000006,<rdkit.DataStructs.cDataStructs.ExplicitBitVect object at 0x117b01230>,36
COCCN(c1cccc(-c2ccc(Cl)cc2)c1C)S(=O)(=O)c1ccc(OC(C)C(=O)O)c(C)c1C,4.9,IC50,False,532.0580000000002,5,1,5.625860000000006,<rdkit.DataStructs.cDataStructs.ExplicitBitVect object at 0x117b012a0>,36
CCCCN(c1cc(-c2ccc(Cl)cc2)c(F)cc1F)S(=O)(=O)c1ccc(OC(C)C(=O)O)c(C)c1C,5.8,IC50,True,552.0390000000002,4,1,6.749340000000006,<rdkit.DataStructs.cDataStructs.ExplicitBitVect object at 0x117b01310>,37
COc1cc(CNC(=O)c2ccc3c(c2)c(C)c(C)n3Cc2ccc(-c3ccccc3C(=O)O)cc2)cc(OC)c1,8.0,IC50,True,548.6390000000002,5,2,6.618840000000008,<rdkit.DataStructs.cDataStructs.ExplicitBitVect object at 0x117b01380>,41
Cc1cn(Cc2ccc(-c3ccccc3C(=O)O)cc2)c2ccc(C(=O)N[C@@H](C)c3ccc(Br)cc3)cc12,7.62,IC50,True,567.4830000000002,3,2,7.616720000000006,<rdkit.DataStructs.cDataStructs.ExplicitBitVect object at 0x117b013f0>,38
CCc1ccc(-c2nc3cc(NC(=O)c4cc([N+](=O)[O-])ccc4Br)ccc3o2)cc1,8.2,IC50,True,466.2910000000001,5,1,5.9802000000000035,<rdkit.DataStructs.cDataStructs.ExplicitBitVect object at 0x117b01460>,30
Cc1ccc(-c2nc3ccc(NC(=O)c4cc([N+](=O)[O-])ccc4Cl)cc3o2)cc1,5.75,IC50,True,407.81300000000016,5,1,5.617120000000003,<rdkit.DataStructs.cDataStructs.ExplicitBitVect object at 0x117b014d0>,29
O=C(O)c1ccc(-c2nc(C(=O)c3c(Cl)cccc3C(F)(F)F)n3c2CCCC3)c(F)c1,6.12,IC50,True,466.8180000000002,4,1,5.626900000000003,<rdkit.DataStructs.cDataStructs.ExplicitBitVect object at 0x117b01540>,32
O=C(O)c1ccc(-c2nc(C(=O)c3c(Cl)cccc3C3CC3)n3c2CCCC3)c(F)c1,5.89,IC50,True,438.8860000000003,4,1,5.485500000000004,<rdkit.DataStructs.cDataStructs.ExplicitBitVect object at 0x117b015b0>,31
CCc1ccc(OCCCOc2ccc(OC(C)(C)C(=O)O)cc2)c(C(=O)c2ccccc2)c1,7.42,IC50,True,462.54200000000014,5,1,5.569900000000005,<rdkit.DataStructs.cDataStructs.ExplicitBitVect object at 0x117b01620>,34
Cc1ccc(CNC(=O)c2ccc(C(F)(F)F)cc2F)cc1Oc1ccc(OC(C)(C)C(=O)O)c(C)c1,8.3,IC50,True,519.4910000000003,4,2,6.425640000000005,<rdkit.DataStructs.cDataStructs.ExplicitBitVect object at 0x117b01690>,37
Cc1cc(Oc2ccc(F)c(CNC(=O)c3ccc(C(F)(F)F)cc3F)c2)ccc1OC(C)(C)C(=O)O,8.1,IC50,True,523.4540000000002,4,2,6.256320000000004,<rdkit.DataStructs.cDataStructs.ExplicitBitVect object at 0x117b01700>,37
CCc1ccc(O[C@H](C)CCOc2ccc(CCC(=O)O)c(C)c2)c(Oc2ccccc2)c1,8.22,IC50,True,448.55900000000014,4,1,6.603320000000007,<rdkit.DataStructs.cDataStructs.ExplicitBitVect object at 0x117b01770>,33
Cc1cc(Oc2cccc(CNC(=O)c3ccc(C(F)(F)F)cc3C)c2)ccc1OC(C)(C)C(=O)O,8.05,IC50,True,501.5010000000002,4,2,6.286540000000005,<rdkit.DataStructs.cDataStructs.ExplicitBitVect object at 0x117b017e0>,36
COc1cc(OCC(=O)O)c(C)cc1SCc1ccc(OCc2ccc(C(F)(F)F)cc2)cc1,4.63,IC50,False,492.51500000000016,5,1,6.3571200000000045,<rdkit.DataStructs.cDataStructs.ExplicitBitVect object at 0x117b01850>,34
COc1ccc(COc2ccc(CSc3ccc(OCC(=O)O)c4c3CCC4)cc2)cc1,4.86,IC50,False,450.5560000000003,5,1,5.518600000000005,<rdkit.DataStructs.cDataStructs.ExplicitBitVect object at 0x117b018c0>,32
CCc1ccc(O[C@H](C)CCOc2ccc(CCC(=O)O)c(C)c2)c(C(=O)c2ccccc2)c1,8.3,IC50,True,460.57000000000016,4,1,6.042020000000006,<rdkit.DataStructs.cDataStructs.ExplicitBitVect object at 0x117b01930>,34
Cc1ccc(NC(=O)c2cccc(S(=O)(=O)n3ccc4cc(C)ccc43)c2)c(C(=O)O)c1,5.6,IC50,True,448.5000000000002,5,2,4.445640000000003,<rdkit.DataStructs.cDataStructs.ExplicitBitVect object at 0x117b019a0>,32
Cc1ccc(NC(=O)c2cccc(S(=O)(=O)n3ccc4c(C)cccc43)c2)c(C(=O)O)c1,5.7,IC50,True,448.5000000000002,5,2,4.445640000000003,<rdkit.DataStructs.cDataStructs.ExplicitBitVect object at 0x117b01a10>,32
Cc1ccc(NC(=O)c2cccc(S(=O)(=O)n3ccc4cc(Cl)ccc43)c2)c(C(=O)O)c1,5.8,IC50,True,468.91800000000023,5,2,4.790620000000004,<rdkit.DataStructs.cDataStructs.ExplicitBitVect object at 0x117b01a80>,32
CC[C@]1(C(=O)O)CCc2ccc(OCCCOc3ccc(OC(F)(F)F)cc3Cl)cc2O1,5.58,IC50,True,474.8590000000001,5,1,5.644900000000005,<rdkit.DataStructs.cDataStructs.ExplicitBitVect object at 0x117b01af0>,32
Cc1cc(OCc2cc(-c3ccc(Cl)cc3)on2)cc2scc(CC(=O)O)c12,5.06,IC50,False,413.8820000000002,5,1,5.724220000000004,<rdkit.DataStructs.cDataStructs.ExplicitBitVect object at 0x117b01b60>,28
O=C(O)Cc1csc2cc(OCc3cccc(COc4ccc(C(F)(F)F)cc4)c3)ccc12,5.24,IC50,False,472.48400000000015,4,1,6.705200000000004,<rdkit.DataStructs.cDataStructs.ExplicitBitVect object at 0x117b01bd0>,33
O=C(O)Cc1coc2cc(OCc3cccc(COc4ccc(C(F)(F)F)cc4)c3)ccc12,5.27,IC50,False,456.41600000000005,4,1,6.236700000000004,<rdkit.DataStructs.cDataStructs.ExplicitBitVect object at 0x117b01c40>,33
CCCc1c(OCCCSc2ccc(CC(=O)O)cc2Cl)ccc(C(C)=O)c1O,6.24,IC50,True,436.95700000000016,5,2,5.389000000000005,<rdkit.DataStructs.cDataStructs.ExplicitBitVect object at 0x117b01cb0>,29
CCCc1c(OCCCSc2ccc(CC(=O)O)cc2Cl)ccc(C(=O)CC)c1O,6.52,IC50,True,450.9840000000002,5,2,5.779100000000005,<rdkit.DataStructs.cDataStructs.ExplicitBitVect object at 0x117b01d20>,30
CCc1ccc(-c2nc3cc(NC(=O)c4cc([N+](=O)[O-])ccc4Cl)ccc3o2)cc1,9.4,IC50,True,421.8400000000001,5,1,5.871100000000004,<rdkit.DataStructs.cDataStructs.ExplicitBitVect object at 0x117b01d90>,30
Cn1ccc(-c2onc(-c3c(Cl)cccc3C(F)(F)F)c2COc2ccc(C(=O)O)cc2)c1,4.7,IC50,False,476.8380000000002,5,1,6.2965000000000035,<rdkit.DataStructs.cDataStructs.ExplicitBitVect object at 0x117b01e00>,33
CCCc1cc(Oc2ccc(Cl)cc2)ccc1OCCCOc1cccc(C2SC(=O)NC2=O)c1,7.14,IC50,True,512.0270000000004,6,1,6.956800000000006,<rdkit.DataStructs.cDataStructs.ExplicitBitVect object at 0x117b01e70>,35
C[C@@H](Oc1cc(Cn2c(=O)n(C(=O)c3ccc(Cl)cc3)c3ccc(C(F)(F)F)cc32)ccc1Cl)C(=O)O,6.59,IC50,True,553.3200000000002,6,1,5.717300000000004,<rdkit.DataStructs.cDataStructs.ExplicitBitVect object at 0x117b01ee0>,37
COc1ccc2c(-n3c(=O)n(Cc4ccc(Cl)c(O[C@@H](C)C(=O)O)c4)c4cc(C(F)(F)F)ccc43)noc2c1,7.18,IC50,True,561.9000000000002,8,1,5.514400000000004,<rdkit.DataStructs.cDataStructs.ExplicitBitVect object at 0x117b01f50>,39
CCCc1cc(Oc2ccccc2)ccc1OCCCCOc1ccc2c(c1)CCC(C)(C(=O)O)O2,5.64,IC50,True,490.59600000000034,5,1,6.837700000000007,<rdkit.DataStructs.cDataStructs.ExplicitBitVect object at 0x117b01fc0>,36
C[C@H](CCOc1ccc(CCC(=O)O)c(C(F)(F)F)c1)Oc1ccc(Cl)cc1Oc1ccccc1,7.21,IC50,True,508.9200000000001,4,1,7.404700000000005,<rdkit.DataStructs.cDataStructs.ExplicitBitVect object at 0x117b02030>,35
Cc1cc(OCC[C@@H](C)Oc2ccc(OC(F)(F)F)cc2Oc2ccccc2)ccc1CCC(=O)O,8.22,IC50,True,504.50100000000026,5,1,6.939520000000006,<rdkit.DataStructs.cDataStructs.ExplicitBitVect object at 0x117b020a0>,36
CCc1ccc(OC(C)CCOc2ccc(CCC(=O)O)c(C)c2)c(Cc2ccccc2)c1,7.23,IC50,True,446.58700000000016,3,1,6.401820000000007,<rdkit.DataStructs.cDataStructs.ExplicitBitVect object at 0x117b02110>,33
Cc1cc(Oc2cccc(CNC(=O)c3cc4cc(Cl)ccc4n3C)c2)ccc1CCC(=O)O,7.01,IC50,True,476.9600000000002,4,2,5.8796200000000045,<rdkit.DataStructs.cDataStructs.ExplicitBitVect object at 0x117b02180>,34
CC(C)(Oc1ccc(OCCCOc2ccc(Oc3ccc(F)cc3)cc2Cl)cc1)C(=O)O,6.01,IC50,True,474.91200000000003,5,1,6.361300000000005,<rdkit.DataStructs.cDataStructs.ExplicitBitVect object at 0x117b021f0>,33
CC[C@@](C)(Cc1ccc(OCCCOc2ccc(C3CCCCC3)cc2Cl)cc1)C(=O)O,5.73,IC50,True,459.0260000000002,3,1,7.279000000000007,<rdkit.DataStructs.cDataStructs.ExplicitBitVect object at 0x117b02260>,32
CC[C@](C)(Cc1ccc(OCCCOc2ccc(C3CCCCC3)cc2Cl)cc1)C(=O)O,5.73,IC50,True,459.0260000000002,3,1,7.279000000000007,<rdkit.DataStructs.cDataStructs.ExplicitBitVect object at 0x117b022d0>,32
CCCCN(c1cccc(-c2ccc(Cl)cc2)c1C)S(=O)(=O)c1ccc(O[C@H](C)C(=O)O)c(C)c1C,5.2,IC50,False,530.0860000000002,4,1,6.779560000000007,<rdkit.DataStructs.cDataStructs.ExplicitBitVect object at 0x117b02340>,36
CCCCN(c1cccc(-c2ccc(Cl)cc2)c1C)S(=O)(=O)c1ccc(OC(C)C(=O)O)c(Cl)c1Cl,5.4,IC50,False,570.9220000000003,4,1,7.469520000000006,<rdkit.DataStructs.cDataStructs.ExplicitBitVect object at 0x117b023b0>,36
COc1ccc(-n2c(SCC(=O)Nc3ccc(S(=O)(=O)NC(=O)NC4CCCCC4)cc3)nc3ccccc3c2=O)cc1,6.46,IC50,True,621.7410000000003,9,3,4.445700000000003,<rdkit.DataStructs.cDataStructs.ExplicitBitVect object at 0x117b02420>,43
CO[C@H](Cc1ccc(OCCc2nc(-c3ccccc3)oc2C)c2ccccc12)C(=O)O,5.8,IC50,True,431.48800000000017,5,1,5.066820000000005,<rdkit.DataStructs.cDataStructs.ExplicitBitVect object at 0x117b02490>,32
CCc1ccc(O[C@@H](C)CCOc2ccc(CCC(=O)O)c(C)c2)c(C(=O)c2ccccc2)c1,5.95,IC50,True,460.57000000000016,4,1,6.042020000000006,<rdkit.DataStructs.cDataStructs.ExplicitBitVect object at 0x117b02500>,34
CCc1ccc(OC(C)CCOc2ccc(CCC(=O)O)c(C)c2)c(C(=O)c2ccccc2)c1,7.92,IC50,True,460.57000000000016,4,1,6.042020000000006,<rdkit.DataStructs.cDataStructs.ExplicitBitVect object at 0x117b02570>,34
Cc1cc(C(Cc2ccc(CCCc3nc(-c4ccccc4)oc3C)cc2)C(=O)O)on1,5.8,IC50,True,430.50400000000013,5,1,5.532640000000006,<rdkit.DataStructs.cDataStructs.ExplicitBitVect object at 0x117b025e0>,32
O=C(NS(=O)(=O)c1ccc(Cl)s1)c1cc2ccccc2n1Cc1cccc(C(F)(F)F)c1,7.1,IC50,True,498.9350000000002,5,1,5.5420000000000025,<rdkit.DataStructs.cDataStructs.ExplicitBitVect object at 0x117b02650>,32
O=C(NS(=O)(=O)c1ccc2ccccc2c1)c1cc2ccccc2n1Cc1cccc(C(F)(F)F)c1,7.05,IC50,True,508.5210000000002,4,1,5.980300000000003,<rdkit.DataStructs.cDataStructs.ExplicitBitVect object at 0x117b026c0>,36
N=C(N)NCCC[C@H](NC(=O)[C@@H](N)Cc1c[nH]c2ccccc12)C(=O)O,4.81,IC50,False,360.41800000000006,4,7,-0.12962999999999797,<rdkit.DataStructs.cDataStructs.ExplicitBitVect object at 0x117b02730>,26
C=CCn1cc([N+](=O)[O-])s/c1=N\C(=O)C(C)(C)C,6.09,IC50,True,269.32599999999996,5,0,2.1172,<rdkit.DataStructs.cDataStructs.ExplicitBitVect object at 0x117b027a0>,18
Cc1c(C)n(Cc2ccc(-c3ccccc3C(=O)O)cc2)c2ccc(C(=O)N[C@@H](C)c3cccc(Cl)c3)cc12,8.52,IC50,True,537.0590000000002,3,2,7.816040000000006,<rdkit.DataStructs.cDataStructs.ExplicitBitVect object at 0x117b02810>,39
Cc1c(C)n(Cc2ccc(-c3ccccc3C(=O)O)cc2)c2ccc(C(=O)NCc3cccc(C(C)C)c3)cc12,8.3,IC50,True,530.6680000000002,3,2,7.725040000000007,<rdkit.DataStructs.cDataStructs.ExplicitBitVect object at 0x117b02880>,40
COc1cccc(C(=O)COc2ccc(CC3SC(=O)NC3=O)cc2)c1,4.74,IC50,False,371.41400000000004,6,1,2.851000000000001,<rdkit.DataStructs.cDataStructs.ExplicitBitVect object at 0x117b028f0>,26
COc1cccc([C@@H](O)COc2ccc(CC3SC(=O)NC3=O)cc2)c1,4.11,IC50,False,373.43000000000006,6,2,2.7017000000000007,<rdkit.DataStructs.cDataStructs.ExplicitBitVect object at 0x117b02960>,26
COc1cc(CNC(=O)c2ccc3c(c2)c(C)c(C)n3Cc2ccc(-c3ccccc3C(=O)O)cc2)ccc1O,7.77,IC50,True,534.6120000000003,5,3,6.315840000000007,<rdkit.DataStructs.cDataStructs.ExplicitBitVect object at 0x117b029d0>,40
CC/C(=C\c1cc(OCc2ccc3nc(C(F)(F)F)cc(OC)c3c2)ccc1OCc1ccc(F)cc1)C(=O)O,5.24,IC50,False,555.5240000000003,5,1,7.437300000000007,<rdkit.DataStructs.cDataStructs.ExplicitBitVect object at 0x117b02a40>,40
CCCCCS(=O)(=O)NC(=O)/C=C/c1cc(OC(C)C)nn1Cc1ccc(C(F)(F)F)cc1Cl,7.64,IC50,True,521.9890000000003,6,1,5.040200000000005,<rdkit.DataStructs.cDataStructs.ExplicitBitVect object at 0x117b02ab0>,34
C[C@@]1(C(=O)O)CCc2ccc(OCCCOc3ccc(Oc4ccccc4)cc3Cl)cc2O1,5.85,IC50,True,468.93300000000016,5,1,6.148500000000005,<rdkit.DataStructs.cDataStructs.ExplicitBitVect object at 0x117b02b20>,33
Cc1c(-c2ccc(Cl)cc2)cccc1N(CC1CC1)S(=O)(=O)c1ccc(OC(C)C(=O)O)c(C)c1C,5.1,IC50,False,528.0700000000003,4,1,6.389460000000007,<rdkit.DataStructs.cDataStructs.ExplicitBitVect object at 0x117b02b90>,36
CCCCN(c1cccc(-c2ccc(Cl)cc2)c1Cl)S(=O)(=O)c1ccc(OC(C)C(=O)O)c(C)c1C,5.3,IC50,False,550.5040000000001,4,1,7.124540000000007,<rdkit.DataStructs.cDataStructs.ExplicitBitVect object at 0x117b02c00>,36
CCCCN(c1cc(-c2ccc(Cl)cc2)cc(C(F)(F)F)c1)S(=O)(=O)c1ccc(OC(C)C(=O)O)c(C)c1C,5.3,IC50,False,584.0560000000002,4,1,7.489940000000007,<rdkit.DataStructs.cDataStructs.ExplicitBitVect object at 0x117b02c70>,39
CCCCN(c1cccc(-c2ccc(OC(F)(F)F)cc2)c1Cl)S(=O)(=O)c1ccc(OC(C)C(=O)O)c(C)c1C,5.2,IC50,False,600.0550000000002,5,1,7.369740000000006,<rdkit.DataStructs.cDataStructs.ExplicitBitVect object at 0x117b02ce0>,40
COc1ccc2c(-n3c(=O)n(Cc4cc(O[C@H](C)C(=O)O)ccc4Cl)c4cc(C(F)(F)F)ccc43)noc2c1,8.04,IC50,True,561.9000000000001,8,1,5.514400000000004,<rdkit.DataStructs.cDataStructs.ExplicitBitVect object at 0x117b02d50>,39
COc1ccc2c(-n3c(=O)n(Cc4cc(O[C@H](C)C(=O)O)ccc4Cl)c4ccccc43)noc2c1,7.86,IC50,True,493.90300000000013,8,1,4.495600000000003,<rdkit.DataStructs.cDataStructs.ExplicitBitVect object at 0x117b02dc0>,35
CCCCNC(=O)NS(=O)(=O)c1ccc(NCC(=O)N2CC(=O)Nc3ccccc32)cc1,5.88,IC50,True,459.52800000000025,6,4,1.8718,<rdkit.DataStructs.cDataStructs.ExplicitBitVect object at 0x117b02e30>,32
CCCCN(c1c(C)cc(C)c(-c2ccc(Cl)cc2)c1C)S(=O)(=O)c1ccc(OC(C)C(=O)O)c(C)c1C,5.1,IC50,False,558.1400000000001,4,1,7.396400000000008,<rdkit.DataStructs.cDataStructs.ExplicitBitVect object at 0x117b02ea0>,38
CCCCN(c1cccc(-c2ccc(C(F)(F)F)cc2)c1C)S(=O)(=O)c1ccc(OC(C)C(=O)O)c(C)c1C,5.2,IC50,False,563.6380000000001,4,1,7.144960000000007,<rdkit.DataStructs.cDataStructs.ExplicitBitVect object at 0x117b02f10>,39
CCCCN(c1cccc(-c2ccc(C(F)(F)F)cc2)c1Cl)S(=O)(=O)c1ccc(OC(C)C(=O)O)c(C)c1C,5.2,IC50,False,584.0560000000002,4,1,7.489940000000007,<rdkit.DataStructs.cDataStructs.ExplicitBitVect object at 0x117b02f80>,39
CCc1ccc(-c2nc3cc(NC(=O)c4cc(C#N)ccc4Cl)ccc3o2)cc1,8.07,IC50,True,401.8530000000001,4,1,5.834580000000003,<rdkit.DataStructs.cDataStructs.ExplicitBitVect object at 0x117b02ff0>,29
C=C1C(=O)O[C@@H]2C[C@H](C)[C@@]3(O)CC[C@@](C)(C[C@@H](OC(=O)C(C)C)[C@@H]12)O3,4.57,IC50,False,352.4270000000001,6,1,2.3396,<rdkit.DataStructs.cDataStructs.ExplicitBitVect object at 0x117b03060>,25
CCCn1c(CCCc2ccc(OC(C)(C)C(=O)O)cc2)nn(Cc2cccc(OC)c2)c1=O,5.21,IC50,False,467.5660000000002,7,1,3.929000000000003,<rdkit.DataStructs.cDataStructs.ExplicitBitVect object at 0x117b030d0>,34
CCOC(=O)N1C[C@@H](CCc2cccc(OCCc3nc(-c4ccccc4)oc3C)c2)[C@@H](C(=O)O)C1,6.31,IC50,True,492.57200000000023,6,1,4.993220000000004,<rdkit.DataStructs.cDataStructs.ExplicitBitVect object at 0x117b03140>,36
Cc1oc(-c2ccccc2)nc1CCOc1ccc(C[C@H]2CN(c3nccc(C(F)(F)F)n3)C[C@@H]2C(=O)O)cc1,5.45,IC50,False,552.5530000000002,7,1,5.4600200000000045,<rdkit.DataStructs.cDataStructs.ExplicitBitVect object at 0x117b031b0>,40
CCOC(=O)N1C[C@@H](Cc2cccc(OCCc3nc(-c4ccccc4)oc3C)c2)[C@@H](C(=O)O)C1,5.82,IC50,True,478.5450000000002,6,1,4.603120000000003,<rdkit.DataStructs.cDataStructs.ExplicitBitVect object at 0x117b03220>,35
CCCCCCCN(CCc1ccc(O[C@@](C)(CC)C(=O)O)cc1)C(=O)Nc1ccc(F)cc1F,6.5,IC50,True,490.5910000000002,3,2,6.6439000000000075,<rdkit.DataStructs.cDataStructs.ExplicitBitVect object at 0x117b03290>,35
CCOC(Cc1ccc2c(ccn2Cc2nc(-c3ccc(C(F)(F)F)cc3)oc2C)c1)C(=O)O,6.49,IC50,True,472.46300000000014,5,1,5.704020000000004,<rdkit.DataStructs.cDataStructs.ExplicitBitVect object at 0x117b03300>,34
O=S(=O)(Nc1cc(-c2cccs2)nn1-c1ccc(F)cc1)c1cc(C(F)(F)F)cc(C(F)(F)F)c1,7.64,IC50,True,535.4660000000001,5,1,6.578300000000003,<rdkit.DataStructs.cDataStructs.ExplicitBitVect object at 0x117b03370>,35
Cc1ccccc1S(=O)(=O)NC(=O)c1cc2ccccc2n1Cc1cccc(C(F)(F)F)c1,6.75,IC50,True,472.4880000000001,4,1,5.135520000000004,<rdkit.DataStructs.cDataStructs.ExplicitBitVect object at 0x117b033e0>,33
COc1ccc(-c2c(C(=O)NS(=O)(=O)c3cccc(C(F)(F)F)c3)n(Cc3cccc(C(F)(F)F)c3)c3ccccc23)cc1,7.22,IC50,True,632.5820000000001,5,1,7.521500000000004,<rdkit.DataStructs.cDataStructs.ExplicitBitVect object at 0x117b03450>,44
CCCc1cc(-c2noc3ccccc23)ccc1OCCCOc1cccc([C@H]2SC(=O)NC2=O)c1,7.52,IC50,True,502.5920000000003,7,1,6.3193000000000055,<rdkit.DataStructs.cDataStructs.ExplicitBitVect object at 0x117b034c0>,36
O=C(Nc1ccc(C(F)(F)F)cc1C(=O)O)c1cccc(S(=O)(=O)N2CCc3ccccc3C2)c1,5.5,IC50,True,504.4860000000003,4,2,4.402900000000003,<rdkit.DataStructs.cDataStructs.ExplicitBitVect object at 0x117b03530>,35
COc1cccc(-c2nc(CCOc3cccc(C[C@@H]4C(=O)N(c5ccc(C(C)(C)C)cc5)[C@@H]4C(=O)O)c3)c(C)o2)c1,6.96,IC50,True,568.6700000000002,6,1,6.236320000000006,<rdkit.DataStructs.cDataStructs.ExplicitBitVect object at 0x117b035a0>,42
Cc1oc(-c2ccccc2)nc1CCOc1ccc(CC[C@H]2CN(C(=O)Oc3ccccc3)C[C@@H]2C(=O)O)cc1,6.47,IC50,True,540.6160000000003,6,1,6.035720000000006,<rdkit.DataStructs.cDataStructs.ExplicitBitVect object at 0x117b03610>,40
CCCc1cc(Oc2ccc(F)cc2)ccc1OCCCOc1cccc([C@@H]2SC(=O)NC2=O)c1,7.11,IC50,True,495.5720000000003,6,1,6.442500000000005,<rdkit.DataStructs.cDataStructs.ExplicitBitVect object at 0x117b03680>,35
CCCc1cc(OC2CCCCCC2)ccc1OCCCOc1cccc([C@H]2SC(=O)NC2=O)c1,7.07,IC50,True,497.6570000000002,6,1,6.612700000000007,<rdkit.DataStructs.cDataStructs.ExplicitBitVect object at 0x117b036f0>,35
CC[C@@](C)(Cc1ccc(OCCCOc2ccc(C3CCC(C)(C)CC3)cc2Cl)cc1)C(=O)O,5.44,IC50,False,487.08000000000027,3,1,7.915100000000008,<rdkit.DataStructs.cDataStructs.ExplicitBitVect object at 0x117b03760>,34
CCCC[C@@](Cc1ccc(OCCc2nc(-c3ccccc3)oc2C)cc1)(Oc1ccccc1)C(=O)O,5.65,IC50,True,499.60700000000014,5,1,6.906620000000006,<rdkit.DataStructs.cDataStructs.ExplicitBitVect object at 0x117b037d0>,37
CCCc1c(OCCCOc2ccc3c(ccn3CC(=O)O)c2)ccc2cc(C(=O)c3ccccc3)ccc12,7.3,IC50,True,521.6130000000003,5,1,6.910500000000006,<rdkit.DataStructs.cDataStructs.ExplicitBitVect object at 0x117b03840>,39
CO[C@@H](Cc1ccc(OCCCOc2ccc(Oc3ccccc3)cc2)cc1)C(=O)O,7.47,IC50,True,422.47700000000003,5,1,4.968900000000004,<rdkit.DataStructs.cDataStructs.ExplicitBitVect object at 0x117b038b0>,31
CCCc1c(OCCCOc2ccc(CC(=O)O)cc2Cl)ccc2c(C(F)(F)F)noc12,6.55,IC50,True,471.85900000000015,5,1,5.927500000000004,<rdkit.DataStructs.cDataStructs.ExplicitBitVect object at 0x117b03920>,32
CCc1ccc(O[C@H](C)CCOc2ccc(CCC(=O)O)c(C)c2)c(-c2cccs2)c1,5.96,IC50,True,438.5890000000001,4,1,6.539520000000007,<rdkit.DataStructs.cDataStructs.ExplicitBitVect object at 0x117b03990>,31
Cc1cc(Oc2cccc(CNC(=O)c3[nH]c4ccc(Cl)cc4c3C)c2)ccc1CCC(=O)O,7.57,IC50,True,476.96000000000026,3,3,6.177640000000005,<rdkit.DataStructs.cDataStructs.ExplicitBitVect object at 0x117b03a00>,34
CCCc1cc(C(=O)c2ccc(F)cc2)ccc1OCCCOc1cccc2c1ccn2CC(=O)O,5.62,IC50,True,489.54300000000035,5,1,5.896400000000006,<rdkit.DataStructs.cDataStructs.ExplicitBitVect object at 0x117b03a70>,36
CCCc1c(OCCCN(C)c2ccc(CC(=O)O)c(C)c2)ccc2c(C(F)(F)F)noc12,5.34,IC50,False,464.4840000000001,5,1,5.639920000000005,<rdkit.DataStructs.cDataStructs.ExplicitBitVect object at 0x117b03ae0>,33
O=C(O)Cn1ccc2cc(OCCCOc3ccc(C(=O)c4ccc(F)cc4)cc3)ccc21,6.67,IC50,True,447.4620000000001,5,1,4.943900000000004,<rdkit.DataStructs.cDataStructs.ExplicitBitVect object at 0x117b03b50>,33
CCCCCCC(Sc1nc(Cl)cc(Nc2ccc3ncccc3c2)n1)C(=O)O,5.46,IC50,False,430.9610000000001,6,2,5.937500000000004,<rdkit.DataStructs.cDataStructs.ExplicitBitVect object at 0x117b03bc0>,29
Cc1ccc(COc2ccccc2/C=C2/SC(=S)N(CCC(=O)O)C2=O)cc1,5.88,IC50,True,413.5200000000002,5,1,4.249920000000003,<rdkit.DataStructs.cDataStructs.ExplicitBitVect object at 0x117b03c30>,28
COc1ccc(C(=O)n2c(C)c(Cc3cccc(O[C@@H](C)C(=O)O)c3)c3cc(OC(F)(F)F)ccc32)cc1,9.0,IC50,True,527.4950000000002,6,1,5.988120000000005,<rdkit.DataStructs.cDataStructs.ExplicitBitVect object at 0x117b03ca0>,38
Cc1c(C)n(Cc2ccc(-c3ccccc3C(=O)O)cc2)c2ccc(C(=O)N[C@@H](c3cccc(C(C)C)c3)C(F)(F)F)cc12,7.77,IC50,True,598.6650000000003,3,2,8.82844,<rdkit.DataStructs.cDataStructs.ExplicitBitVect object at 0x117b03d10>,44
O=C1CN(C(=O)CNc2ccc(S(=O)(=O)NC(=O)NC3CCCCC3)cc2)c2ccccc2N1,5.94,IC50,True,485.5660000000003,6,4,2.404399999999999,<rdkit.DataStructs.cDataStructs.ExplicitBitVect object at 0x117b03d80>,34
Cc1oc(-c2ccccc2)nc1CCOc1ccc([C@@H]2CN(C(=O)Oc3ccccc3)C[C@@H]2C(=O)O)cc1,5.35,IC50,False,512.5620000000002,6,1,5.5705200000000055,<rdkit.DataStructs.cDataStructs.ExplicitBitVect object at 0x117b03df0>,38
CCCCNC(=O)NS(=O)(=O)c1ccc(NC(=O)Cn2c(=O)c(C)nc3ccccc32)cc1,5.4,IC50,False,471.53900000000027,7,3,2.13162,<rdkit.DataStructs.cDataStructs.ExplicitBitVect object at 0x117b03e60>,33
COc1ccc2c(-n3c(=O)n(Cc4ccccc4[C@@]4(C)OC(=O)NC4=O)c4cc(C(F)(F)F)ccc43)noc2c1,5.18,IC50,False,552.4650000000001,9,1,4.490700000000003,<rdkit.DataStructs.cDataStructs.ExplicitBitVect object at 0x117b03ed0>,40
CCCCCCCCOc1ccc(C(=O)N[C@H](C(=O)O)C(C)C)cc1,6.02,IC50,True,349.4710000000001,3,2,4.2649000000000035,<rdkit.DataStructs.cDataStructs.ExplicitBitVect object at 0x117b03f40>,25
CCCn1c(CCCc2ccc(OC(C)(C)C(=O)O)cc2)nn([C@H](C)c2ccccc2)c1=O,5.21,IC50,False,451.5670000000001,6,1,4.481400000000003,<rdkit.DataStructs.cDataStructs.ExplicitBitVect object at 0x117b08040>,33
CC(C)Cc1cc(Oc2ccccc2)ccc1OCCCOc1ccc([C@@H]2SC(=O)NC2=O)cc1,6.32,IC50,True,491.60900000000026,6,1,6.549400000000006,<rdkit.DataStructs.cDataStructs.ExplicitBitVect object at 0x117b080b0>,35
CCCCCCCCOc1ccc(C(=O)N[C@H](C(=O)O)C(C)C)cc1,5.65,IC50,True,349.4710000000001,3,2,4.2649000000000035,<rdkit.DataStructs.cDataStructs.ExplicitBitVect object at 0x117b08120>,25
Cc1oc(C2CCCCC2)nc1CCOc1ccc(C[C@](C)(Oc2ccccc2)C(=O)O)cc1,7.82,IC50,True,463.5740000000002,5,1,6.117020000000006,<rdkit.DataStructs.cDataStructs.ExplicitBitVect object at 0x117b08190>,34
CC[C@@](Cc1ccc(OCCc2nc(-c3ccccc3)oc2C)cc1)(Oc1ccccc1)C(=O)O,6.54,IC50,True,471.55300000000017,5,1,6.126420000000007,<rdkit.DataStructs.cDataStructs.ExplicitBitVect object at 0x117b08200>,35
CCCc1cc(C(=O)c2ccc(F)cc2)ccc1OCCCOc1ccc2ccn(CC(=O)O)c2c1,5.89,IC50,True,489.54300000000035,5,1,5.896400000000007,<rdkit.DataStructs.cDataStructs.ExplicitBitVect object at 0x117b08270>,36
CCCc1cc(Oc2ccc(O)cc2)ccc1OCCCOc1cccc([C@@H]2SC(=O)NC2=O)c1,7.52,IC50,True,493.58100000000024,7,2,6.009000000000005,<rdkit.DataStructs.cDataStructs.ExplicitBitVect object at 0x117b082e0>,35
COc1cc(C[C@H](OC)C(=O)O)ccc1OCCCOc1ccc(Oc2ccccc2)cc1,7.89,IC50,True,452.50300000000016,6,1,4.9775000000000045,<rdkit.DataStructs.cDataStructs.ExplicitBitVect object at 0x117b08350>,33
CCC(C)(C)c1ccc(OCCCOc2ccc3c(c2)O[C@@](C)(C(=O)O)CC3)c(Cl)c1,4.82,IC50,False,446.97100000000023,4,1,6.043800000000006,<rdkit.DataStructs.cDataStructs.ExplicitBitVect object at 0x117b083c0>,31
CCO[C@@H](Cc1cccc2c1ccn2Cc1nc(-c2ccccc2)oc1C)C(=O)O,5.82,IC50,True,404.4660000000001,5,1,4.685220000000003,<rdkit.DataStructs.cDataStructs.ExplicitBitVect object at 0x117b08430>,30
CCCc1cc(-c2ccccc2)ccc1OCCCOc1cccc([C@@H]2OC(=O)NC2=O)c1,6.35,IC50,True,445.51500000000016,5,1,5.461500000000005,<rdkit.DataStructs.cDataStructs.ExplicitBitVect object at 0x117b084a0>,33
Cc1ccc(C(=O)NCc2cccc(Oc3ccc(OC(C)(C)C(=O)O)c(C)c3)c2)c(C)c1,8.15,IC50,True,447.5310000000003,4,2,5.576160000000004,<rdkit.DataStructs.cDataStructs.ExplicitBitVect object at 0x117b08510>,33
COC(=O)c1ccc(OCc2oc(-c3cccc(OC)c3)nc2C)cc1,5.12,IC50,False,353.3740000000001,6,0,4.024220000000003,<rdkit.DataStructs.cDataStructs.ExplicitBitVect object at 0x117b08580>,26
Cc1ccc(-n2c(SCC(=O)Nc3ccc(S(=O)(=O)NC(=O)Nc4ccccc4)cc3)nc3ccccc3c2=O)cc1,6.43,IC50,True,599.6940000000002,8,3,4.935320000000003,<rdkit.DataStructs.cDataStructs.ExplicitBitVect object at 0x117b085f0>,42
COC(=O)c1cccc(OCc2oc(-c3ccccc3OC)nc2C)c1,5.12,IC50,False,353.3740000000001,6,0,4.024220000000002,<rdkit.DataStructs.cDataStructs.ExplicitBitVect object at 0x117b08660>,26
O=S(=O)(NCCc1ccc(S(=O)(=O)NC(=S)Nc2ccc(Cl)cc2)cc1)c1ccc(Cl)cc1,4.48,IC50,False,544.5070000000002,5,3,4.189700000000003,<rdkit.DataStructs.cDataStructs.ExplicitBitVect object at 0x117b086d0>,33
COc1ccc(NC(=S)NS(=O)(=O)c2ccc(CCNS(=O)(=O)c3ccc(Cl)cc3)cc2)cc1,4.48,IC50,False,540.0880000000002,6,3,3.544900000000002,<rdkit.DataStructs.cDataStructs.ExplicitBitVect object at 0x117b08740>,34
Cc1oc(-c2ccccc2)nc1CCOc1cccc(-c2nn(-c3ccccc3)nc2CC(=O)O)c1,7.47,IC50,True,480.52400000000017,7,1,5.146320000000005,<rdkit.DataStructs.cDataStructs.ExplicitBitVect object at 0x117b087b0>,36
O=C(NS(=O)(=O)c1cccc(C(F)(F)F)c1)c1cc2ccccc2n1Cc1cc(Cl)ccc1Cl,6.42,IC50,True,527.3510000000002,4,1,6.133900000000003,<rdkit.DataStructs.cDataStructs.ExplicitBitVect object at 0x117b08820>,34
CCOC(Cc1ccc2c(ccn2Cc2nc(-c3ccccc3Cl)oc2C)c1)C(=O)O,6.6,IC50,True,438.9110000000002,5,1,5.338620000000004,<rdkit.DataStructs.cDataStructs.ExplicitBitVect object at 0x117b08890>,31
Cc1oc(-c2ccc(Oc3ccccc3)cc2)nc1CCOc1ccc(CCC(=O)O)c(CNC(=O)OC(C)C)c1,7.3,IC50,True,558.6310000000004,7,2,6.7156200000000075,<rdkit.DataStructs.cDataStructs.ExplicitBitVect object at 0x117b08900>,41
O=C(NS(=O)(=O)c1cccc(C(F)(F)F)c1)c1cc2cc(Cl)ccc2n1Cc1cccc(C(F)(F)F)c1,6.48,IC50,True,560.9030000000004,4,1,6.499300000000003,<rdkit.DataStructs.cDataStructs.ExplicitBitVect object at 0x117b08970>,37
O=C(NS(=O)(=O)c1ccc(F)cc1)c1cc2ccccc2n1Cc1cccc(C(F)(F)F)c1,6.14,IC50,True,476.45100000000014,4,1,4.966200000000002,<rdkit.DataStructs.cDataStructs.ExplicitBitVect object at 0x117b089e0>,33
COc1ccc(C(=O)NCc2cccc(Oc3ccc(OC(C)(C)C(=O)O)c(C)c3)c2)c(C)c1,8.1,IC50,True,463.53000000000026,5,2,5.276340000000004,<rdkit.DataStructs.cDataStructs.ExplicitBitVect object at 0x117b08a50>,34
COc1ccc(COc2ccc(CSc3ccc(OCC(=O)O)c4c3CCC4)cc2)cc1,4.86,IC50,False,450.5560000000003,5,1,5.518600000000005,<rdkit.DataStructs.cDataStructs.ExplicitBitVect object at 0x117b08ac0>,32
Cc1oc(-c2ccccc2)nc1CCOc1cccc(CC[C@H]2CN(C(=O)Oc3ccccc3)C[C@@H]2C(=O)O)c1,6.28,IC50,True,540.6160000000003,6,1,6.035720000000006,<rdkit.DataStructs.cDataStructs.ExplicitBitVect object at 0x117b08b30>,40
Cc1ccc(OC(=O)N(CC(=O)O)Cc2cccc(OCc3sc(-c4ccc(Cl)cc4)nc3C)c2)cc1,5.39,IC50,False,537.0370000000004,6,1,6.744940000000006,<rdkit.DataStructs.cDataStructs.ExplicitBitVect object at 0x117b08ba0>,37
Cc1ccc(OC(=O)N(CC(=O)O)Cc2cccc(OCc3nc(-c4ccc(N5CCOCC5)cc4)oc3C)c2)cc1,5.92,IC50,True,571.6300000000005,8,1,5.459640000000006,<rdkit.DataStructs.cDataStructs.ExplicitBitVect object at 0x117b08c10>,42
CCO[C@@H](Cc1ccc(OCCc2nc(-c3ccccc3)oc2C)c2ccsc12)C(=O)O,7.68,IC50,True,451.54400000000015,6,1,5.518420000000004,<rdkit.DataStructs.cDataStructs.ExplicitBitVect object at 0x117b08c80>,32
Cc1c(C)n(Cc2ccc(-c3ccccc3C(=O)O)cc2)c2ccc(C(=O)NCc3cccc([N+](=O)[O-])c3)cc12,7.7,IC50,True,533.5840000000003,5,2,6.509840000000006,<rdkit.DataStructs.cDataStructs.ExplicitBitVect object at 0x117b08cf0>,40
COc1ccc2c(c1)CCN(S(=O)(=O)c1cccc(C(=O)Nc3ccc(Cl)cc3C(=O)O)c1)C2,5.2,IC50,False,500.9600000000002,5,2,4.046100000000002,<rdkit.DataStructs.cDataStructs.ExplicitBitVect object at 0x117b08d60>,34
CCNC(=O)c1cc(NS(=O)(=O)c2ccc(Cl)cc2Cl)ccc1Oc1cncc(Cl)c1,7.82,IC50,True,500.79100000000017,5,2,5.384600000000003,<rdkit.DataStructs.cDataStructs.ExplicitBitVect object at 0x117b08dd0>,31
Cc1cc(Oc2cccc(CNC(=O)c3cc4cc(Br)ccc4[nH]3)c2)ccc1CCC(=O)O,8.1,IC50,True,507.3840000000001,3,3,5.978320000000004,<rdkit.DataStructs.cDataStructs.ExplicitBitVect object at 0x117b08e40>,33
Cc1cc(Oc2cccc(CNC(=O)c3ccc(C(F)(F)F)cc3C(F)(F)F)c2)ccc1OC(C)(C)C(=O)O,6.69,IC50,True,555.4710000000002,4,2,6.996920000000006,<rdkit.DataStructs.cDataStructs.ExplicitBitVect object at 0x117b08eb0>,39
CCc1cc(Oc2cc(F)cc([C@@H](C)NC(=O)c3sc4ccc(Cl)cc4c3C)c2)ccc1CCC(=O)O,7.3,IC50,True,540.0560000000003,4,2,7.865120000000007,<rdkit.DataStructs.cDataStructs.ExplicitBitVect object at 0x117b08f20>,37
CCC1(C(=O)O)CCc2ccc(OCCCOc3ccc(Oc4ccccc4)cc3Cl)cc2O1,6.16,IC50,True,482.9600000000001,5,1,6.538600000000006,<rdkit.DataStructs.cDataStructs.ExplicitBitVect object at 0x117b08f90>,34
O=C(CCCC(=O)N/N=C/c1cccc2ccccc12)N/N=C/c1ccc2ccccc2c1,5.68,IC50,True,436.51500000000016,4,2,4.763700000000004,<rdkit.DataStructs.cDataStructs.ExplicitBitVect object at 0x117b09000>,33
CCCc1cc(Oc2ccccc2)ccc1OCCCOc1ccc2c(c1)CCC(C)(C(=O)O)O2,5.77,IC50,True,476.5690000000003,5,1,6.447600000000007,<rdkit.DataStructs.cDataStructs.ExplicitBitVect object at 0x117b09070>,35
CCCc1cc(Oc2ccc(S(C)(=O)=O)cc2)ccc1OCCCOc1ccc(C2SC(=O)NC2=O)cc1,6.6,IC50,True,555.6740000000003,8,1,5.706900000000005,<rdkit.DataStructs.cDataStructs.ExplicitBitVect object at 0x117b090e0>,38
Cc1oc(-c2ccccc2)nc1CCOc1ccc(CCC(=O)O)c2c1CCN(C(=O)OCC(C)C)C2,7.77,IC50,True,506.59900000000044,6,1,5.439420000000005,<rdkit.DataStructs.cDataStructs.ExplicitBitVect object at 0x117b09150>,37
CCCc1cc(Oc2ccccc2)ccc1OCCCOc1ccc(C2SC(=O)NC2=O)cc1CCC,6.92,IC50,True,519.6630000000002,6,1,7.255900000000007,<rdkit.DataStructs.cDataStructs.ExplicitBitVect object at 0x117b091c0>,37
COc1cc(C2NC(=O)NC(C)=C2C(=O)O)ccc1OCCOc1cc(C)nc2ccccc12,6.03,IC50,True,463.4900000000003,6,3,3.722120000000003,<rdkit.DataStructs.cDataStructs.ExplicitBitVect object at 0x117b09230>,34
CC1=C(C(=O)O)C(c2ccc(OCCCn3ccc4cccnc43)cc2)NC(=O)N1,6.12,IC50,True,406.442,5,3,3.217900000000001,<rdkit.DataStructs.cDataStructs.ExplicitBitVect object at 0x117b092a0>,30
Cc1cc(OCC[C@@H](C)Oc2ccc(C(F)(F)F)cc2Oc2ccccc2)ccc1CCC(=O)O,8.22,IC50,True,488.50200000000024,4,1,7.059720000000006,<rdkit.DataStructs.cDataStructs.ExplicitBitVect object at 0x117b09310>,35
Cc1c(C)n(Cc2ccc(-c3ccccc3C(=O)O)cc2)c2ccc(C(=O)N[C@@H](C)c3ccc(C(C)C)cc3)cc12,7.89,IC50,True,544.6950000000003,3,2,8.286040000000005,<rdkit.DataStructs.cDataStructs.ExplicitBitVect object at 0x117b09380>,41
CO[C@@H](Cc1ccc(OCCCOc2ccc(-c3ccccc3)cc2)cc1)C(=O)O,7.68,IC50,True,406.478,4,1,4.843600000000004,<rdkit.DataStructs.cDataStructs.ExplicitBitVect object at 0x117b093f0>,30
COC(=O)Cc1ccc(OCc2oc(-c3ccccc3OC)nc2C)cc1,5.2,IC50,False,367.4010000000001,6,0,3.953120000000003,<rdkit.DataStructs.cDataStructs.ExplicitBitVect object at 0x117b09460>,27
CCCc1c(OCCCN(C)c2ccc(CC(=O)O)cc2C)ccc2c(C(F)(F)F)noc12,6.34,IC50,True,464.4840000000001,5,1,5.639920000000005,<rdkit.DataStructs.cDataStructs.ExplicitBitVect object at 0x117b094d0>,33
CCCc1c(OCCCOc2ccc(CC(=O)O)cc2)ccc2c(C(F)(F)F)noc12,6.57,IC50,True,437.4140000000001,5,1,5.274100000000004,<rdkit.DataStructs.cDataStructs.ExplicitBitVect object at 0x117b09540>,31
CCCc1c(OCCCn2ccc3cc(CCC(=O)O)ccc32)ccc2c(C(F)(F)F)noc12,5.92,IC50,True,474.4790000000001,5,1,6.240100000000004,<rdkit.DataStructs.cDataStructs.ExplicitBitVect object at 0x117b095b0>,34
CCCc1c(OCCCN(C)c2cccc(CC(=O)O)c2)ccc2c(C(F)(F)F)noc12,5.52,IC50,True,450.4570000000001,5,1,5.331500000000005,<rdkit.DataStructs.cDataStructs.ExplicitBitVect object at 0x117b09620>,32
Cc1oc(-c2ccccc2)nc1CCOc1ccc(CC(C)(Oc2ccccc2)C(=O)O)cc1,7.75,IC50,True,457.5260000000002,5,1,5.736320000000005,<rdkit.DataStructs.cDataStructs.ExplicitBitVect object at 0x117b09690>,34
C[C@]1(C(=O)O)CCc2ccc(OCCCOc3ccc(Oc4ccc(F)cc4)cc3Cl)cc2O1,6.05,IC50,True,486.9230000000002,5,1,6.287600000000005,<rdkit.DataStructs.cDataStructs.ExplicitBitVect object at 0x117b09700>,34
CO[C@@H](Cc1ccc(OCCCOc2ccc(C(=O)c3ccccc3)cc2)c(Cl)c1)C(=O)O,8.3,IC50,True,468.9330000000001,5,1,5.061000000000005,<rdkit.DataStructs.cDataStructs.ExplicitBitVect object at 0x117b09770>,33
CC[C@]1(C(=O)O)CCc2ccc(OCCCOc3ccc(Cl)cc3Cl)cc2O1,5.54,IC50,True,425.30800000000005,4,1,5.399700000000005,<rdkit.DataStructs.cDataStructs.ExplicitBitVect object at 0x117b097e0>,28
Cc1cc(SCc2ccc(OCc3ccc(C(F)(F)F)cc3)cc2)c2c(c1OCC(=O)O)CCCO2,4.48,IC50,False,518.5530000000003,5,1,6.673520000000006,<rdkit.DataStructs.cDataStructs.ExplicitBitVect object at 0x117b09850>,36
CCO[C@@H](Cc1ccc(OCCCOc2ccc(Oc3ccccc3)cc2)cc1)C(=O)O,7.36,IC50,True,436.5040000000001,5,1,5.359000000000005,<rdkit.DataStructs.cDataStructs.ExplicitBitVect object at 0x117b098c0>,32
Cc1cc(SCc2ccc(OCc3ccc(C(F)(F)F)cc3)cc2)c(Cl)cc1OCC(=O)O,5.04,IC50,False,496.93400000000014,4,1,7.001920000000005,<rdkit.DataStructs.cDataStructs.ExplicitBitVect object at 0x117b09930>,33
CC(C)(C)c1ccc(-n2c(C(=O)O)c(Oc3cccc(O)c3)c3ccccc32)cc1,7.11,IC50,True,401.4620000000001,4,2,6.124100000000005,<rdkit.DataStructs.cDataStructs.ExplicitBitVect object at 0x117b099a0>,30
CCCc1cc2c(=O)n(C3CCCCC3)oc2c(CCC)c1O[C@H](C(=O)O)c1ccc(C(C)C)cc1,6.36,IC50,True,493.64400000000023,5,1,7.332800000000008,<rdkit.DataStructs.cDataStructs.ExplicitBitVect object at 0x117b09a10>,36
CCCc1c(Oc2c(C)n(-c3noc4cc(Cl)ccc34)c3ccc(OC(F)(F)F)cc23)cccc1O[C@@H](C)C(=O)O,6.19,IC50,True,588.9660000000001,7,1,8.228820000000006,<rdkit.DataStructs.cDataStructs.ExplicitBitVect object at 0x117b09a80>,41
CCCCN(c1cccc(-c2ccc(Cl)cc2)c1C)S(=O)(=O)c1ccc(OC(C)C(=O)O)c(F)c1F,5.5,IC50,True,538.0120000000003,4,1,6.4409200000000055,<rdkit.DataStructs.cDataStructs.ExplicitBitVect object at 0x117b09af0>,36
CCc1ccc(O[C@H](CC)CCOc2ccc(CCC(=O)O)c(C)c2)c(C(=O)c2ccccc2)c1,7.75,IC50,True,474.5970000000002,4,1,6.4321200000000065,<rdkit.DataStructs.cDataStructs.ExplicitBitVect object at 0x117b09b60>,35
Cc1c(C)n(Cc2ccc(-c3ccccc3C(=O)O)cc2)c2ccc(C(=O)NCc3cccc(S(C)(=O)=O)c3)cc12,6.64,IC50,True,566.6790000000002,5,2,6.005140000000006,<rdkit.DataStructs.cDataStructs.ExplicitBitVect object at 0x117b09bd0>,41
[C-]#[N+]c1ccc(CNC(=O)c2ccc3c(c2)c(C)c(C)n3Cc2ccc(-c3ccccc3C(=O)O)cc2)cc1,7.47,IC50,True,513.5970000000003,3,2,7.152430000000006,<rdkit.DataStructs.cDataStructs.ExplicitBitVect object at 0x117b09c40>,39
Cc1c(C)n(Cc2ccc(-c3ccccc3C(=O)O)cc2)c2ccc(C(=O)NCc3ccc(S(C)(=O)=O)cc3)cc12,6.26,IC50,True,566.6790000000002,5,2,6.005140000000005,<rdkit.DataStructs.cDataStructs.ExplicitBitVect object at 0x117b09cb0>,41
O=C(O)CCc1ccc(CNC(=O)c2cccc(CNC(=O)c3ccccc3)c2)cc1,4.2,IC50,False,416.4770000000001,3,3,3.5638000000000023,<rdkit.DataStructs.cDataStructs.ExplicitBitVect object at 0x117b09d20>,31
CC[C@@H](NC(=O)c1ccc2c(c1)c(C)c(C)n2Cc1ccc(-c2ccccc2C(=O)O)cc1)c1ccccc1,9.89,IC50,True,516.6410000000002,3,2,7.552740000000007,<rdkit.DataStructs.cDataStructs.ExplicitBitVect object at 0x117b09d90>,39
Cc1c(C)n(Cc2cccc(O[C@@H](C)C(=O)O)c2)c2ccc(C(=O)N[C@@H](C)c3cccc(C4CC4)c3)cc12,7.23,IC50,True,510.6340000000003,4,2,6.526740000000006,<rdkit.DataStructs.cDataStructs.ExplicitBitVect object at 0x117b09e00>,38
Cc1c(C)n(Cc2cccc(O[C@@H](C)C(=O)O)c2Cl)c2ccc(C(=O)N[C@@H](C)c3cccc(C4CC4)c3)cc12,6.46,IC50,True,545.0790000000003,4,2,7.180140000000006,<rdkit.DataStructs.cDataStructs.ExplicitBitVect object at 0x117b09e70>,39
Cc1c(C)n(Cc2ccc(F)c(O[C@@H](C)C(=O)O)c2)c2ccc(C(=O)N[C@@H](C)c3cccc(C4CC4)c3)cc12,7.7,IC50,True,528.6240000000003,4,2,6.665840000000006,<rdkit.DataStructs.cDataStructs.ExplicitBitVect object at 0x117b09ee0>,39
COc1ccc(Cn2c(C)c(C)c3cc(C(=O)N[C@@H](C)c4cccc(C(C)C)c4)ccc32)cc1O[C@@H](C)C(=O)O,7.11,IC50,True,542.6760000000004,5,2,6.781340000000007,<rdkit.DataStructs.cDataStructs.ExplicitBitVect object at 0x117b09f50>,40
Cc1c(C)n(Cc2ccc(-c3ccccc3C(=O)O)cc2)c2ccc(C(=O)NCc3ccccc3[N+](=O)[O-])cc12,7.62,IC50,True,533.5840000000003,5,2,6.509840000000006,<rdkit.DataStructs.cDataStructs.ExplicitBitVect object at 0x117b09fc0>,40
COc1ccc(CNC(=O)c2ccc3c(c2)c(C)c(C)n3Cc2ccc(-c3ccccc3C(=O)O)cc2)c(OC)c1,7.8,IC50,True,548.6390000000002,5,2,6.618840000000007,<rdkit.DataStructs.cDataStructs.ExplicitBitVect object at 0x117b0a030>,41
Cc1c(C)n(Cc2ccc(-c3ccccc3)cc2)c2ccc(C(=O)N[C@@H](CC(C)C)c3cccc(C(C)C)c3)cc12,5.91,IC50,True,542.7670000000003,2,1,9.614039999999997,<rdkit.DataStructs.cDataStructs.ExplicitBitVect object at 0x117b0a0a0>,41
Cc1c(C)n(Cc2ccc(-c3ccccc3)cc2)c2ccc(C(=O)N[C@H](C)c3ccncc3)cc12,7.96,IC50,True,459.5930000000002,3,1,6.859440000000006,<rdkit.DataStructs.cDataStructs.ExplicitBitVect object at 0x117b0a110>,35
Cc1c(C)n(Cc2ccc(-c3ccccc3)cc2)c2ccc(C(=O)N[C@H](C)c3cc(F)ccc3C(F)(F)F)cc12,7.77,IC50,True,544.5920000000002,2,1,8.622340000000001,<rdkit.DataStructs.cDataStructs.ExplicitBitVect object at 0x117b0a180>,40
CCNC(=O)c1cc(NS(=O)(=O)c2ccc(Br)cc2OC(F)(F)F)ccc1Oc1cncc(Cl)c1,7.75,IC50,True,594.793,6,2,5.738900000000003,<rdkit.DataStructs.cDataStructs.ExplicitBitVect object at 0x117b0a1f0>,35
CCCc1c(OCCCOc2ccc3c(ccn3CC(=O)O)c2)ccc2cc(C(=O)c3ccccc3)ccc12,7.3,IC50,True,521.6130000000003,5,1,6.910500000000006,<rdkit.DataStructs.cDataStructs.ExplicitBitVect object at 0x117b0a260>,39
COc1ccc2c(-n3c(=O)n(Cc4ccc([C@@]5(C)OC(=O)NC5=O)cc4)c4cc(C(F)(F)F)ccc43)noc2c1,5.66,IC50,True,552.4650000000001,9,1,4.490700000000003,<rdkit.DataStructs.cDataStructs.ExplicitBitVect object at 0x117b0a2d0>,40
Cc1ccc(Cn2nc(CCCc3ccc(OC(C)(C)C(=O)O)cc3)n(CCO)c2=O)cc1,5.21,IC50,False,453.5390000000002,7,2,2.8111200000000007,<rdkit.DataStructs.cDataStructs.ExplicitBitVect object at 0x117b0a340>,33
O=S(=O)(Nc1cc(Cl)c(Oc2cncc(Cl)c2)c(Cl)c1)c1ccc(Cl)cc1Cl,7.68,IC50,True,498.6020000000001,4,1,6.941700000000002,<rdkit.DataStructs.cDataStructs.ExplicitBitVect object at 0x117b0a3b0>,28
CC[C@]1(C(=O)O)CCc2ccc(OCCCOc3ccc(C(F)(F)F)cc3Cl)cc2O1,5.37,IC50,False,458.86000000000007,4,1,5.765100000000005,<rdkit.DataStructs.cDataStructs.ExplicitBitVect object at 0x117b0a420>,31
COc1ccc2c(c1)c(Cc1cccc(C(=O)O)c1)c(C)n2C(=O)c1ccc(Cl)cc1,6.68,IC50,True,433.8910000000002,4,1,5.589220000000004,<rdkit.DataStructs.cDataStructs.ExplicitBitVect object at 0x117b0a490>,31
CCC(NC(=O)c1ccc2c(ccn2Cc2ccc(Cl)nc2)c1)c1ccccc1,8.52,IC50,True,403.913,3,1,5.619100000000005,<rdkit.DataStructs.cDataStructs.ExplicitBitVect object at 0x117b0a500>,29
Cc1cc(OCC[C@@H](C)Oc2ccc(OC(F)(F)F)cc2Oc2ccccc2)ccc1CCC(=O)O,8.22,IC50,True,504.50100000000026,5,1,6.939520000000006,<rdkit.DataStructs.cDataStructs.ExplicitBitVect object at 0x117b0a570>,36
Cc1cc(Oc2cccc(CNC(=O)c3ccc(OC(F)(F)F)cc3C)c2)ccc1OC(C)(C)C(=O)O,7.33,IC50,True,517.5000000000002,5,2,6.166340000000004,<rdkit.DataStructs.cDataStructs.ExplicitBitVect object at 0x117b0a5e0>,37
CCc1cc(OCC[C@@H](C)Oc2ccc(Cl)cc2Oc2ccccc2)ccc1CCC(=O)O,7.72,IC50,True,468.97700000000026,4,1,6.948300000000007,<rdkit.DataStructs.cDataStructs.ExplicitBitVect object at 0x117b0a650>,33
COc1cc(OCC(=O)O)c(C)cc1SCc1ccc(OCc2ccc(C(F)(F)F)cc2)cc1,4.63,IC50,False,492.51500000000016,5,1,6.3571200000000045,<rdkit.DataStructs.cDataStructs.ExplicitBitVect object at 0x117b0a6c0>,34
Cc1cc(SCc2sc(-c3ccc(C(F)(F)F)cc3)nc2C)ccc1OCC(=O)O,5.2,IC50,False,453.5070000000002,5,1,6.201440000000006,<rdkit.DataStructs.cDataStructs.ExplicitBitVect object at 0x117b0a730>,30
CC(=O)c1cncc(Oc2c(Cl)cc(NS(=O)(=O)c3ccc(Cl)cc3Cl)cc2Cl)c1,7.47,IC50,True,506.1940000000002,5,1,6.490900000000002,<rdkit.DataStructs.cDataStructs.ExplicitBitVect object at 0x117b0a7a0>,30
O=S(=O)(Nc1ccc(Oc2cnc3ccccc3c2)c(Cl)c1)c1ccc(Cl)cc1Cl,7.75,IC50,True,479.77200000000016,4,1,6.788100000000003,<rdkit.DataStructs.cDataStructs.ExplicitBitVect object at 0x117b0a810>,30
CCc1ccc(CCOc2ccc(CC3SC(=O)NC3=O)cc2)nc1,6.1,IC50,True,356.44700000000006,5,1,3.159600000000001,<rdkit.DataStructs.cDataStructs.ExplicitBitVect object at 0x117b0a880>,25
COc1ccc2c(-n3c(=O)n(Cc4ccc(Cl)c(O[C@H](C)C(=O)O)c4)c4cc(C(F)(F)F)ccc43)noc2c1,8.39,IC50,True,561.9000000000002,8,1,5.514400000000004,<rdkit.DataStructs.cDataStructs.ExplicitBitVect object at 0x117b0a8f0>,39
COc1ccc2c(-n3c(=O)n(Cc4cc([C@@]5(C)OC(=O)NC5=O)ccc4Cl)c4ccccc43)noc2c1,8.0,IC50,True,518.9130000000001,9,1,4.125300000000003,<rdkit.DataStructs.cDataStructs.ExplicitBitVect object at 0x117b0a960>,37
Cc1oc(-c2ccccc2)nc1CCCc1ccc(CC(C(=O)O)c2ccccc2)cc1,5.4,IC50,False,425.5280000000001,3,1,6.236220000000005,<rdkit.DataStructs.cDataStructs.ExplicitBitVect object at 0x117b0a9d0>,32
CCc1c(C(=O)OC)cc2c(c1O)C(=O)c1c(O)cc3cc(C)c(Cl)c(OC)c3c1C2=O,6.8,IC50,True,454.86200000000025,7,2,4.345820000000003,<rdkit.DataStructs.cDataStructs.ExplicitBitVect object at 0x117b0aa40>,32
COC(=O)c1cc2c(c(O)c1C(C)OC(=O)CO)C(=O)c1c(O)cc3cc(C)c(Cl)c(OC)c3c1C2=O,7.05,IC50,True,528.8970000000003,10,3,3.379920000000003,<rdkit.DataStructs.cDataStructs.ExplicitBitVect object at 0x117b0aab0>,37
CCCc1c(OCCCOc2ccc3ccn(CC(=O)O)c3c2)ccc2cc(C(=O)c3ccccc3)ccc12,5.69,IC50,True,521.6130000000003,5,1,6.910500000000006,<rdkit.DataStructs.cDataStructs.ExplicitBitVect object at 0x117b0ab20>,39
CC(=O)c1cc(NS(=O)(=O)c2ccc(Cl)cc2Cl)ccc1Oc1cncc(Cl)c1,7.82,IC50,True,471.74900000000014,5,1,5.837500000000003,<rdkit.DataStructs.cDataStructs.ExplicitBitVect object at 0x117b0ab90>,29
CCCc1c(OCCCOc2cccc3c2ccn3CC(=O)O)ccc2cc(C(=O)c3ccccc3)ccc12,6.08,IC50,True,521.6130000000003,5,1,6.910500000000006,<rdkit.DataStructs.cDataStructs.ExplicitBitVect object at 0x117b0ac00>,39
O=C(O)c1ccc(-c2nc(C(=O)c3c(F)cccc3Cl)n3c2CCCC3)c(F)c1,5.54,IC50,True,416.8110000000002,4,1,4.747200000000002,<rdkit.DataStructs.cDataStructs.ExplicitBitVect object at 0x117b0ac70>,29
COc1c(OC)c(O)c2c(=O)cc(-c3ccc(O)cc3)oc2c1OC,5.27,IC50,False,344.3190000000001,7,2,2.8970000000000002,<rdkit.DataStructs.cDataStructs.ExplicitBitVect object at 0x117b0ace0>,25
COc1ccc2c(Oc3cccc(C(F)(F)F)c3)c(C(=O)O)n(-c3ccc(C(C)(C)C)cc3)c2n1,7.0,IC50,True,484.4740000000002,5,1,6.840900000000005,<rdkit.DataStructs.cDataStructs.ExplicitBitVect object at 0x117b0ad50>,35
CCO[C@@H](Cc1ccc(OCCc2ccc(OS(C)(=O)=O)cc2)cc1)C(=O)O,6.46,IC50,True,408.4720000000001,6,1,2.6787,<rdkit.DataStructs.cDataStructs.ExplicitBitVect object at 0x117b0adc0>,28
CC(=O)c1cc(NS(=O)(=O)c2ccc(Cl)cc2Cl)cc(Cl)c1Oc1cncc(Cl)c1,7.92,IC50,True,506.1940000000002,5,1,6.490900000000002,<rdkit.DataStructs.cDataStructs.ExplicitBitVect object at 0x117b0ae30>,30
CCc1ccc(CCOc2ccc(CC3SC(=O)NC3=O)cc2)nc1,6.14,IC50,True,356.44700000000006,5,1,3.159600000000001,<rdkit.DataStructs.cDataStructs.ExplicitBitVect object at 0x117b0aea0>,25
Cc1c(Oc2cc(O[C@@H](C)C(=O)O)ccc2Cl)c2cc(OC(F)(F)F)ccc2n1-c1noc2cc(Cl)ccc12,8.22,IC50,True,581.3300000000002,7,1,7.929720000000003,<rdkit.DataStructs.cDataStructs.ExplicitBitVect object at 0x117b0af10>,39
O=C(O)Cn1ccc2c(OCCCOc3ccc(C(=O)c4ccc(F)cc4)cc3)cccc21,5.53,IC50,True,447.4620000000001,5,1,4.943900000000005,<rdkit.DataStructs.cDataStructs.ExplicitBitVect object at 0x117b0af80>,33
Cc1oc(-c2ccccc2)nc1CCOc1cccc(Cc2c(C(=O)O)nnn2-c2ccccc2)c1,6.12,IC50,True,480.52400000000017,7,1,5.141220000000003,<rdkit.DataStructs.cDataStructs.ExplicitBitVect object at 0x117b0aff0>,36
O=C(Nc1ccc(Cl)cc1C(=O)O)c1cccc(S(=O)(=O)N2CCc3c(O)cccc3C2)c1,5.3,IC50,False,486.9330000000003,5,3,3.743100000000002,<rdkit.DataStructs.cDataStructs.ExplicitBitVect object at 0x117b0b060>,33
COc1ccc(C(=O)c2c(C)n(Cc3cccc(O[C@@H](C)C(=O)O)c3)c3ncccc23)cc1,7.18,IC50,True,444.48700000000014,6,1,4.484520000000003,<rdkit.DataStructs.cDataStructs.ExplicitBitVect object at 0x117b0b0d0>,33
COC(=O)c1cc2c(c(O)c1C(C)OC(C)=O)C(=O)c1c(O)cc3cc(C)c(Cl)c(OC)c3c1C2=O,7.0,IC50,True,512.8980000000003,9,2,4.4075200000000025,<rdkit.DataStructs.cDataStructs.ExplicitBitVect object at 0x117b0b140>,36
O=C(NS(=O)(=O)c1cccc(C(F)(F)F)c1)c1cc2ccccc2n1C(=O)c1cccc(C(F)(F)F)c1,5.03,IC50,False,540.4410000000003,5,1,5.486100000000002,<rdkit.DataStructs.cDataStructs.ExplicitBitVect object at 0x117b0b1b0>,37
O=C(NS(=O)(=O)c1cccc(C(F)(F)F)c1)c1cc2ccccc2n1Cc1cccc(OC(F)(F)F)c1,7.05,IC50,True,542.4570000000002,5,1,5.7257000000000025,<rdkit.DataStructs.cDataStructs.ExplicitBitVect object at 0x117b0b220>,37
O=C(NS(=O)(=O)c1ccc(C(F)(F)F)cc1)c1cc2ccccc2n1Cc1ccc(C(F)(F)F)cc1,6.16,IC50,True,526.4580000000002,4,1,5.845900000000004,<rdkit.DataStructs.cDataStructs.ExplicitBitVect object at 0x117b0b290>,36
CCc1ccc(CCOc2ccc(CC3SC(=O)NC3=O)cc2)nc1,6.07,IC50,True,356.44700000000006,5,1,3.159600000000001,<rdkit.DataStructs.cDataStructs.ExplicitBitVect object at 0x117b0b300>,25
CN(CCOc1ccc(CC2SC(=O)NC2=O)cc1)c1ccccn1,6.56,IC50,True,357.435,6,1,2.490900000000001,<rdkit.DataStructs.cDataStructs.ExplicitBitVect object at 0x117b0b370>,25
CCCc1c(OCCCSc2ccc(CC(=O)O)cc2Cl)ccc2c(C(F)(F)F)noc12,6.71,IC50,True,487.92700000000013,5,1,6.640800000000004,<rdkit.DataStructs.cDataStructs.ExplicitBitVect object at 0x117b0b3e0>,32
COc1ccc(-c2nc3cc(NC(=O)c4cc([N+](=O)[O-])ccc4Cl)ccc3o2)cc1F,9.64,IC50,True,441.8020000000001,6,1,5.456400000000003,<rdkit.DataStructs.cDataStructs.ExplicitBitVect object at 0x117b0b450>,31
CCc1ccc(-c2nc3ccc(NC(=O)c4cc([N+](=O)[O-])ccc4Cl)cc3n2C)cc1,8.48,IC50,True,434.8830000000001,5,1,5.616600000000004,<rdkit.DataStructs.cDataStructs.ExplicitBitVect object at 0x117b0b4c0>,31
Cc1c(C)n(Cc2ccc(-c3ccccc3C(=O)O)cc2)c2ccc(C(=O)N[C@H](C)c3ccc([N+](=O)[O-])cc3)cc12,8.7,IC50,True,547.6110000000002,5,2,7.070840000000007,<rdkit.DataStructs.cDataStructs.ExplicitBitVect object at 0x117b0b530>,41
COc1ccc(Cn2c(C)c(C)c3cc(C(=O)N[C@@H](C)c4cccc(C5CC5)c4)ccc32)cc1O[C@@H](C)C(=O)O,7.16,IC50,True,540.6600000000004,5,2,6.535340000000007,<rdkit.DataStructs.cDataStructs.ExplicitBitVect object at 0x117b0b5a0>,40
CCC(NC(=O)c1ccc2c(ccn2Cc2ccc(F)cc2F)c1)c1ccccc1,9.0,IC50,True,404.46000000000004,2,1,5.848900000000005,<rdkit.DataStructs.cDataStructs.ExplicitBitVect object at 0x117b0b610>,30
Cc1c(C)n(Cc2cccc(OCC(=O)O)c2)c2ccc(C(=O)N[C@@H](C)c3cccc(C4CC4)c3)cc12,7.25,IC50,True,496.60700000000026,4,2,6.138240000000006,<rdkit.DataStructs.cDataStructs.ExplicitBitVect object at 0x117b0b680>,37
Cc1c(C)n(Cc2cccc(O[C@@H](C)C(=O)O)c2)c2ccc(C(=O)N[C@@H](C)c3ccc(C(C)(C)C)cc3)cc12,7.22,IC50,True,526.6770000000002,4,2,6.946840000000007,<rdkit.DataStructs.cDataStructs.ExplicitBitVect object at 0x117b0b6f0>,39
COc1ccccc1OC[C@H](O)CNc1ccc(Cl)cc1C(=O)c1ccccc1,5.62,IC50,True,411.8850000000001,5,2,4.431400000000004,<rdkit.DataStructs.cDataStructs.ExplicitBitVect object at 0x117b0b760>,29
COc1ccc(OC(=O)N(CC(=O)O)Cc2ccc(OCCc3nc(-c4ccccc4)oc3C)cc2)cc1,6.6,IC50,True,516.5500000000003,7,1,5.365720000000005,<rdkit.DataStructs.cDataStructs.ExplicitBitVect object at 0x117b0b7d0>,38
CCCc1cc(Oc2ccccc2)ccc1OCCCOc1ccc2c(c1)CCC(C(=O)O)O2,5.54,IC50,True,462.54200000000026,5,1,6.057500000000006,<rdkit.DataStructs.cDataStructs.ExplicitBitVect object at 0x117b0b840>,34
O=C1NC(=O)C(c2cccc(OCCCOc3ccc(Oc4ccccc4)cc3)c2)S1,7.12,IC50,True,435.50100000000003,6,1,5.350900000000004,<rdkit.DataStructs.cDataStructs.ExplicitBitVect object at 0x117b0b8b0>,31
Cc1c(C)n(Cc2ccc(-c3ccccc3C(=O)O)cc2)c2ccc(C(=O)NCC3CCCCC3)cc12,7.11,IC50,True,494.6350000000004,3,2,6.9817400000000065,<rdkit.DataStructs.cDataStructs.ExplicitBitVect object at 0x117b0b920>,37
Cc1ccc([C@H](C)NC(=O)c2ccc3c(c2)c(C)c(C)n3Cc2ccc(-c3ccccc3C(=O)O)cc2)cc1,7.89,IC50,True,516.6410000000003,3,2,7.471060000000008,<rdkit.DataStructs.cDataStructs.ExplicitBitVect object at 0x117b0b990>,39
Cc1c(C)n(Cc2ccc(-c3ccccc3C(=O)O)cc2)c2ccc(C(=O)N[C@H](c3cccc(C(C)C)c3)C(C)C)cc12,7.1,IC50,True,572.7490000000001,3,2,8.922140000000002,<rdkit.DataStructs.cDataStructs.ExplicitBitVect object at 0x117b0ba00>,43
O=Cc1ccc(OS(=O)(=O)/C=C/c2ccccc2)cc1,5.68,IC50,True,288.324,4,0,2.8786000000000014,<rdkit.DataStructs.cDataStructs.ExplicitBitVect object at 0x117b0ba70>,20
O=C(NS(=O)(=O)c1cccc(C(F)(F)F)c1)c1cc2ccccc2n1Cc1ccc(C(F)(F)F)cc1,6.4,IC50,True,526.4580000000002,4,1,5.845900000000004,<rdkit.DataStructs.cDataStructs.ExplicitBitVect object at 0x117b0bae0>,36
O=C(Nc1ccc(Cl)cc1C(=O)O)c1cccc(S(=O)(=O)N2CCc3ccc(F)cc3C2)c1,5.5,IC50,True,488.92400000000026,4,2,4.176600000000002,<rdkit.DataStructs.cDataStructs.ExplicitBitVect object at 0x117b0bb50>,33
COc1cccc2c1ccn2S(=O)(=O)c1cccc(C(=O)Nc2ccc(Cl)cc2C(=O)O)c1,5.7,IC50,True,484.9170000000002,6,2,4.490800000000004,<rdkit.DataStructs.cDataStructs.ExplicitBitVect object at 0x117b0bbc0>,33
COc1ccc2c(ccn2S(=O)(=O)c2cccc(C(=O)Nc3ccc(Cl)cc3C(=O)O)c2)c1,5.4,IC50,False,484.9170000000002,6,2,4.490800000000003,<rdkit.DataStructs.cDataStructs.ExplicitBitVect object at 0x117b0bc30>,33
Cc1oc(-c2ccccc2)nc1CCOc1cccc(Cc2cn(-c3ccccc3)cc2C(=O)O)c1,6.8,IC50,True,478.5480000000002,5,1,6.351220000000006,<rdkit.DataStructs.cDataStructs.ExplicitBitVect object at 0x117b0bca0>,36
CCc1ccc(OCCCOc2ccc(OC(C)(C)C(=O)O)cc2)c(C(=O)c2ccccc2)c1,7.42,IC50,True,462.54200000000014,5,1,5.569900000000005,<rdkit.DataStructs.cDataStructs.ExplicitBitVect object at 0x117b0bd10>,34
CCCc1c(OCCCSc2ccc(CC(=O)O)cc2Cl)ccc2c(CC)noc12,6.96,IC50,True,447.9840000000002,5,1,6.184400000000005,<rdkit.DataStructs.cDataStructs.ExplicitBitVect object at 0x117b0bd80>,30
CCCc1cc(Oc2ccc(F)cc2)ccc1OCCCOc1ccc(C2SC(=O)NC2=O)cc1,6.09,IC50,True,495.5720000000003,6,1,6.442500000000005,<rdkit.DataStructs.cDataStructs.ExplicitBitVect object at 0x117b0bdf0>,35
CCNC(=O)c1cc(NS(=O)(=O)c2ccc(Cl)c(Cl)c2)ccc1Oc1cncc(Cl)c1,7.46,IC50,True,500.79100000000017,5,2,5.384600000000003,<rdkit.DataStructs.cDataStructs.ExplicitBitVect object at 0x117b0be60>,31
O=S(=O)(Nc1ccc(Oc2cncc(Cl)c2)cc1)c1ccc(Cl)cc1Cl,5.7,IC50,True,429.7120000000001,4,1,5.634900000000002,<rdkit.DataStructs.cDataStructs.ExplicitBitVect object at 0x117b0bed0>,26
Cc1cc(NS(=O)(=O)c2ccc(Cl)cc2Cl)ccc1Oc1cncc(Cl)c1,5.83,IC50,True,443.73900000000015,4,1,5.9433200000000035,<rdkit.DataStructs.cDataStructs.ExplicitBitVect object at 0x117b0bf40>,27
CCNC(=O)c1cc(NS(=O)(=O)c2ccc(C(F)(F)F)cc2Cl)ccc1Oc1cncc(Cl)c1,7.3,IC50,True,534.3430000000001,5,2,5.7500000000000036,<rdkit.DataStructs.cDataStructs.ExplicitBitVect object at 0x117b14040>,34
Cc1oc(-c2ccccc2)nc1CCNc1ccc(C[C@@H](C(=O)O)n2cccc2)cc1,5.8,IC50,True,415.4930000000001,5,2,4.974520000000003,<rdkit.DataStructs.cDataStructs.ExplicitBitVect object at 0x117b140b0>,31
Cc1oc(-c2ccccc2)nc1CCCc1ccc(CC(C(=O)O)c2cccnc2)cc1,4.66,IC50,False,426.5160000000001,4,1,5.631220000000004,<rdkit.DataStructs.cDataStructs.ExplicitBitVect object at 0x117b14120>,32
COc1ccc2c(c[n+](C)c3c4cc5c(cc4ccc23)OCO5)c1OC,6.25,IC50,True,348.37800000000016,4,0,3.7166000000000032,<rdkit.DataStructs.cDataStructs.ExplicitBitVect object at 0x117b14190>,26
CC1CCC(NC(=O)NS(=O)(=O)c2ccc(CCNS(=O)(=O)c3ccccc3)cc2)CC1,5.47,IC50,False,479.6240000000002,5,3,2.7742000000000004,<rdkit.DataStructs.cDataStructs.ExplicitBitVect object at 0x117b14200>,32
Cc1c(C)n(Cc2ccc(-c3ccccc3C(=O)O)cc2)c2ccc(C(=O)NCc3ccccc3N)cc12,7.5,IC50,True,503.60200000000026,4,3,6.183840000000005,<rdkit.DataStructs.cDataStructs.ExplicitBitVect object at 0x117b14270>,38
Cc1c(C)n(Cc2ccc(-c3ccccc3C(=O)O)cc2)c2ccc(C(=O)N[C@@H](C)c3ccc([N+](=O)[O-])cc3)cc12,7.1,IC50,True,547.6110000000002,5,2,7.070840000000007,<rdkit.DataStructs.cDataStructs.ExplicitBitVect object at 0x117b142e0>,41
CCc1ccccc1[C@H](C)NC(=O)c1ccc2c(c1)c(C)c(C)n2Cc1ccc(-c2ccccc2C(=O)O)cc1,8.22,IC50,True,530.6680000000003,3,2,7.725040000000008,<rdkit.DataStructs.cDataStructs.ExplicitBitVect object at 0x117b14350>,40
O=C(Nc1ccc2oc(-c3cccc(Cl)c3)nc2c1)c1cc([N+](=O)[O-])ccc1Cl,7.28,IC50,True,428.2310000000001,5,1,5.962100000000003,<rdkit.DataStructs.cDataStructs.ExplicitBitVect object at 0x117b143c0>,29
CCc1ccc(-c2nc3cc(NC(=O)c4cc([N+](=O)[O-])ccc4Cl)ccc3o2)cn1,9.6,IC50,True,422.8280000000001,6,1,5.266100000000003,<rdkit.DataStructs.cDataStructs.ExplicitBitVect object at 0x117b14430>,30
CCc1ccc(-c2nc3cc(NC(=O)c4cc([N+](=O)[O-])ccc4Cl)ccc3n2C)cc1,8.36,IC50,True,434.8830000000001,5,1,5.616600000000004,<rdkit.DataStructs.cDataStructs.ExplicitBitVect object at 0x117b144a0>,31
O=C(Nc1ccc2nc(-c3ccccc3)cn2c1)c1cc([N+](=O)[O-])ccc1Cl,9.24,IC50,True,392.80200000000013,5,1,4.815200000000003,<rdkit.DataStructs.cDataStructs.ExplicitBitVect object at 0x117b14510>,28
Cc1c(C)n(Cc2ccc(-c3ccccc3)cc2)c2ccc(C(=O)N[C@H](C)c3cc(C(F)(F)F)ccc3C(F)(F)F)cc12,8.4,IC50,True,594.5990000000003,2,1,9.502039999999997,<rdkit.DataStructs.cDataStructs.ExplicitBitVect object at 0x117b14580>,43
COc1ccc(F)cc1[C@@H](C)NC(=O)c1ccc2c(c1)c(C)c(C)n2Cc1ccc(-c2ccccc2C(=O)O)cc1,8.3,IC50,True,550.6300000000003,4,2,7.310340000000007,<rdkit.DataStructs.cDataStructs.ExplicitBitVect object at 0x117b145f0>,41
Cc1c(C)n(Cc2ccc(-c3ccccc3)cc2)c2ccc(C(=O)N[C@@H](C)c3cccc(C(F)(F)F)c3Cl)cc12,6.99,IC50,True,561.0470000000001,2,1,9.13664,<rdkit.DataStructs.cDataStructs.ExplicitBitVect object at 0x117b14660>,40
O=C(NCc1ccccc1)c1ccc2c(ccn2Cc2ccc(F)cc2F)c1,8.3,IC50,True,376.40600000000006,2,1,4.897800000000003,<rdkit.DataStructs.cDataStructs.ExplicitBitVect object at 0x117b146d0>,28
O=C(N[C@@H]1C[C@H]1c1ccccc1)c1ccc2c(ccn2Cc2ccc(F)cc2F)c1,5.17,IC50,False,402.44400000000013,2,1,5.253700000000004,<rdkit.DataStructs.cDataStructs.ExplicitBitVect object at 0x117b14740>,30
CC(C)=CCC/C(C)=C/Cc1c(O)cc(/C=C/c2ccsc2)cc1O,6.0,IC50,True,354.51500000000004,3,2,6.564900000000007,<rdkit.DataStructs.cDataStructs.ExplicitBitVect object at 0x117b147b0>,25
O=C(CNC(=O)Nc1ccc(NC(=O)NCC(=O)Nc2ccc(C3=NCCN3)cc2)cc1)Nc1ccc(C2=NCCN2)cc1,5.8,IC50,True,596.652,8,8,1.9066000000000007,<rdkit.DataStructs.cDataStructs.ExplicitBitVect object at 0x117b14820>,44
O=C(O)c1ccc(OCc2c(-c3c(Cl)cccc3C(F)(F)F)noc2-c2cc[nH]c2)cc1F,4.17,IC50,False,480.8010000000001,4,2,6.425200000000003,<rdkit.DataStructs.cDataStructs.ExplicitBitVect object at 0x117b14890>,33
CN(CCOc1ccc(CC2SC(=O)NC2=O)cc1)c1ccccn1,7.17,IC50,True,357.435,6,1,2.490900000000001,<rdkit.DataStructs.cDataStructs.ExplicitBitVect object at 0x117b14900>,25
Cc1cc2c(CC(=O)O)csc2cc1OCc1sc(-c2ccc(C(F)(F)F)cc2)nc1C,5.2,IC50,False,477.5290000000001,5,1,6.866540000000005,<rdkit.DataStructs.cDataStructs.ExplicitBitVect object at 0x117b14970>,32
CCCc1c(OCCCOc2ccc(CC(=O)O)cc2Cl)ccc2c(C(F)(F)F)noc12,6.55,IC50,True,471.85900000000015,5,1,5.927500000000004,<rdkit.DataStructs.cDataStructs.ExplicitBitVect object at 0x117b149e0>,32
CN(CCOc1ccc(CC2SC(=O)NC2=O)cc1)c1ccccn1,7.17,IC50,True,357.435,6,1,2.490900000000001,<rdkit.DataStructs.cDataStructs.ExplicitBitVect object at 0x117b14a50>,25
Cc1oc(-c2ccccc2)nc1CCOc1ccc(C[C@H](Nc2ccccc2C(=O)c2ccccc2)C(=O)O)cc1,6.66,IC50,True,546.6230000000003,6,2,6.610320000000006,<rdkit.DataStructs.cDataStructs.ExplicitBitVect object at 0x117b14ac0>,41
Cc1c(C)n(Cc2cccc(OCC(=O)O)c2)c2ccc(C(=O)N[C@@H](C)c3ccc(C(C)(C)C)cc3)cc12,6.88,IC50,True,512.6500000000002,4,2,6.5583400000000065,<rdkit.DataStructs.cDataStructs.ExplicitBitVect object at 0x117b14b30>,38
CCC(NC(=O)c1ccc2c(ccn2S(=O)(=O)c2ccc(C)cc2)c1)c1ccccc1,7.01,IC50,True,432.54500000000013,4,1,5.067820000000005,<rdkit.DataStructs.cDataStructs.ExplicitBitVect object at 0x117b14ba0>,31
CCCC[C@H](NC(=O)c1ccc2c(c1)c(C)c(C)n2Cc1ccc(-c2ccccc2C(=O)O)cc1)c1cccc(C(C)C)c1,7.09,IC50,True,586.7760000000002,3,2,9.456339999999999,<rdkit.DataStructs.cDataStructs.ExplicitBitVect object at 0x117b14c10>,44
CCOc1ccc([C@H](C)NC(=O)c2ccc3c(c2)c(C)c(C)n3Cc2ccc(-c3ccccc3C(=O)O)cc2)cc1,8.3,IC50,True,546.6670000000003,4,2,7.5613400000000075,<rdkit.DataStructs.cDataStructs.ExplicitBitVect object at 0x117b14c80>,41
Cc1c(C)n(Cc2ccc(-c3ccccc3C(=O)O)cc2)c2ccc(C(=O)NCc3ccccc3[N+](=O)[O-])cc12,7.62,IC50,True,533.5840000000003,5,2,6.509840000000006,<rdkit.DataStructs.cDataStructs.ExplicitBitVect object at 0x117b14cf0>,40
Cc1oc(-c2cccs2)nc1CCOc1ccc(CC(C)(Oc2ccccc2)C(=O)O)cc1,7.62,IC50,True,463.5550000000002,6,1,5.797820000000006,<rdkit.DataStructs.cDataStructs.ExplicitBitVect object at 0x117b14d60>,33
Cc1oc(-c2ccc(-c3ccccc3)cc2)nc1CCOc1ccc(OC(C)(C)C(=O)O)cc1,6.26,IC50,True,457.5260000000003,5,1,6.180520000000006,<rdkit.DataStructs.cDataStructs.ExplicitBitVect object at 0x117b14dd0>,34
CN(CCOc1ccc(CC2SC(=O)NC2=O)cc1)c1ccccn1,6.56,IC50,True,357.435,6,1,2.490900000000001,<rdkit.DataStructs.cDataStructs.ExplicitBitVect object at 0x117b14e40>,25
Cc1cc(OCC[C@@H](C)Oc2ccc(Cl)cc2Oc2ccccc2)ccc1CCC(=O)O,7.82,IC50,True,454.9500000000002,4,1,6.694320000000006,<rdkit.DataStructs.cDataStructs.ExplicitBitVect object at 0x117b14eb0>,32
Cn1c(CCCc2ccc(OC(C)(C)C(=O)O)cc2)nn(Cc2ccc(C(C)(C)C)cc2)c1=O,6.28,IC50,True,465.5940000000002,6,1,4.3449000000000035,<rdkit.DataStructs.cDataStructs.ExplicitBitVect object at 0x117b14f20>,34
CN(CCOc1ccc(CC2SC(=O)NC2=O)cc1)c1ccccn1,6.53,IC50,True,357.435,6,1,2.490900000000001,<rdkit.DataStructs.cDataStructs.ExplicitBitVect object at 0x117b14f90>,25
Cc1c(C)n(Cc2ccc(-c3ccccc3)cc2)c2ccc(C(=O)N[C@@H](C)c3cccc(Cl)c3)cc12,8.52,IC50,True,493.05000000000024,2,1,8.117840000000006,<rdkit.DataStructs.cDataStructs.ExplicitBitVect object at 0x117b15000>,36
CC[C@@H](NC(=O)c1ccc2c(c1)c(C)c(C)n2Cc1ccccc1-c1ccc(C(=O)O)cc1)c1ccccc1,7.1,IC50,True,516.6410000000002,3,2,7.552740000000007,<rdkit.DataStructs.cDataStructs.ExplicitBitVect object at 0x117b15070>,39
CC[C@H](NC(=O)c1ccc2c(c1)c(C)c(C)n2Cc1ccc(-c2ccccc2C(=O)O)cc1)c1cccc(C(C)C)c1,8.05,IC50,True,558.7220000000001,3,2,8.676140000000004,<rdkit.DataStructs.cDataStructs.ExplicitBitVect object at 0x117b150e0>,42
Cc1c(C)n(Cc2ccc(-c3ccccc3C(=O)O)cc2)c2ccc(C(=O)N[C@H](C)c3ccccc3C(F)(F)F)cc12,9.0,IC50,True,570.6110000000002,3,2,8.181440000000006,<rdkit.DataStructs.cDataStructs.ExplicitBitVect object at 0x117b15150>,42
Cc1c(C)n(Cc2ccc(-c3ccccc3C(=O)O)cc2)c2ccc(C(=O)N[C@@H](C)c3ccc(Cl)c(Cl)c3)cc12,8.0,IC50,True,571.5040000000002,3,2,8.469440000000002,<rdkit.DataStructs.cDataStructs.ExplicitBitVect object at 0x117b151c0>,40
Cc1c(C)n(Cc2ccc(-c3ccccc3C(=O)O)cc2)c2ccc(C(=O)NC3COc4ccccc4C3)cc12,7.66,IC50,True,530.6240000000003,4,2,6.405140000000006,<rdkit.DataStructs.cDataStructs.ExplicitBitVect object at 0x117b15230>,40
Cc1c(C)n(Cc2ccc(-c3ccccc3C(=O)O)cc2)c2ccc(C(=O)N[C@@H](C)c3ccccc3Br)cc12,9.0,IC50,True,581.5100000000002,3,2,7.925140000000007,<rdkit.DataStructs.cDataStructs.ExplicitBitVect object at 0x117b152a0>,39
Cc1c(C)n(Cc2ccc(-c3ccccc3C(=O)O)cc2)c2ccc(C(=O)N[C@@H](C)c3cc(C4CC4)ccn3)cc12,8.1,IC50,True,543.6670000000003,4,2,7.435040000000007,<rdkit.DataStructs.cDataStructs.ExplicitBitVect object at 0x117b15310>,41
Cc1c(C)n(Cc2ccc(-c3ccccc3C(=O)O)cc2)c2ccc(C(=O)N[C@@H](C)c3cc(C(F)(F)F)ccc3Cl)cc12,8.52,IC50,True,605.0560000000002,3,2,8.83484,<rdkit.DataStructs.cDataStructs.ExplicitBitVect object at 0x117b15380>,43
Cc1c(C)n(Cc2ccc(-c3ccccc3C(=O)NO)cc2)c2ccc(C(=O)N[C@@H](C)c3cccc(C(C)C)c3)cc12,7.11,IC50,True,559.7100000000002,4,3,7.706840000000007,<rdkit.DataStructs.cDataStructs.ExplicitBitVect object at 0x117b153f0>,42
Cc1c(C)n(Cc2ccc(-c3ccccc3C(=O)NS(C)(=O)=O)cc2)c2ccc(C(=O)N[C@@H](C)c3cccc(C(C)C)c3)cc12,6.54,IC50,True,621.8030000000001,5,2,7.277240000000007,<rdkit.DataStructs.cDataStructs.ExplicitBitVect object at 0x117b15460>,45
Cc1ccc(Cn2nc(CCCc3ccc(OC(C)(C)C(=O)O)cc3)n(CCO)c2=O)cc1,5.21,IC50,False,453.5390000000002,7,2,2.8111200000000007,<rdkit.DataStructs.cDataStructs.ExplicitBitVect object at 0x117b154d0>,33
CN(CCOc1ccc(CC2SC(=O)NC2=O)cc1)c1ccccn1,6.6,IC50,True,357.435,6,1,2.490900000000001,<rdkit.DataStructs.cDataStructs.ExplicitBitVect object at 0x117b15540>,25
CN(CCOc1ccc(CC2SC(=O)NC2=O)cc1)c1ccccn1,6.7,IC50,True,357.435,6,1,2.490900000000001,<rdkit.DataStructs.cDataStructs.ExplicitBitVect object at 0x117b155b0>,25
Cc1oc(-c2ccccc2)nc1CCOc1ccc(C[C@@H]2CN(C(=O)Oc3ccccc3)C[C@@H]2C(=O)O)cc1,7.1,IC50,True,526.5890000000003,6,1,5.6456200000000045,<rdkit.DataStructs.cDataStructs.ExplicitBitVect object at 0x117b15620>,39
CCCc1cc(C2CCOCC2)ccc1OCCCOc1cccc(C2OC(=O)NC2=O)c1,6.12,IC50,True,453.53500000000014,6,1,4.688500000000004,<rdkit.DataStructs.cDataStructs.ExplicitBitVect object at 0x117b15690>,33
Cc1oc(-c2ccccc2)nc1CCOc1ccc(C[C@](C)(Oc2ccccc2)C(=O)O)cc1,7.85,IC50,True,457.5260000000002,5,1,5.736320000000005,<rdkit.DataStructs.cDataStructs.ExplicitBitVect object at 0x117b15700>,34
CCCCCCCc1oc2cc(O)ccc2c(=O)c1-c1ccc(O)cc1,5.3,IC50,False,352.43000000000006,4,2,5.384100000000006,<rdkit.DataStructs.cDataStructs.ExplicitBitVect object at 0x117b15770>,26
Cc1c(C)n(Cc2ccc(-c3ccccc3C(=O)O)cc2)c2ccc(C(=O)N[C@@H](C)c3ccc(F)cc3)cc12,7.68,IC50,True,520.6040000000002,3,2,7.301740000000007,<rdkit.DataStructs.cDataStructs.ExplicitBitVect object at 0x117b157e0>,39
CC(C)N(Cc1ccc(CCC(=O)O)cc1)C(=O)c1cccc(CNC(=O)c2ccccc2)c1,4.41,IC50,False,458.55800000000016,3,2,4.684600000000003,<rdkit.DataStructs.cDataStructs.ExplicitBitVect object at 0x117b15850>,34
CN(CCOc1ccc(CC2SC(=O)NC2=O)cc1)c1ccccn1,7.05,IC50,True,357.435,6,1,2.490900000000001,<rdkit.DataStructs.cDataStructs.ExplicitBitVect object at 0x117b158c0>,25
CCc1ccc(CCOc2ccc(CC3SC(=O)NC3=O)cc2)nc1,5.77,IC50,True,356.44700000000006,5,1,3.159600000000001,<rdkit.DataStructs.cDataStructs.ExplicitBitVect object at 0x117b15930>,25
CCOc1ccc(-c2ccc(CCCc3nn(-c4ccc(C(F)(F)F)cc4)c(=O)n3-c3ccccc3F)cc2)cc1CC(=O)O,4.67,IC50,False,619.6150000000001,6,1,7.049200000000007,<rdkit.DataStructs.cDataStructs.ExplicitBitVect object at 0x117b159a0>,45
CCCCc1nc(C(C)C)c(CC(=O)OCC)c(=O)n1Cc1ccc(-c2ccccc2-c2noc(=O)[nH]2)cc1,6.36,IC50,True,530.6250000000002,8,1,4.873500000000004,<rdkit.DataStructs.cDataStructs.ExplicitBitVect object at 0x117b15a10>,39
CN(CCOc1ccc(CC2SC(=O)NC2=O)cc1)c1ccccn1,7.37,IC50,True,357.435,6,1,2.490900000000001,<rdkit.DataStructs.cDataStructs.ExplicitBitVect object at 0x117b15a80>,25
COC(=O)c1cc2c(c(O)c1C(C)OC(C)=O)C(=O)c1c(O)cc3cc(C)c(Cl)c(OC)c3c1C2=O,5.85,IC50,True,512.8980000000003,9,2,4.4075200000000025,<rdkit.DataStructs.cDataStructs.ExplicitBitVect object at 0x117b15af0>,36
Cc1cc(Oc2cccc(CNC(=O)c3ccc(C(F)(F)F)cc3Cl)c2)ccc1OC(C)(C)C(=O)O,7.82,IC50,True,521.9190000000002,4,2,6.6315200000000045,<rdkit.DataStructs.cDataStructs.ExplicitBitVect object at 0x117b15b60>,36
COc1cc(C(F)(F)F)ccc1C(=O)NCc1cccc(Oc2ccc(OC(C)(C)C(=O)O)c(C)c2)c1,8.15,IC50,True,517.5000000000003,5,2,5.986720000000005,<rdkit.DataStructs.cDataStructs.ExplicitBitVect object at 0x117b15bd0>,37
COc1ccc2c(c1)CCN(S(=O)(=O)c1cccc(C(=O)Nc3ccc(Cl)cc3C(=O)O)c1)C2,5.2,IC50,False,500.9600000000002,5,2,4.046100000000002,<rdkit.DataStructs.cDataStructs.ExplicitBitVect object at 0x117b15c40>,34
CC(C)=CCC/C(C)=C/Cc1c(O)cc(/C=C/c2ccc(O)cc2)cc1O,6.96,IC50,True,364.48500000000007,3,3,6.209000000000008,<rdkit.DataStructs.cDataStructs.ExplicitBitVect object at 0x117b15cb0>,27
CCc1ccc(CCOc2ccc(CC3SC(=O)NC3=O)cc2)nc1,4.66,IC50,False,356.44700000000006,5,1,3.159600000000001,<rdkit.DataStructs.cDataStructs.ExplicitBitVect object at 0x117b15d20>,25
Cc1cccc(-c2nc3cc(NC(=O)c4cc([N+](=O)[O-])ccc4Cl)ccc3o2)c1,5.89,IC50,True,407.81300000000016,5,1,5.617120000000003,<rdkit.DataStructs.cDataStructs.ExplicitBitVect object at 0x117b15d90>,29
Cc1ccc(-n2nc3ccc(NC(=O)c4cc([N+](=O)[O-])ccc4Cl)cc3n2)cc1,9.49,IC50,True,407.8170000000001,6,1,4.5428200000000025,<rdkit.DataStructs.cDataStructs.ExplicitBitVect object at 0x117b15e00>,29
N[C@@H](Cc1c[nH]c2ccccc12)C(=O)N[C@@H](CCC(=O)O)C(=O)O,5.06,IC50,False,333.34400000000005,4,5,0.47189999999999965,<rdkit.DataStructs.cDataStructs.ExplicitBitVect object at 0x117b15e70>,24
Cc1c(C)n(Cc2cccc(C3(C(=O)O)CC3)c2)c2ccc(C(=O)N[C@@H](C)c3cccc(C4CC4)c3)cc12,7.89,IC50,True,506.64600000000024,3,2,6.791040000000007,<rdkit.DataStructs.cDataStructs.ExplicitBitVect object at 0x117b15ee0>,38
Cc1c(C)n(Cc2ccc(-c3ccccc3C(=O)O)cc2)c2ccc(C(=O)NCc3ccccn3)cc12,7.47,IC50,True,489.5750000000002,4,2,5.9966400000000055,<rdkit.DataStructs.cDataStructs.ExplicitBitVect object at 0x117b15f50>,37
Cc1c(C)n(Cc2cccc(C(F)(F)F)c2)c2ccc(C(=O)NCc3ccccn3)cc12,6.73,IC50,True,437.46500000000015,3,1,5.6502400000000055,<rdkit.DataStructs.cDataStructs.ExplicitBitVect object at 0x117b15fc0>,32
COc1cc(C(F)(F)F)nc2ccc(COc3ccc(OCC4CCN(C)CC4)c(/C=C(\CCC4CC4)C(=O)O)c3)cc12,5.12,IC50,False,598.6620000000005,6,1,7.220000000000008,<rdkit.DataStructs.cDataStructs.ExplicitBitVect object at 0x117b16030>,43
O=C(O)Cn1c(SCCOc2ccc3ccccc3c2)nc2ccccc21,5.65,IC50,True,378.4530000000001,5,1,4.445200000000003,<rdkit.DataStructs.cDataStructs.ExplicitBitVect object at 0x117b160a0>,27
CCO[C@@H](Cc1ccc(OCCN2c3ccccc3Oc3ccccc32)cc1)C(=O)O,7.04,IC50,True,419.47700000000015,5,1,5.041600000000004,<rdkit.DataStructs.cDataStructs.ExplicitBitVect object at 0x117b16110>,31
Cc1c(C)n(Cc2ccc(Cl)c(O[C@@H](C)C(=O)O)c2)c2ccc(C(=O)N[C@@H](C)c3ccc(C(C)(C)C)cc3)cc12,7.92,IC50,True,561.1220000000003,4,2,7.600240000000007,<rdkit.DataStructs.cDataStructs.ExplicitBitVect object at 0x117b16180>,40
Cc1c(C)n(Cc2ccc(-c3ccccc3)cc2)c2ccc(C(=O)NCc3ccc(Cl)cc3C(F)(F)F)cc12,8.7,IC50,True,547.0200000000002,2,1,8.575640000000003,<rdkit.DataStructs.cDataStructs.ExplicitBitVect object at 0x117b161f0>,39
CC[C@@H](NC(=O)c1ccc2c(c1)c(C)c(C)n2Cc1ccccc1-c1cccc(C(=O)O)c1)c1ccccc1,7.7,IC50,True,516.6410000000002,3,2,7.552740000000007,<rdkit.DataStructs.cDataStructs.ExplicitBitVect object at 0x117b16260>,39
Cc1c(C)n(Cc2ccc(-c3ccccc3C(=O)O)cc2)c2ccc(C(=O)NC(C)c3cncc(C4CC4)c3)cc12,7.72,IC50,True,543.6670000000003,4,2,7.435040000000007,<rdkit.DataStructs.cDataStructs.ExplicitBitVect object at 0x117b162d0>,41
CCC(NC(=O)c1ccc2c(c1)c(C)c(C)n2Cc1ccc(-c2ccccc2C#N)cc1)c1ccccc1,9.27,IC50,True,497.6420000000001,3,1,7.726220000000008,<rdkit.DataStructs.cDataStructs.ExplicitBitVect object at 0x117b16340>,38
CCC(NC(=O)c1ccc2c(ccn2Cc2ccccc2-c2cccc(C(=O)O)c2)c1)c1ccccc1,8.4,IC50,True,488.58700000000016,3,2,6.935900000000006,<rdkit.DataStructs.cDataStructs.ExplicitBitVect object at 0x117b163b0>,37
CC[C@H](NC(=O)c1ccc2c(c1)c(C)c(C)n2Cc1ccc(-c2ccccc2C(=O)O)cc1)c1ccccc1,8.52,IC50,True,516.6410000000002,3,2,7.552740000000007,<rdkit.DataStructs.cDataStructs.ExplicitBitVect object at 0x117b16420>,39
COc1cccc(C(F)(F)F)c1C(=O)c1nc(-c2ccc(C(=O)O)cc2F)c2n1CCCC2,5.04,IC50,False,462.3990000000002,5,1,4.9821000000000035,<rdkit.DataStructs.cDataStructs.ExplicitBitVect object at 0x117b16490>,33
Cc1oc(-c2ccccc2)nc1CCOc1ccc(C[C@H](OCC2CC2)C(=O)O)c2sccc12,8.7,IC50,True,477.5820000000003,6,1,5.908520000000005,<rdkit.DataStructs.cDataStructs.ExplicitBitVect object at 0x117b16500>,34
CCCc1cc(Oc2ccc(Cl)c(C)c2)ccc1OCCCOc1cccc(C2SC(=O)NC2=O)c1,7.25,IC50,True,526.0540000000003,6,1,7.265220000000006,<rdkit.DataStructs.cDataStructs.ExplicitBitVect object at 0x117b16570>,36
CCc1ccc(O[C@H](C)CCOc2ccc(CCC(=O)O)c(C)c2)c(-c2ccco2)c1,6.03,IC50,True,422.52100000000013,4,1,6.071020000000006,<rdkit.DataStructs.cDataStructs.ExplicitBitVect object at 0x117b165e0>,31
CCCc1c(OCCCSc2ccc(CC(=O)O)cc2Cl)ccc2c(CC)coc12,6.25,IC50,True,446.9960000000002,4,1,6.789400000000005,<rdkit.DataStructs.cDataStructs.ExplicitBitVect object at 0x117b16650>,30
CCc1ccc(O[C@H](C)CCOc2ccc(CCC(=O)O)c(C)c2)c(-c2ccsc2)c1,6.25,IC50,True,438.5890000000001,4,1,6.539520000000007,<rdkit.DataStructs.cDataStructs.ExplicitBitVect object at 0x117b166c0>,31
CCCc1cc(-c2noc3ccccc23)ccc1OCCCOc1cccc([C@@H]2SC(=O)NC2=O)c1,7.52,IC50,True,502.5920000000003,7,1,6.3193000000000055,<rdkit.DataStructs.cDataStructs.ExplicitBitVect object at 0x117b16730>,36
O=C(O)c1ccc(OCc2c(-c3c(Cl)cccc3C(F)(F)F)noc2-c2ccc[nH]2)cc1,4.54,IC50,False,462.8110000000001,4,2,6.286100000000003,<rdkit.DataStructs.cDataStructs.ExplicitBitVect object at 0x117b167a0>,32
Cc1cc2nc(-c3ccc(NC(=O)c4cc([N+](=O)[O-])ccc4Cl)cc3)oc2cc1C,8.8,IC50,True,421.8400000000001,5,1,5.925540000000003,<rdkit.DataStructs.cDataStructs.ExplicitBitVect object at 0x117b16810>,30
O=C(O)c1ccc(-c2nc(C(=O)c3c(Cl)cccc3C(F)(F)F)n3ccccc23)cc1,5.82,IC50,True,444.79600000000005,4,1,5.602700000000003,<rdkit.DataStructs.cDataStructs.ExplicitBitVect object at 0x117b16880>,31
CCCc1cc2cc(NC(=O)C(CC)c3ccccc3)ccc2n1Cc1ccc(-c2ccccc2C(=O)O)cc1,6.58,IC50,True,530.6680000000002,3,2,8.139600000000007,<rdkit.DataStructs.cDataStructs.ExplicitBitVect object at 0x117b168f0>,40
Cc1c(C)n(Cc2cccc(O[C@@H](C)C(=O)O)c2)c2ccc(C(=O)N[C@@H](C)c3cccc(C(C)C)c3)cc12,7.12,IC50,True,512.6500000000002,4,2,6.772740000000007,<rdkit.DataStructs.cDataStructs.ExplicitBitVect object at 0x117b16960>,38
Cc1c(C)n(Cc2ccc(O[C@@H](C)C(=O)O)cc2)c2ccc(C(=O)N[C@@H](C)c3cccc(C(C)C)c3)cc12,6.5,IC50,True,512.6500000000002,4,2,6.772740000000007,<rdkit.DataStructs.cDataStructs.ExplicitBitVect object at 0x117b169d0>,38
Cc1c(C)n(Cc2ccc(C3(C(=O)O)CC3)cc2)c2ccc(C(=O)N[C@@H](C)c3ccc(C(C)C)cc3)cc12,6.5,IC50,True,508.6620000000002,3,2,7.037040000000007,<rdkit.DataStructs.cDataStructs.ExplicitBitVect object at 0x117b16a40>,38
Cc1c(C)n(Cc2cccc(O[C@@H](C)C(=O)O)c2)c2ccc(C(=O)N[C@@H](C)c3cccc(C(C)(C)C)c3)cc12,7.09,IC50,True,526.6770000000002,4,2,6.946840000000007,<rdkit.DataStructs.cDataStructs.ExplicitBitVect object at 0x117b16ab0>,39
CC(C)=CCC/C(C)=C/Cc1c(O)cc(/C=C/c2ccc(Cl)cc2)cc1O,6.27,IC50,True,382.93100000000004,2,2,7.156800000000008,<rdkit.DataStructs.cDataStructs.ExplicitBitVect object at 0x117b16b20>,27
CC(C)=CCC/C(C)=C/Cc1c(O)cc(/C=C/c2ccc(C=O)cc2)cc1O,6.05,IC50,True,376.4960000000001,3,2,6.315900000000007,<rdkit.DataStructs.cDataStructs.ExplicitBitVect object at 0x117b16b90>,28
Cc1c(C)n(Cc2ccc(-c3ccccc3C(=O)O)cc2)c2ccc(C(=O)NCc3ccc(F)cc3)cc12,8.3,IC50,True,506.5770000000002,3,2,6.740740000000006,<rdkit.DataStructs.cDataStructs.ExplicitBitVect object at 0x117b16c00>,38
CN(CCOc1ccc(CC2SC(=O)NC2=O)cc1)c1ccccn1,8.0,IC50,True,357.435,6,1,2.490900000000001,<rdkit.DataStructs.cDataStructs.ExplicitBitVect object at 0x117b16c70>,25
Cc1ccc(-n2c(SCC(=O)Nc3ccc(S(=O)(=O)NC(=O)NC4CCCCC4)cc3)nc3ccccc3c2=O)cc1,6.4,IC50,True,605.7420000000003,8,3,4.7455200000000035,<rdkit.DataStructs.cDataStructs.ExplicitBitVect object at 0x117b16ce0>,42
CCCCNC(=O)NS(=O)(=O)c1ccc(NC(=O)Cn2c(CC)nc3ccccc3c2=O)cc1,6.39,IC50,True,485.5660000000003,7,3,2.3856,<rdkit.DataStructs.cDataStructs.ExplicitBitVect object at 0x117b16d50>,34
Cc1c(C)n(Cc2ccc(C3(C(=O)O)CC3)cc2)c2ccc(C(=O)N[C@@H](C)c3ccc(Br)cc3)cc12,7.51,IC50,True,545.4770000000001,3,2,6.676140000000006,<rdkit.DataStructs.cDataStructs.ExplicitBitVect object at 0x117b16dc0>,36
Cc1c(C)n(Cc2cccc(O[C@@H](C)C(=O)O)c2)c2ccc(C(=O)N[C@@H](C)c3ccc(Br)cc3)cc12,6.98,IC50,True,549.4650000000001,4,2,6.411840000000006,<rdkit.DataStructs.cDataStructs.ExplicitBitVect object at 0x117b16e30>,36
Cc1c(C)n(Cc2cccc(C(=O)O)c2)c2ccc(C(=O)N[C@@H](C)c3cccc(C4CC4)c3)cc12,7.41,IC50,True,466.58100000000024,3,2,6.373040000000006,<rdkit.DataStructs.cDataStructs.ExplicitBitVect object at 0x117b16ea0>,35
CN(CCOc1ccc(CC2SC(=O)NC2=O)cc1)c1ccccn1,6.6,IC50,True,357.435,6,1,2.490900000000001,<rdkit.DataStructs.cDataStructs.ExplicitBitVect object at 0x117b16f10>,25
Cc1oc(-c2ccccc2)nc1CCOc1ccc(OC(C)(Cc2ccccc2)C(=O)O)cc1,6.31,IC50,True,457.5260000000002,5,1,5.736320000000005,<rdkit.DataStructs.cDataStructs.ExplicitBitVect object at 0x117b16f80>,34
Cc1ccc(OC(=O)N(CC(=O)O)Cc2cccc(OCc3nc(-c4ccc(C#N)cc4)oc3C)c2)cc1,5.14,IC50,False,511.53400000000033,7,1,5.494720000000005,<rdkit.DataStructs.cDataStructs.ExplicitBitVect object at 0x117b16ff0>,38
CO[C@@H](Cc1ccc(OCCc2nc(-c3ccc(C(F)(F)F)cc3)oc2C)c2ccsc12)C(=O)O,7.64,IC50,True,505.5140000000001,6,1,6.147120000000005,<rdkit.DataStructs.cDataStructs.ExplicitBitVect object at 0x117b17060>,35
Cc1oc(-c2ccccc2)nc1CCOc1ccc(C[C@H](OCC(F)(F)F)C(=O)O)c2sccc12,8.52,IC50,True,505.5140000000002,6,1,6.060820000000004,<rdkit.DataStructs.cDataStructs.ExplicitBitVect object at 0x117b170d0>,35
Cc1oc(-c2ccccc2)nc1CCCc1ccc(CC(C(=O)O)n2cccn2)cc1,6.49,IC50,True,415.49300000000005,5,1,4.890220000000003,<rdkit.DataStructs.cDataStructs.ExplicitBitVect object at 0x117b17140>,31
Cc1c(C)n(Cc2cc(O[C@@H](C)C(=O)O)ccc2Cl)c2ccc(C(=O)N[C@@H](C)c3cccc(C(C)C)c3)cc12,10.22,IC50,True,547.0950000000003,4,2,7.426140000000006,<rdkit.DataStructs.cDataStructs.ExplicitBitVect object at 0x117b171b0>,39
Cc1c(C)n(Cc2cccc(O[C@@H](C)C(=O)O)c2)c2ccc(C(=O)N[C@@H](C)c3ccc(C(F)(F)F)cc3)cc12,6.67,IC50,True,538.5660000000001,4,2,6.6681400000000055,<rdkit.DataStructs.cDataStructs.ExplicitBitVect object at 0x117b17220>,39
Cc1c(C)n(Cc2cccc(O[C@@H](C)C(=O)O)c2)c2ccc(C(=O)N[C@@H](C)c3cccc(Cl)c3)cc12,7.21,IC50,True,505.0140000000002,4,2,6.302740000000005,<rdkit.DataStructs.cDataStructs.ExplicitBitVect object at 0x117b17290>,36
Cc1c(C)c2c(c(C)c1O)CCC(C)(COc1ccc(CC3SC(=O)NC3=O)cc1)O2,6.47,IC50,True,441.54900000000015,6,2,4.374260000000002,<rdkit.DataStructs.cDataStructs.ExplicitBitVect object at 0x117b17300>,31
O=C(Nc1ccccc1C(=O)N/N=C/c1c(O)ccc2ccccc12)c1ccccc1Cl,5.77,IC50,True,443.8900000000001,4,3,5.2150000000000025,<rdkit.DataStructs.cDataStructs.ExplicitBitVect object at 0x117b17370>,32
Cc1c(C)n(Cc2ccc(-c3ccccc3C(=O)O)cc2)c2ccc(C(=O)N[C@@H](C)c3cccc(C(F)(F)F)c3)cc12,7.41,IC50,True,570.6110000000002,3,2,8.181440000000006,<rdkit.DataStructs.cDataStructs.ExplicitBitVect object at 0x117b173e0>,42
COc1cc(C(F)(F)F)nc2ccc(COc3ccc(OCc4ccc(F)cc4)c(/C=C/C(=O)O)c3)cc12,4.96,IC50,False,527.4700000000003,5,1,6.657100000000006,<rdkit.DataStructs.cDataStructs.ExplicitBitVect object at 0x117b17450>,38
CCC/C(=C\c1cc(OCc2ccc3nc(C(F)(F)F)cc(OC)c3c2)ccc1OCCN1CCNCC1)C(=O)O,5.02,IC50,False,573.6120000000002,7,2,5.393300000000005,<rdkit.DataStructs.cDataStructs.ExplicitBitVect object at 0x117b174c0>,41
CCC/C(=C\c1cc(OCc2ccc3nc(C(F)(F)F)cc(OC)c3c2)ccc1NC(=O)c1ccc(F)cc1)C(=O)O,5.02,IC50,False,582.5500000000003,5,2,7.500700000000006,<rdkit.DataStructs.cDataStructs.ExplicitBitVect object at 0x117b17530>,42
CN(CCOc1ccc(CC2SC(=O)NC2=O)cc1)c1ccccn1,6.68,IC50,True,357.435,6,1,2.490900000000001,<rdkit.DataStructs.cDataStructs.ExplicitBitVect object at 0x117b175a0>,25
COc1ccc(C(C)C(=O)c2ccc(O)cc2O)cc1,4.58,IC50,False,272.3,4,2,3.092800000000002,<rdkit.DataStructs.cDataStructs.ExplicitBitVect object at 0x117b17610>,20
CCCc1c(OCCCSc2ccc(CC(=O)O)cc2Cl)ccc2c(C(F)(F)F)noc12,6.71,IC50,True,487.92700000000013,5,1,6.640800000000004,<rdkit.DataStructs.cDataStructs.ExplicitBitVect object at 0x117b17680>,32
CS(=O)(=O)c1cc(NS(=O)(=O)c2ccc(Cl)cc2Cl)ccc1Oc1cncc(Cl)c1,5.84,IC50,True,507.8040000000002,6,1,5.038400000000003,<rdkit.DataStructs.cDataStructs.ExplicitBitVect object at 0x117b176f0>,30
Cc1c(C)c2c(c(C)c1O)CCC(C)(COc1ccc(CC3SC(=O)NC3=O)cc1)O2,5.89,IC50,True,441.54900000000015,6,2,4.374260000000002,<rdkit.DataStructs.cDataStructs.ExplicitBitVect object at 0x117b17760>,31
CN(Cc1cccc(F)c1)C(=O)c1cnc(-c2ccc(S(C)(=O)=O)c([N+](=O)[O-])c2)s1,4.52,IC50,False,449.4850000000002,7,0,3.533100000000003,<rdkit.DataStructs.cDataStructs.ExplicitBitVect object at 0x117b177d0>,30
O=S(=O)(Nc1cc(-c2cccs2)nn1-c1ccc(F)cc1)c1cccc(F)c1,6.29,IC50,True,417.4620000000001,5,1,4.679800000000002,<rdkit.DataStructs.cDataStructs.ExplicitBitVect object at 0x117b17840>,28
CN(CCOc1ccc(CC2SC(=O)NC2=O)cc1)c1ccccn1,6.59,IC50,True,357.435,6,1,2.490900000000001,<rdkit.DataStructs.cDataStructs.ExplicitBitVect object at 0x117b178b0>,25
CCc1ccc(O[C@H](C)CCOc2ccc(CCC(=O)O)c(C)c2)c(C(=O)c2ccccc2)c1,8.3,IC50,True,460.57000000000016,4,1,6.042020000000006,<rdkit.DataStructs.cDataStructs.ExplicitBitVect object at 0x117b17920>,34
CN(CCOc1ccc(CC2SC(=O)NC2=O)cc1)c1ccccn1,6.35,IC50,True,357.435,6,1,2.490900000000001,<rdkit.DataStructs.cDataStructs.ExplicitBitVect object at 0x117b17990>,25
Cn1c(CCCc2ccc(OC(C)(C)C(=O)O)cc2)nn(Cc2ccc(C(C)(C)C)cc2)c1=O,6.28,IC50,True,465.5940000000002,6,1,4.3449000000000035,<rdkit.DataStructs.cDataStructs.ExplicitBitVect object at 0x117b17a00>,34
Cc1ccc(NC(=O)c2cccc(S(=O)(=O)n3ccc4c(Br)cccc43)c2)c(C(=O)O)c1,5.9,IC50,True,513.3690000000003,5,2,4.899720000000004,<rdkit.DataStructs.cDataStructs.ExplicitBitVect object at 0x117b17a70>,32
O=C(Nc1ccc(Cl)cc1C(=O)O)c1cccc(S(=O)(=O)N2CCc3ccccc3C2)c1,5.4,IC50,False,470.93400000000025,4,2,4.037500000000002,<rdkit.DataStructs.cDataStructs.ExplicitBitVect object at 0x117b17ae0>,32
Cc1ccc(NC(=O)c2cccc(S(=O)(=O)n3ccc4ccc(Cl)cc43)c2)c(C(=O)O)c1,5.7,IC50,True,468.91800000000023,5,2,4.790620000000003,<rdkit.DataStructs.cDataStructs.ExplicitBitVect object at 0x117b17b50>,32
Cc1cc(Oc2cccc(CNC(=O)c3cc4cccc(Br)c4[nH]3)c2)ccc1CCC(=O)O,7.43,IC50,True,507.3840000000002,3,3,5.978320000000004,<rdkit.DataStructs.cDataStructs.ExplicitBitVect object at 0x117b17bc0>,33
COc1ccc(COc2ccc(CSc3ccc(OCC(=O)O)c4c3CCC4)cc2)cc1,4.86,IC50,False,450.5560000000003,5,1,5.518600000000005,<rdkit.DataStructs.cDataStructs.ExplicitBitVect object at 0x117b17c30>,32
O=C1NC(=O)C(=Cc2ccc(N(CCO)CCOC(c3ccccc3)(c3ccccc3)c3ccccc3)cc2)C(=O)N1,4.65,IC50,False,561.6380000000001,6,3,4.243400000000003,<rdkit.DataStructs.cDataStructs.ExplicitBitVect object at 0x117b17ca0>,42
O=C(CN1CC(=O)Nc2ccccc21)Nc1ccc(S(=O)(=O)NC(=O)NC2CCCCC2)cc1,5.94,IC50,True,485.5660000000003,6,4,2.4044,<rdkit.DataStructs.cDataStructs.ExplicitBitVect object at 0x117b17d10>,34
Cc1c(C)n(Cc2ccc(-c3ccccc3C(=O)O)cc2)c2ccc(C(=O)N[C@@H](C)c3ccc(Br)cc3)cc12,7.55,IC50,True,581.5100000000002,3,2,7.925140000000007,<rdkit.DataStructs.cDataStructs.ExplicitBitVect object at 0x117b17d80>,39
Cc1oc(-c2ccccc2)nc1CCOc1ccc(CC(OCC(C)C)C(=O)O)c2sccc12,8.52,IC50,True,479.59800000000024,6,1,6.154520000000005,<rdkit.DataStructs.cDataStructs.ExplicitBitVect object at 0x117b17df0>,34
COC(Cc1ccc(OCCc2nc(-c3ccccc3C)oc2C)c2ccccc12)C(=O)O,6.1,IC50,True,445.5150000000002,5,1,5.375240000000006,<rdkit.DataStructs.cDataStructs.ExplicitBitVect object at 0x117b17e60>,33
COc1cc(OC)cc(-c2nc(CCOc3ccc(C[C@H](OC)C(=O)O)c4sccc34)c(C)o2)c1,8.52,IC50,True,497.56900000000024,8,1,5.145520000000005,<rdkit.DataStructs.cDataStructs.ExplicitBitVect object at 0x117b17ed0>,35
O=C(NC1CCCCC1)NS(=O)(=O)c1ccc(CCNS(=O)(=O)c2ccc(Br)cc2)cc1,5.62,IC50,True,544.4930000000003,5,3,3.290700000000002,<rdkit.DataStructs.cDataStructs.ExplicitBitVect object at 0x117b17f40>,32
Cc1ccc(NC(=S)NS(=O)(=O)c2ccc(CCNS(=O)(=O)c3ccccc3)cc2)cc1,4.3,IC50,False,489.64400000000023,5,3,3.191320000000002,<rdkit.DataStructs.cDataStructs.ExplicitBitVect object at 0x117b1c040>,32
CN(CCOc1ccc(CC2SC(=O)NC2=O)cc1)c1ccccn1,7.17,IC50,True,357.435,6,1,2.490900000000001,<rdkit.DataStructs.cDataStructs.ExplicitBitVect object at 0x117b1c0b0>,25
CCc1ccc(C(=O)COc2ccc(CC3SC(=O)NC3=O)cc2)cc1,5.07,IC50,False,369.44200000000006,5,1,3.4048000000000016,<rdkit.DataStructs.cDataStructs.ExplicitBitVect object at 0x117b1c120>,26
CCCc1cc(Oc2ccccc2)ccc1OCCCOc1cccc(C2SC(=O)NC2=O)c1,7.24,IC50,True,477.58200000000016,6,1,6.303400000000005,<rdkit.DataStructs.cDataStructs.ExplicitBitVect object at 0x117b1c190>,34
CCCCC/C(=C\CCCCCCCCCCC(=O)O)[N+](=O)[O-],6.72,IC50,True,327.465,3,1,5.712900000000005,<rdkit.DataStructs.cDataStructs.ExplicitBitVect object at 0x117b1c200>,23
CCc1ccc(CCOc2ccc(CC3SC(=O)NC3=O)cc2)nc1,5.75,IC50,True,356.44700000000006,5,1,3.159600000000001,<rdkit.DataStructs.cDataStructs.ExplicitBitVect object at 0x117b1c270>,25
CCCc1cc(Oc2ccc(C(C)(C)C)cc2)ccc1OCCCOc1cccc(C2SC(=O)NC2=O)c1,6.47,IC50,True,533.6900000000003,6,1,7.600900000000007,<rdkit.DataStructs.cDataStructs.ExplicitBitVect object at 0x117b1c2e0>,38
CN(CCOc1ccc(CC2SC(=O)NC2=O)cc1)c1ccccn1,6.95,IC50,True,357.435,6,1,2.490900000000001,<rdkit.DataStructs.cDataStructs.ExplicitBitVect object at 0x117b1c350>,25
O=C(O)c1ccc(-c2nn(C(=O)c3c(Cl)cccc3C(F)(F)F)c3ccccc23)cc1,6.89,IC50,True,444.79600000000005,4,1,5.762200000000003,<rdkit.DataStructs.cDataStructs.ExplicitBitVect object at 0x117b1c3c0>,31
CCc1cc(OCC[C@@H](C)Oc2ccc(Cl)cc2Oc2ccccc2)ccc1CCC(=O)O,7.72,IC50,True,468.97700000000026,4,1,6.948300000000007,<rdkit.DataStructs.cDataStructs.ExplicitBitVect object at 0x117b1c430>,33
CCC(NC(=O)c1ccc2c(c1)c(C)c(C)n2Cc1ccc(-c2ccccc2C(=O)O)cc1)c1ccccc1,9.43,IC50,True,516.6410000000002,3,2,7.552740000000007,<rdkit.DataStructs.cDataStructs.ExplicitBitVect object at 0x117b1c4a0>,39
Cc1cccc(CNC(=O)c2ccc3c(c2)c(C)c(C)n3Cc2ccc(-c3ccccc3C(=O)O)cc2)c1,8.3,IC50,True,502.61400000000026,3,2,6.910060000000007,<rdkit.DataStructs.cDataStructs.ExplicitBitVect object at 0x117b1c510>,38
Cc1c(C)n(Cc2ccc(-c3ccccc3)cc2)c2ccc(C(=O)N[C@@H](C)c3ccc(C(C)(C)C)cc3)cc12,8.3,IC50,True,514.7130000000003,2,1,8.761940000000003,<rdkit.DataStructs.cDataStructs.ExplicitBitVect object at 0x117b1c580>,39
CCC(NC(=O)c1ccc2c(c1)cc(C)n2Cc1ccc(-c2ccccc2C(=O)O)cc1)c1ccccc1,8.7,IC50,True,502.61400000000015,3,2,7.244320000000007,<rdkit.DataStructs.cDataStructs.ExplicitBitVect object at 0x117b1c5f0>,38
CN(CCOc1ccc(CC2SC(=O)NC2=O)cc1)c1ccccn1,7.12,IC50,True,357.435,6,1,2.490900000000001,<rdkit.DataStructs.cDataStructs.ExplicitBitVect object at 0x117b1c660>,25
CCCc1c(OCCCSc2ccc(CC(=O)O)cc2Cl)ccc2c(C(F)(F)F)noc12,6.85,IC50,True,487.92700000000013,5,1,6.640800000000004,<rdkit.DataStructs.cDataStructs.ExplicitBitVect object at 0x117b1c6d0>,32
O=C1NC(=O)C(Cc2ccc(OCC(=O)c3ccccc3)cc2)S1,4.93,IC50,False,341.388,5,1,2.8424000000000014,<rdkit.DataStructs.cDataStructs.ExplicitBitVect object at 0x117b1c740>,24
COc1cc(C[C@H](OC)C(=O)O)ccc1OCCCOc1ccc(Oc2ccccc2)cc1,7.89,IC50,True,452.50300000000016,6,1,4.9775000000000045,<rdkit.DataStructs.cDataStructs.ExplicitBitVect object at 0x117b1c7b0>,33
Cc1c(C)n(Cc2ccc(C3(C(=O)O)CC3)cc2)c2ccc(C(=O)N[C@@H](C)c3cccc(C(C)C)c3)cc12,7.36,IC50,True,508.6620000000002,3,2,7.037040000000007,<rdkit.DataStructs.cDataStructs.ExplicitBitVect object at 0x117b1c820>,38
Cc1c(C)n(Cc2cccc(OC(C)(C)C(=O)O)c2)c2ccc(C(=O)N[C@@H](C)c3ccc(C(C)(C)C)cc3)cc12,6.49,IC50,True,540.7040000000003,4,2,7.336940000000007,<rdkit.DataStructs.cDataStructs.ExplicitBitVect object at 0x117b1c890>,40
CCCc1c(OCCCOc2cccc3c2ccn3CCC(=O)O)ccc2c(C(F)(F)F)noc12,5.96,IC50,True,490.47800000000024,6,1,6.076400000000004,<rdkit.DataStructs.cDataStructs.ExplicitBitVect object at 0x117b1c900>,35
CCCc1c(OCCCOc2ccc3c(ccn3CC(=O)O)c2)ccc2c(-c3ccccc3)noc12,6.92,IC50,True,484.55200000000025,6,1,6.334500000000006,<rdkit.DataStructs.cDataStructs.ExplicitBitVect object at 0x117b1c970>,36
CCCc1c(OCCCOc2cccc3c2ccn3CC(=O)O)ccc2cc(-c3ccccc3)oc12,5.71,IC50,True,483.56400000000025,5,1,6.939500000000006,<rdkit.DataStructs.cDataStructs.ExplicitBitVect object at 0x117b1c9e0>,36
COc1ccc(OS(=O)(=O)/C=C/c2ccccc2)cc1,5.89,IC50,True,290.34000000000003,4,0,3.0747000000000018,<rdkit.DataStructs.cDataStructs.ExplicitBitVect object at 0x117b1ca50>,20
CC(=O)Nc1ccc(OS(=O)(=O)/C=C/c2ccccc2)cc1,4.97,IC50,False,317.366,4,1,3.0245000000000015,<rdkit.DataStructs.cDataStructs.ExplicitBitVect object at 0x117b1cac0>,22
COc1cccc(Cn2c(C(=O)NS(=O)(=O)c3cccc(C(F)(F)F)c3)cc3ccccc32)c1,6.85,IC50,True,488.4870000000001,5,1,4.835700000000004,<rdkit.DataStructs.cDataStructs.ExplicitBitVect object at 0x117b1cb30>,34
Cc1c(C)n(Cc2ccc(-c3ccccc3C(=O)O)cc2)c2ccc(C(=O)NCc3cccc(OCC(=O)O)c3)cc12,7.18,IC50,True,562.6220000000003,5,3,6.065040000000006,<rdkit.DataStructs.cDataStructs.ExplicitBitVect object at 0x117b1cba0>,42
O=C(Nc1ccc(Cl)cc1C(=O)O)c1cccc(S(=O)(=O)N2CCc3ccc(F)cc3C2)c1,5.5,IC50,True,488.92400000000026,4,2,4.176600000000002,<rdkit.DataStructs.cDataStructs.ExplicitBitVect object at 0x117b1cc10>,33
Cc1c(Oc2ccc(Cl)cc2)c2ccc(Cl)nc2n1Cc1ccc(Cl)c(O[C@@H](C)C(=O)O)c1,8.52,IC50,True,505.7850000000003,5,1,6.997420000000006,<rdkit.DataStructs.cDataStructs.ExplicitBitVect object at 0x117b1cc80>,33
COc1ccc(C(=O)c2c(C)n(Cc3cc(O[C@@H](C)C(=O)O)ccc3F)c3nc(C)ccc23)cc1,8.4,IC50,True,476.50400000000013,6,1,4.932040000000004,<rdkit.DataStructs.cDataStructs.ExplicitBitVect object at 0x117b1ccf0>,35
COc1ccc(OC(=O)N(CC(=O)O)Cc2ccc(OCCc3nc(-c4ccccc4)oc3C)cc2)cc1,6.72,IC50,True,516.5500000000003,7,1,5.365720000000005,<rdkit.DataStructs.cDataStructs.ExplicitBitVect object at 0x117b1cd60>,38
CCCCCC/C(=C\CCCCCCCC(=O)O)[N+](=O)[O-],6.2,IC50,True,299.41099999999994,3,1,4.932700000000004,<rdkit.DataStructs.cDataStructs.ExplicitBitVect object at 0x117b1cdd0>,21
CN(CCOc1ccc(CC2SC(=O)NC2=O)cc1)c1ccccn1,6.7,IC50,True,357.435,6,1,2.490900000000001,<rdkit.DataStructs.cDataStructs.ExplicitBitVect object at 0x117b1ce40>,25
CCCc1cc(Oc2ccc(Cl)c(Cl)c2)ccc1OCCCOc1cccc(C2SC(=O)NC2=O)c1,7.19,IC50,True,546.4720000000003,6,1,7.610200000000006,<rdkit.DataStructs.cDataStructs.ExplicitBitVect object at 0x117b1ceb0>,36
Cc1oc(-c2ccccc2)nc1CCCc1ccc(C[C@H](C(=O)O)n2ccnn2)cc1,4.85,IC50,False,416.48100000000005,6,1,4.285220000000002,<rdkit.DataStructs.cDataStructs.ExplicitBitVect object at 0x117b1cf20>,31
CCc1ccc(O[C@H](C)CCOc2ccc(CCC(=O)O)c(C)c2)c(Oc2ccccc2)c1,8.22,IC50,True,448.55900000000014,4,1,6.603320000000007,<rdkit.DataStructs.cDataStructs.ExplicitBitVect object at 0x117b1cf90>,33
CCCc1cc(C(=O)c2ccccc2)ccc1OCCCOc1cccc(C2SC(=O)NC2=O)c1,7.72,IC50,True,489.59300000000025,6,1,5.742100000000005,<rdkit.DataStructs.cDataStructs.ExplicitBitVect object at 0x117b1d000>,35
O=C(O)c1ccc(NCc2c(-c3c(Cl)cccc3C(F)(F)F)noc2-c2cc[nH]c2)cc1,4.09,IC50,False,461.8270000000001,4,3,6.319200000000003,<rdkit.DataStructs.cDataStructs.ExplicitBitVect object at 0x117b1d070>,32
Cc1c(C)n(Cc2ccc(-c3ccccc3C(=O)O)cc2)c2ccc(C(=O)N[C@@H](C)c3ccc([N+](=O)[O-])cc3)cc12,7.1,IC50,True,547.6110000000002,5,2,7.070840000000007,<rdkit.DataStructs.cDataStructs.ExplicitBitVect object at 0x117b1d0e0>,41
Cc1cc(Oc2cccc(CNC(=O)c3ccc(C(F)(F)F)cc3)c2)ccc1OC(C)(C)C(=O)O,7.75,IC50,True,487.47400000000016,4,2,5.978120000000005,<rdkit.DataStructs.cDataStructs.ExplicitBitVect object at 0x117b1d150>,35
O=C(NC1CCCCC1)NS(=O)(=O)c1ccc(CCNS(=O)(=O)c2ccccc2)cc1,4.9,IC50,False,465.5970000000002,5,3,2.5282,<rdkit.DataStructs.cDataStructs.ExplicitBitVect object at 0x117b1d1c0>,31
Cc1nc2ccccc2n(CC(=O)Nc2ccc(S(=O)(=O)NC(=S)NC3CCCCC3)cc2)c1=O,5.4,IC50,False,513.6450000000002,7,3,2.8291200000000014,<rdkit.DataStructs.cDataStructs.ExplicitBitVect object at 0x117b1d230>,35
CCN(CC)c1ccc(CN(CC(=O)c2ccc(Cl)c(Cl)c2)Cc2ccccc2)cc1,5.35,IC50,False,455.42900000000014,3,0,6.724700000000007,<rdkit.DataStructs.cDataStructs.ExplicitBitVect object at 0x117b1d2a0>,31
Cc1c(C)n(Cc2cc(O[C@@H](C)C(=O)O)ccc2Cl)c2ccc(C(=O)N[C@@H](C)c3cccc(C4CC4)c3)cc12,9.22,IC50,True,545.0790000000003,4,2,7.180140000000006,<rdkit.DataStructs.cDataStructs.ExplicitBitVect object at 0x117b1d310>,39
Cc1c(C)n(Cc2cc(O[C@@H](C)C(=O)O)ccc2Cl)c2ccc(C(=O)N[C@@H](C)c3cccc(C(C)(C)C)c3)cc12,8.8,IC50,True,561.1220000000003,4,2,7.600240000000007,<rdkit.DataStructs.cDataStructs.ExplicitBitVect object at 0x117b1d380>,40
O=C(NCc1cccs1)c1ccc2c(ccn2Cc2ccc(F)cc2F)c1,8.15,IC50,True,382.43500000000006,3,1,4.9593000000000025,<rdkit.DataStructs.cDataStructs.ExplicitBitVect object at 0x117b1d3f0>,27
CCC(NC(=O)c1ccc2c(c1)c(C)c(C)n2Cc1ccc(Cl)cc1)c1ccccc1,7.54,IC50,True,430.979,2,1,6.840940000000006,<rdkit.DataStructs.cDataStructs.ExplicitBitVect object at 0x117b1d460>,31
Cc1c(C)n(Cc2ccc(-c3ccccc3C(=O)O)cc2)c2ccc(C(=O)N[C@H]3CCN(C(=O)OCc4ccccc4)C3)cc12,6.27,IC50,True,601.7030000000003,5,2,6.8125400000000065,<rdkit.DataStructs.cDataStructs.ExplicitBitVect object at 0x117b1d4d0>,45
Cc1c(C)n(Cc2ccc(-c3ccccc3)cc2)c2ccc(C(=O)N[C@@H](C)c3cccc(Cl)c3F)cc12,7.75,IC50,True,511.04000000000025,2,1,8.256940000000004,<rdkit.DataStructs.cDataStructs.ExplicitBitVect object at 0x117b1d540>,37
Cc1c(C)n(Cc2ccc(-c3ccccc3-c3n[nH]c(=O)o3)cc2)c2ccc(C(=O)N[C@@H](C)c3cccc(C(C)C)c3)cc12,8.15,IC50,True,584.7200000000003,5,2,7.931140000000007,<rdkit.DataStructs.cDataStructs.ExplicitBitVect object at 0x117b1d5b0>,44
COC1Oc2cc(O)c3c(c2C(=O)N1C(=O)NCc1ccco1)OC1=CC(O)=C(C(C)=O)C(=O)[C@]13C,4.89,IC50,False,496.4280000000003,10,3,2.1774000000000004,<rdkit.DataStructs.cDataStructs.ExplicitBitVect object at 0x117b1d620>,36
COC1Oc2cc(O)c3c(c2C(=O)N1C(=O)NCc1cccc2ccccc12)OC1=CC(O)=C(C(C)=O)C(=O)[C@]13C,6.21,IC50,True,556.5270000000002,9,3,3.7376000000000023,<rdkit.DataStructs.cDataStructs.ExplicitBitVect object at 0x117b1d690>,41
Cc1oc(-c2ccc(Cl)cc2)nc1COc1cccc(CN(CC(=O)O)C(=O)OCC2CC2)c1,5.27,IC50,False,484.9360000000003,6,1,5.315620000000006,<rdkit.DataStructs.cDataStructs.ExplicitBitVect object at 0x117b1d700>,34
O=C(O)c1ccc(-c2nc(C(=O)c3c(Cl)cccc3C(F)(F)F)n3ccccc23)cc1O,6.19,IC50,True,460.7950000000001,5,2,5.308300000000004,<rdkit.DataStructs.cDataStructs.ExplicitBitVect object at 0x117b1d770>,32
N#Cc1cncc(Oc2c(Cl)cc(NS(=O)(=O)c3ccc(Cl)cc3Cl)cc2Cl)c1,7.57,IC50,True,489.16700000000014,5,1,6.159980000000001,<rdkit.DataStructs.cDataStructs.ExplicitBitVect object at 0x117b1d7e0>,29
Cc1c(C)n(Cc2ccc(-c3ccccc3C(=O)O)cc2)c2ccc(C(=O)N[C@@H](C)c3ccc([N+](=O)[O-])cc3)cc12,6.24,IC50,True,547.6110000000002,5,2,7.070840000000007,<rdkit.DataStructs.cDataStructs.ExplicitBitVect object at 0x117b1d850>,41
CCC(NC(=O)c1ccc2c(ccn2Cc2cccc(-c3ccc(C(=O)O)cc3)c2)c1)c1ccccc1,8.7,IC50,True,488.58700000000016,3,2,6.935900000000006,<rdkit.DataStructs.cDataStructs.ExplicitBitVect object at 0x117b1d8c0>,37
COc1cc(OC)cc([C@H](C)NC(=O)c2ccc3c(c2)c(C)c(C)n3Cc2ccc(-c3ccccc3)cc2)c1,7.7,IC50,True,518.6570000000003,4,1,7.481640000000008,<rdkit.DataStructs.cDataStructs.ExplicitBitVect object at 0x117b1d930>,39
Cc1c(C)n(Cc2ccc(-c3ccccc3)cc2)c2ccc(C(=O)N[C@@H](C)c3ccc(F)cc3F)cc12,8.3,IC50,True,494.5850000000002,2,1,7.742640000000006,<rdkit.DataStructs.cDataStructs.ExplicitBitVect object at 0x117b1d9a0>,37
Cc1c(C)n(Cc2ccc(-c3ccccc3)cc2)c2ccc(C(=O)N[C@@H](C)c3ccc(OC(F)(F)F)cc3)cc12,7.55,IC50,True,542.6010000000002,3,1,8.363040000000003,<rdkit.DataStructs.cDataStructs.ExplicitBitVect object at 0x117b1da10>,40
Cc1c(C)n(Cc2ccc(-c3ccccc3C(=O)O)cc2)c2ccc(C(=O)NCc3ccc(N(C)C)cc3)cc12,7.89,IC50,True,531.6560000000003,4,2,6.667640000000007,<rdkit.DataStructs.cDataStructs.ExplicitBitVect object at 0x117b1da80>,40
C[C@H](NC(=O)c1ccc2c(ccn2Cc2ccc(-c3ccccc3C(=O)O)cc2)c1)c1ccc([N+](=O)[O-])cc1,6.19,IC50,True,519.5570000000002,5,2,6.454000000000006,<rdkit.DataStructs.cDataStructs.ExplicitBitVect object at 0x117b1daf0>,39
COc1cccc(CNC(=O)c2ccc3c(c2)c(C)c(C)n3Cc2ccc(-c3ccccc3C(=O)O)cc2)c1,8.4,IC50,True,518.6130000000003,4,2,6.610240000000007,<rdkit.DataStructs.cDataStructs.ExplicitBitVect object at 0x117b1db60>,39
Cc1cn(Cc2ccc(-c3ccccc3C(=O)O)cc2)c2ccc(C(=O)N[C@@H](C)c3ccc([N+](=O)[O-])cc3)cc12,6.9,IC50,True,533.5840000000003,5,2,6.762420000000006,<rdkit.DataStructs.cDataStructs.ExplicitBitVect object at 0x117b1dbd0>,40
Cc1cc(SCc2sc(-c3ccc(C(F)(F)F)cc3)nc2C)ccc1OCC(=O)O,5.2,IC50,False,453.5070000000002,5,1,6.201440000000006,<rdkit.DataStructs.cDataStructs.ExplicitBitVect object at 0x117b1dc40>,30
Cc1oc(-c2ccccc2)nc1CCOc1ccc(OC(C)(Cc2ccccc2)C(=O)O)cc1,6.31,IC50,True,457.5260000000002,5,1,5.736320000000005,<rdkit.DataStructs.cDataStructs.ExplicitBitVect object at 0x117b1dcb0>,34
COc1cc(C(F)(F)F)ccc1[C@H](C)NC(=O)c1ccc2c(c1)c(C)c(C)n2Cc1ccc(-c2ccccc2C(=O)O)cc1,7.14,IC50,True,600.6370000000004,4,2,8.190040000000007,<rdkit.DataStructs.cDataStructs.ExplicitBitVect object at 0x117b1dd20>,44
CC1CCC(NC(=O)NS(=O)(=O)c2ccc(CCNS(=O)(=O)c3ccc(Br)cc3)cc2)CC1,5.8,IC50,True,558.52,5,3,3.5367000000000024,<rdkit.DataStructs.cDataStructs.ExplicitBitVect object at 0x117b1dd90>,33
CS(=O)(=O)Cc1ccc(CNC(=O)c2ccc3c(ccn3S(=O)(=O)c3cccc(F)c3)c2)c(C(F)(F)F)c1,6.08,IC50,True,568.5700000000003,6,1,4.510800000000003,<rdkit.DataStructs.cDataStructs.ExplicitBitVect object at 0x117b1de00>,38
Cc1oc(-c2ccccc2)nc1CCCc1ccc(C[C@@H](C(=O)O)n2nccn2)cc1,8.52,IC50,True,416.48100000000005,6,1,4.285220000000002,<rdkit.DataStructs.cDataStructs.ExplicitBitVect object at 0x117b1de70>,31
CCCCNC(=O)NS(=O)(=O)c1ccc(NC(=O)CN2CC(=O)Nc3ccccc32)cc1,5.89,IC50,True,459.52800000000025,6,4,1.8718,<rdkit.DataStructs.cDataStructs.ExplicitBitVect object at 0x117b1dee0>,32
CN(CCOc1ccc(CC2SC(=O)NC2=O)cc1)c1ccccn1,6.57,IC50,True,357.435,6,1,2.490900000000001,<rdkit.DataStructs.cDataStructs.ExplicitBitVect object at 0x117b1df50>,25
C[C@@H]1CN(c2cc(-c3n[nH]c4ccc(OC5(C)CC5)cc34)ncn2)C[C@H](C)O1,5.19,IC50,False,379.46400000000006,6,1,3.5648000000000026,<rdkit.DataStructs.cDataStructs.ExplicitBitVect object at 0x117b1dfc0>,28
COc1ccc([C@H](C)NC(=O)c2ccc3c(c2)c(C)c(C)n3Cc2ccc(-c3ccccc3C(=O)O)cc2)cc1,9.05,IC50,True,532.6400000000003,4,2,7.171240000000007,<rdkit.DataStructs.cDataStructs.ExplicitBitVect object at 0x117b1e030>,40
CCCc1cc(OC2CCCCC2)ccc1OCCCOc1cccc([C@@H]2SC(=O)NC2=O)c1,7.43,IC50,True,483.63000000000017,6,1,6.222600000000006,<rdkit.DataStructs.cDataStructs.ExplicitBitVect object at 0x117b1e0a0>,34
CCCc1cc(Oc2ccc(C(C)(C)C)cc2)ccc1OCCCOc1cccc([C@H]2SC(=O)NC2=O)c1,6.47,IC50,True,533.6900000000003,6,1,7.600900000000007,<rdkit.DataStructs.cDataStructs.ExplicitBitVect object at 0x117b1e110>,38
CN(CCOc1ccc(C[C@@H]2SC(=O)NC2=O)cc1)c1ccccn1,6.68,IC50,True,357.435,6,1,2.490900000000001,<rdkit.DataStructs.cDataStructs.ExplicitBitVect object at 0x117b1e180>,25
CCCc1cc(CC2CCCCC2)ccc1OCCCOc1cccc([C@H]2SC(=O)NC2=O)c1,7.23,IC50,True,481.6580000000002,5,1,6.633900000000007,<rdkit.DataStructs.cDataStructs.ExplicitBitVect object at 0x117b1e1f0>,34
CCCc1cc(Oc2ccc(Cl)c(C)c2)ccc1OCCCOc1cccc([C@@H]2SC(=O)NC2=O)c1,7.25,IC50,True,526.0540000000003,6,1,7.265220000000006,<rdkit.DataStructs.cDataStructs.ExplicitBitVect object at 0x117b1e260>,36
CCCc1cc(Oc2ccccc2)ccc1OCCCOc1ccc(C2SC(=O)NC2=O)cc1OC,6.0,IC50,True,507.60800000000023,7,1,6.312000000000006,<rdkit.DataStructs.cDataStructs.ExplicitBitVect object at 0x117b1e2d0>,36
Cc1oc(-c2ccccc2)nc1CCOc1ccc(C[C@](C)(Oc2ccccc2)C(=O)O)cc1,7.85,IC50,True,457.5260000000002,5,1,5.736320000000005,<rdkit.DataStructs.cDataStructs.ExplicitBitVect object at 0x117b1e340>,34
CCCc1c(OCCCSc2ccc(CC(=O)O)cc2Cl)ccc2c(-c3ccccc3)coc12,7.03,IC50,True,495.0400000000002,4,1,7.894000000000006,<rdkit.DataStructs.cDataStructs.ExplicitBitVect object at 0x117b1e3b0>,34
Cc1c(C)n(Cc2ccc(-c3ccccc3C(=O)O)cc2)c2ccc(C(=O)N[C@@H](C)c3ccc(S(C)(=O)=O)cc3)cc12,6.2,IC50,True,580.7060000000002,5,2,6.566140000000007,<rdkit.DataStructs.cDataStructs.ExplicitBitVect object at 0x117b1e420>,42
Cc1c(C)n(Cc2ccc(-c3ccccc3C(=O)O)cc2)c2ccc(C(=O)N[C@@H](C)c3ccc(Cl)nc3)cc12,6.84,IC50,True,538.0470000000003,4,2,7.211040000000006,<rdkit.DataStructs.cDataStructs.ExplicitBitVect object at 0x117b1e490>,39
Cc1c(C)n(Cc2ccc(-c3ccccc3C(=O)O)cc2)c2ccc(C(=O)N[C@H](C)c3ccnc(C4CC4)c3)cc12,7.82,IC50,True,543.6670000000003,4,2,7.435040000000007,<rdkit.DataStructs.cDataStructs.ExplicitBitVect object at 0x117b1e500>,41
Cc1c(C)n(Cc2ccc(-c3ccccc3C(=O)O)cc2)c2ccc(C(=O)NC(C)c3cncc(Br)c3)cc12,8.1,IC50,True,582.4980000000002,4,2,7.3201400000000065,<rdkit.DataStructs.cDataStructs.ExplicitBitVect object at 0x117b1e570>,39
O=C(NCc1ccccc1)c1ccc(Cl)c(C(=O)Nc2ccccc2)c1,5.95,IC50,True,364.83200000000005,2,2,4.522300000000003,<rdkit.DataStructs.cDataStructs.ExplicitBitVect object at 0x117b1e5e0>,26
COCCOCc1cc(F)ccc1CNC(=O)c1cc(C(=O)Nc2ccc(C(F)(F)F)cc2C)c(Cl)cc1F,8.13,IC50,True,570.9420000000002,4,2,6.290720000000004,<rdkit.DataStructs.cDataStructs.ExplicitBitVect object at 0x117b1e650>,39
O=C(NCc1ccc(F)c(F)c1)c1cc(C(=O)Nc2ccccn2)c(Cl)cc1F,7.27,IC50,True,419.7900000000001,3,2,4.334600000000002,<rdkit.DataStructs.cDataStructs.ExplicitBitVect object at 0x117b1e6c0>,29
Cc1cc(N2CCOCC2)cnc1NC(=O)c1cc(C(=O)NCc2ccc(F)c(F)c2)c(F)cc1Cl,8.08,IC50,True,518.9230000000002,5,2,4.479620000000003,<rdkit.DataStructs.cDataStructs.ExplicitBitVect object at 0x117b1e730>,36
CC(C)(c1ccc(OCC2CO2)cc1)c1ccc(OCC2CO2)cc1,4.0,IC50,False,340.4190000000001,4,0,3.567700000000002,<rdkit.DataStructs.cDataStructs.ExplicitBitVect object at 0x117b1e7a0>,25
Cc1cc(SCc2sc(-c3ccc(C(F)(F)F)cc3)nc2C)ccc1OCC(=O)O,5.2,IC50,False,453.5070000000002,5,1,6.201440000000006,<rdkit.DataStructs.cDataStructs.ExplicitBitVect object at 0x117b1e810>,30
CN(CCOc1ccc(CC2SC(=O)NC2=O)cc1)c1ccccn1,7.32,IC50,True,357.435,6,1,2.490900000000001,<rdkit.DataStructs.cDataStructs.ExplicitBitVect object at 0x117b1e880>,25
CC(C)(C)c1ccc(-n2c(C(=O)O)c(Oc3cccc(-c4cc(C(F)(F)F)c[nH]4)c3)c3ccc(Cl)nc32)cc1,7.24,IC50,True,553.9680000000001,4,2,8.480800000000002,<rdkit.DataStructs.cDataStructs.ExplicitBitVect object at 0x117b1e8f0>,39
Cc1ccc(NC(=O)c2cccc(S(=O)(=O)n3ccc4cc(C)ccc43)c2)c(C(=O)O)c1,5.6,IC50,True,448.5000000000002,5,2,4.445640000000003,<rdkit.DataStructs.cDataStructs.ExplicitBitVect object at 0x117b1e960>,32
O=C(O)Cn1ccc2ccc(OCCCOc3ccc(C(=O)c4ccc(F)cc4)cc3)cc21,5.68,IC50,True,447.4620000000001,5,1,4.943900000000005,<rdkit.DataStructs.cDataStructs.ExplicitBitVect object at 0x117b1e9d0>,33
O=C(O)Cn1ccc2ccc(OCCCOc3ccc4cc(C(=O)c5ccccc5)ccc4c3)cc21,5.8,IC50,True,479.53200000000015,5,1,5.9580000000000055,<rdkit.DataStructs.cDataStructs.ExplicitBitVect object at 0x117b1ea40>,36
O=C(O)Cn1ccc2cc(OCCCOc3ccc4cc(C(=O)c5ccccc5)ccc4c3)ccc21,6.2,IC50,True,479.53200000000015,5,1,5.9580000000000055,<rdkit.DataStructs.cDataStructs.ExplicitBitVect object at 0x117b1eab0>,36
CCCc1c(OCCCSc2ccc(CC(=O)O)cc2Cl)ccc2c(C(F)(F)F)noc12,6.71,IC50,True,487.92700000000013,5,1,6.640800000000004,<rdkit.DataStructs.cDataStructs.ExplicitBitVect object at 0x117b1eb20>,32
CCCc1c(OCCCOc2ccc3c(ccn3CC(=O)O)c2)ccc2c(C(F)(F)F)noc12,6.82,IC50,True,476.4510000000002,6,1,5.686300000000004,<rdkit.DataStructs.cDataStructs.ExplicitBitVect object at 0x117b1eb90>,34
CN(CCOc1ccc(CC2SC(=O)NC2=O)cc1)c1ccccn1,7.12,IC50,True,357.435,6,1,2.490900000000001,<rdkit.DataStructs.cDataStructs.ExplicitBitVect object at 0x117b1ec00>,25
COc1cc2c(cc1CC=C(C)C)C(=O)C[C@@H](c1ccc(O)cc1)O2,6.21,IC50,True,338.403,4,1,4.616000000000005,<rdkit.DataStructs.cDataStructs.ExplicitBitVect object at 0x117b1ec70>,25
Cc1cncc(-c2nc3cc(NC(=O)c4cc([N+](=O)[O-])ccc4Cl)ccc3o2)c1,9.8,IC50,True,408.8010000000001,6,1,5.012120000000003,<rdkit.DataStructs.cDataStructs.ExplicitBitVect object at 0x117b1ece0>,29
CCc1ccc(-c2nc3cc(NC(=O)c4cc([N+](=O)[O-])ccc4F)ccc3o2)cc1,8.4,IC50,True,405.3850000000001,5,1,5.356800000000003,<rdkit.DataStructs.cDataStructs.ExplicitBitVect object at 0x117b1ed50>,30
CCc1ccc(-c2nc3cc(NC(=O)c4cc([N+](=O)[O-])ccc4Br)ccc3o2)cc1,9.66,IC50,True,466.2910000000001,5,1,5.9802000000000035,<rdkit.DataStructs.cDataStructs.ExplicitBitVect object at 0x117b1edc0>,30
CCc1ccc(O[C@H](C)CCOc2ccc(CCC(=O)O)c(C)c2)c(-c2cscn2)c1,6.46,IC50,True,439.5770000000001,5,1,5.934520000000006,<rdkit.DataStructs.cDataStructs.ExplicitBitVect object at 0x117b1ee30>,31
CC(C)(Oc1ccc(OCCCOc2ccc(Oc3ccc(F)cc3)cc2Cl)cc1)C(=O)O,6.01,IC50,True,474.91200000000003,5,1,6.361300000000005,<rdkit.DataStructs.cDataStructs.ExplicitBitVect object at 0x117b1eea0>,33
CC(C)Cc1ccc(OCCCOc2ccc3c(c2)O[C@@](C)(C(=O)O)CC3)c(Cl)c1,5.52,IC50,True,432.9440000000002,4,1,5.554700000000006,<rdkit.DataStructs.cDataStructs.ExplicitBitVect object at 0x117b1ef10>,30
CC[C@]1(C(=O)O)CCc2ccc(OCCCOc3ccc(OC(F)(F)F)cc3Cl)cc2O1,5.58,IC50,True,474.8590000000001,5,1,5.644900000000005,<rdkit.DataStructs.cDataStructs.ExplicitBitVect object at 0x117b1ef80>,32
COc1ccc2c(ccn2S(=O)(=O)c2cccc(C(=O)Nc3ccc(C)cc3C(=O)O)c2)c1,5.0,IC50,False,464.4990000000002,6,2,4.145820000000002,<rdkit.DataStructs.cDataStructs.ExplicitBitVect object at 0x117b1eff0>,33
COc1cccc2c1ccn2S(=O)(=O)c1cccc(C(=O)Nc2ccc(C)cc2C(=O)O)c1,5.8,IC50,True,464.4990000000002,6,2,4.145820000000002,<rdkit.DataStructs.cDataStructs.ExplicitBitVect object at 0x117b1f060>,33
COc1ccc(CC2SC(=O)NC2=O)cc1C(=O)NCc1ccc(C(F)(F)F)cc1,6.33,IC50,True,438.4270000000001,5,2,3.538100000000002,<rdkit.DataStructs.cDataStructs.ExplicitBitVect object at 0x117b1f0d0>,30
O=C(NCc1ccc(F)c(F)c1)c1ccc(Cl)c(C(=O)Nc2ccccc2)c1,5.13,IC50,False,400.81200000000007,2,2,4.800500000000003,<rdkit.DataStructs.cDataStructs.ExplicitBitVect object at 0x117b1f140>,28
Cc1oc(-c2ccccc2)nc1CCOc1ccc(C[C@@H]2CN(C(=O)Oc3ccccc3)C[C@@H]2C(=O)O)cc1,7.1,IC50,True,526.5890000000003,6,1,5.6456200000000045,<rdkit.DataStructs.cDataStructs.ExplicitBitVect object at 0x117b1f1b0>,39
Cc1nc2ccccc2n(CC(=O)Nc2ccc(S(=O)(=O)NC(=O)NC3CCCCC3)cc2)c1=O,5.4,IC50,False,497.5770000000003,7,3,2.6642200000000003,<rdkit.DataStructs.cDataStructs.ExplicitBitVect object at 0x117b1f220>,35
O=S(=O)(Nc1ccc(Oc2ccc3ccccc3c2)c(Cl)c1)c1ccc(Cl)cc1Cl,6.32,IC50,True,478.7840000000001,3,1,7.393100000000003,<rdkit.DataStructs.cDataStructs.ExplicitBitVect object at 0x117b1f290>,30
CCCCCCCCCCCC(=O)O,4.52,IC50,False,200.32199999999997,1,1,3.991900000000002,<rdkit.DataStructs.cDataStructs.ExplicitBitVect object at 0x117b1f300>,14
CC/C=C\C/C=C\C/C=C\CCCCCCCC(=O)O,5.22,IC50,False,278.4359999999999,1,1,5.660500000000005,<rdkit.DataStructs.cDataStructs.ExplicitBitVect object at 0x117b1f370>,20
O=S(=O)(Nc1cc(Cl)c(Oc2cnc3ccccc3c2)c(Cl)c1)c1ccc(Cl)cc1Cl,7.77,IC50,True,514.2170000000001,4,1,7.441500000000001,<rdkit.DataStructs.cDataStructs.ExplicitBitVect object at 0x117b1f3e0>,31
Cc1c(C)n(Cc2ccc(-c3ccccc3)cc2)c2ccc(C(=O)N[C@@H](C)c3ccncc3Cl)cc12,7.39,IC50,True,494.0380000000002,3,1,7.512840000000006,<rdkit.DataStructs.cDataStructs.ExplicitBitVect object at 0x117b1f450>,36
Cc1c(C)n(Cc2ccc(-c3ccccc3C(=O)O)cc2)c2ccc(C(=O)N[C@@H](C)c3ccc(OC(C)C)cc3)cc12,7.47,IC50,True,560.6940000000003,4,2,7.949840000000008,<rdkit.DataStructs.cDataStructs.ExplicitBitVect object at 0x117b1f4c0>,42
Cc1cccc([C@H](C)NC(=O)c2ccc3c(c2)c(C)c(C)n3Cc2ccc(-c3ccccc3C(=O)O)cc2)c1,7.96,IC50,True,516.6410000000003,3,2,7.471060000000008,<rdkit.DataStructs.cDataStructs.ExplicitBitVect object at 0x117b1f530>,39
Cc1oc(-c2ccccc2)nc1CCOc1ccc(C[C@H](Nc2ccccc2C(=O)c2ccccc2)C(=O)O)cc1,7.6,IC50,True,546.6230000000003,6,2,6.610320000000006,<rdkit.DataStructs.cDataStructs.ExplicitBitVect object at 0x117b1f5a0>,41
CN(CCOc1ccc(CC2SC(=O)NC2=O)cc1)c1ccccn1,7.05,IC50,True,357.435,6,1,2.490900000000001,<rdkit.DataStructs.cDataStructs.ExplicitBitVect object at 0x117b1f610>,25
Cc1c(C)n(Cc2ccc(-c3ccccc3C(=O)O)cc2)c2ccc(C(=O)N[C@@H]3COc4ccccc4C3)cc12,7.06,IC50,True,530.6240000000003,4,2,6.405140000000006,<rdkit.DataStructs.cDataStructs.ExplicitBitVect object at 0x117b1f680>,40
Cc1c(C)n(Cc2ccc(-c3ccccc3C#N)cc2)c2ccc(C(=O)N[C@@H](C)c3ccc(OC(C)C)cc3)cc12,6.09,IC50,True,541.6950000000003,4,1,8.123320000000007,<rdkit.DataStructs.cDataStructs.ExplicitBitVect object at 0x117b1f6f0>,41
COc1ccc(COCCN(CCOCc2ccc(OC)cc2)c2ccc(C=C3C(=O)NC(=O)NC3=O)cc2)cc1,4.23,IC50,False,559.6190000000003,8,2,3.693200000000002,<rdkit.DataStructs.cDataStructs.ExplicitBitVect object at 0x117b1f760>,41
CN(CCOc1ccc(CC2SC(=O)NC2=O)cc1)c1ccccn1,7.92,IC50,True,357.435,6,1,2.490900000000001,<rdkit.DataStructs.cDataStructs.ExplicitBitVect object at 0x117b1f7d0>,25
Cc1c(C)n(Cc2cccc(O[C@H](C)C(=O)O)c2)c2ccc(C(=O)N[C@@H](C)c3cccc(C(C)C)c3)cc12,6.26,IC50,True,512.6500000000002,4,2,6.772740000000007,<rdkit.DataStructs.cDataStructs.ExplicitBitVect object at 0x117b1f840>,38
Cc1c(C)n(Cc2cccc(OC(C)(C)C(=O)O)c2)c2ccc(C(=O)N[C@@H](C)c3cccc(C(C)C)c3)cc12,6.97,IC50,True,526.6770000000002,4,2,7.162840000000007,<rdkit.DataStructs.cDataStructs.ExplicitBitVect object at 0x117b1f8b0>,39
Cc1c(C)n(Cc2ccc(O[C@H](C)C(=O)O)cc2)c2ccc(C(=O)N[C@@H](C)c3cccc(C(C)C)c3)cc12,6.97,IC50,True,512.6500000000002,4,2,6.772740000000007,<rdkit.DataStructs.cDataStructs.ExplicitBitVect object at 0x117b1f920>,38
Cc1c(C)n(Cc2ccc(Cl)c(O[C@@H](C)C(=O)O)c2)c2ccc(C(=O)N[C@@H](C)c3ccc(Br)cc3)cc12,9.15,IC50,True,583.9100000000001,4,2,7.0652400000000055,<rdkit.DataStructs.cDataStructs.ExplicitBitVect object at 0x117b1f990>,37
Cc1c(C)n(Cc2ccc(O[C@@H](C)C(=O)O)c(Cl)c2)c2ccc(C(=O)N[C@@H](C)c3cccc(C4CC4)c3)cc12,7.17,IC50,True,545.0790000000003,4,2,7.180140000000006,<rdkit.DataStructs.cDataStructs.ExplicitBitVect object at 0x117b1fa00>,39
Cc1c(C)n(Cc2cccc(O[C@@H](C)C(=O)O)c2)c2ccc(C(=O)N[C@@H](C)c3ccccc3Cl)cc12,7.4,IC50,True,505.0140000000002,4,2,6.302740000000005,<rdkit.DataStructs.cDataStructs.ExplicitBitVect object at 0x117b1fa70>,36
COC(=O)c1ccc(CNC(=O)c2ccc3c(c2)c(C)c(C)n3Cc2ccc(-c3ccccc3C(=O)O)cc2)cc1,8.7,IC50,True,546.6230000000003,5,2,6.388240000000006,<rdkit.DataStructs.cDataStructs.ExplicitBitVect object at 0x117b1fae0>,41
COc1ccc([C@H](C)NC(=O)c2ccc3c(c2)c(C)c(C)n3Cc2ccc(-c3ccccc3C(=O)O)cc2)cc1,9.05,IC50,True,532.6400000000003,4,2,7.171240000000007,<rdkit.DataStructs.cDataStructs.ExplicitBitVect object at 0x117b1fb50>,40
COc1ccc([C@@H](C)NC(=O)c2ccc3c(c2)c(C)c(C)n3Cc2ccc(-c3ccccc3C(=O)O)cc2)cc1,9.3,IC50,True,532.6400000000003,4,2,7.171240000000007,<rdkit.DataStructs.cDataStructs.ExplicitBitVect object at 0x117b1fbc0>,40
Cc1c(C)n(Cc2ccc(-c3ccccc3C(=O)O)cc2)c2ccc(C(=O)NC[C@H](C)c3ccccc3)cc12,7.12,IC50,True,516.6410000000002,3,2,7.205140000000007,<rdkit.DataStructs.cDataStructs.ExplicitBitVect object at 0x117b1fc30>,39
Cc1c(C)n(Cc2ccc(-c3ccccc3C(=O)O)cc2)c2ccc(C(=O)NCc3cccc(N)c3)cc12,7.89,IC50,True,503.60200000000026,4,3,6.183840000000005,<rdkit.DataStructs.cDataStructs.ExplicitBitVect object at 0x117b1fca0>,38
Cc1c(C)n(Cc2ccc(-c3ccccc3C(=O)O)cc2)c2ccc(C(=O)NCC3CCCCC3)cc12,7.11,IC50,True,494.6350000000004,3,2,6.9817400000000065,<rdkit.DataStructs.cDataStructs.ExplicitBitVect object at 0x117b1fd10>,37
Cc1c(C)n(Cc2ccc(-c3ccccc3C(=O)O)cc2)c2ccc(C(=O)NC3COc4ccccc4C3)cc12,8.0,IC50,True,530.6240000000003,4,2,6.405140000000006,<rdkit.DataStructs.cDataStructs.ExplicitBitVect object at 0x117b1fd80>,40
Cc1c(C)n(Cc2ccc(-c3ccccc3C(=O)O)cc2)c2ccc(C(=O)NCC3COc4ccccc4O3)cc12,7.96,IC50,True,546.6230000000003,5,2,6.241440000000005,<rdkit.DataStructs.cDataStructs.ExplicitBitVect object at 0x117b1fdf0>,41
Cc1cccc(CNC(=O)c2ccc3c(c2)c(C)c(C)n3Cc2ccc(-c3ccccc3C(=O)O)cc2)c1,8.3,IC50,True,502.61400000000026,3,2,6.910060000000007,<rdkit.DataStructs.cDataStructs.ExplicitBitVect object at 0x117b1fe60>,38
Cc1c(C)n(Cc2ccc(-c3ccccc3C(=O)O)cc2)c2ccc(C(=O)NCc3cccc([N+](=O)[O-])c3)cc12,7.7,IC50,True,533.5840000000003,5,2,6.509840000000006,<rdkit.DataStructs.cDataStructs.ExplicitBitVect object at 0x117b1fed0>,40
Cc1c(C)n(Cc2ccc(-c3ccccc3C(=O)O)cc2)c2ccc(C(=O)NCc3ccccc3Br)cc12,7.77,IC50,True,567.4830000000002,3,2,7.364140000000006,<rdkit.DataStructs.cDataStructs.ExplicitBitVect object at 0x117b1ff40>,38
Cc1c(C)n(Cc2ccc(-c3ccccc3)cc2)c2ccc(C(=O)N[C@@H](C)c3ccnc4ccccc34)cc12,8.22,IC50,True,509.65300000000025,3,1,8.012640000000006,<rdkit.DataStructs.cDataStructs.ExplicitBitVect object at 0x117b24040>,39
Cc1c(C)n(Cc2ccc(-c3ccccc3)cc2)c2ccc(C(=O)N[C@@H](C)c3cccc(F)c3)cc12,8.1,IC50,True,476.5950000000002,2,1,7.603540000000007,<rdkit.DataStructs.cDataStructs.ExplicitBitVect object at 0x117b240b0>,36
Cc1c(C)n(Cc2ccc(-c3ccccc3)cc2)c2ccc(C(=O)N[C@@H](C)c3cc(C(F)(F)F)ccc3C(F)(F)F)cc12,8.05,IC50,True,594.5990000000003,2,1,9.502039999999997,<rdkit.DataStructs.cDataStructs.ExplicitBitVect object at 0x117b24120>,43
Cc1c(C)n(Cc2ccc(-c3ccccc3)cc2)c2ccc(C(=O)NCc3cccc(C(C)C)c3)cc12,8.3,IC50,True,486.6590000000003,2,1,8.026840000000007,<rdkit.DataStructs.cDataStructs.ExplicitBitVect object at 0x117b24190>,37
CC[C@H](NC(=O)c1ccc2c(ccn2Cc2ccccc2-c2ccc(C(=O)O)cc2)c1)c1ccccc1,7.0,IC50,True,488.58700000000016,3,2,6.9359000000000055,<rdkit.DataStructs.cDataStructs.ExplicitBitVect object at 0x117b24200>,37
Cc1c(C)n(Cc2ccc(-c3ccccc3C(=O)O)cc2)c2ccc(C(=O)N[C@@H](C)c3cccc(OC(C)C)c3)cc12,7.72,IC50,True,560.6940000000002,4,2,7.949840000000008,<rdkit.DataStructs.cDataStructs.ExplicitBitVect object at 0x117b24270>,42
Cc1c(C)n(Cc2ccc(-c3ccccc3C(=O)O)cc2)c2ccc(C(=O)N[C@@H](C)C3CCN(C(=O)OCc4ccccc4)CC3)cc12,7.46,IC50,True,643.7840000000001,5,2,7.8387400000000085,<rdkit.DataStructs.cDataStructs.ExplicitBitVect object at 0x117b242e0>,48
Cc1c(C)n(Cc2ccc(-c3ccccc3C(=O)O)cc2)c2ccc(C(=O)N[C@@H](C)C3CCN(C(=O)NCc4ccccc4)CC3)cc12,6.09,IC50,True,642.8000000000001,4,3,7.411740000000008,<rdkit.DataStructs.cDataStructs.ExplicitBitVect object at 0x117b24350>,48
Cc1c(C)n(Cc2ccc(-c3ccccc3C(=O)O)cc2)c2ccc(C(=O)N[C@H](C)C3COc4ccccc4O3)cc12,8.52,IC50,True,560.6500000000002,5,2,6.629940000000006,<rdkit.DataStructs.cDataStructs.ExplicitBitVect object at 0x117b243c0>,42
Cc1c(C)n(Cc2ccc(-c3ccccc3C(=O)O)cc2)c2ccc(C(=O)N[C@H](C)c3c(F)cncc3F)cc12,6.51,IC50,True,539.5820000000002,4,2,6.8358400000000055,<rdkit.DataStructs.cDataStructs.ExplicitBitVect object at 0x117b24430>,40
Cc1c(C)n(Cc2ccc(-c3ccccc3C(=O)O)cc2)c2ccc(C(=O)N[C@@H](C)c3ccc(C(F)(F)F)cc3F)cc12,7.96,IC50,True,588.6010000000002,3,2,8.320540000000005,<rdkit.DataStructs.cDataStructs.ExplicitBitVect object at 0x117b244a0>,43
Cc1c(C)n(Cc2ccc(-c3ccccc3C(=O)O)cc2)c2ccc(C(=O)N[C@@H](C)c3c(F)cccc3C(F)(F)F)cc12,8.05,IC50,True,588.6010000000003,3,2,8.320540000000005,<rdkit.DataStructs.cDataStructs.ExplicitBitVect object at 0x117b24510>,43
Cc1c(C)n(Cc2ccc(-c3ccccc3C(N)=O)cc2)c2ccc(C(=O)N[C@@H](C)c3cccc(C(C)C)c3)cc12,7.21,IC50,True,543.7110000000002,3,2,7.686740000000007,<rdkit.DataStructs.cDataStructs.ExplicitBitVect object at 0x117b24580>,41
COc1ccc2c(ccn2S(=O)(=O)c2cccc(C(=O)Nc3ccc(C)cc3C(=O)O)c2)c1,5.0,IC50,False,464.4990000000002,6,2,4.145820000000002,<rdkit.DataStructs.cDataStructs.ExplicitBitVect object at 0x117b245f0>,33
Cc1ccc(NC(=O)c2cccc(S(=O)(=O)n3ccc4cccc(Cl)c43)c2)c(C(=O)O)c1,6.1,IC50,True,468.91800000000023,5,2,4.790620000000003,<rdkit.DataStructs.cDataStructs.ExplicitBitVect object at 0x117b24660>,32
Cc1c(Cl)ccc2c1CN(S(=O)(=O)c1cccc(C(=O)Nc3ccc(Cl)cc3C(=O)O)c1)CC2,5.3,IC50,False,519.4060000000002,4,2,4.9993200000000035,<rdkit.DataStructs.cDataStructs.ExplicitBitVect object at 0x117b246d0>,34
Cc1c(C)n(Cc2ccc(-c3ccccc3C(=O)O)cc2)c2ccc(C(=O)N[C@H](C)c3ccc(F)cc3)cc12,9.1,IC50,True,520.6040000000002,3,2,7.301740000000007,<rdkit.DataStructs.cDataStructs.ExplicitBitVect object at 0x117b24740>,39
Cc1c(C)n(Cc2ccc(-c3ccccc3C(=O)O)cc2)c2ccc(C(=O)N[C@@H](C)c3cccc(C(C)(C)C)c3)cc12,8.3,IC50,True,558.7220000000002,3,2,8.460140000000006,<rdkit.DataStructs.cDataStructs.ExplicitBitVect object at 0x117b247b0>,42
COc1ccc(Oc2cc(N(C)CCOc3ccc(CC4SC(=O)NC4=O)cc3)ncn2)cc1,7.75,IC50,True,480.54600000000016,9,1,3.6868000000000025,<rdkit.DataStructs.cDataStructs.ExplicitBitVect object at 0x117b24820>,34
CCCc1c(OCCCSc2ccc(CC(=O)O)cc2Cl)ccc2c(-c3ccccc3)coc12,7.03,IC50,True,495.0400000000002,4,1,7.894000000000006,<rdkit.DataStructs.cDataStructs.ExplicitBitVect object at 0x117b24890>,34
CCCCNC(=O)NS(=O)(=O)c1ccc(NC(=O)Cn2c(=O)c(C)nc3ccccc32)cc1,6.31,IC50,True,471.53900000000027,7,3,2.13162,<rdkit.DataStructs.cDataStructs.ExplicitBitVect object at 0x117b24900>,33
Cc1oc(-c2ccc(-c3ccccc3)cc2)nc1CCOc1ccc(CC(C)(Oc2ccccc2)C(=O)O)cc1,6.77,IC50,True,533.6240000000004,5,1,7.403320000000007,<rdkit.DataStructs.cDataStructs.ExplicitBitVect object at 0x117b24970>,40
Cc1c(C)n(Cc2ccc(-c3ccccc3)cc2)c2ccc(C(=O)NC(C)(C)c3ccc(Br)cc3)cc12,9.0,IC50,True,551.5280000000002,2,1,8.401040000000004,<rdkit.DataStructs.cDataStructs.ExplicitBitVect object at 0x117b249e0>,37
Cc1c(C)n(Cc2ccc(-c3ccccc3C(=O)O)cc2)c2ccc(C(=O)N[C@@H](C)c3ccc(C4CC4)cn3)cc12,8.4,IC50,True,543.6670000000003,4,2,7.435040000000007,<rdkit.DataStructs.cDataStructs.ExplicitBitVect object at 0x117b24a50>,41
Cc1ccc(F)c([C@H](C)NC(=O)c2ccc3c(c2)c(C)c(C)n3Cc2ccc(-c3ccccc3C(=O)O)cc2)c1,8.22,IC50,True,534.6310000000003,3,2,7.610160000000008,<rdkit.DataStructs.cDataStructs.ExplicitBitVect object at 0x117b24ac0>,40
Cc1c(C)n(Cc2ccc(-c3ccccc3C(=O)O)cc2)c2ccc(C(=O)N[C@@H](C)c3cccc(C(F)(F)F)c3F)cc12,7.57,IC50,True,588.6010000000002,3,2,8.320540000000005,<rdkit.DataStructs.cDataStructs.ExplicitBitVect object at 0x117b24b30>,43
Cc1ccccc1[C@H](C)NC(=O)c1ccc2c(c1)c(C)c(C)n2Cc1ccc(-c2ccccc2C(=O)O)cc1,8.52,IC50,True,516.6410000000003,3,2,7.471060000000008,<rdkit.DataStructs.cDataStructs.ExplicitBitVect object at 0x117b24ba0>,39
Cc1c(C)n(Cc2ccc(-c3ccccc3C(=O)O)cc2)c2ccc(C(=O)NCc3ccc(Br)cc3)cc12,7.85,IC50,True,567.4830000000002,3,2,7.364140000000006,<rdkit.DataStructs.cDataStructs.ExplicitBitVect object at 0x117b24c10>,38
Cc1c(C)n(Cc2ccc(-c3ccccc3C(=O)O)cc2)c2ccc(C(=O)N[C@@H](C)c3cc(Cl)cc(Cl)c3)cc12,7.82,IC50,True,571.5040000000002,3,2,8.469440000000002,<rdkit.DataStructs.cDataStructs.ExplicitBitVect object at 0x117b24c80>,40
COc1ccc(OC(=O)N(CC(=O)O)Cc2ccc(OCCc3nc(-c4ccccc4)oc3C)cc2)cc1,6.92,IC50,True,516.5500000000003,7,1,5.365720000000005,<rdkit.DataStructs.cDataStructs.ExplicitBitVect object at 0x117b24cf0>,38
Cc1c(C(=O)c2ccc(Cl)cc2)c2ccc(OC(F)(F)F)cc2n1Cc1cccc(O[C@@H](C)C(=O)O)c1,9.0,IC50,True,531.9140000000002,5,1,6.632920000000006,<rdkit.DataStructs.cDataStructs.ExplicitBitVect object at 0x117b24d60>,37
O=S(=O)(Nc1cc(Cl)c(Oc2cnc3ccccc3c2)c(Cl)c1)c1ccc(Cl)cc1Cl,7.75,IC50,True,514.2170000000001,4,1,7.441500000000001,<rdkit.DataStructs.cDataStructs.ExplicitBitVect object at 0x117b24dd0>,31
COc1cc2c(cc1OC)C(=O)/C(=C/c1ccccc1OCCc1cccs1)C2,6.21,IC50,True,406.5030000000002,5,0,5.209200000000004,<rdkit.DataStructs.cDataStructs.ExplicitBitVect object at 0x117b24e40>,29
CCCc1cc(Oc2ccccc2)ccc1OCCCCOc1cccc(C2SC(=O)NC2=O)c1,6.71,IC50,True,491.6090000000002,6,1,6.693500000000006,<rdkit.DataStructs.cDataStructs.ExplicitBitVect object at 0x117b24eb0>,35
CCc1ccc(O[C@H](C)CCOc2ccc(CCC(=O)O)c(C)c2)c(-c2ncco2)c1,6.32,IC50,True,423.5090000000001,5,1,5.466020000000006,<rdkit.DataStructs.cDataStructs.ExplicitBitVect object at 0x117b24f20>,31
Cc1ccc(NC(=O)c2cccc(S(=O)(=O)n3ccc4c(Br)cccc43)c2)c(C(=O)O)c1,5.9,IC50,True,513.3690000000003,5,2,4.899720000000004,<rdkit.DataStructs.cDataStructs.ExplicitBitVect object at 0x117b24f90>,32
CO[C@@H](Cc1ccc(C#CCCCOc2ccc(Oc3ccccc3)cc2)cc1)C(=O)O,8.15,IC50,True,430.50000000000006,4,1,5.331700000000006,<rdkit.DataStructs.cDataStructs.ExplicitBitVect object at 0x117b25000>,32
CN(CCOc1ccc(CC2SC(=O)NC2=O)cc1)c1ccccn1,6.8,IC50,True,357.435,6,1,2.490900000000001,<rdkit.DataStructs.cDataStructs.ExplicitBitVect object at 0x117b25070>,25
Cc1c(C)n(Cc2ccc(Cl)c(O[C@@H](C)C(=O)O)c2)c2ccc(C(=O)N[C@@H](C)c3cccc(C(C)C)c3)cc12,9.22,IC50,True,547.0950000000003,4,2,7.426140000000006,<rdkit.DataStructs.cDataStructs.ExplicitBitVect object at 0x117b250e0>,39
Cc1c(C)n(Cc2ccc(Cl)c(O[C@@H](C)C(=O)O)c2)c2ccc(C(=O)N[C@@H](C)c3cccc(C(C)(C)C)c3)cc12,8.8,IC50,True,561.1220000000002,4,2,7.600240000000007,<rdkit.DataStructs.cDataStructs.ExplicitBitVect object at 0x117b25150>,40
Cc1oc(-c2ccccc2)nc1CCOc1cccc(C[C@@H]2CN(C(=O)Oc3ccccc3)C[C@@H]2C(=O)O)c1,6.31,IC50,True,526.5890000000003,6,1,5.645620000000005,<rdkit.DataStructs.cDataStructs.ExplicitBitVect object at 0x117b251c0>,39
COc1ccc(O)c(/C=N/c2ccccc2NS(=O)(=O)c2ccc(C)cc2)c1,5.64,IC50,True,396.46800000000013,5,2,4.260620000000002,<rdkit.DataStructs.cDataStructs.ExplicitBitVect object at 0x117b25230>,28
COc1ccc(OC)c(NC(=O)c2cc3ccccc3cc2OC(=O)Nc2cc(Cl)ccc2OC)c1,5.06,IC50,False,506.94200000000023,6,2,6.382200000000005,<rdkit.DataStructs.cDataStructs.ExplicitBitVect object at 0x117b252a0>,36
CCCCOc1ccc(-c2ccc(C(=O)O)cc2C)cc1CNC(=O)c1ccc(C(F)(F)F)cc1F,8.0,IC50,True,503.49200000000013,3,2,6.627020000000004,<rdkit.DataStructs.cDataStructs.ExplicitBitVect object at 0x117b25310>,36
Cc1c(C)n(Cc2cccc(OCC(=O)O)c2)c2ccc(C(=O)N[C@@H](C)c3cccc(C(C)C)c3)cc12,7.16,IC50,True,498.6230000000002,4,2,6.384240000000006,<rdkit.DataStructs.cDataStructs.ExplicitBitVect object at 0x117b25380>,37
Cc1c(C)n(Cc2cccc(OCC#N)c2)c2ccc(C(=O)N[C@@H](C)c3cccc(C(C)C)c3)cc12,7.13,IC50,True,479.6240000000002,4,1,6.823220000000006,<rdkit.DataStructs.cDataStructs.ExplicitBitVect object at 0x117b253f0>,36
Cc1c(C)n(Cc2cccc(OCC#N)c2)c2ccc(C(=O)N[C@@H](C)c3ccc(C(C)(C)C)cc3)cc12,6.97,IC50,True,493.65100000000024,4,1,6.997320000000006,<rdkit.DataStructs.cDataStructs.ExplicitBitVect object at 0x117b25460>,37
Cc1c(C)n(Cc2cc(Cl)cc(O[C@@H](C)C(=O)O)c2)c2ccc(C(=O)N[C@@H](C)c3ccc(C(C)(C)C)cc3)cc12,7.6,IC50,True,561.1220000000003,4,2,7.600240000000007,<rdkit.DataStructs.cDataStructs.ExplicitBitVect object at 0x117b254d0>,40
Cc1c(C)n(Cc2cccc(O[C@@H](C)C(=O)O)c2Cl)c2ccc(C(=O)N[C@@H](C)c3ccc(C(C)(C)C)cc3)cc12,5.4,IC50,False,561.1220000000003,4,2,7.600240000000007,<rdkit.DataStructs.cDataStructs.ExplicitBitVect object at 0x117b25540>,40
Cc1c(C)n(C(C)c2cccc(O[C@@H](C)C(=O)O)c2)c2ccc(C(=O)N[C@@H](C)c3cccc(C4CC4)c3)cc12,7.01,IC50,True,524.6610000000003,4,2,7.087740000000007,<rdkit.DataStructs.cDataStructs.ExplicitBitVect object at 0x117b255b0>,39
C[C@H](NC(=O)c1ccc2c(ccn2Cc2ccc(F)cc2F)c1)c1ccc(Br)cc1,6.81,IC50,True,469.32900000000006,2,1,6.221300000000005,<rdkit.DataStructs.cDataStructs.ExplicitBitVect object at 0x117b25620>,30
CCC(NC(=O)c1ccc2c(ccn2C(=O)c2ccccc2)c1)c1ccccc1,6.0,IC50,True,382.463,3,1,5.210900000000004,<rdkit.DataStructs.cDataStructs.ExplicitBitVect object at 0x117b25690>,29
CCC(NC(=O)c1ccc2c(ccn2C(=O)c2cccc(F)c2F)c1)c1ccccc1,6.25,IC50,True,418.44300000000004,3,1,5.489100000000005,<rdkit.DataStructs.cDataStructs.ExplicitBitVect object at 0x117b25700>,31
O=C(Nc1ccccc1)c1cc([N+](=O)[O-])ccc1Cl,5.48,IC50,False,276.679,3,1,3.5005000000000015,<rdkit.DataStructs.cDataStructs.ExplicitBitVect object at 0x117b25770>,19
Cc1c(C)n(Cc2ccc(-c3ccccc3C(=O)O)cc2)c2ccc(C(=O)NCc3ccc(Cl)cc3)cc12,8.4,IC50,True,523.0320000000002,3,2,7.2550400000000055,<rdkit.DataStructs.cDataStructs.ExplicitBitVect object at 0x117b257e0>,38
Cc1c(C)n(Cc2ccc(-c3ccccc3C(=O)O)cc2)c2ccc(C(=O)NCC(=O)c3ccccc3)cc12,6.61,IC50,True,516.5970000000002,4,2,6.284340000000006,<rdkit.DataStructs.cDataStructs.ExplicitBitVect object at 0x117b25850>,39
Cc1c(C)n(Cc2ccc(-c3ccccc3)cc2)c2ccc(C(=O)N[C@@H](C)c3cccc(F)c3F)cc12,8.05,IC50,True,494.5850000000002,2,1,7.742640000000006,<rdkit.DataStructs.cDataStructs.ExplicitBitVect object at 0x117b258c0>,37
Cc1c(C)n(Cc2ccc(-c3ccccc3)cc2)c2ccc(C(=O)N[C@H](C)c3cccc(C(F)(F)F)c3Cl)cc12,8.7,IC50,True,561.0470000000001,2,1,9.13664,<rdkit.DataStructs.cDataStructs.ExplicitBitVect object at 0x117b25930>,40
CCC/C(=C\c1cc(OCc2ccc3nc(C(F)(F)F)cc(OC)c3c2)ccc1OCc1ccncc1)C(=O)O,5.33,IC50,False,552.5490000000003,6,1,7.083300000000006,<rdkit.DataStructs.cDataStructs.ExplicitBitVect object at 0x117b259a0>,40
Cc1oc(-c2cccs2)nc1CCOc1ccc(C[C@](C)(Oc2ccccc2)C(=O)O)cc1,7.62,IC50,True,463.5550000000002,6,1,5.797820000000006,<rdkit.DataStructs.cDataStructs.ExplicitBitVect object at 0x117b25a10>,33
O=C(O)Cn1ccc2ccc(OCCCOc3ccc4cc(C(=O)c5ccccc5)ccc4c3)cc21,5.8,IC50,True,479.53200000000015,5,1,5.9580000000000055,<rdkit.DataStructs.cDataStructs.ExplicitBitVect object at 0x117b25a80>,36
Cc1cc(C(=O)O)nc(N2C[C@H]3C[C@@H](c4ccccc4C(F)(F)F)C[C@H]3C2)n1,5.44,IC50,False,391.3930000000001,4,1,4.1320200000000025,<rdkit.DataStructs.cDataStructs.ExplicitBitVect object at 0x117b25af0>,28
Cc1c(C)n(Cc2ccc(-c3ccccc3C(=O)O)cc2)c2ccc(C(=O)N[C@@H](C)c3ccc([N+](=O)[O-])cc3)cc12,6.81,IC50,True,547.6110000000002,5,2,7.070840000000007,<rdkit.DataStructs.cDataStructs.ExplicitBitVect object at 0x117b25b60>,41
Cc1c(C)n(Cc2cccc(C(C)(C)C(N)=O)c2)c2ccc(C(=O)N[C@@H](C)c3cccc(C4CC4)c3)cc12,6.63,IC50,True,507.6780000000003,3,2,6.437740000000006,<rdkit.DataStructs.cDataStructs.ExplicitBitVect object at 0x117b25bd0>,38
Cc1c(C)n(Cc2cccc(O[C@@H](C)C(=O)O)c2)c2ccc(C(=O)N[C@@H](C)c3ccc(C(C)(C)C)cc3)cc12,6.45,IC50,True,526.6770000000002,4,2,6.946840000000007,<rdkit.DataStructs.cDataStructs.ExplicitBitVect object at 0x117b25c40>,39
CCCc1c(OCCCOc2ccc3c(ccn3CC(=O)O)c2)ccc2c(C(F)(F)F)noc12,6.82,IC50,True,476.4510000000002,6,1,5.686300000000004,<rdkit.DataStructs.cDataStructs.ExplicitBitVect object at 0x117b25cb0>,34
Cc1cc(C(=O)O)c2c(C(C)C)nn(-c3ccc(Cl)cc3)c2n1,5.35,IC50,False,329.78700000000003,4,1,4.203920000000003,<rdkit.DataStructs.cDataStructs.ExplicitBitVect object at 0x117b25d20>,23
CCCCCCCCCCCCCCCCCC(=O)O,4.52,IC50,False,284.4839999999999,1,1,6.332500000000007,<rdkit.DataStructs.cDataStructs.ExplicitBitVect object at 0x117b25d90>,20
CCCC/C(=C\c1cc(OCc2ccc3nc(C(F)(F)F)cc(OC)c3c2)ccc1OCc1ccc(C(F)(F)F)cc1)C(=O)O,5.37,IC50,False,633.5850000000004,5,1,9.097200000000003,<rdkit.DataStructs.cDataStructs.ExplicitBitVect object at 0x117b25e00>,45
CCCC/C(=C\c1cc(OCc2ccc3nc(C(F)(F)F)cc(OC)c3c2)ccc1OCc1ccc(OC(F)F)cc1)C(=O)O,5.58,IC50,True,631.5940000000004,6,1,8.679800000000006,<rdkit.DataStructs.cDataStructs.ExplicitBitVect object at 0x117b25e70>,45
CCC/C(=C\c1cc(OCc2ccc3c(ccc[n+]3[O-])c2)ccc1OCc1ccc(F)cc1)C(=O)O,5.21,IC50,False,487.5270000000002,4,1,6.0384000000000055,<rdkit.DataStructs.cDataStructs.ExplicitBitVect object at 0x117b25ee0>,36
O=C(NC1CCCCC1)NS(=O)(=O)c1ccc(CCNS(=O)(=O)c2ccc(Cl)cc2)cc1,5.51,IC50,True,500.04200000000026,5,3,3.1816000000000013,<rdkit.DataStructs.cDataStructs.ExplicitBitVect object at 0x117b25f50>,32
CC(=O)Nc1ccc(S(=O)(=O)NCCc2ccc(S(=O)(=O)NC(=O)NC3CCC(C)CC3)cc2)cc1,5.15,IC50,False,536.6760000000003,6,4,2.7326000000000006,<rdkit.DataStructs.cDataStructs.ExplicitBitVect object at 0x117b25fc0>,36
Cc1nc2ccccc2n(CC(=O)Nc2ccc(S(=O)(=O)NC(=O)Nc3ccccc3)cc2)c1=O,5.4,IC50,False,491.5290000000001,7,3,2.854020000000001,<rdkit.DataStructs.cDataStructs.ExplicitBitVect object at 0x117b26030>,35
Cc1nc2ccccc2n(CC(=O)Nc2ccc(S(=O)(=O)NC(=S)Nc3ccccc3)cc2)c1=O,5.4,IC50,False,507.5970000000001,7,3,3.0189200000000014,<rdkit.DataStructs.cDataStructs.ExplicitBitVect object at 0x117b260a0>,35
CN(CCOc1ccc(CC2SC(=O)NC2=O)cc1)c1ccccn1,6.36,IC50,True,357.435,6,1,2.490900000000001,<rdkit.DataStructs.cDataStructs.ExplicitBitVect object at 0x117b26110>,25
C=CC(=O)Nc1ccc2oc(-c3ccc(CC)cc3)nc2c1,5.24,IC50,False,292.33799999999997,3,1,4.181700000000003,<rdkit.DataStructs.cDataStructs.ExplicitBitVect object at 0x117b26180>,22
O=C(Nc1ccncc1)c1cc([N+](=O)[O-])ccc1Cl,8.33,IC50,True,277.667,4,1,2.895500000000001,<rdkit.DataStructs.cDataStructs.ExplicitBitVect object at 0x117b261f0>,19
Cc1c(C)n(Cc2cccc(C(C)(C)C#N)c2)c2ccc(C(=O)N[C@@H](C)c3cccc(C4CC4)c3)cc12,6.92,IC50,True,489.66300000000024,3,1,7.476020000000007,<rdkit.DataStructs.cDataStructs.ExplicitBitVect object at 0x117b26260>,37
Cc1c(C)n(Cc2cc(O[C@@H](C)C(=O)O)ccc2F)c2ccc(C(=O)N[C@@H](C)c3ccc(C(C)(C)C)cc3)cc12,8.0,IC50,True,544.6670000000003,4,2,7.085940000000007,<rdkit.DataStructs.cDataStructs.ExplicitBitVect object at 0x117b262d0>,40
Cc1cccc(Nc2cc(Cl)nc(SCC(=O)O)n2)c1C,4.27,IC50,False,323.80500000000006,5,2,3.6671400000000007,<rdkit.DataStructs.cDataStructs.ExplicitBitVect object at 0x117b26340>,21
CCCc1c(OCCCN(C)c2cccc(CC(=O)O)c2)ccc2c(C(F)(F)F)noc12,5.52,IC50,True,450.4570000000001,5,1,5.331500000000005,<rdkit.DataStructs.cDataStructs.ExplicitBitVect object at 0x117b263b0>,32
Cc1oc(-c2ccccc2)nc1CCOc1ccc(C[C@@H]2CN(c3nccc(C(F)(F)F)n3)C[C@@H]2C(=O)O)cc1,7.52,IC50,True,552.5530000000002,7,1,5.4600200000000045,<rdkit.DataStructs.cDataStructs.ExplicitBitVect object at 0x117b26420>,40
CN(CCOc1ccc(CC2SC(=O)NC2=O)cc1)c1ccccn1,8.0,IC50,True,357.435,6,1,2.490900000000001,<rdkit.DataStructs.cDataStructs.ExplicitBitVect object at 0x117b26490>,25
Cc1c(C)n(Cc2cc(Cl)cc(O[C@@H](C)C(=O)O)c2)c2ccc(C(=O)N[C@@H](C)c3cccc(C4CC4)c3)cc12,7.12,IC50,True,545.0790000000003,4,2,7.180140000000006,<rdkit.DataStructs.cDataStructs.ExplicitBitVect object at 0x117b26500>,39
CCCc1cc(C(=O)C2CCCCC2)ccc1OCCCOc1cccc(C2SC(=O)NC2=O)c1,7.19,IC50,True,495.6410000000002,6,1,6.274100000000006,<rdkit.DataStructs.cDataStructs.ExplicitBitVect object at 0x117b26570>,35
COc1ccc(Oc2cc(N(C)CCOc3ccc(CC4SC(=O)NC4=O)cc3)ncn2)cc1.O=S(=O)(O)O,7.75,IC50,True,578.6250000000003,11,3,3.0340000000000007,<rdkit.DataStructs.cDataStructs.ExplicitBitVect object at 0x117b265e0>,39
Cc1c(C)n(Cc2cc(O[C@@H](C)C(=O)O)ccc2Cl)c2ccc(C(=O)N[C@@H](C)c3ccc(Br)cc3)cc12,9.52,IC50,True,583.9100000000002,4,2,7.0652400000000055,<rdkit.DataStructs.cDataStructs.ExplicitBitVect object at 0x117b26650>,37
CCCc1cc(OC2CCCC2)ccc1OCCCOc1cccc(C2SC(=O)NC2=O)c1,7.2,IC50,True,469.6030000000001,6,1,5.832500000000006,<rdkit.DataStructs.cDataStructs.ExplicitBitVect object at 0x117b266c0>,33
CC(C)(C)c1ccc(-n2cnc3c(NC(=O)Cc4ccc(C(=O)O)cc4)cccc32)cc1,5.28,IC50,False,427.50400000000013,4,2,5.202400000000004,<rdkit.DataStructs.cDataStructs.ExplicitBitVect object at 0x117b26730>,32
CCCCCCCN(CCc1ccc(SC(C)(C)C(=O)O)cc1)C(=O)Nc1ccc(F)cc1F,6.26,IC50,True,492.6320000000002,3,2,6.9671000000000065,<rdkit.DataStructs.cDataStructs.ExplicitBitVect object at 0x117b267a0>,34
Cc1ccc(Cn2nc(CCCc3ccc(OC(C)(C)C(=O)O)cc3)nc2O)cc1,5.19,IC50,False,409.4860000000001,6,2,3.7577200000000017,<rdkit.DataStructs.cDataStructs.ExplicitBitVect object at 0x117b26810>,30
Cc1cc(OCC[C@@H](C)Oc2ccc(C(F)(F)F)cc2-c2ccccn2)ccc1CCC(=O)O,7.7,IC50,True,473.4910000000002,4,1,6.329420000000006,<rdkit.DataStructs.cDataStructs.ExplicitBitVect object at 0x117b26880>,34
CO[C@@H](Cc1ccc(C#CCCOc2ccc(Oc3ccccc3)cc2)cc1)C(=O)O,7.89,IC50,True,416.473,4,1,4.941600000000005,<rdkit.DataStructs.cDataStructs.ExplicitBitVect object at 0x117b268f0>,31
O=C(O)COc1ccc(SCc2ccc(OCc3ccc(C(F)(F)F)cc3)cc2)c2c1CCCO2,5.25,IC50,False,504.52600000000024,5,1,6.365100000000005,<rdkit.DataStructs.cDataStructs.ExplicitBitVect object at 0x117b26960>,35
Cc1cc(Oc2cccc(CNC(=O)c3ccc(C(F)(F)F)cc3F)c2)ccc1OC(C)(C)C(=O)O,7.92,IC50,True,505.46400000000017,4,2,6.117220000000004,<rdkit.DataStructs.cDataStructs.ExplicitBitVect object at 0x117b269d0>,36
COc1ccc2c(ccn2S(=O)(=O)c2cccc(C(=O)Nc3ccc(Cl)cc3C(=O)O)c2)c1,5.4,IC50,False,484.9170000000002,6,2,4.490800000000003,<rdkit.DataStructs.cDataStructs.ExplicitBitVect object at 0x117b26a40>,33
COc1ccc2c(ccn2S(=O)(=O)c2cccc(C(=O)Nc3ccc(Cl)cc3C(=O)O)c2)c1C,5.5,IC50,True,498.94400000000024,6,2,4.799220000000004,<rdkit.DataStructs.cDataStructs.ExplicitBitVect object at 0x117b26ab0>,34
O=C(Nc1ccc(Cl)cc1C(=O)O)c1cccc(S(=O)(=O)N2CCc3ccc(Cl)cc3C2)c1,5.4,IC50,False,505.3790000000003,4,2,4.690900000000003,<rdkit.DataStructs.cDataStructs.ExplicitBitVect object at 0x117b26b20>,33
Cc1cc(CNC(=O)c2ccc(C(F)(F)F)cc2F)cc(Oc2ccc(OC(C)(C)C(=O)O)c(C)c2)c1,7.92,IC50,True,519.4910000000003,4,2,6.425640000000006,<rdkit.DataStructs.cDataStructs.ExplicitBitVect object at 0x117b26b90>,37
Cc1cc(SCc2ccc(OCc3ccc(C(F)(F)F)cc3)cc2)c2c(c1OCC(=O)O)CCCO2,4.48,IC50,False,518.5530000000003,5,1,6.673520000000006,<rdkit.DataStructs.cDataStructs.ExplicitBitVect object at 0x117b26c00>,36
CCc1ccc(O[C@H](C)CCOc2ccc(CCC(=O)O)c(C)c2)c(-c2ncco2)c1,6.32,IC50,True,423.5090000000001,5,1,5.466020000000006,<rdkit.DataStructs.cDataStructs.ExplicitBitVect object at 0x117b26c70>,31
CCc1cc(Oc2cc(F)cc([C@@H](C)NC(=O)c3sc4ccc(Cl)cc4c3C)c2)ccc1CCC(=O)O,7.3,IC50,True,540.0560000000003,4,2,7.865120000000007,<rdkit.DataStructs.cDataStructs.ExplicitBitVect object at 0x117b26ce0>,37
Cc1cc(Oc2cccc(CNC(=O)c3ccc(C(F)(F)F)cc3Br)c2)ccc1OC(C)(C)C(=O)O,7.92,IC50,True,566.3700000000001,4,2,6.740620000000004,<rdkit.DataStructs.cDataStructs.ExplicitBitVect object at 0x117b26d50>,36
CCc1ccc(CCOc2ccc(CC3SC(=O)NC3=O)cc2)nc1,5.13,IC50,False,356.44700000000006,5,1,3.159600000000001,<rdkit.DataStructs.cDataStructs.ExplicitBitVect object at 0x117b26dc0>,25
Cc1oc(-c2ccccc2)nc1CCCc1ccc(C[C@@H](C(=O)O)n2cccc2)cc1,6.73,IC50,True,414.50500000000005,4,1,5.495220000000003,<rdkit.DataStructs.cDataStructs.ExplicitBitVect object at 0x117b26e30>,31
CCCCCCC(Sc1nc(Cl)cc(Nc2cccc(C)c2C)n1)C(=O)O,5.44,IC50,False,407.96700000000016,5,2,6.006140000000005,<rdkit.DataStructs.cDataStructs.ExplicitBitVect object at 0x117b26ea0>,27
CN(CCOc1ccc(CC2SC(=O)NC2=O)cc1)c1ccccn1,7.96,IC50,True,357.435,6,1,2.490900000000001,<rdkit.DataStructs.cDataStructs.ExplicitBitVect object at 0x117b26f10>,25
O=C(O)c1ccc(-c2nn(C(=O)c3c(Cl)cccc3C(F)(F)F)c3ccccc23)cc1,6.89,IC50,True,444.79600000000005,4,1,5.762200000000003,<rdkit.DataStructs.cDataStructs.ExplicitBitVect object at 0x117b26f80>,31
CCCc1c(OCCCSc2ccc(CC(=O)O)cc2Cl)ccc2c(C(F)(F)F)noc12,6.85,IC50,True,487.92700000000013,5,1,6.640800000000004,<rdkit.DataStructs.cDataStructs.ExplicitBitVect object at 0x117b26ff0>,32
Cc1oc(-c2ccccc2)nc1CCOc1ccc(CC(C)(Oc2ccccc2)C(=O)O)cc1,7.75,IC50,True,457.5260000000002,5,1,5.736320000000005,<rdkit.DataStructs.cDataStructs.ExplicitBitVect object at 0x117b27060>,34
Cc1c(C)n(Cc2ccc(-c3ccccc3C(=O)O)cc2)c2ccc(C(=O)N[C@@H](C)c3ccc(C(C)(C)C)cc3)cc12,8.3,IC50,True,558.7220000000003,3,2,8.460140000000006,<rdkit.DataStructs.cDataStructs.ExplicitBitVect object at 0x117b270d0>,42
CN(CCOc1ccc(CC2SC(=O)NC2=O)cc1)c1ccccn1,7.04,IC50,True,357.435,6,1,2.490900000000001,<rdkit.DataStructs.cDataStructs.ExplicitBitVect object at 0x117b27140>,25
Cc1c(C)n(Cc2ccc(-c3ccccc3C(=O)O)cc2)c2ccc(C(=O)NCc3ccc([N+](=O)[O-])cc3)cc12,7.42,IC50,True,533.5840000000003,5,2,6.509840000000006,<rdkit.DataStructs.cDataStructs.ExplicitBitVect object at 0x117b271b0>,40
Cc1c(C)n(Cc2ccc(-c3ccccc3C(=O)O)cc2)c2ccc(C(=O)N[C@@H](C)c3ccccc3Br)cc12,9.0,IC50,True,581.5100000000002,3,2,7.925140000000007,<rdkit.DataStructs.cDataStructs.ExplicitBitVect object at 0x117b27220>,39
O=C(O)c1ccc(-c2nn(C(=O)c3c(Cl)cccc3C(F)(F)F)c3ccccc23)cc1,5.2,IC50,False,444.79600000000005,4,1,5.762200000000003,<rdkit.DataStructs.cDataStructs.ExplicitBitVect object at 0x117b27290>,31
Cc1c(C)c2c(c(C)c1O)CCC(C)(COc1ccc(CC3SC(=O)NC3=O)cc1)O2,5.89,IC50,True,441.54900000000015,6,2,4.374260000000002,<rdkit.DataStructs.cDataStructs.ExplicitBitVect object at 0x117b27300>,31
Cc1cc(Oc2cccc(CNC(=O)c3[nH]c4ccc(Cl)cc4c3C)c2)ccc1CCC(=O)O,7.57,IC50,True,476.96000000000026,3,3,6.177640000000005,<rdkit.DataStructs.cDataStructs.ExplicitBitVect object at 0x117b27370>,34
CN(CCOc1ccc(CC2SC(=O)NC2=O)cc1)c1ccccn1,7.42,IC50,True,357.435,6,1,2.490900000000001,<rdkit.DataStructs.cDataStructs.ExplicitBitVect object at 0x117b273e0>,25
Cc1ccccc1-c1nc2cc(NC(=O)c3cc([N+](=O)[O-])ccc3Cl)ccc2o1,6.71,IC50,True,407.81300000000016,5,1,5.617120000000003,<rdkit.DataStructs.cDataStructs.ExplicitBitVect object at 0x117b27450>,29
O=C(Nc1ccc2oc(-c3ccccc3Br)nc2c1)c1cc([N+](=O)[O-])ccc1Cl,6.32,IC50,True,472.68200000000013,5,1,6.071200000000003,<rdkit.DataStructs.cDataStructs.ExplicitBitVect object at 0x117b274c0>,29
CC(=O)NCCOC(=O)C(Oc1cccc(C(F)(F)F)c1)c1ccc(Cl)cc1,4.4,IC50,False,415.7950000000001,4,1,4.158200000000003,<rdkit.DataStructs.cDataStructs.ExplicitBitVect object at 0x117b27530>,28
CC[C@@H](Cc1ccc(OC)c(C(=O)NCc2ccc(C(F)(F)F)cc2)c1)C(=O)O,4.36,IC50,False,409.40400000000005,3,2,4.297300000000003,<rdkit.DataStructs.cDataStructs.ExplicitBitVect object at 0x117b275a0>,29
COc1ccc2c(c[n+](C)c3c4cc5c(cc4ccc23)OCO5)c1OC,6.25,IC50,True,348.37800000000016,4,0,3.7166000000000032,<rdkit.DataStructs.cDataStructs.ExplicitBitVect object at 0x117b27610>,26
Cc1c(C)n(Cc2ccc(C(C)(C)C(=O)O)cc2)c2ccc(C(=O)N[C@@H](C)c3cccc(C4CC4)c3)cc12,6.97,IC50,True,508.66200000000026,3,2,7.037040000000007,<rdkit.DataStructs.cDataStructs.ExplicitBitVect object at 0x117b27680>,38
CN(CCOc1ccc(CC2SC(=O)NC2=O)cc1)c1ccccn1,6.6,IC50,True,357.435,6,1,2.490900000000001,<rdkit.DataStructs.cDataStructs.ExplicitBitVect object at 0x117b276f0>,25
CCCc1c(OCCCSc2ccc(CC(=O)O)cc2Cl)ccc(C(=O)CC)c1O,6.52,IC50,True,450.9840000000002,5,2,5.779100000000005,<rdkit.DataStructs.cDataStructs.ExplicitBitVect object at 0x117b27760>,30
CCCc1c(OCCCSc2ccc(CC(=O)O)cc2Cl)ccc2c(CC)noc12,6.96,IC50,True,447.9840000000002,5,1,6.184400000000005,<rdkit.DataStructs.cDataStructs.ExplicitBitVect object at 0x117b277d0>,30
Cc1c(C)n(Cc2ccc(-c3ccccc3C(=O)O)cc2)c2ccc(C(=O)NCc3ccc(S(N)(=O)=O)cc3)cc12,6.52,IC50,True,567.6670000000003,5,3,5.2490400000000035,<rdkit.DataStructs.cDataStructs.ExplicitBitVect object at 0x117b27840>,41
CCc1ccc(CCOc2ccc(CC3SC(=O)NC3=O)cc2)nc1,5.1,IC50,False,356.44700000000006,5,1,3.159600000000001,<rdkit.DataStructs.cDataStructs.ExplicitBitVect object at 0x117b278b0>,25
Cc1c(C)n(Cc2ccc(-c3ccccc3C(=O)O)cc2)c2ccc(C(=O)NCc3ccc(C(C)(C)C)cc3)cc12,6.18,IC50,True,544.6950000000003,3,2,7.899140000000008,<rdkit.DataStructs.cDataStructs.ExplicitBitVect object at 0x117b27920>,41
Cc1c(C)n(Cc2ccc(-c3ccccc3C(=O)O)cc2)c2ccc(C(=O)NCc3cccs3)cc12,9.0,IC50,True,494.6160000000002,4,2,6.663140000000006,<rdkit.DataStructs.cDataStructs.ExplicitBitVect object at 0x117b27990>,36
Cc1ccc(Oc2ccc(OC(C)(C)C(=O)O)c(C)c2)cc1CNC(=O)c1ccc(C(F)(F)F)cc1F,7.77,IC50,True,519.4910000000002,4,2,6.425640000000004,<rdkit.DataStructs.cDataStructs.ExplicitBitVect object at 0x117b27a00>,37
Cc1cc(-c2onc(-c3c(Cl)cccc3C(F)(F)F)c2COc2ccc(C(=O)O)cc2)c[nH]1,4.72,IC50,False,476.8380000000002,4,2,6.594520000000005,<rdkit.DataStructs.cDataStructs.ExplicitBitVect object at 0x117b27a70>,33
CN(CCOc1ccc(CC2SC(=O)NC2=O)cc1)c1ccccn1,7.05,IC50,True,357.435,6,1,2.490900000000001,<rdkit.DataStructs.cDataStructs.ExplicitBitVect object at 0x117b27ae0>,25
Cc1c(Cl)ccc2c1CN(S(=O)(=O)c1cccc(C(=O)Nc3ccc(Cl)cc3C(=O)O)c1)CC2,5.3,IC50,False,519.4060000000002,4,2,4.9993200000000035,<rdkit.DataStructs.cDataStructs.ExplicitBitVect object at 0x117b27b50>,34
O=C(O)COc1ccc(SCc2ccc(OCc3ccc(C(F)(F)F)cc3)cc2)c2c1CCCO2,5.25,IC50,False,504.52600000000024,5,1,6.365100000000005,<rdkit.DataStructs.cDataStructs.ExplicitBitVect object at 0x117b27bc0>,35
Cc1ccc(Oc2ccc(OC(C)(C)C(=O)O)c(C)c2)cc1CNC(=O)c1ccc(C(F)(F)F)cc1F,7.77,IC50,True,519.4910000000002,4,2,6.425640000000004,<rdkit.DataStructs.cDataStructs.ExplicitBitVect object at 0x117b27c30>,37
O=C(Nc1ccc(Cl)cc1C(=O)O)c1cccc(S(=O)(=O)N2CCc3ccccc3C2)c1,5.4,IC50,False,470.93400000000025,4,2,4.037500000000002,<rdkit.DataStructs.cDataStructs.ExplicitBitVect object at 0x117b27ca0>,32
Cc1cc(Oc2cccc(CNC(=O)c3ccc(Cl)cc3C)c2)ccc1OC(C)(C)C(=O)O,8.05,IC50,True,467.9490000000002,4,2,5.921140000000005,<rdkit.DataStructs.cDataStructs.ExplicitBitVect object at 0x117b27d10>,33
Cc1ccc(CNC(=O)c2ccc3c(c2)c(C)c(C)n3Cc2ccc(-c3ccccc3C(=O)O)cc2)cc1,8.4,IC50,True,502.61400000000026,3,2,6.910060000000007,<rdkit.DataStructs.cDataStructs.ExplicitBitVect object at 0x117b27d80>,38
Cc1c(C)n(Cc2ccc(-c3ccccc3C(=O)O)cc2)c2ccc(C(=O)N[C@@H](C)c3ccccc3OC(C)C)cc12,5.98,IC50,True,560.6940000000002,4,2,7.949840000000008,<rdkit.DataStructs.cDataStructs.ExplicitBitVect object at 0x117b27df0>,42
CCc1ccc(-c2nc3cc(NC(=O)c4ccc([N+](=O)[O-])s4)ccc3o2)cc1,5.03,IC50,False,393.4240000000001,6,1,5.279200000000004,<rdkit.DataStructs.cDataStructs.ExplicitBitVect object at 0x117b27e60>,28
CN(CCOc1ccc(CC2SC(=O)NC2=O)cc1)c1ccccn1,8.11,IC50,True,357.435,6,1,2.490900000000001,<rdkit.DataStructs.cDataStructs.ExplicitBitVect object at 0x117b27ed0>,25
Cc1cc(SCc2ccc(OCc3ccc(C(F)(F)F)cc3)cc2)c2c(c1OCC(=O)O)CCC2,4.67,IC50,False,502.5540000000003,4,1,6.837220000000005,<rdkit.DataStructs.cDataStructs.ExplicitBitVect object at 0x117b27f40>,35
C/C=C1/C(=O)C[C@H]2[C@@H]3CCC4=CC(=O)CC[C@]4(C)[C@H]3CC[C@]12C,4.57,IC50,False,312.45300000000003,2,0,4.643600000000005,<rdkit.DataStructs.cDataStructs.ExplicitBitVect object at 0x117b30040>,23
CCCCCCCCCCCCCC(=O)O,4.68,IC50,False,228.37599999999995,1,1,4.772100000000004,<rdkit.DataStructs.cDataStructs.ExplicitBitVect object at 0x117b300b0>,16
Cc1c(C)n(Cc2ccc(-c3ccccc3C(=O)O)cc2)c2ccc(C(=O)NCc3ccc4c(c3)OCO4)cc12,7.82,IC50,True,532.5960000000003,5,2,6.330340000000005,<rdkit.DataStructs.cDataStructs.ExplicitBitVect object at 0x117b30120>,40
O=C(O)c1ccc(COc2ccccc2C=C2C(=O)c3ccccc3C2=O)cc1,5.94,IC50,True,384.3870000000001,4,1,4.426400000000004,<rdkit.DataStructs.cDataStructs.ExplicitBitVect object at 0x117b30190>,29
C[C@@H]1CN(c2cc(-c3n[nH]c4ccc(OC5(C)CC5)cc34)ncn2)C[C@H](C)O1,5.19,IC50,False,379.46400000000006,6,1,3.5648000000000026,<rdkit.DataStructs.cDataStructs.ExplicitBitVect object at 0x117b30200>,28
Cc1nc2ccccc2n(CC(=O)Nc2ccc(S(=O)(=O)NC(=S)NC3CCCCC3)cc2)c1=O,6.46,IC50,True,513.6450000000002,7,3,2.8291200000000014,<rdkit.DataStructs.cDataStructs.ExplicitBitVect object at 0x117b30270>,35
CCCCNC(=S)NS(=O)(=O)c1ccc(NC(=O)Cn2c(=O)c(C)nc3ccccc32)cc1,6.43,IC50,True,487.60700000000026,7,3,2.2965199999999992,<rdkit.DataStructs.cDataStructs.ExplicitBitVect object at 0x117b302e0>,33
CCCCC/C=C\C/C=C\CCCCCCCC(=O)O,5.21,IC50,False,280.4519999999999,1,1,5.884500000000005,<rdkit.DataStructs.cDataStructs.ExplicitBitVect object at 0x117b30350>,20
CCCCC/C=C\C/C=C\C/C=C\C/C=C\CCCC(=O)O,5.8,IC50,True,304.47400000000005,1,1,6.216700000000006,<rdkit.DataStructs.cDataStructs.ExplicitBitVect object at 0x117b303c0>,22
CCCCC/C=C\C/C=C\C/C=C\CCCCC(=O)O,5.66,IC50,True,278.4359999999999,1,1,5.660500000000005,<rdkit.DataStructs.cDataStructs.ExplicitBitVect object at 0x117b30430>,20
Cc1oc(-c2ccccc2)nc1CCOc1ccc(CC2SC(=O)NC2=O)cc1,7.85,IC50,True,408.4790000000001,6,1,4.165620000000002,<rdkit.DataStructs.cDataStructs.ExplicitBitVect object at 0x117b304a0>,29
Cc1c(C)n(Cc2ccc(-c3ccccc3C(=O)O)cc2)c2ccc(C(=O)N[C@@H](C)c3cccc(C4CC4)c3)cc12,8.15,IC50,True,542.6790000000003,3,2,8.040040000000007,<rdkit.DataStructs.cDataStructs.ExplicitBitVect object at 0x117b30510>,41
Cc1oc(-c2ccccc2)nc1CCOc1ccc(C[C@](C)(Oc2ccccc2)C(=O)O)cc1,7.85,IC50,True,457.5260000000002,5,1,5.736320000000005,<rdkit.DataStructs.cDataStructs.ExplicitBitVect object at 0x117b30580>,34
CCc1ccc(O[C@H](C)CCOc2ccc(CCC(=O)O)c(C)c2)c(-c2cccs2)c1,5.96,IC50,True,438.5890000000001,4,1,6.539520000000007,<rdkit.DataStructs.cDataStructs.ExplicitBitVect object at 0x117b305f0>,31
CCCc1cc(C(=O)c2ccc(F)cc2)ccc1OCCCOc1ccc2c(ccn2CC(=O)O)c1,6.89,IC50,True,489.54300000000035,5,1,5.896400000000006,<rdkit.DataStructs.cDataStructs.ExplicitBitVect object at 0x117b30660>,36
CCCCCc1cc2c(c(O)c1C(=O)O)[C@@H]1C=C(C)CC[C@H]1C(C)(C)O2,6.33,IC50,True,358.4780000000002,3,2,5.4340000000000055,<rdkit.DataStructs.cDataStructs.ExplicitBitVect object at 0x117b306d0>,26
COc1ccc(C(=O)n2c(C)c(Cc3cccc(O[C@@H](C)C(=O)O)c3)c3cc(OC(F)(F)F)ccc32)cc1,8.7,IC50,True,527.4950000000002,6,1,5.988120000000005,<rdkit.DataStructs.cDataStructs.ExplicitBitVect object at 0x117b30740>,38
O=C(O)c1ccc(-c2nn(C(=O)c3c(Cl)cccc3C(F)(F)F)c3ccccc23)cc1,5.14,IC50,False,444.79600000000005,4,1,5.762200000000003,<rdkit.DataStructs.cDataStructs.ExplicitBitVect object at 0x117b307b0>,31
CCCCCCCCCCCCCCCCCCCC(=O)O,4.52,IC50,False,312.53799999999995,1,1,7.112700000000007,<rdkit.DataStructs.cDataStructs.ExplicitBitVect object at 0x117b30820>,22
CCCCCCCC/C=C\CCCCCCCCCCCC(=O)O,4.52,IC50,False,338.5760000000001,1,1,7.668900000000008,<rdkit.DataStructs.cDataStructs.ExplicitBitVect object at 0x117b30890>,24
CN(CCOc1ccc(CC2SC(=O)NC2=O)cc1)c1ccccn1,6.7,IC50,True,357.435,6,1,2.490900000000001,<rdkit.DataStructs.cDataStructs.ExplicitBitVect object at 0x117b30900>,25
CCCc1cc(C(=O)c2ccc(F)cc2)ccc1OCCCOc1cccc2c1ccn2CC(=O)O,5.62,IC50,True,489.54300000000035,5,1,5.896400000000006,<rdkit.DataStructs.cDataStructs.ExplicitBitVect object at 0x117b30970>,36
CCCCCCCCCC(=O)O,4.52,IC50,False,172.268,1,1,3.2117000000000013,<rdkit.DataStructs.cDataStructs.ExplicitBitVect object at 0x117b309e0>,12
Cc1oc(-c2cccs2)nc1CCOc1ccc(C[C@](C)(Oc2ccccc2)C(=O)O)cc1,8.0,IC50,True,463.5550000000002,6,1,5.797820000000006,<rdkit.DataStructs.cDataStructs.ExplicitBitVect object at 0x117b30a50>,33
CCCc1cc(C2CCC(O)CC2)ccc1OCCCOc1cccc(C2OC(=O)NC2=O)c1,6.75,IC50,True,467.56200000000024,6,2,4.813000000000004,<rdkit.DataStructs.cDataStructs.ExplicitBitVect object at 0x117b30ac0>,34
CN(CCOc1ccc(CC2SC(=O)NC2=O)cc1)c1ccccn1,6.54,IC50,True,357.435,6,1,2.490900000000001,<rdkit.DataStructs.cDataStructs.ExplicitBitVect object at 0x117b30b30>,25
O=C(O)c1ccc(OCc2c(-c3c(Cl)cccc3C(F)(F)F)noc2-c2cn[nH]c2)cc1,4.1,IC50,False,463.7990000000001,5,2,5.6811000000000025,<rdkit.DataStructs.cDataStructs.ExplicitBitVect object at 0x117b30ba0>,32
CCCc1cc(C(=O)c2ccc(F)cc2)ccc1OCCCOc1ccc2ccn(CC(=O)O)c2c1,5.89,IC50,True,489.54300000000035,5,1,5.896400000000007,<rdkit.DataStructs.cDataStructs.ExplicitBitVect object at 0x117b30c10>,36
Cc1c(C)n(Cc2ccc(Cl)c(O[C@@H](C)C(=O)O)c2)c2ccc(C(=O)N[C@@H](C)c3ccc(C(C)(C)C)cc3)cc12,6.58,IC50,True,561.1220000000003,4,2,7.600240000000007,<rdkit.DataStructs.cDataStructs.ExplicitBitVect object at 0x117b30c80>,40
Cc1cc(OC(F)F)ccc1NC(=O)c1cc(C(=O)NCc2ccc(F)cc2)c(F)cc1Cl,8.38,IC50,True,480.84500000000014,3,2,5.710320000000002,<rdkit.DataStructs.cDataStructs.ExplicitBitVect object at 0x117b30cf0>,33
Cc1c(C)c2c(c(C)c1O)CCC(C)(COc1ccc(CC3SC(=O)NC3=O)cc1)O2,6.43,IC50,True,441.54900000000015,6,2,4.374260000000002,<rdkit.DataStructs.cDataStructs.ExplicitBitVect object at 0x117b30d60>,31
O=C(O)c1ccc(-c2nn(C(=O)c3c(Cl)cccc3C(F)(F)F)c3cccnc23)c(F)c1,5.7,IC50,True,463.77400000000006,5,1,5.296300000000002,<rdkit.DataStructs.cDataStructs.ExplicitBitVect object at 0x117b30dd0>,32
COc1nc2ccc([C@@](O)(c3ccccc3)C3CCN(C(C)=O)CC3)cc2c(Cl)c1Cc1ccc(-n2cccn2)cc1,5.27,IC50,False,581.1160000000003,6,1,6.167700000000007,<rdkit.DataStructs.cDataStructs.ExplicitBitVect object at 0x117b30e40>,42
Cc1c(C)n(Cc2ccc(Cl)c(O[C@@H](C)C(=O)O)c2)c2ccc(C(=O)N[C@@H](C)c3ccc(C(C)(C)C)cc3)cc12,9.7,IC50,True,561.1220000000003,4,2,7.600240000000007,<rdkit.DataStructs.cDataStructs.ExplicitBitVect object at 0x117b30eb0>,40
CN(CCOc1ccc(CC2SC(=O)NC2=O)cc1)c1ccccn1,5.36,IC50,False,357.435,6,1,2.490900000000001,<rdkit.DataStructs.cDataStructs.ExplicitBitVect object at 0x117b30f20>,25
Cc1ccc(Cn2nc(CCCc3ccc(OC(C)(C)C(=O)O)cc3)nc2O)cc1,5.19,IC50,False,409.4860000000001,6,2,3.7577200000000017,<rdkit.DataStructs.cDataStructs.ExplicitBitVect object at 0x117b30f90>,30
CO[C@@H](Cc1ccc(OCCCOc2ccc(-c3ccccc3)cc2)cc1)C(=O)O,7.68,IC50,True,406.478,4,1,4.843600000000004,<rdkit.DataStructs.cDataStructs.ExplicitBitVect object at 0x117b31000>,30
O=c1c(O)c(-c2ccc(O)c(O)c2)oc2cc(O)cc(O)c12,4.58,IC50,False,302.23800000000006,7,5,1.988,<rdkit.DataStructs.cDataStructs.ExplicitBitVect object at 0x117b31070>,22
Cc1c(C)n(Cc2ccc(-c3ccccc3C(=O)O)cc2)c2ccc(C(=O)NCc3ccc4c(c3)OCO4)cc12,7.48,IC50,True,532.5960000000003,5,2,6.330340000000005,<rdkit.DataStructs.cDataStructs.ExplicitBitVect object at 0x117b310e0>,40
CC/C=C\C/C=C\C/C=C\C/C=C\C/C=C\CCCC(=O)O,5.8,IC50,True,302.458,1,1,5.9927000000000055,<rdkit.DataStructs.cDataStructs.ExplicitBitVect object at 0x117b31150>,22
O=c1c(O)c(-c2ccc(O)cc2)oc2cc(O)cc(O)c12,4.64,IC50,False,286.23900000000003,6,4,2.2824000000000004,<rdkit.DataStructs.cDataStructs.ExplicitBitVect object at 0x117b311c0>,21
Cc1c(C)n(Cc2ccc(-c3ccccc3C(=O)O)cc2)c2ccc(C(=O)N[C@H](C)c3ccc(Br)cc3)cc12,9.14,IC50,True,581.5100000000002,3,2,7.925140000000007,<rdkit.DataStructs.cDataStructs.ExplicitBitVect object at 0x117b31230>,39
COc1cc(-c2oc3cc(O)cc(O)c3c(=O)c2O)ccc1O,5.46,IC50,False,316.265,7,4,2.291000000000001,<rdkit.DataStructs.cDataStructs.ExplicitBitVect object at 0x117b312a0>,23
CCCCCCCCCCCCCCCC(=O)O,4.52,IC50,False,256.4299999999999,1,1,5.552300000000005,<rdkit.DataStructs.cDataStructs.ExplicitBitVect object at 0x117b31310>,18
CCCCCCCC/C=C\CCCCCCCC(=O)O,5.39,IC50,False,282.4679999999999,1,1,6.1085000000000065,<rdkit.DataStructs.cDataStructs.ExplicitBitVect object at 0x117b31380>,20
CCCCCCCCCCCCCCCCCCCCCC(=O)O,4.52,IC50,False,340.59200000000004,1,1,7.892900000000008,<rdkit.DataStructs.cDataStructs.ExplicitBitVect object at 0x117b313f0>,24
CC[C@H](NC(=O)c1ccc2c(c1)c(C)c(C)n2Cc1ccc(-c2ccccc2C(=O)O)cc1)c1cccc(C(C)C)c1,8.05,IC50,True,558.7220000000001,3,2,8.676140000000004,<rdkit.DataStructs.cDataStructs.ExplicitBitVect object at 0x117b31460>,42
CN(CCOc1ccc(CC2SC(=O)NC2=O)cc1)c1ccccn1,7.04,IC50,True,357.435,6,1,2.490900000000001,<rdkit.DataStructs.cDataStructs.ExplicitBitVect object at 0x117b314d0>,25
